# Blender 5.1.1
# www.blender.org
mtllib AK47_exterior_prop_visual.mtl
o AK_barrel_exterior_main
v 0.090000 0.020000 -0.007493
v 0.091500 0.020000 -0.008995
v 0.090439 0.020000 -0.008557
v 0.410000 0.020000 -0.006503
v 0.408500 0.020000 -0.008015
v 0.409561 0.020000 -0.007570
v 0.090000 0.018538 -0.007349
v 0.091500 0.018245 -0.008823
v 0.090439 0.018331 -0.008393
v 0.410000 0.018731 -0.006378
v 0.408500 0.018436 -0.007861
v 0.409561 0.018523 -0.007424
v 0.090000 0.017133 -0.006922
v 0.091500 0.016558 -0.008311
v 0.090439 0.016725 -0.007906
v 0.410000 0.017512 -0.006008
v 0.408500 0.016933 -0.007405
v 0.409561 0.017103 -0.006994
v 0.090000 0.015837 -0.006230
v 0.091500 0.015002 -0.007479
v 0.090439 0.015246 -0.007115
v 0.410000 0.016387 -0.005407
v 0.408500 0.015547 -0.006664
v 0.409561 0.015794 -0.006294
v 0.090000 0.014702 -0.005298
v 0.091500 0.013639 -0.006361
v 0.090439 0.013949 -0.006051
v 0.410000 0.015402 -0.004598
v 0.408500 0.014333 -0.005667
v 0.409561 0.014647 -0.005353
v 0.090000 0.013770 -0.004163
v 0.091500 0.012521 -0.004998
v 0.090439 0.012885 -0.004754
v 0.410000 0.014593 -0.003613
v 0.408500 0.013336 -0.004453
v 0.409561 0.013706 -0.004206
v 0.090000 0.013078 -0.002867
v 0.091500 0.011689 -0.003442
v 0.090439 0.012094 -0.003275
v 0.410000 0.013992 -0.002488
v 0.408500 0.012595 -0.003067
v 0.409561 0.013006 -0.002897
v 0.090000 0.012651 -0.001462
v 0.091500 0.011177 -0.001755
v 0.090439 0.011607 -0.001669
v 0.410000 0.013622 -0.001269
v 0.408500 0.012139 -0.001564
v 0.409561 0.012576 -0.001477
v 0.090000 0.012507 0.000000
v 0.091500 0.011005 0.000000
v 0.090439 0.011443 0.000000
v 0.410000 0.013497 0.000000
v 0.408500 0.011985 0.000000
v 0.409561 0.012430 0.000000
v 0.090000 0.012651 0.001462
v 0.091500 0.011177 0.001755
v 0.090439 0.011607 0.001669
v 0.410000 0.013622 0.001269
v 0.408500 0.012139 0.001564
v 0.409561 0.012576 0.001477
v 0.090000 0.013078 0.002867
v 0.091500 0.011689 0.003442
v 0.090439 0.012094 0.003275
v 0.410000 0.013992 0.002488
v 0.408500 0.012595 0.003067
v 0.409561 0.013006 0.002897
v 0.090000 0.013770 0.004163
v 0.091500 0.012521 0.004998
v 0.090439 0.012885 0.004754
v 0.410000 0.014593 0.003613
v 0.408500 0.013336 0.004453
v 0.409561 0.013706 0.004206
v 0.090000 0.014702 0.005298
v 0.091500 0.013639 0.006361
v 0.090439 0.013949 0.006051
v 0.410000 0.015402 0.004598
v 0.408500 0.014333 0.005667
v 0.409561 0.014647 0.005353
v 0.090000 0.015837 0.006230
v 0.091500 0.015002 0.007479
v 0.090439 0.015246 0.007115
v 0.410000 0.016387 0.005407
v 0.408500 0.015547 0.006664
v 0.409561 0.015794 0.006294
v 0.090000 0.017133 0.006922
v 0.091500 0.016558 0.008311
v 0.090439 0.016725 0.007906
v 0.410000 0.017512 0.006008
v 0.408500 0.016933 0.007405
v 0.409561 0.017103 0.006994
v 0.090000 0.018538 0.007349
v 0.091500 0.018245 0.008823
v 0.090439 0.018331 0.008393
v 0.410000 0.018731 0.006378
v 0.408500 0.018436 0.007861
v 0.409561 0.018523 0.007424
v 0.090000 0.020000 0.007493
v 0.091500 0.020000 0.008995
v 0.090439 0.020000 0.008557
v 0.410000 0.020000 0.006503
v 0.408500 0.020000 0.008015
v 0.409561 0.020000 0.007570
v 0.090000 0.021462 0.007349
v 0.091500 0.021755 0.008823
v 0.090439 0.021669 0.008393
v 0.410000 0.021269 0.006378
v 0.408500 0.021564 0.007861
v 0.409561 0.021477 0.007424
v 0.090000 0.022867 0.006922
v 0.091500 0.023442 0.008311
v 0.090439 0.023275 0.007906
v 0.410000 0.022489 0.006008
v 0.408500 0.023067 0.007405
v 0.409561 0.022897 0.006994
v 0.090000 0.024163 0.006230
v 0.091500 0.024998 0.007479
v 0.090439 0.024754 0.007115
v 0.410000 0.023613 0.005407
v 0.408500 0.024453 0.006664
v 0.409561 0.024206 0.006294
v 0.090000 0.025298 0.005298
v 0.091500 0.026361 0.006361
v 0.090439 0.026051 0.006051
v 0.410000 0.024598 0.004598
v 0.408500 0.025667 0.005667
v 0.409561 0.025353 0.005353
v 0.090000 0.026230 0.004163
v 0.091500 0.027479 0.004998
v 0.090439 0.027115 0.004754
v 0.410000 0.025407 0.003613
v 0.408500 0.026664 0.004453
v 0.409561 0.026294 0.004206
v 0.090000 0.026922 0.002867
v 0.091500 0.028311 0.003442
v 0.090439 0.027906 0.003275
v 0.410000 0.026008 0.002488
v 0.408500 0.027405 0.003067
v 0.409561 0.026994 0.002897
v 0.090000 0.027349 0.001462
v 0.091500 0.028823 0.001755
v 0.090439 0.028393 0.001669
v 0.410000 0.026378 0.001269
v 0.408500 0.027861 0.001564
v 0.409561 0.027424 0.001477
v 0.090000 0.027493 0.000000
v 0.091500 0.028995 0.000000
v 0.090439 0.028557 0.000000
v 0.410000 0.026503 -0.000000
v 0.408500 0.028015 0.000000
v 0.409561 0.027570 -0.000000
v 0.090000 0.027349 -0.001462
v 0.091500 0.028823 -0.001755
v 0.090439 0.028393 -0.001669
v 0.410000 0.026378 -0.001269
v 0.408500 0.027861 -0.001564
v 0.409561 0.027424 -0.001477
v 0.090000 0.026922 -0.002867
v 0.091500 0.028311 -0.003442
v 0.090439 0.027906 -0.003275
v 0.410000 0.026008 -0.002488
v 0.408500 0.027405 -0.003067
v 0.409561 0.026994 -0.002897
v 0.090000 0.026230 -0.004163
v 0.091500 0.027479 -0.004998
v 0.090439 0.027115 -0.004754
v 0.410000 0.025407 -0.003613
v 0.408500 0.026664 -0.004453
v 0.409561 0.026294 -0.004206
v 0.090000 0.025298 -0.005298
v 0.091500 0.026361 -0.006361
v 0.090439 0.026051 -0.006051
v 0.410000 0.024598 -0.004598
v 0.408500 0.025667 -0.005667
v 0.409561 0.025353 -0.005353
v 0.090000 0.024163 -0.006230
v 0.091500 0.024998 -0.007479
v 0.090439 0.024754 -0.007115
v 0.410000 0.023613 -0.005407
v 0.408500 0.024453 -0.006664
v 0.409561 0.024206 -0.006294
v 0.090000 0.022867 -0.006922
v 0.091500 0.023442 -0.008311
v 0.090439 0.023275 -0.007906
v 0.410000 0.022489 -0.006008
v 0.408500 0.023067 -0.007405
v 0.409561 0.022897 -0.006994
v 0.090000 0.021462 -0.007349
v 0.091500 0.021755 -0.008823
v 0.090439 0.021669 -0.008393
v 0.410000 0.021269 -0.006378
v 0.408500 0.021564 -0.007861
v 0.409561 0.021477 -0.007424
v 0.395000 0.020000 -0.010993
v 0.396500 0.020000 -0.012500
v 0.395439 0.020000 -0.012059
v 0.405000 0.020000 -0.010993
v 0.403500 0.020000 -0.012500
v 0.404561 0.020000 -0.012059
v 0.395000 0.017855 -0.010782
v 0.396500 0.017561 -0.012260
v 0.395439 0.017647 -0.011827
v 0.405000 0.017855 -0.010782
v 0.403500 0.017561 -0.012260
v 0.404561 0.017647 -0.011827
v 0.395000 0.015793 -0.010156
v 0.396500 0.015216 -0.011548
v 0.395439 0.015385 -0.011141
v 0.405000 0.015793 -0.010156
v 0.403500 0.015216 -0.011548
v 0.404561 0.015385 -0.011141
v 0.395000 0.013893 -0.009140
v 0.396500 0.013055 -0.010393
v 0.395439 0.013301 -0.010026
v 0.405000 0.013893 -0.009140
v 0.403500 0.013055 -0.010393
v 0.404561 0.013301 -0.010026
v 0.395000 0.012227 -0.007773
v 0.396500 0.011161 -0.008839
v 0.395439 0.011473 -0.008527
v 0.405000 0.012227 -0.007773
v 0.403500 0.011161 -0.008839
v 0.404561 0.011473 -0.008527
v 0.395000 0.010860 -0.006107
v 0.396500 0.009607 -0.006945
v 0.395439 0.009974 -0.006699
v 0.405000 0.010860 -0.006107
v 0.403500 0.009607 -0.006945
v 0.404561 0.009974 -0.006699
v 0.396500 0.008452 -0.004784
v 0.395000 0.009844 -0.004207
v 0.395439 0.008859 -0.004615
v 0.405000 0.009844 -0.004207
v 0.403500 0.008452 -0.004784
v 0.404561 0.008859 -0.004615
v 0.395000 0.009218 -0.002145
v 0.396500 0.007740 -0.002439
v 0.395439 0.008173 -0.002353
v 0.405000 0.009218 -0.002145
v 0.403500 0.007740 -0.002439
v 0.404561 0.008173 -0.002353
v 0.395000 0.009007 0.000000
v 0.396500 0.007500 0.000000
v 0.395439 0.007941 0.000000
v 0.405000 0.009007 -0.000000
v 0.403500 0.007500 0.000000
v 0.404561 0.007941 -0.000000
v 0.395000 0.009218 0.002145
v 0.396500 0.007740 0.002439
v 0.395439 0.008173 0.002353
v 0.405000 0.009218 0.002145
v 0.403500 0.007740 0.002439
v 0.404561 0.008173 0.002353
v 0.395000 0.009844 0.004207
v 0.396500 0.008452 0.004784
v 0.395439 0.008859 0.004615
v 0.405000 0.009844 0.004207
v 0.403500 0.008452 0.004784
v 0.404561 0.008859 0.004615
v 0.395000 0.010860 0.006107
v 0.396500 0.009607 0.006945
v 0.395439 0.009974 0.006699
v 0.405000 0.010860 0.006107
v 0.403500 0.009607 0.006945
v 0.404561 0.009974 0.006699
v 0.395000 0.012227 0.007773
v 0.396500 0.011161 0.008839
v 0.395439 0.011473 0.008527
v 0.405000 0.012227 0.007773
v 0.403500 0.011161 0.008839
v 0.404561 0.011473 0.008527
v 0.395000 0.013893 0.009140
v 0.396500 0.013055 0.010393
v 0.395439 0.013301 0.010026
v 0.405000 0.013893 0.009140
v 0.403500 0.013055 0.010393
v 0.404561 0.013301 0.010026
v 0.395000 0.015793 0.010156
v 0.396500 0.015216 0.011548
v 0.395439 0.015385 0.011141
v 0.405000 0.015793 0.010156
v 0.403500 0.015216 0.011548
v 0.404561 0.015385 0.011141
v 0.395000 0.017855 0.010782
v 0.396500 0.017561 0.012260
v 0.395439 0.017647 0.011827
v 0.405000 0.017855 0.010782
v 0.403500 0.017561 0.012260
v 0.404561 0.017647 0.011827
v 0.395000 0.020000 0.010993
v 0.396500 0.020000 0.012500
v 0.395439 0.020000 0.012059
v 0.405000 0.020000 0.010993
v 0.403500 0.020000 0.012500
v 0.404561 0.020000 0.012059
v 0.395000 0.022145 0.010782
v 0.396500 0.022439 0.012260
v 0.395439 0.022353 0.011827
v 0.405000 0.022145 0.010782
v 0.403500 0.022439 0.012260
v 0.404561 0.022353 0.011827
v 0.395000 0.024207 0.010156
v 0.396500 0.024784 0.011548
v 0.395439 0.024615 0.011141
v 0.405000 0.024207 0.010156
v 0.403500 0.024784 0.011548
v 0.404561 0.024615 0.011141
v 0.395000 0.026107 0.009140
v 0.396500 0.026945 0.010393
v 0.395439 0.026699 0.010026
v 0.405000 0.026107 0.009140
v 0.403500 0.026945 0.010393
v 0.404561 0.026699 0.010026
v 0.395000 0.027773 0.007773
v 0.396500 0.028839 0.008839
v 0.395439 0.028527 0.008527
v 0.405000 0.027773 0.007773
v 0.403500 0.028839 0.008839
v 0.404561 0.028527 0.008527
v 0.395000 0.029140 0.006107
v 0.396500 0.030393 0.006945
v 0.395439 0.030026 0.006699
v 0.405000 0.029140 0.006107
v 0.403500 0.030393 0.006945
v 0.404561 0.030026 0.006699
v 0.395000 0.030156 0.004207
v 0.396500 0.031548 0.004784
v 0.395439 0.031141 0.004615
v 0.405000 0.030156 0.004207
v 0.403500 0.031548 0.004784
v 0.404561 0.031141 0.004615
v 0.395000 0.030782 0.002145
v 0.396500 0.032260 0.002439
v 0.395439 0.031827 0.002353
v 0.405000 0.030782 0.002145
v 0.403500 0.032260 0.002439
v 0.404561 0.031827 0.002353
v 0.395000 0.030993 -0.000000
v 0.396500 0.032500 0.000000
v 0.395439 0.032059 -0.000000
v 0.405000 0.030993 0.000000
v 0.403500 0.032500 0.000000
v 0.404561 0.032059 0.000000
v 0.395000 0.030782 -0.002145
v 0.396500 0.032260 -0.002439
v 0.395439 0.031827 -0.002353
v 0.405000 0.030782 -0.002145
v 0.403500 0.032260 -0.002439
v 0.404561 0.031827 -0.002353
v 0.395000 0.030156 -0.004207
v 0.396500 0.031548 -0.004784
v 0.395439 0.031141 -0.004615
v 0.405000 0.030156 -0.004207
v 0.403500 0.031548 -0.004784
v 0.404561 0.031141 -0.004615
v 0.395000 0.029140 -0.006107
v 0.396500 0.030393 -0.006945
v 0.395439 0.030026 -0.006699
v 0.405000 0.029140 -0.006107
v 0.403500 0.030393 -0.006945
v 0.404561 0.030026 -0.006699
v 0.395000 0.027773 -0.007773
v 0.396500 0.028839 -0.008839
v 0.395439 0.028527 -0.008527
v 0.405000 0.027773 -0.007773
v 0.403500 0.028839 -0.008839
v 0.404561 0.028527 -0.008527
v 0.395000 0.026107 -0.009140
v 0.396500 0.026945 -0.010393
v 0.395439 0.026699 -0.010026
v 0.405000 0.026107 -0.009140
v 0.403500 0.026945 -0.010393
v 0.404561 0.026699 -0.010026
v 0.395000 0.024207 -0.010156
v 0.396500 0.024784 -0.011548
v 0.395439 0.024615 -0.011141
v 0.405000 0.024207 -0.010156
v 0.403500 0.024784 -0.011548
v 0.404561 0.024615 -0.011141
v 0.395000 0.022145 -0.010782
v 0.396500 0.022439 -0.012260
v 0.395439 0.022353 -0.011827
v 0.405000 0.022145 -0.010782
v 0.403500 0.022439 -0.012260
v 0.404561 0.022353 -0.011827
vn -0.3803 -0.0907 -0.9204
vn -0.9237 -0.0376 -0.3813
vn 0.3827 -0.8148 -0.4355
vn 0.9239 -0.3375 -0.1804
vn 0.3851 -0.0905 -0.9184
vn 0.9240 -0.0375 -0.3804
vn 0.3827 -0.7142 0.5861
vn 0.9239 -0.2958 0.2428
vn -0.3803 -0.2685 -0.8851
vn -0.9237 -0.1112 -0.3666
vn -0.3827 -0.8148 -0.4355
vn -0.9239 -0.3375 -0.1804
vn 0.3851 -0.2679 -0.8831
vn 0.9240 -0.1110 -0.3658
vn -0.3803 -0.4360 -0.8157
vn -0.9237 -0.1806 -0.3379
vn 0.3851 -0.4350 -0.8139
vn 0.9240 -0.1802 -0.3371
vn -0.3827 -0.7142 0.5861
vn -0.9239 -0.2958 0.2428
vn -0.3803 -0.5867 -0.7149
vn -0.9237 -0.2430 -0.2962
vn 0.3851 -0.5855 -0.7134
vn 0.9240 -0.2425 -0.2955
vn -0.3803 -0.7149 -0.5867
vn -0.9237 -0.2962 -0.2430
vn 0.3827 -0.7142 -0.5861
vn 0.9239 -0.2958 -0.2428
vn 0.3851 -0.7134 -0.5855
vn 0.9240 -0.2955 -0.2425
vn -0.3803 -0.8157 -0.4360
vn -0.9237 -0.3379 -0.1806
vn 0.3851 -0.8139 -0.4350
vn 0.9240 -0.3371 -0.1802
vn 0.3827 -0.8148 0.4355
vn 0.9239 -0.3375 0.1804
vn -0.3803 -0.8851 -0.2685
vn -0.9237 -0.3666 -0.1112
vn -0.3827 -0.7142 -0.5861
vn -0.9239 -0.2958 -0.2428
vn 0.3851 -0.8831 -0.2679
vn 0.9240 -0.3658 -0.1110
vn -0.3803 -0.9204 -0.0907
vn -0.9237 -0.3813 -0.0375
vn 0.3851 -0.9184 -0.0905
vn 0.9240 -0.3804 -0.0375
vn -0.3827 -0.8148 0.4355
vn -0.9239 -0.3375 0.1804
vn -0.3803 -0.9204 0.0907
vn -0.9237 -0.3813 0.0376
vn 0.3851 -0.9184 0.0905
vn 0.9240 -0.3804 0.0375
vn -0.3803 -0.8851 0.2685
vn -0.9237 -0.3666 0.1112
vn 0.3827 -0.5861 -0.7142
vn 0.9239 -0.2428 -0.2958
vn 0.3851 -0.8831 0.2679
vn 0.9240 -0.3658 0.1110
vn -0.3803 -0.8157 0.4360
vn -0.9237 -0.3379 0.1806
vn 0.3851 -0.8139 0.4350
vn 0.9240 -0.3371 0.1802
vn 0.3827 -0.8841 0.2682
vn 0.9239 -0.3662 0.1111
vn -0.3803 -0.7149 0.5867
vn -0.9237 -0.2962 0.2431
vn -0.3827 -0.5861 -0.7142
vn -0.9239 -0.2428 -0.2958
vn 0.3851 -0.7134 0.5855
vn 0.9240 -0.2955 0.2425
vn -0.3803 -0.5867 0.7149
vn -0.9237 -0.2430 0.2961
vn 0.3851 -0.5855 0.7134
vn 0.9241 -0.2425 0.2955
vn -0.3827 -0.8841 0.2682
vn -0.9239 -0.3662 0.1111
vn -0.3803 -0.4360 0.8157
vn -0.9237 -0.1806 0.3379
vn 0.3851 -0.4350 0.8139
vn 0.9241 -0.1802 0.3371
vn -0.3803 -0.2685 0.8851
vn -0.9237 -0.1112 0.3666
vn 0.3827 -0.4355 -0.8148
vn 0.9239 -0.1804 -0.3375
vn 0.3851 -0.2679 0.8831
vn 0.9240 -0.1110 0.3658
vn -0.3803 -0.0907 0.9204
vn -0.9237 -0.0376 0.3812
vn 0.3851 -0.0905 0.9184
vn 0.9240 -0.0375 0.3804
vn 0.3827 -0.9194 0.0906
vn 0.9239 -0.3809 0.0375
vn -0.3803 0.0907 0.9204
vn -0.9237 0.0376 0.3813
vn -0.3827 -0.4355 -0.8148
vn -0.9239 -0.1804 -0.3375
vn 0.3851 0.0905 0.9184
vn 0.9240 0.0375 0.3804
vn -0.3803 0.2685 0.8851
vn -0.9237 0.1112 0.3666
vn 0.3851 0.2679 0.8831
vn 0.9240 0.1110 0.3658
vn -0.3827 -0.9194 0.0906
vn -0.9239 -0.3809 0.0375
vn -0.3803 0.4360 0.8157
vn -0.9237 0.1806 0.3379
vn 0.3851 0.4350 0.8139
vn 0.9241 0.1802 0.3371
vn -0.3803 0.5867 0.7149
vn -0.9237 0.2430 0.2962
vn 0.3827 -0.2682 -0.8841
vn 0.9239 -0.1111 -0.3662
vn 0.3851 0.5855 0.7134
vn 0.9240 0.2425 0.2955
vn -0.3803 0.7149 0.5867
vn -0.9237 0.2962 0.2430
vn 0.3851 0.7134 0.5855
vn 0.9240 0.2955 0.2425
vn 0.3827 -0.9194 -0.0906
vn 0.9239 -0.3809 -0.0375
vn -0.3803 0.8157 0.4360
vn -0.9237 0.3379 0.1806
vn -0.3827 -0.2682 -0.8841
vn -0.9239 -0.1111 -0.3662
vn 0.3851 0.8139 0.4350
vn 0.9240 0.3371 0.1802
vn -0.3803 0.8851 0.2685
vn -0.9237 0.3666 0.1112
vn 0.3851 0.8831 0.2679
vn 0.9240 0.3658 0.1110
vn -0.3827 -0.9194 -0.0906
vn -0.9239 -0.3809 -0.0375
vn -0.3803 0.9204 0.0906
vn -0.9237 0.3813 0.0375
vn 0.3851 0.9184 0.0905
vn 0.9240 0.3804 0.0375
vn -0.3803 0.9204 -0.0907
vn -0.9237 0.3813 -0.0376
vn 0.3851 0.9184 -0.0905
vn 0.9240 0.3804 -0.0375
vn -0.3803 0.8851 -0.2685
vn -0.9237 0.3666 -0.1112
vn 0.3827 -0.0906 -0.9194
vn 0.9239 -0.0375 -0.3809
vn 0.3851 0.8831 -0.2679
vn 0.9240 0.3658 -0.1110
vn 0.3827 -0.8841 -0.2682
vn 0.9239 -0.3662 -0.1111
vn -0.3803 0.8157 -0.4360
vn -0.9237 0.3379 -0.1806
vn 0.3851 0.8139 -0.4350
vn 0.9240 0.3371 -0.1802
vn -0.3803 0.7149 -0.5867
vn -0.9237 0.2962 -0.2431
vn 0.3851 0.7134 -0.5855
vn 0.9241 0.2955 -0.2425
vn -0.3827 -0.8841 -0.2682
vn -0.9239 -0.3662 -0.1111
vn -0.3803 0.5867 -0.7149
vn -0.9237 0.2430 -0.2962
vn -0.3827 -0.0906 -0.9194
vn -0.9239 -0.0375 -0.3809
vn 0.3851 0.5855 -0.7134
vn 0.9240 0.2425 -0.2955
vn -0.3803 0.4360 -0.8157
vn -0.9237 0.1806 -0.3379
vn 0.3851 0.4350 -0.8139
vn 0.9240 0.1802 -0.3371
vn -0.3803 0.2685 -0.8851
vn -0.9237 0.1112 -0.3666
vn 0.3851 0.2679 -0.8831
vn 0.9240 0.1110 -0.3658
vn -0.3803 0.0907 -0.9204
vn -0.9237 0.0376 -0.3812
vn 0.3851 0.0905 -0.9184
vn 0.9240 0.0375 -0.3804
vn -0.3827 -0.5861 0.7142
vn -0.9239 -0.2428 0.2958
vn 0.3827 -0.5861 0.7142
vn 0.9239 -0.2428 0.2958
vn -0.3827 -0.4355 0.8148
vn -0.9239 -0.1804 0.3375
vn 0.3827 -0.4355 0.8148
vn 0.9239 -0.1804 0.3375
vn -0.3827 -0.2682 0.8841
vn -0.9239 -0.1111 0.3662
vn 0.3827 -0.2682 0.8841
vn 0.9239 -0.1111 0.3662
vn -0.3827 -0.0906 0.9194
vn -0.9239 -0.0375 0.3808
vn 0.3827 -0.0906 0.9194
vn 0.9239 -0.0375 0.3809
vn -0.3827 0.0906 0.9194
vn -0.9239 0.0375 0.3808
vn 0.3827 0.0906 0.9194
vn 0.9239 0.0375 0.3809
vn -0.3827 0.2682 0.8841
vn -0.9239 0.1111 0.3662
vn 0.3827 0.2682 0.8841
vn 0.9239 0.1111 0.3662
vn -0.3827 0.4355 0.8148
vn -0.9239 0.1804 0.3375
vn 0.3827 0.4355 0.8148
vn 0.9239 0.1804 0.3375
vn -0.3827 0.5861 0.7142
vn -0.9239 0.2428 0.2958
vn 0.3827 0.5861 0.7142
vn 0.9239 0.2428 0.2958
vn -0.3827 0.7142 0.5861
vn -0.9239 0.2958 0.2428
vn 0.3827 0.7142 0.5861
vn 0.9239 0.2958 0.2428
vn -0.3827 0.8148 0.4355
vn -0.9239 0.3375 0.1804
vn 0.3827 0.8148 0.4355
vn 0.9239 0.3375 0.1804
vn -0.3827 0.8841 0.2682
vn -0.9239 0.3662 0.1111
vn 0.3827 0.8841 0.2682
vn 0.9239 0.3662 0.1111
vn -0.3827 0.9194 0.0906
vn -0.9239 0.3809 0.0375
vn 0.3827 0.9194 0.0906
vn 0.9239 0.3809 0.0375
vn -0.3827 0.9194 -0.0906
vn -0.9239 0.3809 -0.0375
vn 0.3827 0.9194 -0.0906
vn 0.9239 0.3809 -0.0375
vn -0.3827 0.8841 -0.2682
vn -0.9239 0.3662 -0.1111
vn 0.3827 0.8841 -0.2682
vn 0.9239 0.3662 -0.1111
vn -0.3827 0.8148 -0.4355
vn -0.9239 0.3375 -0.1804
vn 0.3827 0.8148 -0.4355
vn 0.9239 0.3375 -0.1804
vn -0.3827 0.7142 -0.5861
vn -0.9239 0.2958 -0.2428
vn 0.3827 0.7142 -0.5861
vn 0.9239 0.2958 -0.2428
vn -0.3827 0.5861 -0.7142
vn -0.9239 0.2428 -0.2958
vn 0.3827 0.5861 -0.7142
vn 0.9239 0.2428 -0.2958
vn -0.3827 0.4355 -0.8148
vn -0.9239 0.1804 -0.3375
vn 0.3827 0.4355 -0.8148
vn 0.9239 0.1804 -0.3375
vn -0.3827 0.2682 -0.8841
vn -0.9239 0.1111 -0.3662
vn 0.3827 0.2682 -0.8841
vn 0.9239 0.1111 -0.3662
vn -0.3827 0.0906 -0.9194
vn -0.9239 0.0375 -0.3809
vn 0.3827 0.0906 -0.9194
vn 0.9239 0.0375 -0.3809
vn -1.0000 -0.0000 -0.0000
vn 0.0031 -0.0980 -0.9952
vn 0.0031 0.0980 -0.9952
vn 1.0000 -0.0000 -0.0000
vn 0.0031 -0.2903 -0.9569
vn 0.0031 -0.4714 -0.8819
vn 0.0031 -0.6344 -0.7730
vn 0.0031 -0.7730 -0.6344
vn 0.0031 -0.8819 -0.4714
vn 0.0031 -0.9569 -0.2903
vn 0.0031 -0.9952 -0.0980
vn 0.0031 -0.9952 0.0980
vn 0.0031 -0.9569 0.2903
vn 0.0031 -0.8819 0.4714
vn 0.0031 -0.7730 0.6344
vn 0.0031 -0.6344 0.7730
vn 0.0031 -0.4714 0.8819
vn 0.0031 -0.2903 0.9569
vn 0.0031 -0.0980 0.9952
vn 0.0031 0.0980 0.9952
vn 0.0031 0.2903 0.9569
vn 0.0031 0.4714 0.8819
vn 0.0031 0.6344 0.7730
vn 0.0031 0.7730 0.6344
vn 0.0031 0.8819 0.4714
vn 0.0031 0.9569 0.2903
vn 0.0031 0.9952 0.0980
vn 0.0031 0.9952 -0.0980
vn 0.0031 0.9569 -0.2903
vn 0.0031 0.8819 -0.4714
vn 0.0031 0.7730 -0.6344
vn 0.0031 0.6344 -0.7730
vn 0.0031 0.4714 -0.8819
vn 0.0031 0.2903 -0.9569
vn -0.0000 0.0980 -0.9952
vn -0.0000 -0.0980 -0.9952
vn -0.0000 -0.2903 -0.9569
vn -0.0000 -0.4714 -0.8819
vn -0.0000 -0.6344 -0.7730
vn -0.0000 -0.7730 -0.6344
vn -0.0000 -0.8819 -0.4714
vn -0.0000 -0.9569 -0.2903
vn -0.0000 -0.9952 -0.0980
vn -0.0000 -0.9952 0.0980
vn -0.0000 -0.9569 0.2903
vn -0.0000 -0.8819 0.4714
vn -0.0000 -0.7730 0.6344
vn -0.0000 -0.6344 0.7730
vn -0.0000 -0.4714 0.8819
vn -0.0000 -0.2903 0.9569
vn -0.0000 -0.0980 0.9952
vn -0.0000 0.0980 0.9952
vn -0.0000 0.2903 0.9569
vn -0.0000 0.4714 0.8819
vn -0.0000 0.6344 0.7730
vn -0.0000 0.7730 0.6344
vn -0.0000 0.8819 0.4714
vn -0.0000 0.9569 0.2903
vn -0.0000 0.9952 0.0980
vn -0.0000 0.9952 -0.0980
vn -0.0000 0.9569 -0.2903
vn -0.0000 0.8819 -0.4714
vn -0.0000 0.7730 -0.6344
vn -0.0000 0.6344 -0.7730
vn -0.0000 0.4714 -0.8819
vn -0.0000 0.2903 -0.9569
vn -0.9237 -0.0376 -0.3812
vn 0.9241 -0.1802 -0.3371
vn -0.9237 -0.2430 -0.2961
vn 0.9241 -0.2425 -0.2955
vn -0.9237 -0.2962 -0.2431
vn -0.3803 -0.9204 -0.0906
vn -0.9237 -0.3813 -0.0376
vn -0.3803 -0.9204 0.0906
vn -0.9237 -0.3813 0.0375
vn -0.9237 -0.2962 0.2430
vn -0.9237 -0.2430 0.2962
vn 0.9240 -0.2425 0.2955
vn 0.9240 -0.1802 0.3372
vn -0.9237 -0.0376 0.3813
vn 0.9240 -0.0375 0.3805
vn -0.9237 0.0376 0.3812
vn 0.9240 0.1802 0.3372
vn -0.9237 0.2430 0.2961
vn -0.9237 0.2962 0.2431
vn -0.3803 0.9204 0.0907
vn -0.9237 0.3813 0.0376
vn -0.3803 0.9204 -0.0906
vn -0.9237 0.3813 -0.0375
vn 0.9239 -0.0375 -0.3808
vn -0.9237 0.2962 -0.2430
vn 0.9240 0.2955 -0.2425
vn -0.9237 0.2430 -0.2961
vn -0.9239 -0.0375 -0.3808
vn 0.9240 0.1802 -0.3372
vn -0.9237 0.0376 -0.3813
vn -0.9239 -0.0375 0.3809
vn 0.9239 -0.0375 0.3808
vn -0.9239 0.0375 0.3809
vn 0.9239 0.0375 0.3808
vn -0.9239 0.0375 -0.3808
vn 0.9239 0.0375 -0.3808
vn -1.0000 -0.0000 0.0001
vn -1.0000 -0.0000 -0.0001
vn 1.0000 -0.0000 0.0002
vn 1.0000 -0.0000 -0.0001
vn 1.0000 -0.0000 0.0001
vt 0.512017 0.881007
vt 0.511752 0.936169
vt 0.511752 0.882398
vt 0.959644 0.293328
vt 0.956477 0.288964
vt 0.955409 0.292486
vt 0.967745 0.383143
vt 0.973639 0.386816
vt 0.967851 0.386816
vt 0.678631 0.193021
vt 0.690069 0.205450
vt 0.681207 0.229939
vt 0.568040 0.881007
vt 0.568305 0.936006
vt 0.568040 0.937560
vt 0.023378 0.989689
vt 0.027508 0.986776
vt 0.024446 0.986168
vt 0.736342 0.135542
vt 0.725617 0.129705
vt 0.725080 0.125180
vt 0.737765 0.146322
vt 0.724961 0.134446
vt 0.587672 0.937560
vt 0.587407 0.882398
vt 0.587672 0.881007
vt 0.963961 0.293328
vt 0.960005 0.289666
vt 0.973745 0.366005
vt 0.967851 0.362332
vt 0.973639 0.362332
vt 0.679232 0.063958
vt 0.685383 0.084472
vt 0.678593 0.083092
vt 0.643695 0.937560
vt 0.643960 0.882561
vt 0.643960 0.936006
vt 0.021563 0.984973
vt 0.019828 0.988218
vt 0.786483 0.839872
vt 0.786748 0.895034
vt 0.786483 0.896425
vt 0.967128 0.288964
vt 0.963601 0.289666
vt 0.730460 0.896425
vt 0.730195 0.841426
vt 0.730460 0.839872
vt 0.018968 0.983239
vt 0.016633 0.986084
vt 0.722871 0.104529
vt 0.727495 0.073910
vt 0.729126 0.084690
vt 0.720089 0.094891
vt 0.722016 0.074867
vt 0.862139 0.896425
vt 0.862404 0.841263
vt 0.862404 0.895034
vt 0.972185 0.290833
vt 0.968196 0.292486
vt 0.806116 0.896425
vt 0.805851 0.841425
vt 0.806116 0.839872
vt 0.016761 0.981032
vt 0.013916 0.983367
vt 0.938059 0.971815
vt 0.882897 0.972080
vt 0.881506 0.971815
vt 0.973441 0.285590
vt 0.970450 0.287588
vt 0.692334 0.137887
vt 0.678448 0.176822
vt 0.692604 0.144138
vt 0.687425 0.182740
vt 0.881506 0.915792
vt 0.936506 0.915527
vt 0.938059 0.915792
vt 0.015027 0.978437
vt 0.011782 0.980172
vt 0.587407 0.861640
vt 0.642569 0.861905
vt 0.588798 0.861905
vt 0.975775 0.288435
vt 0.975984 0.283047
vt 0.587407 0.805617
vt 0.642407 0.805352
vt 0.643960 0.805617
vt 0.010311 0.976622
vt 0.013833 0.975554
vt 0.973745 0.426730
vt 0.967851 0.430402
vt 0.967745 0.426730
vt 0.741649 0.160392
vt 0.731682 0.146383
vt 0.862139 0.915527
vt 0.862404 0.970689
vt 0.862139 0.972080
vt 0.981227 0.281792
vt 0.978828 0.285382
vt 0.678448 0.099517
vt 0.690321 0.104198
vt 0.690709 0.110232
vt 0.691707 0.099748
vt 0.806116 0.972080
vt 0.805851 0.917081
vt 0.806116 0.915527
vt 0.009561 0.972853
vt 0.013224 0.972492
vt 0.843146 0.065839
vt 0.898308 0.066104
vt 0.844537 0.066104
vt 0.982879 0.277803
vt 0.977981 0.280057
vt 0.899699 0.009816
vt 0.844700 0.009551
vt 0.898145 0.009551
vt 0.013224 0.969371
vt 0.009561 0.969011
vt 0.973745 0.409591
vt 0.967851 0.405918
vt 0.973639 0.405918
vt 0.718763 0.050787
vt 0.723409 0.040968
vt 0.899699 0.085472
vt 0.844537 0.085207
vt 0.898308 0.085207
vt 0.980059 0.273207
vt 0.979358 0.276734
vt 0.899699 0.141495
vt 0.844700 0.141760
vt 0.843146 0.141495
vt 0.010311 0.965242
vt 0.013833 0.966310
vt 0.853608 0.512579
vt 0.908770 0.512844
vt 0.855000 0.512844
vt 0.983721 0.273568
vt 0.980059 0.269611
vt 0.698076 0.131167
vt 0.698753 0.136491
vt 0.693714 0.152252
vt 0.910161 0.456556
vt 0.855162 0.456291
vt 0.908608 0.456291
vt 0.015027 0.963427
vt 0.011781 0.961692
vt 0.937794 0.764216
vt 0.938059 0.819378
vt 0.937794 0.820769
vt 0.982879 0.265016
vt 0.983721 0.269250
vt 0.881771 0.764216
vt 0.881506 0.819216
vt 0.881506 0.765770
vt 0.016761 0.960832
vt 0.013916 0.958497
vt 0.091206 0.972226
vt 0.085312 0.975899
vt 0.085207 0.972226
vt 0.732060 0.181987
vt 0.733416 0.159937
vt 0.853608 0.588234
vt 0.908770 0.588499
vt 0.855000 0.588499
vt 0.981227 0.261027
vt 0.979358 0.266084
vt 0.697765 0.113313
vt 0.697847 0.116028
vt 0.697457 0.108811
vt 0.910161 0.532211
vt 0.855162 0.531946
vt 0.908608 0.531946
vt 0.016633 0.955780
vt 0.018968 0.958625
vt 0.009551 0.876025
vt 0.064713 0.875759
vt 0.066104 0.876025
vt 0.975984 0.259771
vt 0.977981 0.262761
vt 0.009551 0.932047
vt 0.064551 0.932313
vt 0.011105 0.932313
vt 0.019828 0.953645
vt 0.021563 0.956891
vt 0.085207 0.955087
vt 0.091100 0.951415
vt 0.091206 0.955087
vt 0.712969 0.009974
vt 0.710392 0.033615
vt 0.938059 0.840137
vt 0.882897 0.839872
vt 0.936668 0.839872
vt 0.975775 0.254384
vt 0.978828 0.257437
vt 0.881506 0.896160
vt 0.936506 0.896425
vt 0.883060 0.896425
vt 0.023378 0.952175
vt 0.024446 0.955696
vt 0.910161 0.610319
vt 0.854999 0.610053
vt 0.908770 0.610053
vt 0.970450 0.255230
vt 0.973441 0.257228
vt 0.701598 0.124173
vt 0.698048 0.128443
vt 0.701879 0.129651
vt 0.910161 0.666341
vt 0.855162 0.666607
vt 0.853608 0.666341
vt 0.027147 0.951425
vt 0.027508 0.955087
vt 0.862139 0.764216
vt 0.862404 0.819378
vt 0.862139 0.820769
vt 0.972185 0.251985
vt 0.967128 0.253854
vt 0.806116 0.764216
vt 0.805851 0.819216
vt 0.805851 0.765770
vt 0.030989 0.951425
vt 0.030629 0.955088
vt 0.160862 0.972226
vt 0.166756 0.975898
vt 0.160968 0.975898
vt 0.716087 0.191744
vt 0.727077 0.176262
vt 0.141760 0.932047
vt 0.086598 0.932312
vt 0.085207 0.932047
vt 0.963961 0.249490
vt 0.968196 0.250333
vt 0.700824 0.116234
vt 0.700967 0.117646
vt 0.700720 0.112897
vt 0.085207 0.876024
vt 0.140206 0.875759
vt 0.141760 0.876024
vt 0.034758 0.952175
vt 0.033690 0.955696
vt 0.217415 0.932047
vt 0.162253 0.932312
vt 0.160862 0.932047
vt 0.959644 0.249490
vt 0.963601 0.253152
vt 0.217415 0.876024
vt 0.162416 0.875759
vt 0.215861 0.875759
vt 0.036573 0.956891
vt 0.038308 0.953645
vt 0.160862 0.955087
vt 0.166756 0.951415
vt 0.166861 0.955087
vt 0.698868 0.038859
vt 0.696595 0.026088
vt 0.910161 0.741997
vt 0.855000 0.742262
vt 0.853608 0.741997
vt 0.956477 0.253854
vt 0.960005 0.253152
vt 0.910161 0.685974
vt 0.855162 0.685709
vt 0.908608 0.685709
vt 0.041503 0.955780
vt 0.039168 0.958625
vt 0.292805 0.875759
vt 0.293070 0.930921
vt 0.292805 0.932313
vt 0.951420 0.251985
vt 0.955409 0.250333
vt 0.703600 0.123176
vt 0.701718 0.125599
vt 0.236782 0.932313
vt 0.236517 0.877313
vt 0.236782 0.875759
vt 0.041375 0.960832
vt 0.044220 0.958497
vt 0.975089 0.009551
vt 0.975354 0.064713
vt 0.975089 0.066104
vt 0.950165 0.257228
vt 0.953155 0.255230
vt 0.919066 0.009551
vt 0.918801 0.064551
vt 0.918801 0.011105
vt 0.043109 0.963427
vt 0.046355 0.961692
vt 0.116308 0.972226
vt 0.110414 0.975898
vt 0.110308 0.972226
vt 0.701118 0.217689
vt 0.718347 0.201362
vt 0.817159 0.220067
vt 0.817424 0.164905
vt 0.817424 0.218676
vt 0.944777 0.257437
vt 0.947830 0.254384
vt 0.703058 0.118446
vt 0.702952 0.117605
vt 0.702721 0.114828
vt 0.761136 0.220067
vt 0.760871 0.165068
vt 0.761136 0.163514
vt 0.047825 0.965242
vt 0.044304 0.966310
vt 0.912181 0.163779
vt 0.967343 0.163514
vt 0.968735 0.163779
vt 0.942378 0.261027
vt 0.947622 0.259771
vt 0.912181 0.219802
vt 0.967181 0.220067
vt 0.913735 0.220067
vt 0.048575 0.969011
vt 0.044913 0.969371
vt 0.116308 0.955087
vt 0.110414 0.951415
vt 0.116202 0.951415
vt 0.683717 0.045458
vt 0.689314 0.052922
vt 0.730460 0.820769
vt 0.730195 0.765608
vt 0.730460 0.764216
vt 0.940726 0.265016
vt 0.945624 0.262761
vt 0.786483 0.764216
vt 0.786748 0.819216
vt 0.786483 0.820769
vt 0.044913 0.972492
vt 0.048575 0.972853
vt 0.920771 0.249745
vt 0.865609 0.249480
vt 0.919380 0.249480
vt 0.943546 0.269611
vt 0.944248 0.266084
vt 0.864218 0.305768
vt 0.919217 0.306033
vt 0.865771 0.306033
vt 0.047825 0.976622
vt 0.044304 0.975553
vt 0.864218 0.381423
vt 0.919380 0.381688
vt 0.865609 0.381688
vt 0.939884 0.269250
vt 0.943546 0.273207
vt 0.704569 0.121495
vt 0.703510 0.122332
vt 0.704653 0.122097
vt 0.703743 0.126356
vt 0.920771 0.325400
vt 0.865771 0.325135
vt 0.919217 0.325135
vt 0.046355 0.980172
vt 0.043109 0.978437
vt 0.135410 0.955087
vt 0.141304 0.951415
vt 0.141410 0.955087
vt 0.702547 0.203686
vt 0.786748 0.971815
vt 0.731587 0.972080
vt 0.730195 0.971815
vt 0.940726 0.277803
vt 0.939884 0.273568
vt 0.730195 0.915792
vt 0.785195 0.915527
vt 0.786748 0.915792
vt 0.044220 0.983367
vt 0.041375 0.981032
vt 0.918801 0.141495
vt 0.973963 0.141760
vt 0.920193 0.141760
vt 0.942378 0.281792
vt 0.944247 0.276734
vt 0.975354 0.085472
vt 0.920355 0.085207
vt 0.973801 0.085207
vt 0.041503 0.986084
vt 0.039168 0.983239
vt 0.135410 0.972226
vt 0.141304 0.975898
vt 0.135516 0.975898
vt 0.684876 0.068399
vt 0.312173 0.932047
vt 0.367335 0.932313
vt 0.313564 0.932313
vt 0.944777 0.285382
vt 0.945624 0.280057
vt 0.704167 0.118702
vt 0.704080 0.118101
vt 0.703986 0.115777
vt 0.368726 0.876025
vt 0.313726 0.875759
vt 0.367172 0.875759
vt 0.038308 0.988218
vt 0.036573 0.984973
vt 0.444116 0.932312
vt 0.444381 0.877151
vt 0.444381 0.930921
vt 0.947830 0.288435
vt 0.947622 0.283047
vt 0.388093 0.932313
vt 0.387828 0.877313
vt 0.388093 0.875759
vt 0.034758 0.989689
vt 0.033690 0.986168
vt 0.512017 0.805352
vt 0.511752 0.860513
vt 0.511752 0.806743
vt 0.953155 0.287588
vt 0.950165 0.285590
vt 0.568040 0.805352
vt 0.568305 0.860351
vt 0.568040 0.861905
vt 0.030989 0.990439
vt 0.030629 0.986776
vt 0.892814 0.220067
vt 0.893079 0.164905
vt 0.893079 0.218676
vt 0.951420 0.290833
vt 0.836791 0.163514
vt 0.836526 0.218513
vt 0.836526 0.165068
vt 0.027147 0.990438
vt 0.718136 0.111051
vt 0.722405 0.099969
vt 0.717269 0.106017
vt 0.720368 0.124207
vt 0.720016 0.122221
vt 0.720083 0.127960
vt 0.718451 0.113080
vt 0.716208 0.114204
vt 0.716891 0.120653
vt 0.717028 0.121803
vt 0.717111 0.124934
vt 0.714757 0.116688
vt 0.716326 0.115352
vt 0.714639 0.115915
vt 0.715418 0.110816
vt 0.715335 0.120261
vt 0.715463 0.121030
vt 0.715383 0.123540
vt 0.713783 0.117368
vt 0.713173 0.114466
vt 0.714107 0.113154
vt 0.714210 0.120085
vt 0.714303 0.120669
vt 0.714208 0.122841
vt 0.712813 0.117317
vt 0.713692 0.116783
vt 0.712412 0.115284
vt 0.713345 0.120555
vt 0.713264 0.120068
vt 0.713269 0.122479
vt 0.712234 0.118162
vt 0.712891 0.117803
vt 0.711798 0.115849
vt 0.712485 0.120620
vt 0.712440 0.120188
vt 0.712465 0.122278
vt 0.711587 0.117969
vt 0.712191 0.117726
vt 0.711243 0.116224
vt 0.711759 0.120017
vt 0.711790 0.120380
vt 0.711784 0.122044
vt 0.711051 0.118419
vt 0.711617 0.118331
vt 0.710719 0.116454
vt 0.711151 0.119961
vt 0.711173 0.120292
vt 0.711184 0.121893
vt 0.710485 0.118428
vt 0.711030 0.118088
vt 0.710466 0.118096
vt 0.710598 0.120323
vt 0.710578 0.119988
vt 0.710627 0.121847
vt 0.709979 0.118272
vt 0.710213 0.116598
vt 0.710016 0.120130
vt 0.710023 0.120454
vt 0.710095 0.121838
vt 0.709985 0.118601
vt 0.709504 0.118345
vt 0.709291 0.116851
vt 0.709744 0.116755
vt 0.709500 0.120221
vt 0.709500 0.119939
vt 0.709604 0.121719
vt 0.709503 0.118627
vt 0.709035 0.118335
vt 0.708840 0.116867
vt 0.709052 0.120102
vt 0.709049 0.119837
vt 0.709162 0.121636
vt 0.708556 0.118503
vt 0.709037 0.118601
vt 0.708542 0.118228
vt 0.708619 0.119797
vt 0.708633 0.120075
vt 0.708750 0.121638
vt 0.708085 0.118640
vt 0.707914 0.116883
vt 0.708378 0.116842
vt 0.708225 0.120130
vt 0.708201 0.119867
vt 0.708349 0.121725
vt 0.707583 0.118438
vt 0.708060 0.118376
vt 0.707812 0.120231
vt 0.707778 0.119962
vt 0.707944 0.121890
vt 0.707116 0.118710
vt 0.707618 0.118708
vt 0.707066 0.118406
vt 0.707440 0.116884
vt 0.707396 0.120427
vt 0.707347 0.120123
vt 0.707520 0.122151
vt 0.706473 0.118251
vt 0.706351 0.116640
vt 0.706929 0.116795
vt 0.706888 0.120684
vt 0.706826 0.120317
vt 0.707038 0.122520
vt 0.705872 0.118762
vt 0.706536 0.118614
vt 0.705784 0.118349
vt 0.706367 0.121090
vt 0.706282 0.120679
vt 0.706479 0.123028
vt 0.705113 0.118785
vt 0.705037 0.118309
vt 0.705690 0.116513
vt 0.705455 0.120995
vt 0.705528 0.121470
vt 0.705746 0.123678
vt 0.704929 0.116267
vt 0.704882 0.124664
vt 0.512017 0.937560
vt 0.836791 0.220067
vt 0.892814 0.163514
vt 0.643695 0.881007
vt 0.862139 0.839872
vt 0.643960 0.861640
vt 0.843146 0.009816
vt 0.899699 0.065839
vt 0.843146 0.085472
vt 0.910161 0.512579
vt 0.881771 0.820769
vt 0.853608 0.532211
vt 0.910161 0.588234
vt 0.066104 0.932047
vt 0.938059 0.896160
vt 0.881506 0.840137
vt 0.853608 0.610318
vt 0.806116 0.820769
vt 0.160862 0.876024
vt 0.853608 0.685974
vt 0.919066 0.066104
vt 0.817159 0.163514
vt 0.968735 0.219802
vt 0.920771 0.305768
vt 0.864218 0.249745
vt 0.864218 0.325400
vt 0.920771 0.381423
vt 0.918801 0.085472
vt 0.975354 0.141495
vt 0.312173 0.876025
vt 0.368726 0.932047
vt 0.444116 0.875759
vt 0.512017 0.861905
vt 0.973745 0.383143
vt 0.967745 0.366005
vt 0.141410 0.972226
vt 0.110308 0.955087
vt 0.166861 0.972226
vt 0.967745 0.409591
vt 0.568305 0.882561
vt 0.587407 0.936169
vt 0.786748 0.841263
vt 0.730195 0.894871
vt 0.805851 0.894871
vt 0.936668 0.972080
vt 0.883060 0.915527
vt 0.588961 0.805352
vt 0.973639 0.430402
vt 0.862404 0.916919
vt 0.805851 0.970527
vt 0.898145 0.141760
vt 0.853608 0.456556
vt 0.938059 0.765608
vt 0.091100 0.975899
vt 0.010942 0.875759
vt 0.085312 0.951415
vt 0.908608 0.666606
vt 0.862404 0.765608
vt 0.140368 0.932312
vt 0.086760 0.875759
vt 0.216024 0.932312
vt 0.160968 0.951415
vt 0.908770 0.742262
vt 0.293070 0.877151
vt 0.236517 0.930759
vt 0.975354 0.010942
vt 0.116202 0.975898
vt 0.760871 0.218514
vt 0.913573 0.163514
vt 0.730195 0.819378
vt 0.786748 0.765770
vt 0.135516 0.951415
vt 0.785357 0.972080
vt 0.731749 0.915527
vt 0.387828 0.930759
vt 0.568305 0.806905
s 0
usemtl MAT_metal_dark_blued
f 2/1/1 9/2/1 3/3/1
f 9/4/2 1/5/2 3/6/2
f 233/7/3 228/8/3 234/9/3
f 228/10/4 232/11/4 234/12/4
f 5/13/5 12/14/5 11/15/5
f 12/16/6 4/17/6 10/18/6
f 263/19/7 270/20/7 269/21/7
f 264/22/8 268/23/8 270/20/8
f 14/24/9 9/25/9 8/26/9
f 15/27/10 7/28/10 9/4/10
f 224/29/11 231/30/11 225/31/11
f 231/32/12 223/33/12 225/34/12
f 17/35/13 12/36/13 18/37/13
f 12/16/14 16/38/14 18/39/14
f 20/40/15 15/41/15 14/42/15
f 15/27/16 19/43/16 13/44/16
f 17/45/17 24/46/17 23/47/17
f 18/39/18 22/48/18 24/49/18
f 266/50/19 261/51/19 260/52/19
f 261/51/20 265/53/20 259/54/20
f 20/55/21 27/56/21 21/57/21
f 27/58/22 19/43/22 21/59/22
f 23/60/23 30/61/23 29/62/23
f 24/49/24 28/63/24 30/64/24
f 32/65/25 27/66/25 26/67/25
f 27/58/26 31/68/26 25/69/26
f 221/70/27 228/10/27 227/71/27
f 222/72/28 226/73/28 228/10/28
f 29/74/29 36/75/29 35/76/29
f 30/64/30 34/77/30 36/78/30
f 32/79/31 39/80/31 33/81/31
f 33/82/32 37/83/32 31/68/32
f 35/84/33 42/85/33 41/86/33
f 42/87/34 34/77/34 40/88/34
f 257/89/35 264/90/35 263/91/35
f 258/92/36 262/93/36 264/22/36
f 44/94/37 39/95/37 38/96/37
f 45/97/38 37/83/38 39/98/38
f 224/99/39 219/100/39 218/101/39
f 225/34/40 217/102/40 219/100/40
f 41/103/41 48/104/41 47/105/41
f 48/106/42 40/88/42 46/107/42
f 44/108/43 51/109/43 45/110/43
f 51/111/44 43/112/44 45/97/44
f 53/113/45 48/114/45 54/115/45
f 48/106/46 52/116/46 54/117/46
f 254/118/47 261/119/47 255/120/47
f 261/51/48 253/121/48 255/122/48
f 50/123/49 57/124/49 51/125/49
f 51/111/50 55/126/50 49/127/50
f 53/128/51 60/129/51 59/130/51
f 60/131/52 52/116/52 58/132/52
f 56/133/53 63/134/53 57/135/53
f 57/136/54 61/137/54 55/126/54
f 221/70/55 216/138/55 222/72/55
f 222/72/56 214/139/56 220/140/56
f 65/141/57 60/142/57 66/143/57
f 60/131/58 64/144/58 66/145/58
f 68/146/59 63/147/59 62/148/59
f 69/149/60 61/137/60 63/150/60
f 71/151/61 66/152/61 72/153/61
f 66/145/62 70/154/62 72/155/62
f 251/156/63 258/157/63 257/158/63
f 252/159/64 256/160/64 258/92/64
f 68/161/65 75/162/65 69/163/65
f 75/164/66 67/165/66 69/149/66
f 218/101/67 213/166/67 212/167/67
f 213/166/68 217/102/68 211/168/68
f 77/169/69 72/170/69 78/171/69
f 78/172/70 70/154/70 76/173/70
f 80/174/71 75/175/71 74/176/71
f 75/164/72 79/177/72 73/178/72
f 83/179/73 78/180/73 84/181/73
f 84/182/74 76/173/74 82/183/74
f 254/184/75 249/185/75 248/186/75
f 249/187/76 253/121/76 247/188/76
f 80/189/77 87/190/77 81/191/77
f 87/192/78 79/177/78 81/193/78
f 89/194/79 84/195/79 90/196/79
f 90/197/80 82/183/80 88/198/80
f 86/199/81 93/200/81 87/201/81
f 87/192/82 91/202/82 85/203/82
f 209/204/83 216/138/83 215/205/83
f 216/138/84 208/206/84 214/139/84
f 89/207/85 96/208/85 95/209/85
f 96/210/86 88/198/86 94/211/86
f 98/212/87 93/213/87 92/214/87
f 93/215/88 97/216/88 91/202/88
f 101/217/89 96/218/89 102/219/89
f 102/220/90 94/211/90 100/221/90
f 251/222/91 246/223/91 252/224/91
f 252/159/92 244/225/92 250/226/92
f 104/227/93 99/228/93 98/229/93
f 105/230/94 97/216/94 99/231/94
f 212/167/95 207/232/95 206/233/95
f 207/232/96 211/168/96 205/234/96
f 101/235/97 108/236/97 107/237/97
f 108/238/98 100/221/98 106/239/98
f 110/240/99 105/241/99 104/242/99
f 111/243/100 103/244/100 105/230/100
f 113/245/101 108/246/101 114/247/101
f 108/238/102 112/248/102 114/249/102
f 248/250/103 243/251/103 242/252/103
f 249/187/104 241/253/104 243/254/104
f 116/255/105 111/256/105 110/257/105
f 111/243/106 115/258/106 109/259/106
f 119/260/107 114/261/107 120/262/107
f 120/263/108 112/248/108 118/264/108
f 122/265/109 117/266/109 116/267/109
f 123/268/110 115/258/110 117/269/110
f 209/204/111 204/270/111 210/271/111
f 204/270/112 208/206/112 210/271/112
f 119/272/113 126/273/113 125/274/113
f 120/263/114 124/275/114 126/276/114
f 128/277/115 123/278/115 122/279/115
f 123/268/116 127/280/116 121/281/116
f 131/282/117 126/283/117 132/284/117
f 126/276/118 130/285/118 132/286/118
f 239/287/119 246/288/119 245/289/119
f 240/290/120 244/225/120 246/291/120
f 128/292/121 135/293/121 129/294/121
f 135/295/122 127/280/122 129/296/122
f 200/297/123 207/232/123 201/298/123
f 201/298/124 205/234/124 199/299/124
f 131/300/125 138/301/125 137/302/125
f 138/303/126 130/285/126 136/304/126
f 140/305/127 135/306/127 134/307/127
f 141/308/128 133/309/128 135/295/128
f 143/310/129 138/311/129 144/312/129
f 144/313/130 136/304/130 142/314/130
f 236/315/131 243/316/131 237/317/131
f 237/318/132 241/253/132 235/319/132
f 146/320/133 141/321/133 140/322/133
f 147/323/134 139/324/134 141/308/134
f 143/325/135 150/326/135 149/327/135
f 144/313/136 148/328/136 150/329/136
f 146/330/137 153/331/137 147/332/137
f 147/323/138 151/333/138 145/334/138
f 155/335/139 150/336/139 156/337/139
f 156/338/140 148/328/140 154/339/140
f 152/340/141 159/341/141 153/342/141
f 153/343/142 157/344/142 151/333/142
f 197/345/143 204/270/143 203/346/143
f 198/347/144 202/348/144 204/270/144
f 161/349/145 156/350/145 162/351/145
f 162/352/146 154/339/146 160/353/146
f 233/354/147 240/355/147 239/356/147
f 234/12/148 238/357/148 240/290/148
f 164/358/149 159/359/149 158/360/149
f 165/361/150 157/344/150 159/362/150
f 161/363/151 168/364/151 167/365/151
f 168/366/152 160/353/152 166/367/152
f 164/368/153 171/369/153 165/370/153
f 171/371/154 163/372/154 165/361/154
f 173/373/155 168/374/155 174/375/155
f 174/376/156 166/367/156 172/377/156
f 229/378/157 237/379/157 231/380/157
f 231/32/158 235/319/158 230/381/158
f 170/382/159 177/383/159 171/384/159
f 177/385/160 169/386/160 171/371/160
f 194/387/161 201/298/161 195/388/161
f 201/298/162 193/389/162 195/388/162
f 179/390/163 174/391/163 180/392/163
f 180/393/164 172/377/164 178/394/164
f 176/395/165 183/396/165 177/397/165
f 183/398/166 175/399/166 177/385/166
f 179/400/167 186/401/167 185/402/167
f 186/403/168 178/394/168 184/404/168
f 182/405/169 189/406/169 183/407/169
f 183/398/170 187/408/170 181/409/170
f 185/410/171 192/411/171 191/412/171
f 192/413/172 184/404/172 190/414/172
f 188/415/173 3/416/173 189/417/173
f 189/418/174 1/5/174 187/408/174
f 5/419/175 192/420/175 6/421/175
f 6/422/176 190/414/176 4/17/176
f 266/50/177 273/423/177 267/424/177
f 267/424/178 271/425/178 265/53/178
f 269/21/179 276/426/179 275/427/179
f 276/426/180 268/23/180 274/428/180
f 272/429/181 279/430/181 273/423/181
f 279/430/182 271/425/182 273/423/182
f 281/431/183 276/426/183 282/432/183
f 276/426/184 280/433/184 282/432/184
f 284/434/185 279/430/185 278/435/185
f 285/436/186 277/437/186 279/430/186
f 287/438/187 282/432/187 288/439/187
f 288/439/188 280/433/188 286/440/188
f 290/441/189 285/436/189 284/434/189
f 285/436/190 289/442/190 283/443/190
f 293/444/191 288/439/191 294/445/191
f 288/439/192 292/446/192 294/445/192
f 290/441/193 297/447/193 291/448/193
f 291/448/194 295/449/194 289/442/194
f 293/444/195 300/450/195 299/451/195
f 294/445/196 298/452/196 300/450/196
f 302/453/197 297/447/197 296/454/197
f 297/447/198 301/455/198 295/449/198
f 299/451/199 306/456/199 305/457/199
f 300/450/200 304/458/200 306/456/200
f 302/453/201 309/459/201 303/460/201
f 303/460/202 307/461/202 301/455/202
f 311/462/203 306/456/203 312/463/203
f 312/463/204 304/458/204 310/464/204
f 314/465/205 309/459/205 308/466/205
f 309/459/206 313/467/206 307/461/206
f 317/468/207 312/463/207 318/469/207
f 318/469/208 310/464/208 316/470/208
f 320/471/209 315/472/209 314/465/209
f 321/473/210 313/467/210 315/472/210
f 317/468/211 324/474/211 323/475/211
f 324/474/212 316/470/212 322/476/212
f 320/471/213 327/477/213 321/473/213
f 327/477/214 319/478/214 321/473/214
f 329/479/215 324/474/215 330/480/215
f 324/474/216 328/481/216 330/480/216
f 326/482/217 333/483/217 327/477/217
f 327/477/218 331/484/218 325/485/218
f 329/479/219 336/486/219 335/487/219
f 330/480/220 334/488/220 336/486/220
f 332/489/221 339/490/221 333/483/221
f 333/483/222 337/491/222 331/484/222
f 335/487/223 342/492/223 341/493/223
f 336/486/224 340/494/224 342/492/224
f 344/495/225 339/490/225 338/496/225
f 345/497/226 337/491/226 339/490/226
f 347/498/227 342/492/227 348/499/227
f 348/499/228 340/494/228 346/500/228
f 350/501/229 345/497/229 344/495/229
f 345/497/230 349/502/230 343/503/230
f 347/498/231 354/504/231 353/505/231
f 348/499/232 352/506/232 354/504/232
f 350/501/233 357/507/233 351/508/233
f 357/507/234 349/502/234 351/508/234
f 353/505/235 360/509/235 359/510/235
f 354/504/236 358/511/236 360/509/236
f 362/512/237 357/507/237 356/513/237
f 363/514/238 355/515/238 357/507/238
f 359/510/239 366/516/239 365/517/239
f 360/509/240 364/518/240 366/516/240
f 362/512/241 369/519/241 363/514/241
f 363/514/242 367/520/242 361/521/242
f 365/517/243 372/522/243 371/523/243
f 366/516/244 370/524/244 372/522/244
f 374/525/245 369/519/245 368/526/245
f 375/527/246 367/520/246 369/519/246
f 371/523/247 378/528/247 377/529/247
f 378/528/248 370/524/248 376/530/248
f 380/531/249 375/527/249 374/525/249
f 381/532/250 373/533/250 375/527/250
f 383/534/251 378/528/251 384/535/251
f 384/535/252 376/530/252 382/536/252
f 194/387/253 381/532/253 380/531/253
f 195/388/254 379/537/254 381/532/254
f 197/345/255 384/535/255 198/347/255
f 384/535/256 196/538/256 198/347/256
f 91/202/257 139/324/257 187/408/257
f 5/13/258 8/539/258 2/1/258
f 191/540/259 2/541/259 188/415/259
f 112/248/260 64/144/260 16/38/260
f 11/542/261 14/24/261 8/26/261
f 17/45/262 20/40/262 14/42/262
f 23/60/263 26/543/263 20/55/263
f 29/74/264 32/65/264 26/67/264
f 35/84/265 38/544/265 32/79/265
f 38/96/266 47/105/266 44/94/266
f 47/545/267 50/546/267 44/108/267
f 50/123/268 59/130/268 56/547/268
f 56/133/269 65/141/269 62/548/269
f 65/549/270 68/146/270 62/148/270
f 71/550/271 74/551/271 68/161/271
f 77/552/272 80/174/272 74/176/272
f 83/553/273 86/554/273 80/189/273
f 86/199/274 95/209/274 92/555/274
f 95/556/275 98/212/275 92/214/275
f 101/235/276 104/227/276 98/229/276
f 107/557/277 110/240/277 104/242/277
f 113/558/278 116/255/278 110/257/278
f 119/272/279 122/265/279 116/267/279
f 125/559/280 128/277/280 122/279/280
f 131/300/281 134/560/281 128/292/281
f 137/561/282 140/305/282 134/307/282
f 143/325/283 146/320/283 140/322/283
f 149/562/284 152/563/284 146/330/284
f 155/564/285 158/565/285 152/340/285
f 158/360/286 167/365/286 164/358/286
f 167/566/287 170/567/287 164/368/287
f 173/568/288 176/569/288 170/382/288
f 179/400/289 182/570/289 176/395/289
f 182/405/290 191/412/290 188/571/290
f 383/534/291 194/387/291 380/531/291
f 197/345/292 200/297/292 194/387/292
f 343/503/257 199/299/257 247/188/257
f 232/11/260 376/530/260 328/481/260
f 203/346/293 206/233/293 200/297/293
f 206/233/294 215/205/294 212/167/294
f 215/205/295 218/101/295 212/167/295
f 221/70/296 224/99/296 218/101/296
f 227/572/297 229/573/297 224/29/297
f 233/354/298 236/574/298 229/378/298
f 239/287/299 242/575/299 236/315/299
f 245/576/300 248/250/300 242/252/300
f 251/156/301 254/184/301 248/186/301
f 257/89/302 260/577/302 254/118/302
f 263/19/303 266/50/303 260/52/303
f 269/21/304 272/429/304 266/50/304
f 275/427/305 278/435/305 272/429/305
f 281/431/306 284/434/306 278/435/306
f 287/438/307 290/441/307 284/434/307
f 293/444/308 296/454/308 290/441/308
f 299/451/309 302/453/309 296/454/309
f 305/457/310 308/466/310 302/453/310
f 311/462/311 314/465/311 308/466/311
f 317/468/312 320/471/312 314/465/312
f 323/475/313 326/482/313 320/471/313
f 329/479/314 332/489/314 326/482/314
f 335/487/315 338/496/315 332/489/315
f 341/493/316 344/495/316 338/496/316
f 347/498/317 350/501/317 344/495/317
f 353/505/318 356/513/318 350/501/318
f 359/510/319 362/512/319 356/513/319
f 365/517/320 368/526/320 362/512/320
f 368/526/321 377/529/321 374/525/321
f 377/529/322 380/531/322 374/525/322
f 2/1/1 8/539/1 9/2/1
f 9/4/323 7/28/323 1/5/323
f 233/7/3 227/572/3 228/8/3
f 228/10/4 226/73/4 232/11/4
f 5/13/5 6/578/5 12/14/5
f 12/16/6 6/422/6 4/17/6
f 263/19/7 264/22/7 270/20/7
f 264/22/8 262/93/8 268/23/8
f 14/24/9 15/579/9 9/25/9
f 15/27/10 13/44/10 7/28/10
f 224/29/11 229/573/11 231/30/11
f 231/32/12 230/381/12 223/33/12
f 17/35/13 11/542/13 12/36/13
f 12/16/14 10/18/14 16/38/14
f 20/40/15 21/580/15 15/41/15
f 15/27/16 21/59/16 19/43/16
f 17/45/17 18/581/17 24/46/17
f 18/39/324 16/38/324 22/48/324
f 266/50/19 267/424/19 261/51/19
f 261/51/20 267/424/20 265/53/20
f 20/55/21 26/543/21 27/56/21
f 27/58/325 25/69/325 19/43/325
f 23/60/23 24/582/23 30/61/23
f 24/49/326 22/48/326 28/63/326
f 32/65/25 33/583/25 27/66/25
f 27/58/327 33/82/327 31/68/327
f 221/70/27 222/72/27 228/10/27
f 222/72/28 220/140/28 226/73/28
f 29/74/29 30/584/29 36/75/29
f 30/64/30 28/63/30 34/77/30
f 32/79/31 38/544/31 39/80/31
f 33/82/32 39/98/32 37/83/32
f 35/84/33 36/585/33 42/85/33
f 42/87/34 36/78/34 34/77/34
f 257/89/35 258/586/35 264/90/35
f 258/92/36 256/160/36 262/93/36
f 44/94/37 45/587/37 39/95/37
f 45/97/38 43/112/38 37/83/38
f 224/99/39 225/34/39 219/100/39
f 225/34/40 223/33/40 217/102/40
f 41/103/41 42/588/41 48/104/41
f 48/106/42 42/87/42 40/88/42
f 44/108/328 50/546/328 51/109/328
f 51/111/329 49/127/329 43/112/329
f 53/113/45 47/545/45 48/114/45
f 48/106/46 46/107/46 52/116/46
f 254/118/47 260/577/47 261/119/47
f 261/51/48 259/54/48 253/121/48
f 50/123/330 56/547/330 57/124/330
f 51/111/331 57/136/331 55/126/331
f 53/128/51 54/589/51 60/129/51
f 60/131/52 54/117/52 52/116/52
f 56/133/53 62/548/53 63/134/53
f 57/136/54 63/150/54 61/137/54
f 221/70/55 215/205/55 216/138/55
f 222/72/56 216/138/56 214/139/56
f 65/141/57 59/590/57 60/142/57
f 60/131/58 58/132/58 64/144/58
f 68/146/59 69/591/59 63/147/59
f 69/149/60 67/165/60 61/137/60
f 71/151/61 65/549/61 66/152/61
f 66/145/62 64/144/62 70/154/62
f 251/156/63 252/592/63 258/157/63
f 252/159/64 250/226/64 256/160/64
f 68/161/65 74/551/65 75/162/65
f 75/164/332 73/178/332 67/165/332
f 218/101/67 219/100/67 213/166/67
f 213/166/68 219/100/68 217/102/68
f 77/169/69 71/550/69 72/170/69
f 78/172/70 72/155/70 70/154/70
f 80/174/71 81/593/71 75/175/71
f 75/164/333 81/193/333 79/177/333
f 83/179/73 77/552/73 78/180/73
f 84/182/334 78/172/334 76/173/334
f 254/184/75 255/594/75 249/185/75
f 249/187/76 255/122/76 253/121/76
f 80/189/77 86/554/77 87/190/77
f 87/192/78 85/203/78 79/177/78
f 89/194/79 83/553/79 84/195/79
f 90/197/335 84/182/335 82/183/335
f 86/199/81 92/555/81 93/200/81
f 87/192/82 93/215/82 91/202/82
f 209/204/83 210/271/83 216/138/83
f 216/138/84 210/271/84 208/206/84
f 89/207/85 90/595/85 96/208/85
f 96/210/86 90/197/86 88/198/86
f 98/212/87 99/596/87 93/213/87
f 93/215/336 99/231/336 97/216/336
f 101/217/89 95/556/89 96/218/89
f 102/220/337 96/210/337 94/211/337
f 251/222/91 245/576/91 246/223/91
f 252/159/92 246/291/92 244/225/92
f 104/227/93 105/597/93 99/228/93
f 105/230/338 103/244/338 97/216/338
f 212/167/95 213/166/95 207/232/95
f 207/232/96 213/166/96 211/168/96
f 101/235/97 102/598/97 108/236/97
f 108/238/98 102/220/98 100/221/98
f 110/240/99 111/599/99 105/241/99
f 111/243/100 109/259/100 103/244/100
f 113/245/101 107/557/101 108/246/101
f 108/238/102 106/239/102 112/248/102
f 248/250/103 249/600/103 243/251/103
f 249/187/104 247/188/104 241/253/104
f 116/255/105 117/601/105 111/256/105
f 111/243/106 117/269/106 115/258/106
f 119/260/107 113/558/107 114/261/107
f 120/263/339 114/249/339 112/248/339
f 122/265/109 123/602/109 117/266/109
f 123/268/340 121/281/340 115/258/340
f 209/204/111 203/346/111 204/270/111
f 204/270/112 202/348/112 208/206/112
f 119/272/113 120/603/113 126/273/113
f 120/263/114 118/264/114 124/275/114
f 128/277/115 129/604/115 123/278/115
f 123/268/341 129/296/341 127/280/341
f 131/282/117 125/559/117 126/283/117
f 126/276/118 124/275/118 130/285/118
f 239/287/119 240/605/119 246/288/119
f 240/290/120 238/357/120 244/225/120
f 128/292/121 134/560/121 135/293/121
f 135/295/122 133/309/122 127/280/122
f 200/297/123 206/233/123 207/232/123
f 201/298/124 207/232/124 205/234/124
f 131/300/125 132/606/125 138/301/125
f 138/303/126 132/286/126 130/285/126
f 140/305/127 141/607/127 135/306/127
f 141/308/128 139/324/128 133/309/128
f 143/310/129 137/561/129 138/311/129
f 144/313/130 138/303/130 136/304/130
f 236/315/131 242/575/131 243/316/131
f 237/318/132 243/254/132 241/253/132
f 146/320/342 147/608/342 141/321/342
f 147/323/343 145/334/343 139/324/343
f 143/325/135 144/609/135 150/326/135
f 144/313/136 142/314/136 148/328/136
f 146/330/344 152/563/344 153/331/344
f 147/323/345 153/343/345 151/333/345
f 155/335/139 149/562/139 150/336/139
f 156/338/140 150/329/140 148/328/140
f 152/340/141 158/565/141 159/341/141
f 153/343/142 159/362/142 157/344/142
f 197/345/143 198/347/143 204/270/143
f 198/347/346 196/538/346 202/348/346
f 161/349/145 155/564/145 156/350/145
f 162/352/146 156/338/146 154/339/146
f 233/354/147 234/610/147 240/355/147
f 234/12/148 232/11/148 238/357/148
f 164/358/149 165/611/149 159/359/149
f 165/361/150 163/372/150 157/344/150
f 161/363/151 162/612/151 168/364/151
f 168/366/152 162/352/152 160/353/152
f 164/368/153 170/567/153 171/369/153
f 171/371/347 169/386/347 163/372/347
f 173/373/155 167/566/155 168/374/155
f 174/376/348 168/366/348 166/367/348
f 229/378/157 236/574/157 237/379/157
f 231/32/158 237/318/158 235/319/158
f 170/382/159 176/569/159 177/383/159
f 177/385/349 175/399/349 169/386/349
f 194/387/161 200/297/161 201/298/161
f 201/298/350 199/299/350 193/389/350
f 179/390/163 173/568/163 174/391/163
f 180/393/164 174/376/164 172/377/164
f 176/395/165 182/570/165 183/396/165
f 183/398/166 181/409/166 175/399/166
f 179/400/167 180/613/167 186/401/167
f 186/403/351 180/393/351 178/394/351
f 182/405/169 188/571/169 189/406/169
f 183/398/170 189/418/170 187/408/170
f 185/410/171 186/614/171 192/411/171
f 192/413/172 186/403/172 184/404/172
f 188/415/173 2/541/173 3/416/173
f 189/418/352 3/6/352 1/5/352
f 5/419/175 191/540/175 192/420/175
f 6/422/176 192/413/176 190/414/176
f 266/50/177 272/429/177 273/423/177
f 267/424/178 273/423/178 271/425/178
f 269/21/179 270/20/179 276/426/179
f 276/426/180 270/20/180 268/23/180
f 272/429/181 278/435/181 279/430/181
f 279/430/182 277/437/182 271/425/182
f 281/431/183 275/427/183 276/426/183
f 276/426/184 274/428/184 280/433/184
f 284/434/185 285/436/185 279/430/185
f 285/436/186 283/443/186 277/437/186
f 287/438/187 281/431/187 282/432/187
f 288/439/188 282/432/188 280/433/188
f 290/441/189 291/448/189 285/436/189
f 285/436/353 291/448/353 289/442/353
f 293/444/191 287/438/191 288/439/191
f 288/439/354 286/440/354 292/446/354
f 290/441/193 296/454/193 297/447/193
f 291/448/355 297/447/355 295/449/355
f 293/444/195 294/445/195 300/450/195
f 294/445/356 292/446/356 298/452/356
f 302/453/197 303/460/197 297/447/197
f 297/447/198 303/460/198 301/455/198
f 299/451/199 300/450/199 306/456/199
f 300/450/200 298/452/200 304/458/200
f 302/453/201 308/466/201 309/459/201
f 303/460/202 309/459/202 307/461/202
f 311/462/203 305/457/203 306/456/203
f 312/463/204 306/456/204 304/458/204
f 314/465/205 315/472/205 309/459/205
f 309/459/206 315/472/206 313/467/206
f 317/468/207 311/462/207 312/463/207
f 318/469/208 312/463/208 310/464/208
f 320/471/209 321/473/209 315/472/209
f 321/473/210 319/478/210 313/467/210
f 317/468/211 318/469/211 324/474/211
f 324/474/212 318/469/212 316/470/212
f 320/471/213 326/482/213 327/477/213
f 327/477/214 325/485/214 319/478/214
f 329/479/215 323/475/215 324/474/215
f 324/474/216 322/476/216 328/481/216
f 326/482/217 332/489/217 333/483/217
f 327/477/218 333/483/218 331/484/218
f 329/479/219 330/480/219 336/486/219
f 330/480/220 328/481/220 334/488/220
f 332/489/221 338/496/221 339/490/221
f 333/483/222 339/490/222 337/491/222
f 335/487/223 336/486/223 342/492/223
f 336/486/224 334/488/224 340/494/224
f 344/495/225 345/497/225 339/490/225
f 345/497/226 343/503/226 337/491/226
f 347/498/227 341/493/227 342/492/227
f 348/499/228 342/492/228 340/494/228
f 350/501/229 351/508/229 345/497/229
f 345/497/230 351/508/230 349/502/230
f 347/498/231 348/499/231 354/504/231
f 348/499/232 346/500/232 352/506/232
f 350/501/233 356/513/233 357/507/233
f 357/507/234 355/515/234 349/502/234
f 353/505/235 354/504/235 360/509/235
f 354/504/236 352/506/236 358/511/236
f 362/512/237 363/514/237 357/507/237
f 363/514/238 361/521/238 355/515/238
f 359/510/239 360/509/239 366/516/239
f 360/509/240 358/511/240 364/518/240
f 362/512/241 368/526/241 369/519/241
f 363/514/242 369/519/242 367/520/242
f 365/517/243 366/516/243 372/522/243
f 366/516/244 364/518/244 370/524/244
f 374/525/245 375/527/245 369/519/245
f 375/527/246 373/533/246 367/520/246
f 371/523/247 372/522/247 378/528/247
f 378/528/248 372/522/248 370/524/248
f 380/531/249 381/532/249 375/527/249
f 381/532/250 379/537/250 373/533/250
f 383/534/251 377/529/251 378/528/251
f 384/535/252 378/528/252 376/530/252
f 194/387/253 195/388/253 381/532/253
f 195/388/357 193/389/357 379/537/357
f 197/345/255 383/534/255 384/535/255
f 384/535/358 382/536/358 196/538/358
f 187/408/257 1/5/257 7/28/257
f 7/28/359 13/44/359 19/43/359
f 19/43/359 25/69/359 31/68/359
f 31/68/257 37/83/257 43/112/257
f 43/112/257 49/127/257 55/126/257
f 55/126/257 61/137/257 67/165/257
f 67/165/360 73/178/360 79/177/360
f 79/177/360 85/203/360 91/202/360
f 91/202/257 97/216/257 103/244/257
f 103/244/360 109/259/360 115/258/360
f 115/258/360 121/281/360 127/280/360
f 127/280/257 133/309/257 139/324/257
f 139/324/257 145/334/257 151/333/257
f 151/333/257 157/344/257 163/372/257
f 163/372/359 169/386/359 175/399/359
f 175/399/359 181/409/359 187/408/359
f 187/408/257 7/28/257 19/43/257
f 19/43/257 31/68/257 43/112/257
f 43/112/257 55/126/257 67/165/257
f 67/165/257 79/177/257 91/202/257
f 91/202/257 103/244/257 115/258/257
f 115/258/257 127/280/257 139/324/257
f 139/324/257 151/333/257 163/372/257
f 163/372/257 175/399/257 187/408/257
f 187/408/257 19/43/257 43/112/257
f 43/112/257 67/165/257 91/202/257
f 91/202/257 115/258/257 139/324/257
f 139/324/257 163/372/257 187/408/257
f 187/408/257 43/112/257 91/202/257
f 5/13/258 11/15/258 8/539/258
f 191/540/259 5/419/259 2/541/259
f 16/38/260 10/18/260 4/17/260
f 4/17/260 190/414/260 184/404/260
f 184/404/260 178/394/260 172/377/260
f 172/377/260 166/367/260 160/353/260
f 160/353/260 154/339/260 148/328/260
f 148/328/260 142/314/260 136/304/260
f 136/304/260 130/285/260 124/275/260
f 124/275/260 118/264/260 112/248/260
f 112/248/361 106/239/361 100/221/361
f 100/221/362 94/211/362 88/198/362
f 88/198/363 82/183/363 76/173/363
f 76/173/260 70/154/260 64/144/260
f 64/144/260 58/132/260 52/116/260
f 52/116/260 46/107/260 40/88/260
f 40/88/363 34/77/363 28/63/363
f 28/63/362 22/48/362 16/38/362
f 16/38/260 4/17/260 184/404/260
f 184/404/260 172/377/260 160/353/260
f 160/353/260 148/328/260 136/304/260
f 136/304/260 124/275/260 112/248/260
f 112/248/260 100/221/260 88/198/260
f 88/198/260 76/173/260 64/144/260
f 64/144/260 52/116/260 40/88/260
f 40/88/260 28/63/260 16/38/260
f 16/38/260 184/404/260 160/353/260
f 160/353/260 136/304/260 112/248/260
f 112/248/260 88/198/260 64/144/260
f 64/144/260 40/88/260 16/38/260
f 16/38/260 160/353/260 112/248/260
f 11/542/261 17/35/261 14/24/261
f 17/45/262 23/47/262 20/40/262
f 23/60/263 29/62/263 26/543/263
f 29/74/264 35/76/264 32/65/264
f 35/84/265 41/86/265 38/544/265
f 38/96/266 41/103/266 47/105/266
f 47/545/267 53/113/267 50/546/267
f 50/123/268 53/128/268 59/130/268
f 56/133/269 59/590/269 65/141/269
f 65/549/270 71/151/270 68/146/270
f 71/550/271 77/169/271 74/551/271
f 77/552/272 83/179/272 80/174/272
f 83/553/273 89/194/273 86/554/273
f 86/199/274 89/207/274 95/209/274
f 95/556/275 101/217/275 98/212/275
f 101/235/276 107/237/276 104/227/276
f 107/557/277 113/245/277 110/240/277
f 113/558/278 119/260/278 116/255/278
f 119/272/279 125/274/279 122/265/279
f 125/559/280 131/282/280 128/277/280
f 131/300/281 137/302/281 134/560/281
f 137/561/282 143/310/282 140/305/282
f 143/325/283 149/327/283 146/320/283
f 149/562/284 155/335/284 152/563/284
f 155/564/285 161/349/285 158/565/285
f 158/360/286 161/363/286 167/365/286
f 167/566/287 173/373/287 170/567/287
f 173/568/288 179/390/288 176/569/288
f 179/400/289 185/402/289 182/570/289
f 182/405/290 185/410/290 191/412/290
f 383/534/291 197/345/291 194/387/291
f 197/345/292 203/346/292 200/297/292
f 247/188/257 253/121/257 259/54/257
f 259/54/257 265/53/257 271/425/257
f 271/425/257 277/437/257 283/443/257
f 283/443/257 289/442/257 295/449/257
f 295/449/360 301/455/360 307/461/360
f 307/461/257 313/467/257 319/478/257
f 319/478/257 325/485/257 331/484/257
f 331/484/257 337/491/257 343/503/257
f 343/503/257 349/502/257 355/515/257
f 355/515/257 361/521/257 367/520/257
f 367/520/359 373/533/359 379/537/359
f 379/537/257 193/389/257 199/299/257
f 199/299/257 205/234/257 211/168/257
f 211/168/257 217/102/257 223/33/257
f 223/33/257 230/381/257 235/319/257
f 235/319/257 241/253/257 247/188/257
f 247/188/257 259/54/257 271/425/257
f 271/425/257 283/443/257 295/449/257
f 295/449/257 307/461/257 319/478/257
f 319/478/257 331/484/257 343/503/257
f 343/503/257 355/515/257 367/520/257
f 367/520/257 379/537/257 199/299/257
f 199/299/257 211/168/257 223/33/257
f 223/33/257 235/319/257 247/188/257
f 247/188/257 271/425/257 295/449/257
f 295/449/257 319/478/257 343/503/257
f 343/503/257 367/520/257 199/299/257
f 199/299/257 223/33/257 247/188/257
f 247/188/257 295/449/257 343/503/257
f 328/481/260 322/476/260 316/470/260
f 316/470/362 310/464/362 304/458/362
f 304/458/260 298/452/260 292/446/260
f 292/446/260 286/440/260 280/433/260
f 280/433/363 274/428/363 268/23/363
f 268/23/260 262/93/260 256/160/260
f 256/160/260 250/226/260 244/225/260
f 244/225/260 238/357/260 232/11/260
f 232/11/260 226/73/260 220/140/260
f 220/140/363 214/139/363 208/206/363
f 208/206/260 202/348/260 196/538/260
f 196/538/260 382/536/260 376/530/260
f 376/530/363 370/524/363 364/518/363
f 364/518/260 358/511/260 352/506/260
f 352/506/260 346/500/260 340/494/260
f 340/494/260 334/488/260 328/481/260
f 328/481/260 316/470/260 304/458/260
f 304/458/260 292/446/260 280/433/260
f 280/433/260 268/23/260 256/160/260
f 256/160/260 244/225/260 232/11/260
f 232/11/260 220/140/260 208/206/260
f 208/206/260 196/538/260 376/530/260
f 376/530/260 364/518/260 352/506/260
f 352/506/260 340/494/260 328/481/260
f 328/481/260 304/458/260 280/433/260
f 280/433/260 256/160/260 232/11/260
f 232/11/260 208/206/260 376/530/260
f 376/530/260 352/506/260 328/481/260
f 328/481/260 280/433/260 232/11/260
f 203/346/293 209/204/293 206/233/293
f 206/233/294 209/204/294 215/205/294
f 215/205/295 221/70/295 218/101/295
f 221/70/296 227/71/296 224/99/296
f 227/572/297 233/7/297 229/573/297
f 233/354/298 239/356/298 236/574/298
f 239/287/299 245/289/299 242/575/299
f 245/576/300 251/222/300 248/250/300
f 251/156/301 257/158/301 254/184/301
f 257/89/302 263/91/302 260/577/302
f 263/19/303 269/21/303 266/50/303
f 269/21/304 275/427/304 272/429/304
f 275/427/305 281/431/305 278/435/305
f 281/431/306 287/438/306 284/434/306
f 287/438/307 293/444/307 290/441/307
f 293/444/308 299/451/308 296/454/308
f 299/451/309 305/457/309 302/453/309
f 305/457/310 311/462/310 308/466/310
f 311/462/311 317/468/311 314/465/311
f 317/468/312 323/475/312 320/471/312
f 323/475/313 329/479/313 326/482/313
f 329/479/314 335/487/314 332/489/314
f 335/487/315 341/493/315 338/496/315
f 341/493/316 347/498/316 344/495/316
f 347/498/317 353/505/317 350/501/317
f 353/505/318 359/510/318 356/513/318
f 359/510/319 365/517/319 362/512/319
f 365/517/320 371/523/320 368/526/320
f 368/526/321 371/523/321 377/529/321
f 377/529/322 383/534/322 380/531/322
o AK_cap_front_sight_001
v 0.401500 0.073500 0.001500
v 0.401500 0.074000 0.002000
v 0.401000 0.074000 0.001500
v 0.401500 0.076000 0.002000
v 0.401500 0.076500 0.001500
v 0.401000 0.076000 0.001500
v 0.401500 0.073500 -0.001500
v 0.401000 0.074000 -0.001500
v 0.401500 0.074000 -0.002000
v 0.401500 0.076500 -0.001500
v 0.401500 0.076000 -0.002000
v 0.401000 0.076000 -0.001500
v 0.408500 0.073500 0.001500
v 0.409000 0.074000 0.001500
v 0.408500 0.074000 0.002000
v 0.408500 0.076500 0.001500
v 0.408500 0.076000 0.002000
v 0.409000 0.076000 0.001500
v 0.408500 0.073500 -0.001500
v 0.408500 0.074000 -0.002000
v 0.409000 0.074000 -0.001500
v 0.408500 0.076500 -0.001500
v 0.409000 0.076000 -0.001500
v 0.408500 0.076000 -0.002000
vn -0.5774 -0.5774 0.5774
vn -0.5774 0.5774 0.5774
vn -0.5774 -0.5774 -0.5774
vn -0.5774 0.5774 -0.5774
vn 0.5774 -0.5774 0.5774
vn 0.5774 0.5774 0.5774
vn 0.5774 -0.5774 -0.5774
vn 0.5774 0.5774 -0.5774
vn -0.7071 -0.7071 -0.0000
vn -0.7071 -0.0000 0.7071
vn -0.7071 0.7071 -0.0000
vn -0.7071 -0.0000 -0.7071
vn -0.0000 -0.7071 -0.7071
vn -0.0000 0.7071 -0.7071
vn 0.7071 -0.0000 -0.7071
vn 0.7071 -0.7071 -0.0000
vn 0.7071 0.7071 -0.0000
vn 0.7071 -0.0000 0.7071
vn -0.0000 -0.7071 0.7071
vn -0.0000 0.7071 0.7071
vn -0.0000 -1.0000 -0.0000
vn -1.0000 -0.0000 -0.0000
vn -0.0000 -0.0000 1.0000
vn -0.0000 1.0000 -0.0000
vn -0.0000 -0.0000 -1.0000
vn 1.0000 -0.0000 -0.0000
vt 0.577073 0.746089
vt 0.577073 0.751142
vt 0.572020 0.746089
vt 0.465289 0.807302
vt 0.465288 0.802249
vt 0.470341 0.802249
vt 0.577073 0.715774
vt 0.572020 0.715774
vt 0.577073 0.710721
vt 0.465288 0.771934
vt 0.465289 0.766881
vt 0.470341 0.771934
vt 0.647809 0.746089
vt 0.652862 0.746089
vt 0.647809 0.751142
vt 0.394552 0.802249
vt 0.394552 0.807302
vt 0.389500 0.802249
vt 0.647809 0.715774
vt 0.647809 0.710721
vt 0.652862 0.715774
vt 0.394552 0.771934
vt 0.389500 0.771934
vt 0.394552 0.766881
vt 0.766613 0.840859
vt 0.761560 0.820649
vt 0.766613 0.820649
vt 0.774169 0.614464
vt 0.753959 0.619516
vt 0.753959 0.614464
vt 0.523204 0.592498
vt 0.528256 0.612709
vt 0.523204 0.612709
vt 0.487835 0.592498
vt 0.492888 0.612709
vt 0.487835 0.612709
vt 0.753959 0.698704
vt 0.774169 0.668388
vt 0.774169 0.698704
vt 0.837349 0.840859
vt 0.837349 0.820649
vt 0.774169 0.543727
vt 0.492888 0.592498
vt 0.761560 0.840859
vt 0.774169 0.619516
vt 0.528256 0.592498
vt 0.753959 0.668388
vt 0.753959 0.543727
s 0
usemtl MAT_detail_dark_metal
f 385/615/364 386/616/364 387/617/364
f 388/618/365 389/619/365 390/620/365
f 391/621/366 392/622/366 393/623/366
f 394/624/367 395/625/367 396/626/367
f 397/627/368 398/628/368 399/629/368
f 400/630/369 401/631/369 402/632/369
f 403/633/370 404/634/370 405/635/370
f 406/636/371 407/637/371 408/638/371
f 385/615/372 392/622/372 391/621/372
f 388/639/373 387/640/373 386/641/373
f 394/624/374 390/620/374 389/619/374
f 393/642/375 396/643/375 395/644/375
f 391/621/376 404/634/376 403/633/376
f 406/636/377 395/625/377 394/624/377
f 405/645/378 408/646/378 407/647/378
f 403/633/379 398/628/379 397/627/379
f 400/630/380 407/637/380 406/636/380
f 399/648/381 402/649/381 401/650/381
f 397/627/382 386/616/382 385/615/382
f 389/619/383 401/631/383 400/630/383
f 403/633/384 385/615/384 391/621/384
f 390/651/385 392/652/385 387/653/385
f 401/654/386 386/641/386 399/655/386
f 394/624/387 400/630/387 406/636/387
f 395/644/388 404/656/388 393/642/388
f 407/647/389 398/657/389 405/645/389
f 385/615/372 387/617/372 392/622/372
f 388/639/373 390/658/373 387/640/373
f 394/624/374 396/626/374 390/620/374
f 393/642/375 392/659/375 396/643/375
f 391/621/376 393/623/376 404/634/376
f 406/636/377 408/638/377 395/625/377
f 405/645/378 404/660/378 408/646/378
f 403/633/379 405/635/379 398/628/379
f 400/630/380 402/632/380 407/637/380
f 399/648/381 398/657/381 402/649/381
f 397/627/382 399/629/382 386/616/382
f 389/619/383 388/618/383 401/631/383
f 403/633/384 397/627/384 385/615/384
f 390/651/385 396/661/385 392/652/385
f 401/654/386 388/639/386 386/641/386
f 394/624/387 389/619/387 400/630/387
f 395/644/388 408/662/388 404/656/388
f 407/647/389 402/649/389 398/657/389
o AK_contour_handguard_lower_001
v 0.075400 0.004000 -0.020500
v 0.075400 0.004400 -0.020100
v 0.075000 0.004400 -0.020500
v 0.075400 0.005600 -0.020100
v 0.075400 0.006000 -0.020500
v 0.075000 0.005600 -0.020500
v 0.075400 0.004000 -0.020500
v 0.075000 0.004400 -0.020500
v 0.075400 0.004400 -0.020900
v 0.075400 0.006000 -0.020500
v 0.075400 0.005600 -0.020900
v 0.075000 0.005600 -0.020500
v 0.194600 0.004000 -0.020500
v 0.195000 0.004400 -0.020500
v 0.194600 0.004400 -0.020100
v 0.194600 0.006000 -0.020500
v 0.194600 0.005600 -0.020100
v 0.195000 0.005600 -0.020500
v 0.194600 0.004000 -0.020500
v 0.194600 0.004400 -0.020900
v 0.195000 0.004400 -0.020500
v 0.194600 0.006000 -0.020500
v 0.195000 0.005600 -0.020500
v 0.194600 0.005600 -0.020900
vn -0.5773 -0.5773 0.5774
vn -0.5773 0.5773 0.5774
vn -0.5773 -0.5773 -0.5774
vn -0.5773 0.5773 -0.5774
vn 0.5773 -0.5773 0.5774
vn 0.5773 0.5773 0.5774
vn 0.5773 -0.5773 -0.5774
vn 0.5773 0.5773 -0.5774
vn -0.7071 -0.7071 -0.0000
vn -0.7071 -0.0000 0.7071
vn -0.7071 0.7071 -0.0000
vn -0.7071 -0.0000 -0.7071
vn -0.0000 -0.7071 -0.7071
vn -0.0000 0.7071 -0.7071
vn 0.7071 -0.0000 -0.7071
vn 0.7071 -0.7071 -0.0000
vn 0.7071 0.7071 -0.0000
vn 0.7071 -0.0000 0.7071
vn -0.0000 -0.7071 0.7071
vn -0.0000 0.7071 0.7071
vn -0.0000 -1.0000 -0.0000
vn -1.0000 -0.0000 -0.0000
vn -0.0000 -0.0000 1.0000
vn -0.0000 1.0000 -0.0000
vn -0.0000 -0.0000 -1.0000
vn 1.0000 -0.0000 -0.0000
vt 0.942367 0.007505
vt 0.941518 0.007505
vt 0.942367 0.006656
vt 0.947030 0.665605
vt 0.947879 0.665605
vt 0.947879 0.666454
vt 0.942367 0.007505
vt 0.942367 0.006656
vt 0.943215 0.007505
vt 0.948727 0.665605
vt 0.947879 0.666454
vt 0.942367 0.260405
vt 0.942367 0.261254
vt 0.941518 0.260405
vt 0.947879 0.412705
vt 0.947030 0.412705
vt 0.947879 0.411857
vt 0.943215 0.260405
vt 0.942367 0.261254
vt 0.947879 0.411857
vt 0.948727 0.412705
vt 0.581999 0.614878
vt 0.584545 0.614030
vt 0.584545 0.614878
vt 0.566989 0.867778
vt 0.564443 0.868627
vt 0.564443 0.867778
vt 0.900148 0.390618
vt 0.899299 0.388072
vt 0.900148 0.388072
vt 0.900997 0.390618
vt 0.900148 0.388072
vt 0.900997 0.388072
vt 0.917027 0.856576
vt 0.917027 0.854030
vt 0.917027 0.856576
vt 0.581999 0.867778
vt 0.584545 0.867778
vt 0.566989 0.614878
vt 0.900148 0.390618
vt 0.581999 0.614030
vt 0.566989 0.868627
vt 0.899299 0.390618
vt 0.564443 0.614878
s 0
usemtl MAT_wood_dark_reddish
f 409/663/390 410/664/390 411/665/390
f 412/666/391 413/667/391 414/668/391
f 415/669/392 416/670/392 417/671/392
f 418/667/393 419/672/393 420/673/393
f 421/674/394 422/675/394 423/676/394
f 424/677/395 425/678/395 426/679/395
f 427/674/396 428/680/396 429/681/396
f 430/677/397 431/682/397 432/683/397
f 415/669/398 411/665/398 416/670/398
f 412/684/399 411/685/399 410/686/399
f 413/667/400 420/673/400 414/668/400
f 417/687/401 420/688/401 419/689/401
f 415/669/402 428/680/402 427/674/402
f 430/677/403 419/672/403 418/667/403
f 429/690/404 432/691/404 431/692/404
f 421/674/405 429/681/405 422/675/405
f 430/677/406 426/679/406 431/682/406
f 423/693/407 426/694/407 425/695/407
f 421/674/408 410/664/408 409/663/408
f 413/667/409 425/678/409 424/677/409
f 427/674/410 409/663/410 415/669/410
f 411/696/411 420/697/411 416/698/411
f 425/699/412 410/686/412 423/700/412
f 418/667/413 424/677/413 430/677/413
f 419/689/414 428/701/414 417/687/414
f 429/690/415 426/694/415 422/702/415
f 415/669/398 409/663/398 411/665/398
f 412/684/399 414/703/399 411/685/399
f 413/667/400 418/667/400 420/673/400
f 417/687/401 416/704/401 420/688/401
f 415/669/402 417/671/402 428/680/402
f 430/677/403 432/683/403 419/672/403
f 429/690/404 428/705/404 432/691/404
f 421/674/405 427/674/405 429/681/405
f 430/677/406 424/677/406 426/679/406
f 423/693/407 422/702/407 426/694/407
f 421/674/408 423/676/408 410/664/408
f 413/667/409 412/666/409 425/678/409
f 427/674/410 421/674/410 409/663/410
f 411/696/411 414/697/411 420/697/411
f 425/699/412 412/684/412 410/686/412
f 418/667/413 413/667/413 424/677/413
f 419/689/414 432/706/414 428/701/414
f 429/690/415 431/692/415 426/694/415
o AK_contour_handguard_lower_002
v 0.075400 0.004000 0.020500
v 0.075400 0.004400 0.020900
v 0.075000 0.004400 0.020500
v 0.075400 0.005600 0.020900
v 0.075400 0.006000 0.020500
v 0.075000 0.005600 0.020500
v 0.075400 0.004000 0.020500
v 0.075000 0.004400 0.020500
v 0.075400 0.004400 0.020100
v 0.075400 0.006000 0.020500
v 0.075400 0.005600 0.020100
v 0.075000 0.005600 0.020500
v 0.194600 0.004000 0.020500
v 0.195000 0.004400 0.020500
v 0.194600 0.004400 0.020900
v 0.194600 0.006000 0.020500
v 0.194600 0.005600 0.020900
v 0.195000 0.005600 0.020500
v 0.194600 0.004000 0.020500
v 0.194600 0.004400 0.020100
v 0.195000 0.004400 0.020500
v 0.194600 0.006000 0.020500
v 0.195000 0.005600 0.020500
v 0.194600 0.005600 0.020100
vn -0.5773 -0.5773 0.5774
vn -0.5773 0.5773 0.5774
vn -0.5773 -0.5773 -0.5774
vn -0.5773 0.5773 -0.5774
vn 0.5773 -0.5773 0.5774
vn 0.5773 0.5773 0.5774
vn 0.5773 -0.5773 -0.5774
vn 0.5773 0.5773 -0.5774
vn -0.7071 -0.7071 -0.0000
vn -0.7071 -0.0000 0.7071
vn -0.7071 0.7071 -0.0000
vn -0.7071 -0.0000 -0.7071
vn -0.0000 -0.7071 -0.7071
vn -0.0000 0.7071 -0.7071
vn 0.7071 -0.0000 -0.7071
vn 0.7071 -0.7071 -0.0000
vn 0.7071 0.7071 -0.0000
vn 0.7071 -0.0000 0.7071
vn -0.0000 -0.7071 0.7071
vn -0.0000 0.7071 0.7071
vn -0.0000 -1.0000 -0.0000
vn -1.0000 -0.0000 -0.0000
vn -0.0000 -0.0000 1.0000
vn -0.0000 1.0000 -0.0000
vn -0.0000 -0.0000 -1.0000
vn 1.0000 -0.0000 -0.0000
vt 0.947879 0.680616
vt 0.947030 0.680615
vt 0.947879 0.679767
vt 0.956528 0.260405
vt 0.957377 0.260405
vt 0.957377 0.261254
vt 0.947879 0.680615
vt 0.947879 0.679767
vt 0.948727 0.680615
vt 0.958226 0.260405
vt 0.957377 0.261254
vt 0.947879 0.933515
vt 0.947879 0.934364
vt 0.947030 0.933515
vt 0.957377 0.007505
vt 0.956528 0.007505
vt 0.957377 0.006656
vt 0.948727 0.933515
vt 0.958226 0.007505
vt 0.924811 0.007505
vt 0.927357 0.006656
vt 0.927357 0.007505
vt 0.602101 0.867778
vt 0.599555 0.868627
vt 0.599555 0.867778
vt 0.917027 0.768796
vt 0.916178 0.766250
vt 0.917027 0.766250
vt 0.917875 0.768796
vt 0.917875 0.766250
vt 0.917027 0.874132
vt 0.917027 0.871586
vt 0.917027 0.874133
vt 0.924811 0.260405
vt 0.927357 0.260405
vt 0.602101 0.614878
vt 0.917027 0.768796
vt 0.924811 0.006656
vt 0.602101 0.868627
vt 0.916178 0.768796
vt 0.917027 0.871586
vt 0.599555 0.614878
s 0
usemtl MAT_wood_dark_reddish
f 433/707/416 434/708/416 435/709/416
f 436/710/417 437/711/417 438/712/417
f 439/713/418 440/714/418 441/715/418
f 442/711/419 443/716/419 444/717/419
f 445/718/420 446/719/420 447/720/420
f 448/721/421 449/722/421 450/723/421
f 451/718/422 452/724/422 453/719/422
f 454/721/423 455/723/423 456/725/423
f 439/713/424 435/709/424 440/714/424
f 436/726/425 435/727/425 434/728/425
f 437/711/426 444/717/426 438/712/426
f 441/729/427 444/730/427 443/731/427
f 439/713/428 452/724/428 451/718/428
f 454/721/429 443/716/429 442/711/429
f 453/732/430 456/733/430 455/734/430
f 445/718/431 453/719/431 446/719/431
f 454/721/432 450/723/432 455/723/432
f 447/735/433 450/734/433 449/736/433
f 445/718/434 434/708/434 433/707/434
f 437/711/435 449/722/435 448/721/435
f 451/718/436 433/707/436 439/713/436
f 435/737/437 444/738/437 440/739/437
f 449/740/438 434/728/438 447/741/438
f 442/711/439 448/721/439 454/721/439
f 443/731/440 452/742/440 441/729/440
f 453/732/441 450/734/441 446/743/441
f 439/713/424 433/707/424 435/709/424
f 436/726/425 438/744/425 435/727/425
f 437/711/426 442/711/426 444/717/426
f 441/729/427 440/745/427 444/730/427
f 439/713/428 441/715/428 452/724/428
f 454/721/429 456/725/429 443/716/429
f 453/732/430 452/746/430 456/733/430
f 445/718/431 451/718/431 453/719/431
f 454/721/432 448/721/432 450/723/432
f 447/735/433 446/743/433 450/734/433
f 445/718/434 447/720/434 434/708/434
f 437/711/435 436/710/435 449/722/435
f 451/718/436 445/718/436 433/707/436
f 435/737/437 438/747/437 444/738/437
f 449/740/438 436/726/438 434/728/438
f 442/711/439 437/711/439 448/721/439
f 443/731/440 456/748/440 452/742/440
f 453/732/441 455/734/441 450/734/441
o AK_contour_handguard_upper_001
v 0.070400 0.049000 -0.015500
v 0.070400 0.049400 -0.015100
v 0.070000 0.049400 -0.015500
v 0.070400 0.050600 -0.015100
v 0.070400 0.051000 -0.015500
v 0.070000 0.050600 -0.015500
v 0.070400 0.049000 -0.015500
v 0.070000 0.049400 -0.015500
v 0.070400 0.049400 -0.015900
v 0.070400 0.051000 -0.015500
v 0.070400 0.050600 -0.015900
v 0.070000 0.050600 -0.015500
v 0.209600 0.049000 -0.015500
v 0.210000 0.049400 -0.015500
v 0.209600 0.049400 -0.015100
v 0.209600 0.051000 -0.015500
v 0.209600 0.050600 -0.015100
v 0.210000 0.050600 -0.015500
v 0.209600 0.049000 -0.015500
v 0.209600 0.049400 -0.015900
v 0.210000 0.049400 -0.015500
v 0.209600 0.051000 -0.015500
v 0.210000 0.050600 -0.015500
v 0.209600 0.050600 -0.015900
vn -0.5773 -0.5773 0.5774
vn -0.5773 0.5773 0.5774
vn -0.5773 -0.5773 -0.5774
vn -0.5773 0.5773 -0.5774
vn 0.5773 -0.5773 0.5774
vn 0.5773 0.5773 0.5774
vn 0.5773 -0.5773 -0.5774
vn 0.5773 0.5773 -0.5774
vn -0.7071 -0.7071 -0.0000
vn -0.7071 -0.0000 0.7071
vn -0.7071 0.7071 -0.0000
vn -0.7071 -0.0000 -0.7071
vn -0.0000 -0.7071 -0.7071
vn -0.0000 0.7071 -0.7071
vn 0.7071 -0.0000 -0.7071
vn 0.7071 -0.7071 -0.0000
vn 0.7071 0.7071 -0.0000
vn 0.7071 -0.0000 0.7071
vn -0.0000 -0.7071 0.7071
vn -0.0000 0.7071 0.7071
vn -0.0000 -1.0000 -0.0000
vn -1.0000 -0.0000 -0.0000
vn -0.0000 -0.0000 1.0000
vn -0.0000 1.0000 -0.0000
vn -0.0000 -0.0000 -1.0000
vn 1.0000 -0.0000 -0.0000
vt 0.909801 0.007505
vt 0.908952 0.007505
vt 0.909801 0.006656
vt 0.513472 0.910211
vt 0.514320 0.910211
vt 0.514320 0.911060
vt 0.910649 0.007505
vt 0.515169 0.910211
vt 0.514320 0.911060
vt 0.909800 0.302838
vt 0.909801 0.303687
vt 0.908952 0.302838
vt 0.514320 0.614878
vt 0.513472 0.614878
vt 0.514320 0.614030
vt 0.909801 0.302838
vt 0.910649 0.302838
vt 0.909801 0.303687
vt 0.514320 0.614030
vt 0.515169 0.614878
vt 0.874688 0.007505
vt 0.877234 0.006656
vt 0.877234 0.007505
vt 0.859678 0.302838
vt 0.857132 0.303687
vt 0.857132 0.302838
vt 0.917027 0.803908
vt 0.916178 0.801362
vt 0.917027 0.801362
vt 0.917875 0.803908
vt 0.917875 0.801362
vt 0.917027 0.786352
vt 0.917027 0.783806
vt 0.917027 0.786352
vt 0.874688 0.302838
vt 0.877234 0.302838
vt 0.859678 0.007505
vt 0.917027 0.803908
vt 0.874688 0.006656
vt 0.859678 0.303687
vt 0.916178 0.803908
vt 0.857132 0.007505
s 0
usemtl MAT_wood_dark_reddish
f 457/749/442 458/750/442 459/751/442
f 460/752/443 461/753/443 462/754/443
f 463/749/444 464/751/444 465/755/444
f 466/753/445 467/756/445 468/757/445
f 469/758/446 470/759/446 471/760/446
f 472/761/447 473/762/447 474/763/447
f 475/764/448 476/765/448 477/766/448
f 478/761/449 479/767/449 480/768/449
f 463/749/450 459/751/450 464/751/450
f 460/769/451 459/770/451 458/771/451
f 461/753/452 468/757/452 462/754/452
f 465/772/453 468/773/453 467/774/453
f 463/749/454 476/765/454 475/764/454
f 478/761/455 467/756/455 466/753/455
f 477/775/456 480/776/456 479/777/456
f 469/758/457 477/766/457 470/759/457
f 478/761/458 474/763/458 479/767/458
f 471/778/459 474/777/459 473/779/459
f 469/758/460 458/750/460 457/749/460
f 461/753/461 473/762/461 472/761/461
f 475/764/462 457/749/462 463/749/462
f 459/780/463 468/781/463 464/782/463
f 473/783/464 458/771/464 471/784/464
f 466/753/465 472/761/465 478/761/465
f 467/774/466 476/785/466 465/772/466
f 477/775/467 474/777/467 470/786/467
f 463/749/450 457/749/450 459/751/450
f 460/769/451 462/787/451 459/770/451
f 461/753/452 466/753/452 468/757/452
f 465/772/453 464/788/453 468/773/453
f 463/749/454 465/755/454 476/765/454
f 478/761/455 480/768/455 467/756/455
f 477/775/456 476/789/456 480/776/456
f 469/758/457 475/764/457 477/766/457
f 478/761/458 472/761/458 474/763/458
f 471/778/459 470/786/459 474/777/459
f 469/758/460 471/760/460 458/750/460
f 461/753/461 460/752/461 473/762/461
f 475/764/462 469/758/462 457/749/462
f 459/780/463 462/781/463 468/781/463
f 473/783/464 460/769/464 458/771/464
f 466/753/465 461/753/465 472/761/465
f 467/774/466 480/790/466 476/785/466
f 477/775/467 479/777/467 474/777/467
o AK_contour_handguard_upper_002
v 0.070400 0.049000 0.015500
v 0.070400 0.049400 0.015900
v 0.070000 0.049400 0.015500
v 0.070400 0.050600 0.015900
v 0.070400 0.051000 0.015500
v 0.070000 0.050600 0.015500
v 0.070400 0.049000 0.015500
v 0.070000 0.049400 0.015500
v 0.070400 0.049400 0.015100
v 0.070400 0.051000 0.015500
v 0.070400 0.050600 0.015100
v 0.070000 0.050600 0.015500
v 0.209600 0.049000 0.015500
v 0.210000 0.049400 0.015500
v 0.209600 0.049400 0.015900
v 0.209600 0.051000 0.015500
v 0.209600 0.050600 0.015900
v 0.210000 0.050600 0.015500
v 0.209600 0.049000 0.015500
v 0.209600 0.049400 0.015100
v 0.210000 0.049400 0.015500
v 0.209600 0.051000 0.015500
v 0.210000 0.050600 0.015500
v 0.209600 0.050600 0.015100
vn -0.5773 -0.5773 0.5774
vn -0.5773 0.5773 0.5774
vn -0.5773 -0.5773 -0.5774
vn -0.5773 0.5773 -0.5774
vn 0.5773 -0.5773 0.5774
vn 0.5773 0.5773 0.5774
vn 0.5773 -0.5773 -0.5774
vn 0.5773 0.5773 -0.5774
vn -0.7071 -0.7071 -0.0000
vn -0.7071 -0.0000 0.7071
vn -0.7071 0.7071 -0.0000
vn -0.7071 -0.0000 -0.7071
vn -0.0000 -0.7071 -0.7071
vn -0.0000 0.7071 -0.7071
vn 0.7071 -0.0000 -0.7071
vn 0.7071 -0.7071 -0.0000
vn 0.7071 0.7071 -0.0000
vn 0.7071 -0.0000 0.7071
vn -0.0000 -0.7071 0.7071
vn -0.0000 0.7071 0.7071
vn -0.0000 -1.0000 -0.0000
vn -1.0000 -0.0000 -0.0000
vn -0.0000 -0.0000 1.0000
vn -0.0000 1.0000 -0.0000
vn -0.0000 -0.0000 -1.0000
vn 1.0000 -0.0000 -0.0000
vt 0.499310 0.614878
vt 0.498462 0.614878
vt 0.499310 0.614030
vt 0.548584 0.910211
vt 0.549433 0.910211
vt 0.549433 0.911060
vt 0.499310 0.614030
vt 0.500159 0.614878
vt 0.550281 0.910211
vt 0.549433 0.911060
vt 0.499310 0.910211
vt 0.499310 0.911060
vt 0.498462 0.910211
vt 0.549433 0.614878
vt 0.548584 0.614878
vt 0.549433 0.614030
vt 0.500159 0.910211
vt 0.499310 0.911060
vt 0.549433 0.614030
vt 0.550281 0.614878
vt 0.531877 0.614878
vt 0.534422 0.614030
vt 0.534422 0.614878
vt 0.894790 0.302838
vt 0.892244 0.303687
vt 0.892245 0.302838
vt 0.917027 0.839020
vt 0.916178 0.836474
vt 0.917027 0.836474
vt 0.917875 0.839020
vt 0.917027 0.836474
vt 0.917875 0.836474
vt 0.917027 0.821464
vt 0.917027 0.818918
vt 0.917027 0.821464
vt 0.531876 0.910211
vt 0.534422 0.910211
vt 0.894790 0.007505
vt 0.917027 0.839020
vt 0.531877 0.614030
vt 0.894790 0.303687
vt 0.916178 0.839020
vt 0.917027 0.818918
vt 0.892245 0.007505
s 0
usemtl MAT_wood_dark_reddish
f 481/791/468 482/792/468 483/793/468
f 484/794/469 485/795/469 486/796/469
f 487/791/470 488/797/470 489/798/470
f 490/795/471 491/799/471 492/800/471
f 493/801/472 494/802/472 495/803/472
f 496/804/473 497/805/473 498/806/473
f 499/801/474 500/807/474 501/808/474
f 502/804/475 503/809/475 504/810/475
f 487/791/476 483/793/476 488/797/476
f 484/811/477 483/812/477 482/813/477
f 485/795/478 492/800/478 486/796/478
f 489/814/479 492/815/479 491/816/479
f 487/791/480 500/807/480 499/801/480
f 502/804/481 491/799/481 490/795/481
f 501/817/482 504/818/482 503/819/482
f 493/801/483 501/808/483 494/802/483
f 502/804/484 498/806/484 503/809/484
f 495/820/485 498/821/485 497/822/485
f 493/801/486 482/792/486 481/791/486
f 485/795/487 497/805/487 496/804/487
f 499/801/488 481/791/488 487/791/488
f 483/823/489 492/824/489 488/825/489
f 497/826/490 482/813/490 495/827/490
f 490/795/491 496/804/491 502/804/491
f 491/816/492 500/828/492 489/814/492
f 501/817/493 498/821/493 494/829/493
f 487/791/476 481/791/476 483/793/476
f 484/811/477 486/830/477 483/812/477
f 485/795/478 490/795/478 492/800/478
f 489/814/479 488/831/479 492/815/479
f 487/791/480 489/798/480 500/807/480
f 502/804/481 504/810/481 491/799/481
f 501/817/482 500/832/482 504/818/482
f 493/801/483 499/801/483 501/808/483
f 502/804/484 496/804/484 498/806/484
f 495/820/485 494/829/485 498/821/485
f 493/801/486 495/803/486 482/792/486
f 485/795/487 484/794/487 497/805/487
f 499/801/488 493/801/488 481/791/488
f 483/823/489 486/833/489 492/824/489
f 497/826/490 484/811/490 482/813/490
f 490/795/491 485/795/491 496/804/491
f 491/816/492 504/834/492 500/828/492
f 501/817/493 503/819/493 498/821/493
o AK_contour_stock_001
v -0.479500 0.029000 -0.020500
v -0.479500 0.029500 -0.020000
v -0.480000 0.029500 -0.020500
v -0.479500 0.030500 -0.020000
v -0.479500 0.031000 -0.020500
v -0.480000 0.030500 -0.020500
v -0.479500 0.029000 -0.020500
v -0.480000 0.029500 -0.020500
v -0.479500 0.029500 -0.021000
v -0.479500 0.031000 -0.020500
v -0.479500 0.030500 -0.021000
v -0.480000 0.030500 -0.020500
v -0.200500 0.029000 -0.020500
v -0.200000 0.029500 -0.020500
v -0.200500 0.029500 -0.020000
v -0.200500 0.031000 -0.020500
v -0.200500 0.030500 -0.020000
v -0.200000 0.030500 -0.020500
v -0.200500 0.029000 -0.020500
v -0.200500 0.029500 -0.021000
v -0.200000 0.029500 -0.020500
v -0.200500 0.031000 -0.020500
v -0.200000 0.030500 -0.020500
v -0.200500 0.030500 -0.021000
vn -0.5774 -0.5774 0.5773
vn -0.5774 0.5774 0.5773
vn -0.5774 -0.5774 -0.5773
vn -0.5774 0.5774 -0.5773
vn 0.5774 -0.5774 0.5773
vn 0.5774 0.5774 0.5773
vn 0.5774 -0.5774 -0.5773
vn 0.5774 0.5774 -0.5773
vn -0.7071 -0.7071 -0.0000
vn -0.7071 -0.0000 0.7071
vn -0.7071 0.7071 -0.0000
vn -0.7071 -0.0000 -0.7071
vn -0.0000 -0.7071 -0.7071
vn -0.0000 0.7071 -0.7071
vn 0.7071 -0.0000 -0.7071
vn 0.7071 -0.7071 -0.0000
vn 0.7071 0.7071 -0.0000
vn 0.7071 -0.0000 0.7071
vn -0.0000 -0.7071 0.7071
vn -0.0000 0.7071 0.7071
vn -0.0000 -1.0000 -0.0000
vn -1.0000 -0.0000 -0.0000
vn -0.0000 -0.0000 1.0000
vn -0.0000 1.0000 -0.0000
vn -0.0000 -0.0000 -1.0000
vn 1.0000 -0.0000 -0.0000
vt 0.567201 0.007717
vt 0.566140 0.007717
vt 0.567201 0.006656
vt 0.581575 0.599656
vt 0.582636 0.599656
vt 0.582636 0.600717
vt 0.568262 0.007717
vt 0.583696 0.599656
vt 0.567201 0.599656
vt 0.567201 0.600717
vt 0.566140 0.599656
vt 0.582636 0.007717
vt 0.581575 0.007717
vt 0.582636 0.006656
vt 0.568262 0.599656
vt 0.583696 0.007717
vt 0.514533 0.007717
vt 0.516654 0.006656
vt 0.516654 0.007717
vt 0.499098 0.599656
vt 0.496976 0.600717
vt 0.496976 0.599656
vt 0.900360 0.337738
vt 0.899299 0.335616
vt 0.900360 0.335616
vt 0.901421 0.337738
vt 0.900360 0.335616
vt 0.901421 0.335616
vt 0.900360 0.320182
vt 0.900360 0.318060
vt 0.900360 0.320182
vt 0.514532 0.599656
vt 0.516654 0.599656
vt 0.499098 0.007717
vt 0.900360 0.337738
vt 0.514533 0.006656
vt 0.499098 0.600717
vt 0.899299 0.337738
vt 0.900360 0.318060
vt 0.496976 0.007717
s 0
usemtl MAT_wood_dark_reddish
f 505/835/494 506/836/494 507/837/494
f 508/838/495 509/839/495 510/840/495
f 511/835/496 512/837/496 513/841/496
f 514/839/497 515/842/497 516/840/497
f 517/843/498 518/844/498 519/845/498
f 520/846/499 521/847/499 522/848/499
f 523/843/500 524/849/500 525/844/500
f 526/846/501 527/848/501 528/850/501
f 511/835/502 507/837/502 512/837/502
f 508/851/503 507/852/503 506/853/503
f 509/839/504 516/840/504 510/840/504
f 513/854/505 516/855/505 515/856/505
f 511/835/506 524/849/506 523/843/506
f 526/846/507 515/842/507 514/839/507
f 525/857/508 528/858/508 527/859/508
f 517/843/509 525/844/509 518/844/509
f 526/846/510 522/848/510 527/848/510
f 519/860/511 522/861/511 521/862/511
f 517/843/512 506/836/512 505/835/512
f 509/839/513 521/847/513 520/846/513
f 523/843/514 505/835/514 511/835/514
f 507/863/515 516/864/515 512/865/515
f 521/866/516 506/853/516 519/867/516
f 514/839/517 520/846/517 526/846/517
f 515/856/518 524/868/518 513/854/518
f 525/857/519 522/861/519 518/869/519
f 511/835/502 505/835/502 507/837/502
f 508/851/503 510/870/503 507/852/503
f 509/839/504 514/839/504 516/840/504
f 513/854/505 512/871/505 516/855/505
f 511/835/506 513/841/506 524/849/506
f 526/846/507 528/850/507 515/842/507
f 525/857/508 524/872/508 528/858/508
f 517/843/509 523/843/509 525/844/509
f 526/846/510 520/846/510 522/848/510
f 519/860/511 518/869/511 522/861/511
f 517/843/512 519/845/512 506/836/512
f 509/839/513 508/838/513 521/847/513
f 523/843/514 517/843/514 505/835/514
f 507/863/515 510/873/515 516/864/515
f 521/866/516 508/851/516 506/853/516
f 514/839/517 509/839/517 520/846/517
f 515/856/518 528/874/518 524/868/518
f 525/857/519 527/859/519 522/861/519
o AK_contour_stock_002
v -0.479500 -0.041000 -0.020500
v -0.479500 -0.040500 -0.020000
v -0.480000 -0.040500 -0.020500
v -0.479500 -0.039500 -0.020000
v -0.479500 -0.039000 -0.020500
v -0.480000 -0.039500 -0.020500
v -0.479500 -0.041000 -0.020500
v -0.480000 -0.040500 -0.020500
v -0.479500 -0.040500 -0.021000
v -0.479500 -0.039000 -0.020500
v -0.479500 -0.039500 -0.021000
v -0.480000 -0.039500 -0.020500
v -0.200500 -0.041000 -0.020500
v -0.200000 -0.040500 -0.020500
v -0.200500 -0.040500 -0.020000
v -0.200500 -0.039000 -0.020500
v -0.200500 -0.039500 -0.020000
v -0.200000 -0.039500 -0.020500
v -0.200500 -0.041000 -0.020500
v -0.200500 -0.040500 -0.021000
v -0.200000 -0.040500 -0.020500
v -0.200500 -0.039000 -0.020500
v -0.200000 -0.039500 -0.020500
v -0.200500 -0.039500 -0.021000
vn -0.5774 -0.5774 0.5773
vn -0.5774 0.5774 0.5773
vn -0.5774 -0.5774 -0.5773
vn -0.5774 0.5774 -0.5773
vn 0.5774 -0.5774 0.5773
vn 0.5774 0.5774 0.5773
vn 0.5774 -0.5774 -0.5773
vn 0.5774 0.5774 -0.5773
vn -0.7071 -0.7071 -0.0000
vn -0.7071 -0.0000 0.7071
vn -0.7071 0.7071 -0.0000
vn -0.7071 -0.0000 -0.7071
vn -0.0000 -0.7071 -0.7071
vn -0.0000 0.7071 -0.7071
vn 0.7071 -0.0000 -0.7071
vn 0.7071 -0.7071 -0.0000
vn 0.7071 0.7071 -0.0000
vn 0.7071 -0.0000 0.7071
vn -0.0000 -0.7071 0.7071
vn -0.0000 0.7071 0.7071
vn -0.0000 -1.0000 -0.0000
vn -1.0000 -0.0000 -0.0000
vn -0.0000 -0.0000 1.0000
vn -0.0000 1.0000 -0.0000
vn -0.0000 -0.0000 -1.0000
vn 1.0000 -0.0000 -0.0000
vt 0.598070 0.007717
vt 0.597009 0.007717
vt 0.598070 0.006656
vt 0.612444 0.599656
vt 0.613504 0.599656
vt 0.613504 0.600717
vt 0.599131 0.007717
vt 0.613504 0.599656
vt 0.614565 0.599656
vt 0.598070 0.599656
vt 0.598070 0.600717
vt 0.597009 0.599656
vt 0.613505 0.007717
vt 0.612444 0.007717
vt 0.613505 0.006656
vt 0.599131 0.599656
vt 0.614565 0.007717
vt 0.549645 0.007717
vt 0.551766 0.006656
vt 0.551766 0.007717
vt 0.534210 0.599656
vt 0.532089 0.600717
vt 0.532089 0.599656
vt 0.900360 0.372850
vt 0.899299 0.370729
vt 0.900360 0.370729
vt 0.901421 0.372850
vt 0.900360 0.370728
vt 0.901421 0.370728
vt 0.900360 0.355294
vt 0.900360 0.353172
vt 0.900360 0.355294
vt 0.549645 0.599656
vt 0.551766 0.599656
vt 0.534210 0.007717
vt 0.900360 0.372850
vt 0.549645 0.006656
vt 0.534210 0.600717
vt 0.899299 0.372850
vt 0.900360 0.353172
vt 0.532089 0.007717
s 0
usemtl MAT_wood_dark_reddish
f 529/875/520 530/876/520 531/877/520
f 532/878/521 533/879/521 534/880/521
f 535/875/522 536/877/522 537/881/522
f 538/882/523 539/883/523 540/880/523
f 541/884/524 542/885/524 543/886/524
f 544/887/525 545/888/525 546/889/525
f 547/884/526 548/890/526 549/885/526
f 550/887/527 551/889/527 552/891/527
f 535/875/528 531/877/528 536/877/528
f 532/892/529 531/893/529 530/894/529
f 533/879/530 540/880/530 534/880/530
f 537/895/531 540/896/531 539/897/531
f 535/875/532 548/890/532 547/884/532
f 550/887/533 539/883/533 538/882/533
f 549/898/534 552/899/534 551/900/534
f 541/884/535 549/885/535 542/885/535
f 550/887/536 546/889/536 551/889/536
f 543/901/537 546/902/537 545/903/537
f 541/884/538 530/876/538 529/875/538
f 533/879/539 545/888/539 544/887/539
f 547/884/540 529/875/540 535/875/540
f 531/904/541 540/905/541 536/906/541
f 545/907/542 530/894/542 543/908/542
f 538/882/543 544/887/543 550/887/543
f 539/897/544 548/909/544 537/895/544
f 549/898/545 546/902/545 542/910/545
f 535/875/528 529/875/528 531/877/528
f 532/892/529 534/911/529 531/893/529
f 533/879/530 538/882/530 540/880/530
f 537/895/531 536/912/531 540/896/531
f 535/875/532 537/881/532 548/890/532
f 550/887/533 552/891/533 539/883/533
f 549/898/534 548/913/534 552/899/534
f 541/884/535 547/884/535 549/885/535
f 550/887/536 544/887/536 546/889/536
f 543/901/537 542/910/537 546/902/537
f 541/884/538 543/886/538 530/876/538
f 533/879/539 532/878/539 545/888/539
f 547/884/540 541/884/540 529/875/540
f 531/904/541 534/914/541 540/905/541
f 545/907/542 532/892/542 530/894/542
f 538/882/543 533/879/543 544/887/543
f 539/897/544 552/915/544 548/909/544
f 549/898/545 551/900/545 546/902/545
o AK_dustcover_main
v -0.010000 0.055828 -0.009000
v -0.010000 0.055828 0.000000
v -0.010000 0.055828 0.009000
v -0.065000 0.057000 -0.009000
v -0.065000 0.057000 0.000000
v -0.065000 0.057000 0.009000
v -0.120000 0.055828 -0.009000
v -0.120000 0.055828 0.000000
v -0.120000 0.055828 0.009000
v -0.120000 0.039000 -0.009000
v -0.120000 0.039000 0.000000
v -0.120000 0.039000 0.009000
v -0.065000 0.039000 -0.009000
v -0.065000 0.039000 0.000000
v -0.065000 0.039000 0.009000
v -0.010000 0.039000 -0.009000
v -0.010000 0.039000 0.000000
v -0.010000 0.039000 0.009000
v -0.010000 0.042500 0.018000
v -0.065000 0.042500 0.018000
v -0.120000 0.042500 0.018000
v -0.010000 0.046000 0.018000
v -0.065000 0.046000 0.018000
v -0.120000 0.048828 0.018000
v -0.010000 0.052328 0.018000
v -0.065000 0.053500 0.018000
v -0.120000 0.052328 0.018000
v 0.045000 0.042500 -0.009000
v 0.045000 0.042500 0.000000
v 0.045000 0.042500 0.009000
v 0.045000 0.046000 -0.009000
v 0.045000 0.046000 0.000000
v 0.045000 0.046000 0.009000
v 0.045000 0.049500 -0.009000
v 0.045000 0.049500 0.000000
v 0.045000 0.049500 0.009000
v -0.120000 0.042500 -0.018000
v -0.065000 0.042500 -0.018000
v -0.010000 0.042500 -0.018000
v -0.120000 0.046000 -0.018000
v -0.065000 0.046000 -0.018000
v -0.010000 0.046000 -0.018000
v -0.120000 0.052328 -0.018000
v -0.065000 0.053500 -0.018000
v -0.010000 0.052328 -0.018000
v -0.175000 0.042500 0.009000
v -0.175000 0.042500 0.000000
v -0.175000 0.042500 -0.009000
v -0.175000 0.046000 0.009000
v -0.175000 0.046000 0.000000
v -0.175000 0.046000 -0.009000
v -0.175000 0.049500 0.009000
v -0.175000 0.049500 0.000000
v -0.175000 0.049500 -0.009000
v -0.173203 0.036098 0.016200
v -0.173200 0.037899 0.018000
v -0.175000 0.037800 0.016200
v -0.173201 0.036626 0.017473
v -0.174240 0.036802 0.017239
v -0.174472 0.037829 0.017473
v -0.174474 0.036556 0.016200
v -0.175000 0.051200 0.016200
v -0.173200 0.051292 0.018000
v -0.173202 0.053092 0.016200
v -0.174473 0.051246 0.017473
v -0.174244 0.052282 0.017239
v -0.173220 0.052564 0.017473
v -0.174473 0.052500 0.016200
v -0.175000 0.037800 -0.016200
v -0.173200 0.037899 -0.018000
v -0.173203 0.036098 -0.016200
v -0.174473 0.037850 -0.017473
v -0.174236 0.036807 -0.017239
v -0.173181 0.036627 -0.017473
v -0.174474 0.036556 -0.016200
v -0.173202 0.053092 -0.016200
v -0.173200 0.051292 -0.018000
v -0.175000 0.051200 -0.016200
v -0.173201 0.052565 -0.017473
v -0.174240 0.052278 -0.017239
v -0.174472 0.051227 -0.017473
v -0.174474 0.052500 -0.016200
v 0.045000 0.040800 0.016200
v 0.043200 0.040801 0.018000
v 0.043200 0.039000 0.016200
v 0.044473 0.040800 0.017473
v 0.044239 0.039761 0.017239
v 0.043200 0.039527 0.017473
v 0.044473 0.039527 0.016200
v 0.043200 0.055027 0.016200
v 0.043200 0.053226 0.018000
v 0.045000 0.053200 0.016200
v 0.043200 0.054500 0.017473
v 0.044239 0.054251 0.017239
v 0.044473 0.053208 0.017473
v 0.044473 0.054481 0.016200
v 0.043200 0.040801 -0.018000
v 0.045000 0.040800 -0.016200
v 0.043200 0.039000 -0.016200
v 0.044473 0.040800 -0.017473
v 0.044239 0.039761 -0.017239
v 0.044473 0.039527 -0.016200
v 0.043200 0.039527 -0.017473
v 0.043200 0.055027 -0.016200
v 0.045000 0.053200 -0.016200
v 0.043200 0.053226 -0.018000
v 0.044473 0.054481 -0.016200
v 0.044239 0.054251 -0.017239
v 0.044473 0.053208 -0.017473
v 0.043200 0.054500 -0.017473
v -0.173203 0.036098 -0.009000
v -0.175000 0.037800 -0.009000
v -0.174474 0.036556 -0.009000
v -0.173203 0.036098 0.000000
v -0.175000 0.037800 0.000000
v -0.174474 0.036556 0.000000
v -0.175000 0.037800 0.009000
v -0.173203 0.036098 0.009000
v -0.174474 0.036556 0.009000
v -0.173200 0.042500 0.018000
v -0.175000 0.042500 0.016200
v -0.174473 0.042500 0.017473
v -0.173200 0.046093 0.018000
v -0.175000 0.046000 0.016200
v -0.174473 0.046027 0.017473
v -0.175000 0.049500 0.016200
v -0.173200 0.049593 0.018000
v -0.174473 0.049527 0.017473
v -0.173202 0.053092 0.009000
v -0.175000 0.051200 0.009000
v -0.174473 0.052500 0.009000
v -0.173202 0.053092 0.000000
v -0.175000 0.051200 0.000000
v -0.174473 0.052500 0.000000
v -0.175000 0.051200 -0.009000
v -0.173202 0.053092 -0.009000
v -0.174473 0.052500 -0.009000
v -0.173200 0.049593 -0.018000
v -0.175000 0.049500 -0.016200
v -0.174473 0.049527 -0.017473
v -0.173200 0.046000 -0.018000
v -0.175000 0.046000 -0.016200
v -0.174473 0.046000 -0.017473
v -0.175000 0.042500 -0.016200
v -0.173200 0.042500 -0.018000
v -0.174473 0.042500 -0.017473
v -0.010000 0.039000 -0.016200
v -0.010000 0.040801 -0.018000
v -0.010000 0.039527 -0.017473
v -0.065000 0.039000 -0.016200
v -0.065000 0.040801 -0.018000
v -0.065000 0.039527 -0.017473
v -0.120000 0.040801 -0.018000
v -0.120000 0.039000 -0.016200
v -0.120000 0.039527 -0.017473
v -0.120000 0.055828 -0.016200
v -0.120000 0.054028 -0.018000
v -0.120000 0.055301 -0.017473
v -0.065000 0.057000 -0.016200
v -0.065000 0.055199 -0.018000
v -0.065000 0.056473 -0.017473
v -0.010000 0.054028 -0.018000
v -0.010000 0.055828 -0.016200
v -0.010000 0.055301 -0.017473
v 0.045000 0.049500 -0.016200
v 0.043200 0.049593 -0.018000
v 0.044473 0.049527 -0.017473
v 0.045000 0.046000 -0.016200
v 0.043200 0.046000 -0.018000
v 0.044473 0.046000 -0.017473
v 0.043200 0.042500 -0.018000
v 0.045000 0.042500 -0.016200
v 0.044473 0.042500 -0.017473
v 0.043200 0.039000 0.009000
v 0.045000 0.040800 0.009000
v 0.044473 0.039527 0.009000
v 0.043200 0.039000 0.000000
v 0.045000 0.040800 0.000000
v 0.044473 0.039527 0.000000
v 0.045000 0.040800 -0.009000
v 0.043200 0.039000 -0.009000
v 0.044473 0.039527 -0.009000
v 0.043200 0.055027 -0.009000
v 0.045000 0.053200 -0.009000
v 0.044473 0.054481 -0.009000
v 0.043200 0.055027 0.000000
v 0.045000 0.053200 0.000000
v 0.044473 0.054481 0.000000
v 0.045000 0.053200 0.009000
v 0.043200 0.055027 0.009000
v 0.044473 0.054481 0.009000
v 0.043200 0.049593 0.018000
v 0.045000 0.049500 0.016200
v 0.044473 0.049527 0.017473
v 0.043200 0.046000 0.018000
v 0.045000 0.046000 0.016200
v 0.044473 0.046000 0.017473
v 0.045000 0.042500 0.016200
v 0.043200 0.042500 0.018000
v 0.044473 0.042500 0.017473
v -0.120000 0.039000 0.016200
v -0.120000 0.040801 0.018000
v -0.120000 0.039527 0.017473
v -0.065000 0.039000 0.016200
v -0.065000 0.040801 0.018000
v -0.065000 0.039527 0.017473
v -0.010000 0.040801 0.018000
v -0.010000 0.039000 0.016200
v -0.010000 0.039527 0.017473
v -0.010000 0.055828 0.016200
v -0.010000 0.054028 0.018000
v -0.010000 0.055301 0.017473
v -0.065000 0.057000 0.016200
v -0.065000 0.055199 0.018000
v -0.065000 0.056473 0.017473
v -0.120000 0.054028 0.018000
v -0.120000 0.055828 0.016200
v -0.120000 0.055301 0.017473
vn 0.0213 0.9998 -0.0000
vn -0.0213 0.9998 -0.0000
vn -0.0000 -1.0000 -0.0000
vn -0.0000 -0.0000 1.0000
vn 1.0000 -0.0000 -0.0000
vn -0.0000 -0.0000 -1.0000
vn -1.0000 -0.0000 -0.0000
vn -0.3244 -0.9013 0.2871
vn -0.2632 -0.3688 0.8914
vn -0.8832 -0.2847 0.3727
vn -0.8917 0.3612 0.2729
vn -0.3758 0.2820 0.8827
vn -0.3233 0.8756 0.3590
vn -0.8809 -0.3727 -0.2917
vn -0.3579 -0.2809 -0.8905
vn -0.2363 -0.8959 -0.3761
vn -0.4057 0.8709 -0.2774
vn -0.2990 0.3648 -0.8818
vn -0.8895 0.2774 -0.3630
vn 0.8864 -0.3672 0.2818
vn 0.3671 -0.2817 0.8865
vn 0.2816 -0.8864 0.3674
vn 0.3786 0.8820 0.2806
vn 0.2868 0.3665 0.8851
vn 0.8873 0.2806 0.3659
vn 0.2817 -0.3671 -0.8865
vn 0.8864 -0.2817 -0.3672
vn 0.3671 -0.8864 -0.2819
vn 0.2938 0.8830 -0.3660
vn 0.8876 0.3653 -0.2805
vn 0.3708 0.2812 -0.8851
vn -0.3390 -0.9408 -0.0000
vn -0.9209 -0.3897 -0.0001
vn -0.3827 -0.0000 0.9239
vn -0.9239 -0.0000 0.3827
vn -0.4225 0.9064 -0.0000
vn -0.9269 0.3754 0.0001
vn -0.3827 -0.0000 -0.9239
vn -0.9239 -0.0000 -0.3827
vn 0.0503 -0.9227 -0.3823
vn 0.0209 -0.3825 -0.9237
vn 0.0139 0.9237 -0.3828
vn 0.0058 0.3825 -0.9239
vn 0.9239 -0.0000 -0.3827
vn 0.3827 -0.0000 -0.9239
vn 0.3827 -0.9239 -0.0000
vn 0.9239 -0.3827 -0.0000
vn 0.3945 0.9189 -0.0000
vn 0.9247 0.3806 -0.0000
vn 0.3827 -0.0000 0.9239
vn 0.9239 -0.0000 0.3827
vn -0.0000 -0.9238 0.3828
vn -0.0000 -0.3826 0.9239
vn -0.0475 0.9228 0.3824
vn -0.0197 0.3824 0.9238
vn -0.9209 -0.3897 -0.0000
vn -0.3828 -0.0000 0.9238
vn -0.9237 -0.0000 0.3830
vn -0.9269 0.3754 -0.0000
vn -0.3828 -0.0000 -0.9238
vn -0.9238 0.0003 -0.3830
vn -0.0000 -0.9238 -0.3829
vn -0.0000 -0.3826 -0.9239
vn -0.0000 -0.9238 -0.3828
vn -0.0475 0.9227 -0.3826
vn -0.0197 0.3825 -0.9238
vn -0.0197 0.9236 -0.3828
vn -0.0081 0.3825 -0.9239
vn 0.0197 0.9236 -0.3828
vn 0.0081 0.3825 -0.9239
vn 0.3826 -0.9239 -0.0000
vn 0.3944 0.9189 -0.0000
vn 0.9248 0.3805 -0.0000
vn 0.0503 -0.9226 0.3825
vn 0.0209 -0.3825 0.9237
vn -0.0000 -0.3825 0.9239
vn 0.0139 0.9237 0.3829
vn 0.0058 0.3826 0.9239
vn 0.0197 0.9236 0.3827
vn 0.0081 0.3825 0.9239
vn -0.0197 0.9236 0.3828
vn -0.0081 0.3825 0.9239
vn 0.0545 -0.9985 -0.0000
vn -0.0514 0.9987 -0.0000
vn 0.0151 0.9999 -0.0000
vn -0.2364 -0.8975 0.3723
vn -0.3539 -0.2829 0.8915
vn -0.8822 -0.3729 0.2874
vn -0.8910 0.2779 0.3591
vn -0.3009 0.3609 0.8827
vn -0.4065 0.8720 0.2727
vn -0.8816 -0.2848 -0.3763
vn -0.2609 -0.3729 -0.8905
vn -0.3242 -0.8999 -0.2915
vn -0.3229 0.8742 -0.3627
vn -0.3797 0.2798 -0.8818
vn -0.8905 0.3603 -0.2777
vn 0.8864 -0.2817 0.3672
vn 0.2817 -0.3671 0.8865
vn 0.3671 -0.8864 0.2819
vn 0.2938 0.8830 0.3660
vn 0.3708 0.2812 0.8851
vn 0.8876 0.3653 0.2805
vn 0.3671 -0.2817 -0.8865
vn 0.8864 -0.3672 -0.2818
vn 0.2816 -0.8864 -0.3674
vn 0.3786 0.8820 -0.2806
vn 0.8873 0.2806 -0.3659
vn 0.2868 0.3665 -0.8851
vn -0.3387 -0.9409 -0.0001
vn -0.9211 -0.3893 -0.0000
vn -0.4223 0.9065 -0.0000
vn -0.9270 0.3751 -0.0000
vn 0.0503 -0.9226 -0.3824
vn 0.0209 -0.3824 -0.9237
vn 0.0139 0.9237 -0.3829
vn 0.0058 0.3826 -0.9239
vn -0.0000 -0.9238 0.3829
vn -0.9239 -0.0001 0.3827
vn -0.3827 0.0001 -0.9239
vn -0.0000 -0.3825 -0.9239
vn -0.0475 0.9228 -0.3824
vn -0.0197 0.3824 -0.9238
vn 0.0197 0.9236 -0.3827
vn 0.0503 -0.9227 0.3823
vn 0.0139 0.9237 0.3828
vn 0.0058 0.3825 0.9239
vn 0.0197 0.9236 0.3828
vt 0.588364 0.319073
vt 0.571890 0.177775
vt 0.594041 0.178535
vt 0.564909 0.318081
vt 0.549829 0.176412
vt 0.580044 0.459332
vt 0.557948 0.457977
vt 0.541457 0.317103
vt 0.781942 0.249480
vt 0.803978 0.384140
vt 0.781942 0.384140
vt 0.824044 0.144212
vt 0.802008 0.009551
vt 0.824044 0.009551
vt 0.812471 0.456291
vt 0.834506 0.590951
vt 0.812471 0.590951
vt 0.771333 0.456291
vt 0.793368 0.590951
vt 0.771333 0.590951
vt 0.499252 0.170970
vt 0.479871 0.314571
vt 0.490603 0.169658
vt 0.489083 0.314926
vt 0.479579 0.458865
vt 0.514884 0.172893
vt 0.508775 0.315743
vt 0.495358 0.457902
vt 0.603080 0.039988
vt 0.578583 0.022794
vt 0.608012 0.030546
vt 0.577991 0.034030
vt 0.548441 0.027624
vt 0.599223 0.048168
vt 0.577549 0.043689
vt 0.552369 0.037819
vt 0.630432 0.464947
vt 0.650084 0.321663
vt 0.639001 0.466306
vt 0.640868 0.321292
vt 0.650496 0.177005
vt 0.614882 0.462880
vt 0.626080 0.178244
vt 0.641797 0.177559
vt 0.528083 0.592551
vt 0.551063 0.608270
vt 0.523725 0.601503
vt 0.551672 0.597842
vt 0.579011 0.604466
vt 0.531533 0.584723
vt 0.552149 0.588760
vt 0.575658 0.594807
vt 0.765278 0.013958
vt 0.760871 0.011517
vt 0.765278 0.009551
vt 0.490874 0.588984
vt 0.489198 0.596971
vt 0.486633 0.592074
vt 0.496230 0.597864
vt 0.491469 0.593354
vt 0.521383 0.574804
vt 0.521221 0.571323
vt 0.523901 0.572577
vt 0.518155 0.569438
vt 0.518556 0.573190
vt 0.523744 0.568774
vt 0.521000 0.567766
vt 0.607749 0.605066
vt 0.616690 0.603574
vt 0.611323 0.609757
vt 0.614359 0.596863
vt 0.613269 0.601177
vt 0.734602 0.740707
vt 0.732058 0.745114
vt 0.730195 0.740584
vt 0.582633 0.570189
vt 0.585018 0.572669
vt 0.582085 0.573915
vt 0.588447 0.571484
vt 0.585626 0.569054
vt 0.584512 0.576709
vt 0.587665 0.575144
vt 0.525419 0.036650
vt 0.516797 0.038386
vt 0.521654 0.032504
vt 0.519143 0.044568
vt 0.520252 0.040357
vt 0.788961 0.614461
vt 0.791506 0.610053
vt 0.793368 0.614461
vt 0.547641 0.066866
vt 0.545322 0.064333
vt 0.548203 0.063185
vt 0.542069 0.065423
vt 0.544691 0.067935
vt 0.545929 0.060315
vt 0.542827 0.061791
vt 0.634433 0.050593
vt 0.636218 0.043029
vt 0.638855 0.047780
vt 0.629205 0.042090
vt 0.633745 0.046325
vt 0.529380 0.781842
vt 0.533787 0.784387
vt 0.529380 0.786249
vt 0.605118 0.067389
vt 0.607557 0.064691
vt 0.607813 0.068271
vt 0.607270 0.061373
vt 0.604930 0.063604
vt 0.610453 0.066553
vt 0.610089 0.062786
vt 0.782906 0.009551
vt 0.782906 0.013958
vt 0.492284 0.601650
vt 0.515762 0.616132
vt 0.512713 0.621735
vt 0.515481 0.571111
vt 0.515897 0.574943
vt 0.519008 0.576910
vt 0.570548 0.579038
vt 0.570858 0.575125
vt 0.571727 0.582825
vt 0.602984 0.590220
vt 0.604162 0.586165
vt 0.598189 0.593069
vt 0.734602 0.610254
vt 0.730195 0.610254
vt 0.647727 0.467784
vt 0.643237 0.467023
vt 0.616359 0.178681
vt 0.611896 0.178658
vt 0.621361 0.178460
vt 0.625263 0.045356
vt 0.629575 0.049058
vt 0.630260 0.053246
vt 0.511752 0.781842
vt 0.511752 0.786249
vt 0.614257 0.019473
vt 0.611045 0.025168
vt 0.559208 0.062353
vt 0.559525 0.058495
vt 0.558229 0.054610
vt 0.524104 0.043806
vt 0.523008 0.047925
vt 0.528971 0.040569
vt 0.788961 0.744714
vt 0.793368 0.744714
vt 0.515049 0.041010
vt 0.486345 0.168989
vt 0.481833 0.168279
vt 0.513453 0.456928
vt 0.517915 0.456952
vt 0.508478 0.457186
vt 0.752231 0.740707
vt 0.734602 0.745114
vt 0.587178 0.626650
vt 0.470614 0.655996
vt 0.492649 0.651589
vt 0.492649 0.655996
vt 0.549373 0.632486
vt 0.584916 0.620507
vt 0.730195 0.460698
vt 0.752231 0.456291
vt 0.752231 0.460698
vt 0.549841 0.625780
vt 0.502429 0.584991
vt 0.506688 0.588293
vt 0.501681 0.580863
vt 0.509603 0.579583
vt 0.513279 0.582191
vt 0.509113 0.575618
vt 0.534550 0.573305
vt 0.534508 0.577229
vt 0.552718 0.576707
vt 0.552541 0.580719
vt 0.532978 0.581083
vt 0.552339 0.584854
vt 0.591095 0.573834
vt 0.590269 0.577569
vt 0.597364 0.579596
vt 0.596245 0.583475
vt 0.586800 0.579351
vt 0.592128 0.585741
vt 0.529380 0.651589
vt 0.533787 0.781842
vt 0.659346 0.176364
vt 0.840708 0.249480
vt 0.845116 0.384140
vt 0.840708 0.384140
vt 0.659346 0.322034
vt 0.654793 0.176694
vt 0.598434 0.786249
vt 0.594027 0.651589
vt 0.598434 0.651589
vt 0.654581 0.321843
vt 0.605349 0.461523
vt 0.610256 0.462208
vt 0.600292 0.461063
vt 0.612000 0.320114
vt 0.616686 0.320304
vt 0.607273 0.319906
vt 0.615372 0.059144
vt 0.615741 0.063029
vt 0.612158 0.056938
vt 0.621939 0.054435
vt 0.622589 0.058464
vt 0.618167 0.051545
vt 0.771333 0.614460
vt 0.788961 0.610053
vt 0.543579 0.015708
vt 0.834506 0.740307
vt 0.812471 0.744714
vt 0.812471 0.740307
vt 0.579355 0.009551
vt 0.546080 0.021836
vt 0.552889 0.655996
vt 0.574925 0.651589
vt 0.574925 0.655996
vt 0.578958 0.016362
vt 0.594534 0.063694
vt 0.594550 0.059809
vt 0.576880 0.060728
vt 0.577049 0.056768
vt 0.596079 0.055999
vt 0.577213 0.052488
vt 0.536818 0.060293
vt 0.537579 0.056503
vt 0.530266 0.054517
vt 0.531315 0.050577
vt 0.541161 0.054512
vt 0.535526 0.048025
vt 0.765278 0.144412
vt 0.760871 0.014032
vt 0.470811 0.459545
vt 0.639572 0.786249
vt 0.635165 0.651589
vt 0.639572 0.651589
vt 0.470614 0.314217
vt 0.475322 0.459195
vt 0.682855 0.663101
vt 0.678448 0.797762
vt 0.678448 0.663101
vt 0.475376 0.314399
vt 0.524453 0.174137
vt 0.519529 0.173501
vt 0.529527 0.174599
vt 0.517882 0.316102
vt 0.513196 0.315917
vt 0.522597 0.316302
vt 0.782906 0.144412
vt 0.503787 0.457456
vt 0.535769 0.457161
vt 0.572840 0.586401
vt 0.771333 0.744714
vt 0.555564 0.046626
vt 0.511752 0.651589
vt 0.492649 0.786449
vt 0.752231 0.591151
vt 0.823080 0.249480
vt 0.616062 0.786249
vt 0.621109 0.320484
vt 0.812471 0.610053
vt 0.834506 0.610053
vt 0.574925 0.786249
vt 0.552889 0.786249
vt 0.657200 0.786249
vt 0.657200 0.651589
vt 0.700483 0.797762
vt 0.700483 0.663101
vt 0.803978 0.249480
vt 0.802008 0.144212
vt 0.834506 0.456291
vt 0.793368 0.456291
vt 0.618379 0.600907
vt 0.633381 0.038638
vt 0.752231 0.745114
vt 0.470614 0.651589
vt 0.730195 0.456291
vt 0.533787 0.651589
vt 0.845116 0.249480
vt 0.594027 0.786249
vt 0.771333 0.610053
vt 0.834506 0.744714
vt 0.552889 0.651589
vt 0.760871 0.144412
vt 0.635165 0.786249
vt 0.682855 0.797762
vt 0.752231 0.610254
vt 0.470614 0.786449
vt 0.730195 0.591151
vt 0.823080 0.384140
vt 0.616062 0.651589
s 0
usemtl MAT_metal_dark_blued
f 556/916/546 554/917/546 553/918/546
f 557/919/546 555/920/546 554/917/546
f 559/921/547 557/919/547 556/916/547
f 560/922/547 558/923/547 557/919/547
f 565/924/548 563/925/548 562/926/548
f 566/927/548 564/928/548 563/929/548
f 568/930/548 566/931/548 565/932/548
f 569/933/548 567/934/548 566/935/548
f 574/936/549 572/937/549 571/938/549
f 575/939/549 573/940/549 572/937/549
f 577/941/549 575/939/549 574/936/549
f 578/942/549 576/943/549 575/939/549
f 583/944/550 581/945/550 580/946/550
f 584/947/550 582/948/550 581/945/550
f 586/949/550 584/947/550 583/944/550
f 587/950/550 585/951/550 584/947/550
f 592/952/551 590/953/551 589/954/551
f 593/955/551 591/956/551 590/953/551
f 595/957/551 593/955/551 592/952/551
f 593/955/551 597/958/551 594/959/551
f 601/960/552 599/961/552 598/962/552
f 602/963/552 600/964/552 599/961/552
f 604/965/552 602/963/552 601/960/552
f 605/966/552 603/967/552 602/963/552
f 607/968/553 611/969/553 613/970/553
f 608/971/554 611/972/554 610/973/554
f 609/974/555 611/972/555 612/975/555
f 614/976/556 618/977/556 620/978/556
f 615/979/557 618/977/557 617/980/557
f 616/981/558 618/977/558 619/982/558
f 621/983/559 625/984/559 627/985/559
f 622/986/560 625/984/560 624/987/560
f 623/988/561 625/989/561 626/990/561
f 628/991/562 632/992/562 634/993/562
f 629/994/563 632/992/563 631/995/563
f 630/996/564 632/992/564 633/997/564
f 635/998/565 639/999/565 641/1000/565
f 636/1001/566 639/999/566 638/1002/566
f 637/1003/567 639/1004/567 640/1005/567
f 642/1006/568 646/1007/568 648/1008/568
f 643/1009/569 646/1007/569 645/1010/569
f 644/1011/570 646/1007/570 647/1012/570
f 649/1013/571 653/1014/571 655/1015/571
f 650/1016/572 653/1014/572 652/1017/572
f 651/1018/573 653/1019/573 654/1020/573
f 656/1021/574 660/1022/574 662/1023/574
f 657/1024/575 660/1022/575 659/1025/575
f 658/1026/576 660/1022/576 661/1027/576
f 607/968/577 671/1028/577 670/1029/577
f 613/1030/578 669/1031/578 671/1032/578
f 679/1033/579 617/980/579 680/1034/579
f 680/1034/580 614/976/580 678/1035/580
f 628/991/581 689/1036/581 688/1037/581
f 634/993/582 687/1038/582 689/1036/582
f 622/986/583 698/1039/583 697/1040/583
f 624/987/584 696/1041/584 698/1039/584
f 706/1042/585 626/990/585 707/1043/585
f 707/1044/586 622/986/586 705/1045/586
f 656/1021/587 716/1046/587 715/1047/587
f 662/1023/588 714/1048/588 716/1046/588
f 724/1049/589 652/1017/589 725/1050/589
f 725/1050/590 649/1013/590 723/1051/590
f 733/1052/591 654/1020/591 734/1053/591
f 734/1054/592 650/1016/592 732/1055/592
f 742/1056/593 648/1008/593 743/1057/593
f 743/1057/594 644/1011/594 741/1058/594
f 636/1001/595 752/1059/595 751/1060/595
f 638/1002/596 750/1061/596 752/1059/596
f 760/1062/597 640/1005/597 761/1063/597
f 640/1064/598 759/1065/598 761/1066/598
f 616/981/599 770/1067/599 769/1068/599
f 619/982/600 768/1069/600 770/1067/600
f 663/1070/577 627/1071/577 623/988/577
f 665/1072/601 621/983/601 627/985/601
f 666/1073/577 665/1074/577 663/1075/577
f 668/1076/601 664/1077/601 665/1072/601
f 670/1078/577 668/1079/577 666/1080/577
f 671/1032/601 667/1081/601 668/1076/601
f 608/971/602 674/1082/602 612/975/602
f 612/975/603 673/1083/603 609/974/603
f 672/1084/579 677/1085/579 674/1082/579
f 674/1082/580 676/1086/580 673/1083/580
f 675/1087/579 680/1034/579 677/1085/579
f 677/1085/580 678/1035/580 676/1086/580
f 681/1088/581 620/978/581 616/981/581
f 683/1089/604 614/976/604 620/978/604
f 684/1090/581 683/1089/581 681/1088/581
f 686/1091/604 682/1092/604 683/1089/604
f 688/1037/581 686/1091/581 684/1090/581
f 689/1036/604 685/1093/604 686/1091/604
f 690/1094/605 633/997/605 629/994/605
f 692/1095/606 630/996/606 633/997/606
f 693/1096/583 692/1095/583 690/1094/583
f 695/1097/584 691/1098/584 692/1095/584
f 697/1040/583 695/1097/583 693/1096/583
f 698/1039/584 694/1099/584 695/1097/584
f 699/1100/607 655/1101/607 651/1018/607
f 701/1102/608 649/1013/608 655/1015/608
f 702/1103/609 701/1104/609 699/1105/609
f 704/1106/608 700/1107/608 701/1102/608
f 706/1108/609 704/1109/609 702/1110/609
f 707/1044/608 703/1111/608 704/1106/608
f 628/991/610 710/1112/610 631/995/610
f 631/995/611 709/1113/611 629/994/611
f 708/1114/612 713/1115/612 710/1112/612
f 710/1112/613 712/1116/613 709/1113/613
f 715/1047/614 713/1115/614 711/1117/614
f 716/1046/615 712/1116/615 713/1115/615
f 657/1024/589 719/1118/589 661/1027/589
f 661/1027/590 718/1119/590 658/1026/590
f 717/1120/589 722/1121/589 719/1118/589
f 719/1118/590 721/1122/590 718/1119/590
f 724/1049/589 722/1121/589 720/1123/589
f 725/1050/590 721/1122/590 722/1121/590
f 726/1124/616 641/1125/616 637/1003/616
f 728/1126/592 635/998/592 641/1000/592
f 729/1127/591 728/1128/591 726/1129/591
f 731/1130/592 727/1131/592 728/1126/592
f 733/1132/591 731/1133/591 729/1134/591
f 734/1054/592 730/1135/592 731/1130/592
f 735/1136/617 659/1025/617 656/1021/617
f 737/1137/618 657/1024/618 659/1025/618
f 738/1138/593 737/1137/593 735/1136/593
f 740/1139/594 736/1140/594 737/1137/594
f 742/1056/593 740/1139/593 738/1138/593
f 743/1057/594 739/1141/594 740/1139/594
f 744/1142/595 647/1012/595 643/1009/595
f 746/1143/596 644/1011/596 647/1012/596
f 747/1144/595 746/1143/595 744/1142/595
f 749/1145/596 745/1146/596 746/1143/596
f 751/1060/595 749/1145/595 747/1144/595
f 752/1059/596 748/1147/596 749/1145/596
f 753/1148/619 610/1149/619 607/968/619
f 755/1150/620 608/971/620 610/973/620
f 756/1151/597 755/1152/597 753/1153/597
f 758/1154/621 754/1155/621 755/1150/621
f 756/1156/597 761/1157/597 758/1158/597
f 758/1154/598 759/1065/598 757/1159/598
f 642/1006/622 764/1160/622 645/1010/622
f 645/1010/623 763/1161/623 643/1009/623
f 762/1162/624 767/1163/624 764/1160/624
f 764/1160/625 766/1164/625 763/1161/625
f 769/1068/626 767/1163/626 765/1165/626
f 770/1067/627 766/1164/627 767/1163/627
f 673/1083/552 669/1031/552 609/974/552
f 754/1155/549 672/1084/549 608/971/549
f 564/1166/628 607/968/628 670/1029/628
f 614/976/552 604/965/552 678/1035/552
f 579/1167/549 615/979/549 679/1033/549
f 681/1088/629 769/1068/629 561/1168/629
f 600/964/552 621/983/552 664/1077/552
f 697/1040/551 705/1045/551 622/986/551
f 706/1042/628 663/1070/628 623/988/628
f 628/991/629 559/921/629 708/1114/629
f 687/1038/552 691/1098/552 606/1169/552
f 629/994/551 595/957/551 690/1094/551
f 582/948/550 635/998/550 727/1131/550
f 751/1060/549 759/1065/549 636/1001/549
f 726/1124/548 760/1062/548 570/1170/548
f 555/920/630 642/1006/630 742/1056/630
f 741/1058/550 745/1146/550 588/1171/550
f 643/1009/549 577/941/549 744/1142/549
f 591/956/551 649/1013/551 700/1107/551
f 724/1049/550 732/1055/550 650/1016/550
f 651/1018/548 568/1172/548 699/1100/548
f 715/1047/630 735/1136/630 656/1021/630
f 597/958/551 658/1026/551 718/1119/551
f 657/1024/550 586/949/550 717/1120/550
f 599/961/552 664/1077/552 667/1081/552
f 562/1173/628 666/1073/628 663/1075/628
f 598/962/552 667/1081/552 669/1031/552
f 563/1174/628 670/1078/628 666/1080/628
f 676/1086/552 598/962/552 673/1083/552
f 573/940/549 675/1087/549 672/1084/549
f 678/1035/552 601/960/552 676/1086/552
f 576/943/549 679/1033/549 675/1087/549
f 682/1092/552 605/966/552 604/965/552
f 684/1090/629 561/1168/629 560/922/629
f 685/1093/552 606/1169/552 605/966/552
f 688/1037/629 560/922/629 559/921/629
f 606/1169/552 694/1099/552 603/967/552
f 690/1094/551 592/952/551 693/1096/551
f 600/964/552 694/1099/552 696/1041/552
f 693/1096/551 589/954/551 697/1040/551
f 590/953/551 700/1107/551 703/1111/551
f 699/1105/548 565/1175/548 702/1103/548
f 705/1045/551 590/953/551 703/1111/551
f 702/1110/548 562/1176/548 706/1108/548
f 709/1113/551 596/1177/551 595/957/551
f 708/1114/547 556/916/547 711/1117/547
f 596/1177/551 714/1048/551 597/958/551
f 711/1117/546 553/918/546 715/1047/546
f 594/959/551 718/1119/551 721/1122/551
f 717/1120/550 583/944/550 720/1123/550
f 594/959/551 723/1051/551 591/956/551
f 720/1123/550 580/946/550 724/1049/550
f 581/945/550 727/1131/550 730/1135/550
f 729/1127/548 570/1178/548 569/1179/548
f 580/946/550 730/1135/550 732/1055/550
f 733/1132/548 569/1180/548 568/1181/548
f 736/1140/550 587/950/550 586/949/550
f 553/918/630 738/1138/630 735/1136/630
f 739/1141/550 588/1171/550 587/950/550
f 554/917/630 742/1056/630 738/1138/630
f 588/1171/550 748/1147/550 585/951/550
f 744/1142/549 574/936/549 747/1144/549
f 585/951/550 750/1061/550 582/948/550
f 747/1144/549 571/938/549 751/1060/549
f 572/937/549 754/1155/549 757/1159/549
f 567/1182/548 753/1153/548 564/1183/548
f 571/938/549 757/1159/549 759/1065/549
f 570/1184/548 756/1156/548 567/1185/548
f 763/1161/549 578/942/549 577/941/549
f 558/923/546 762/1162/546 555/920/546
f 578/942/549 768/1069/549 579/1167/549
f 561/1168/547 765/1165/547 558/923/547
f 556/916/546 557/919/546 554/917/546
f 557/919/546 558/923/546 555/920/546
f 559/921/547 560/922/547 557/919/547
f 560/922/547 561/1168/547 558/923/547
f 565/924/548 566/1186/548 563/925/548
f 566/927/548 567/1187/548 564/928/548
f 568/930/548 569/1188/548 566/931/548
f 569/933/548 570/1189/548 567/934/548
f 574/936/549 575/939/549 572/937/549
f 575/939/549 576/943/549 573/940/549
f 577/941/549 578/942/549 575/939/549
f 578/942/549 579/1167/549 576/943/549
f 583/944/550 584/947/550 581/945/550
f 584/947/550 585/951/550 582/948/550
f 586/949/550 587/950/550 584/947/550
f 587/950/550 588/1171/550 585/951/550
f 592/952/551 593/955/551 590/953/551
f 593/955/551 594/959/551 591/956/551
f 595/957/551 596/1177/551 593/955/551
f 593/955/551 596/1177/551 597/958/551
f 601/960/552 602/963/552 599/961/552
f 602/963/552 603/967/552 600/964/552
f 604/965/552 605/966/552 602/963/552
f 605/966/552 606/1169/552 603/967/552
f 607/968/631 610/1149/631 611/969/631
f 608/971/632 612/975/632 611/972/632
f 609/974/633 613/1030/633 611/972/633
f 614/976/634 617/980/634 618/977/634
f 615/979/635 619/982/635 618/977/635
f 616/981/636 620/978/636 618/977/636
f 621/983/637 624/987/637 625/984/637
f 622/986/638 626/1190/638 625/984/638
f 623/988/639 627/1071/639 625/989/639
f 628/991/640 631/995/640 632/992/640
f 629/994/641 633/997/641 632/992/641
f 630/996/642 634/993/642 632/992/642
f 635/998/643 638/1002/643 639/999/643
f 636/1001/644 640/1064/644 639/999/644
f 637/1003/645 641/1125/645 639/1004/645
f 642/1006/646 645/1010/646 646/1007/646
f 643/1009/647 647/1012/647 646/1007/647
f 644/1011/648 648/1008/648 646/1007/648
f 649/1013/649 652/1017/649 653/1014/649
f 650/1016/650 654/1191/650 653/1014/650
f 651/1018/651 655/1101/651 653/1019/651
f 656/1021/652 659/1025/652 660/1022/652
f 657/1024/653 661/1027/653 660/1022/653
f 658/1026/654 662/1023/654 660/1022/654
f 607/968/655 613/970/655 671/1028/655
f 613/1030/656 609/974/656 669/1031/656
f 679/1033/579 615/979/579 617/980/579
f 680/1034/580 617/980/580 614/976/580
f 628/991/657 634/993/657 689/1036/657
f 634/993/658 630/996/658 687/1038/658
f 622/986/583 624/987/583 698/1039/583
f 624/987/584 621/983/584 696/1041/584
f 706/1042/659 623/988/659 626/990/659
f 707/1044/660 626/1190/660 622/986/660
f 656/1021/661 662/1023/661 716/1046/661
f 662/1023/662 658/1026/662 714/1048/662
f 724/1049/589 650/1016/589 652/1017/589
f 725/1050/590 652/1017/590 649/1013/590
f 733/1052/616 651/1018/616 654/1020/616
f 734/1054/592 654/1191/592 650/1016/592
f 742/1056/617 642/1006/617 648/1008/617
f 743/1057/618 648/1008/618 644/1011/618
f 636/1001/595 638/1002/595 752/1059/595
f 638/1002/596 635/998/596 750/1061/596
f 760/1062/663 637/1003/663 640/1005/663
f 640/1064/598 636/1001/598 759/1065/598
f 616/981/599 619/982/599 770/1067/599
f 619/982/600 615/979/600 768/1069/600
f 663/1070/577 665/1192/577 627/1071/577
f 665/1072/601 664/1077/601 621/983/601
f 666/1073/577 668/1193/577 665/1074/577
f 668/1076/601 667/1081/601 664/1077/601
f 670/1078/577 671/1194/577 668/1079/577
f 671/1032/601 669/1031/601 667/1081/601
f 608/971/579 672/1084/579 674/1082/579
f 612/975/664 674/1082/664 673/1083/664
f 672/1084/579 675/1087/579 677/1085/579
f 674/1082/580 677/1085/580 676/1086/580
f 675/1087/579 679/1033/579 680/1034/579
f 677/1085/580 680/1034/580 678/1035/580
f 681/1088/581 683/1089/581 620/978/581
f 683/1089/604 682/1092/604 614/976/604
f 684/1090/581 686/1091/581 683/1089/581
f 686/1091/604 685/1093/604 682/1092/604
f 688/1037/581 689/1036/581 686/1091/581
f 689/1036/604 687/1038/604 685/1093/604
f 690/1094/665 692/1095/665 633/997/665
f 692/1095/584 691/1098/584 630/996/584
f 693/1096/583 695/1097/583 692/1095/583
f 695/1097/584 694/1099/584 691/1098/584
f 697/1040/583 698/1039/583 695/1097/583
f 698/1039/584 696/1041/584 694/1099/584
f 699/1100/609 701/1195/609 655/1101/609
f 701/1102/608 700/1107/608 649/1013/608
f 702/1103/609 704/1196/609 701/1104/609
f 704/1106/608 703/1111/608 700/1107/608
f 706/1108/609 707/1197/609 704/1109/609
f 707/1044/666 705/1045/666 703/1111/666
f 628/991/667 708/1114/667 710/1112/667
f 631/995/668 710/1112/668 709/1113/668
f 708/1114/612 711/1117/612 713/1115/612
f 710/1112/613 713/1115/613 712/1116/613
f 715/1047/669 716/1046/669 713/1115/669
f 716/1046/615 714/1048/615 712/1116/615
f 657/1024/589 717/1120/589 719/1118/589
f 661/1027/590 719/1118/590 718/1119/590
f 717/1120/589 720/1123/589 722/1121/589
f 719/1118/590 722/1121/590 721/1122/590
f 724/1049/589 725/1050/589 722/1121/589
f 725/1050/590 723/1051/590 721/1122/590
f 726/1124/591 728/1198/591 641/1125/591
f 728/1126/592 727/1131/592 635/998/592
f 729/1127/591 731/1199/591 728/1128/591
f 731/1130/592 730/1135/592 727/1131/592
f 733/1132/591 734/1200/591 731/1133/591
f 734/1054/592 732/1055/592 730/1135/592
f 735/1136/593 737/1137/593 659/1025/593
f 737/1137/594 736/1140/594 657/1024/594
f 738/1138/593 740/1139/593 737/1137/593
f 740/1139/594 739/1141/594 736/1140/594
f 742/1056/593 743/1057/593 740/1139/593
f 743/1057/594 741/1058/594 739/1141/594
f 744/1142/595 746/1143/595 647/1012/595
f 746/1143/596 745/1146/596 644/1011/596
f 747/1144/595 749/1145/595 746/1143/595
f 749/1145/596 748/1147/596 745/1146/596
f 751/1060/595 752/1059/595 749/1145/595
f 752/1059/596 750/1061/596 748/1147/596
f 753/1148/670 755/1201/670 610/1149/670
f 755/1150/620 754/1155/620 608/971/620
f 756/1151/597 758/1202/597 755/1152/597
f 758/1154/598 757/1159/598 754/1155/598
f 756/1156/597 760/1203/597 761/1157/597
f 758/1154/598 761/1066/598 759/1065/598
f 642/1006/671 762/1162/671 764/1160/671
f 645/1010/672 764/1160/672 763/1161/672
f 762/1162/673 765/1165/673 767/1163/673
f 764/1160/625 767/1163/625 766/1164/625
f 769/1068/626 770/1067/626 767/1163/626
f 770/1067/627 768/1069/627 766/1164/627
f 673/1083/552 598/962/552 669/1031/552
f 754/1155/549 573/940/549 672/1084/549
f 564/1166/628 753/1148/628 607/968/628
f 614/976/552 682/1092/552 604/965/552
f 579/1167/549 768/1069/549 615/979/549
f 681/1088/629 616/981/629 769/1068/629
f 600/964/552 696/1041/552 621/983/552
f 697/1040/551 589/954/551 705/1045/551
f 706/1042/628 562/1204/628 663/1070/628
f 628/991/629 688/1037/629 559/921/629
f 687/1038/552 630/996/552 691/1098/552
f 629/994/551 709/1113/551 595/957/551
f 582/948/550 750/1061/550 635/998/550
f 751/1060/549 571/938/549 759/1065/549
f 726/1124/548 637/1003/548 760/1062/548
f 555/920/630 762/1162/630 642/1006/630
f 741/1058/550 644/1011/550 745/1146/550
f 643/1009/549 763/1161/549 577/941/549
f 591/956/551 723/1051/551 649/1013/551
f 724/1049/550 580/946/550 732/1055/550
f 651/1018/548 733/1052/548 568/1172/548
f 715/1047/630 553/918/630 735/1136/630
f 597/958/551 714/1048/551 658/1026/551
f 657/1024/550 736/1140/550 586/949/550
f 599/961/552 600/964/552 664/1077/552
f 562/1173/628 563/1205/628 666/1073/628
f 598/962/552 599/961/552 667/1081/552
f 563/1174/628 564/1206/628 670/1078/628
f 676/1086/552 601/960/552 598/962/552
f 573/940/549 576/943/549 675/1087/549
f 678/1035/552 604/965/552 601/960/552
f 576/943/549 579/1167/549 679/1033/549
f 682/1092/552 685/1093/552 605/966/552
f 684/1090/629 681/1088/629 561/1168/629
f 685/1093/552 687/1038/552 606/1169/552
f 688/1037/629 684/1090/629 560/922/629
f 606/1169/552 691/1098/552 694/1099/552
f 690/1094/551 595/957/551 592/952/551
f 600/964/552 603/967/552 694/1099/552
f 693/1096/551 592/952/551 589/954/551
f 590/953/551 591/956/551 700/1107/551
f 699/1105/548 568/1207/548 565/1175/548
f 705/1045/551 589/954/551 590/953/551
f 702/1110/548 565/1208/548 562/1176/548
f 709/1113/551 712/1116/551 596/1177/551
f 708/1114/547 559/921/547 556/916/547
f 596/1177/551 712/1116/551 714/1048/551
f 711/1117/546 556/916/546 553/918/546
f 594/959/551 597/958/551 718/1119/551
f 717/1120/550 586/949/550 583/944/550
f 594/959/551 721/1122/551 723/1051/551
f 720/1123/550 583/944/550 580/946/550
f 581/945/550 582/948/550 727/1131/550
f 729/1127/548 726/1129/548 570/1178/548
f 580/946/550 581/945/550 730/1135/550
f 733/1132/548 729/1134/548 569/1180/548
f 736/1140/550 739/1141/550 587/950/550
f 553/918/630 554/917/630 738/1138/630
f 739/1141/550 741/1058/550 588/1171/550
f 554/917/630 555/920/630 742/1056/630
f 588/1171/550 745/1146/550 748/1147/550
f 744/1142/549 577/941/549 574/936/549
f 585/951/550 748/1147/550 750/1061/550
f 747/1144/549 574/936/549 571/938/549
f 572/937/549 573/940/549 754/1155/549
f 567/1182/548 756/1151/548 753/1153/548
f 571/938/549 572/937/549 757/1159/549
f 570/1184/548 760/1203/548 756/1156/548
f 763/1161/549 766/1164/549 578/942/549
f 558/923/546 765/1165/546 762/1162/546
f 578/942/549 766/1164/549 768/1069/549
f 561/1168/547 769/1068/547 765/1165/547
o AK_grip_main
v -0.103845 -0.034040 -0.005000
v -0.103845 -0.034040 0.005000
v -0.111692 -0.036589 -0.005000
v -0.111692 -0.036589 0.005000
v -0.079364 -0.147003 -0.005000
v -0.079364 -0.147003 0.005000
v -0.065099 -0.142368 -0.005000
v -0.065099 -0.142368 0.005000
v -0.076944 -0.105911 0.015000
v -0.091210 -0.110546 0.015000
v -0.089860 -0.069801 0.015000
v -0.101986 -0.073741 0.015000
v -0.059825 -0.100349 -0.005000
v -0.059825 -0.100349 0.005000
v -0.077734 -0.065861 -0.005000
v -0.077734 -0.065861 0.005000
v -0.091210 -0.110546 -0.015000
v -0.076944 -0.105911 -0.015000
v -0.101986 -0.073741 -0.015000
v -0.089860 -0.069801 -0.015000
v -0.102623 -0.114254 0.005000
v -0.102623 -0.114254 -0.005000
v -0.114112 -0.077681 0.005000
v -0.114112 -0.077681 -0.005000
v -0.091728 -0.151021 0.013000
v -0.092186 -0.149067 0.015000
v -0.094098 -0.149694 0.013000
v -0.091829 -0.150438 0.014414
v -0.093017 -0.150545 0.014155
v -0.093546 -0.149478 0.014414
v -0.093210 -0.150888 0.013000
v -0.119259 -0.041119 0.013000
v -0.117340 -0.040527 0.015000
v -0.117636 -0.038520 0.013000
v -0.118693 -0.040951 0.014414
v -0.118612 -0.039720 0.014155
v -0.117546 -0.039114 0.014414
v -0.118903 -0.039532 0.013000
v -0.094098 -0.149694 -0.013000
v -0.092186 -0.149067 -0.015000
v -0.091728 -0.151021 -0.013000
v -0.093536 -0.149508 -0.014414
v -0.093022 -0.150554 -0.014155
v -0.091860 -0.150446 -0.014414
v -0.093212 -0.150890 -0.013000
v -0.117636 -0.038520 -0.013000
v -0.117340 -0.040527 -0.015000
v -0.119259 -0.041119 -0.013000
v -0.117616 -0.039130 -0.014414
v -0.118629 -0.039709 -0.014155
v -0.118706 -0.040880 -0.014414
v -0.118899 -0.039537 -0.013000
v -0.051300 -0.135788 0.013000
v -0.053223 -0.136407 0.015000
v -0.052735 -0.138351 0.013000
v -0.051868 -0.135970 0.014414
v -0.051839 -0.137172 0.014155
v -0.052882 -0.137782 0.014414
v -0.051523 -0.137344 0.013000
v -0.097901 -0.032108 0.013000
v -0.096969 -0.033908 0.015000
v -0.095061 -0.033256 0.013000
v -0.097563 -0.032614 0.014414
v -0.096401 -0.032487 0.014155
v -0.095651 -0.033389 0.014414
v -0.096281 -0.032188 0.013000
v -0.053223 -0.136407 -0.015000
v -0.051300 -0.135788 -0.013000
v -0.052735 -0.138351 -0.013000
v -0.051856 -0.136000 -0.014414
v -0.051831 -0.137177 -0.014155
v -0.051527 -0.137344 -0.013000
v -0.052851 -0.137773 -0.014414
v -0.097901 -0.032108 -0.013000
v -0.095061 -0.033256 -0.013000
v -0.096969 -0.033908 -0.015000
v -0.096280 -0.032181 -0.013000
v -0.096408 -0.032505 -0.014155
v -0.095621 -0.033454 -0.014414
v -0.097630 -0.032642 -0.014414
v -0.091728 -0.151021 -0.005000
v -0.094098 -0.149694 -0.005000
v -0.093210 -0.150888 -0.005000
v -0.094098 -0.149694 0.005000
v -0.091728 -0.151021 0.005000
v -0.093210 -0.150888 0.005000
v -0.100710 -0.113633 0.015000
v -0.102623 -0.114254 0.013000
v -0.102062 -0.114072 0.014414
v -0.114112 -0.077681 0.013000
v -0.112198 -0.077059 0.015000
v -0.113551 -0.077499 0.014414
v -0.117636 -0.038520 0.005000
v -0.119259 -0.041119 0.005000
v -0.118899 -0.039537 0.005000
v -0.119259 -0.041119 -0.005000
v -0.117636 -0.038520 -0.005000
v -0.118899 -0.039537 -0.005000
v -0.112198 -0.077059 -0.015000
v -0.114112 -0.077681 -0.013000
v -0.113551 -0.077499 -0.014414
v -0.102623 -0.114254 -0.013000
v -0.100710 -0.113633 -0.015000
v -0.102062 -0.114072 -0.014414
v -0.065099 -0.142368 -0.013000
v -0.065717 -0.140466 -0.015000
v -0.065280 -0.141811 -0.014414
v -0.079982 -0.145101 -0.015000
v -0.079364 -0.147003 -0.013000
v -0.079545 -0.146446 -0.014414
v -0.111692 -0.036589 -0.013000
v -0.111185 -0.038527 -0.015000
v -0.111543 -0.037157 -0.014414
v -0.103116 -0.035905 -0.015000
v -0.103845 -0.034040 -0.013000
v -0.103632 -0.034586 -0.014414
v -0.077734 -0.065861 -0.013000
v -0.079657 -0.066486 -0.015000
v -0.078297 -0.066044 -0.014414
v -0.061747 -0.100973 -0.015000
v -0.059825 -0.100349 -0.013000
v -0.060388 -0.100532 -0.014414
v -0.052735 -0.138351 0.005000
v -0.051300 -0.135788 0.005000
v -0.051527 -0.137344 0.005000
v -0.051300 -0.135788 -0.005000
v -0.052735 -0.138351 -0.005000
v -0.051527 -0.137344 -0.005000
v -0.097901 -0.032108 -0.005000
v -0.095061 -0.033256 -0.005000
v -0.096281 -0.032188 -0.005000
v -0.095061 -0.033256 0.005000
v -0.097901 -0.032108 0.005000
v -0.096281 -0.032188 0.005000
v -0.079657 -0.066486 0.015000
v -0.077734 -0.065861 0.013000
v -0.078297 -0.066044 0.014414
v -0.059825 -0.100349 0.013000
v -0.061747 -0.100973 0.015000
v -0.060388 -0.100532 0.014414
v -0.079364 -0.147003 0.013000
v -0.079982 -0.145101 0.015000
v -0.079545 -0.146446 0.014414
v -0.065717 -0.140466 0.015000
v -0.065099 -0.142368 0.013000
v -0.065280 -0.141811 0.014414
v -0.103845 -0.034040 0.013000
v -0.103116 -0.035905 0.015000
v -0.103632 -0.034586 0.014414
v -0.111185 -0.038527 0.015000
v -0.111692 -0.036589 0.013000
v -0.111543 -0.037157 0.014414
v -0.091479 -0.159877 0.015000
v -0.092097 -0.157975 0.017000
v -0.093999 -0.158593 0.015000
v -0.091660 -0.159320 0.016414
v -0.092839 -0.159430 0.016155
v -0.093442 -0.158412 0.016414
v -0.093005 -0.159757 0.015000
v -0.093333 -0.154171 0.017000
v -0.093951 -0.152269 0.015000
v -0.095235 -0.154789 0.015000
v -0.093770 -0.152826 0.016414
v -0.094788 -0.153429 0.016155
v -0.095115 -0.153263 0.015000
v -0.094678 -0.154608 0.016414
v -0.091479 -0.159877 -0.015000
v -0.093999 -0.158593 -0.015000
v -0.092097 -0.157975 -0.017000
v -0.093005 -0.159757 -0.015000
v -0.092839 -0.159430 -0.016155
v -0.093442 -0.158412 -0.016414
v -0.091660 -0.159320 -0.016414
v -0.093951 -0.152269 -0.015000
v -0.093333 -0.154171 -0.017000
v -0.095235 -0.154789 -0.015000
v -0.093770 -0.152826 -0.016414
v -0.094788 -0.153429 -0.016155
v -0.094678 -0.154608 -0.016414
v -0.095115 -0.153263 -0.015000
v -0.047731 -0.145662 0.015000
v -0.046447 -0.143142 0.015000
v -0.048349 -0.143760 0.017000
v -0.046567 -0.144668 0.015000
v -0.046894 -0.144502 0.016155
v -0.047004 -0.143323 0.016414
v -0.047912 -0.145105 0.016414
v -0.050203 -0.138054 0.015000
v -0.049585 -0.139956 0.017000
v -0.047683 -0.139338 0.015000
v -0.050022 -0.138611 0.016414
v -0.048843 -0.138501 0.016155
v -0.048240 -0.139519 0.016414
v -0.048677 -0.138174 0.015000
v -0.047731 -0.145662 -0.015000
v -0.048349 -0.143760 -0.017000
v -0.046447 -0.143142 -0.015000
v -0.047912 -0.145105 -0.016414
v -0.046894 -0.144502 -0.016155
v -0.047004 -0.143323 -0.016414
v -0.046567 -0.144668 -0.015000
v -0.050203 -0.138054 -0.015000
v -0.047683 -0.139338 -0.015000
v -0.049585 -0.139956 -0.017000
v -0.048677 -0.138174 -0.015000
v -0.048843 -0.138501 -0.016155
v -0.048240 -0.139519 -0.016414
v -0.050022 -0.138611 -0.016414
vn -0.3090 0.9511 -0.0000
vn 0.3090 -0.9511 -0.0000
vn -0.0000 -0.0000 1.0000
vn 0.8875 0.4609 -0.0000
vn -0.0000 -0.0000 -1.0000
vn -0.9540 -0.2997 -0.0000
vn -0.0851 -0.9511 0.2968
vn -0.1568 -0.4223 0.8928
vn -0.7880 -0.4832 0.3816
vn -0.9394 0.2110 0.2703
vn -0.4435 0.2127 0.8707
vn -0.5256 0.7720 0.3574
vn -0.7684 -0.5692 -0.2924
vn -0.2717 -0.3557 -0.8942
vn 0.0015 -0.9265 -0.3764
vn -0.6065 0.7534 -0.2541
vn -0.3896 0.2896 -0.8743
vn -0.9302 0.1367 -0.3406
vn 0.9503 -0.1356 0.2804
vn 0.4385 -0.1794 0.8807
vn 0.5355 -0.7626 0.3628
vn 0.0479 0.9659 0.2546
vn 0.1446 0.4624 0.8748
vn 0.6719 0.6570 0.3419
vn 0.3840 -0.2735 -0.8819
vn 0.9320 -0.0586 -0.3576
vn 0.6164 -0.7398 -0.2696
vn -0.0289 0.9332 -0.3581
vn 0.6362 0.7217 -0.2727
vn 0.2333 0.4315 -0.8714
vn -0.0753 -0.9565 0.2817
vn -0.1545 -0.4363 0.8865
vn -0.7560 -0.5419 0.3672
vn -0.4363 0.1545 0.8865
vn -0.5419 0.7560 0.3672
vn -0.9565 0.0753 0.2817
vn 0.0060 -0.9301 -0.3672
vn -0.7296 -0.6231 -0.2817
vn -0.2621 -0.3814 -0.8865
vn -0.6231 0.7296 -0.2817
vn -0.3814 0.2621 -0.8865
vn -0.9301 -0.0060 -0.3672
vn 0.5419 -0.7560 0.3672
vn 0.9565 -0.0753 0.2817
vn 0.4363 -0.1545 0.8865
vn 0.0753 0.9565 0.2817
vn 0.1545 0.4363 0.8865
vn 0.7560 0.5419 0.3672
vn 0.6231 -0.7296 -0.2817
vn 0.3814 -0.2621 -0.8865
vn 0.9301 0.0060 -0.3672
vn -0.0060 0.9301 -0.3672
vn 0.7296 0.6231 -0.2817
vn 0.2621 0.3814 -0.8865
vn -0.0891 -0.9960 -0.0000
vn -0.8025 -0.5967 -0.0000
vn -0.3819 -0.0537 0.9226
vn -0.9161 -0.1290 0.3797
vn -0.6271 0.7789 -0.0000
vn -0.9751 0.2219 -0.0000
vn -0.3712 -0.0893 -0.9243
vn -0.8979 -0.2160 -0.3836
vn 0.2854 -0.8787 -0.3827
vn 0.1183 -0.3640 -0.9239
vn -0.2855 0.8787 -0.3827
vn -0.1179 0.3641 -0.9239
vn 0.8973 0.2158 -0.3851
vn 0.3697 0.0889 -0.9249
vn 0.6401 -0.7683 -0.0000
vn 0.9896 -0.1440 -0.0000
vn 0.0495 0.9988 -0.0000
vn 0.6584 0.7527 -0.0000
vn 0.3698 0.0889 0.9249
vn 0.8973 0.2158 0.3851
vn 0.2855 -0.8787 0.3827
vn 0.1183 -0.3639 0.9239
vn -0.2855 0.8787 0.3827
vn -0.1186 0.3639 0.9239
vn -0.0876 -0.9962 0.0003
vn -0.8035 -0.5952 0.0003
vn -0.3713 -0.0893 0.9242
vn -0.8979 -0.2160 0.3835
vn -0.3633 -0.1141 0.9247
vn -0.8807 -0.2767 0.3846
vn -0.6240 0.7814 -0.0000
vn -0.9757 0.2192 -0.0006
vn -0.3817 -0.0537 -0.9227
vn -0.9160 -0.1289 -0.3800
vn -0.3632 -0.1141 -0.9247
vn -0.8806 -0.2766 -0.3847
vn 0.2855 -0.8787 -0.3827
vn -0.1183 0.3640 -0.9239
vn 0.8154 0.4334 -0.3838
vn 0.3401 0.1807 -0.9229
vn 0.8203 0.4260 -0.3818
vn 0.3404 0.1768 -0.9235
vn 0.6388 -0.7694 -0.0003
vn 0.9900 -0.1413 -0.0000
vn 0.0451 0.9990 0.0009
vn 0.6613 0.7502 0.0008
vn 0.3391 0.1802 0.9233
vn 0.8163 0.4338 0.3814
vn 0.3404 0.1768 0.9235
vn 0.8203 0.4260 0.3818
vn 0.1183 -0.3640 0.9239
vn -0.1183 0.3640 0.9239
vn -0.0785 -0.9969 -0.0000
vn -0.7604 -0.6494 -0.0000
vn -0.3640 -0.1183 0.9239
vn -0.8787 -0.2855 0.3827
vn -0.6495 0.7604 -0.0000
vn -0.9969 0.0785 -0.0000
vn -0.3640 -0.1183 -0.9239
vn -0.8787 -0.2855 -0.3827
vn 0.8787 0.2855 -0.3827
vn 0.3640 0.1183 -0.9239
vn 0.6495 -0.7604 -0.0000
vn 0.9969 -0.0785 -0.0000
vn 0.0785 0.9969 -0.0000
vn 0.7604 0.6494 -0.0000
vn 0.3640 0.1183 0.9239
vn 0.8787 0.2855 0.3827
vn -0.9723 -0.2339 -0.0000
vn -0.9902 -0.1394 -0.0000
vn 0.9723 0.2339 -0.0000
vn 0.8831 0.4693 -0.0000
vn -0.9511 -0.3090 -0.0000
vn 0.9511 0.3090 -0.0000
vn 0.0003 -0.9245 0.3812
vn -0.2776 -0.3545 0.8929
vn -0.7662 -0.5697 0.2973
vn -0.9254 0.1355 0.3540
vn -0.3851 0.3049 0.8710
vn -0.6003 0.7517 0.2731
vn -0.7904 -0.4825 -0.3774
vn -0.1612 -0.4177 -0.8942
vn -0.0838 -0.9529 -0.2915
vn -0.5311 0.7754 -0.3416
vn -0.4321 0.2224 -0.8740
vn -0.9434 0.2147 -0.2526
vn 0.9291 -0.0563 0.3656
vn 0.3826 -0.2802 0.8804
vn 0.6136 -0.7390 0.2781
vn -0.0265 0.9392 0.3424
vn 0.2179 0.4329 0.8747
vn 0.6368 0.7280 0.2539
vn 0.4332 -0.1849 -0.8821
vn 0.9526 -0.1386 -0.2708
vn 0.5371 -0.7644 -0.3566
vn 0.0434 0.9607 -0.2740
vn 0.6692 0.6520 -0.3565
vn 0.1320 0.4722 -0.8716
vn 0.0060 -0.9301 0.3672
vn -0.2621 -0.3814 0.8865
vn -0.7296 -0.6231 0.2817
vn -0.3814 0.2621 0.8865
vn -0.6231 0.7296 0.2817
vn -0.9301 -0.0060 0.3672
vn -0.0753 -0.9565 -0.2817
vn -0.7560 -0.5419 -0.3672
vn -0.1545 -0.4363 -0.8865
vn -0.5419 0.7560 -0.3672
vn -0.4363 0.1545 -0.8865
vn -0.9565 0.0753 -0.2817
vn 0.6231 -0.7296 0.2817
vn 0.9301 0.0060 0.3672
vn 0.3814 -0.2621 0.8865
vn -0.0060 0.9301 0.3672
vn 0.2621 0.3814 0.8865
vn 0.7296 0.6231 0.2817
vn 0.5419 -0.7560 -0.3672
vn 0.4363 -0.1545 -0.8865
vn 0.9565 -0.0753 -0.2817
vn 0.0753 0.9565 -0.2817
vn 0.7560 0.5419 -0.3672
vn 0.1545 0.4363 -0.8865
vn -0.3824 -0.0538 0.9224
vn -0.9154 -0.1288 0.3814
vn -0.3718 -0.0894 -0.9240
vn -0.8974 -0.2159 -0.3849
vn 0.2854 -0.8784 -0.3834
vn 0.1183 -0.3642 -0.9238
vn -0.2842 0.8776 -0.3861
vn -0.1187 0.3653 -0.9233
vn 0.8973 0.2159 -0.3850
vn 0.3699 0.0890 -0.9248
vn 0.3708 0.0892 0.9244
vn 0.8964 0.2155 0.3873
vn 0.2855 -0.8784 0.3834
vn 0.1183 -0.3642 0.9238
vn -0.2859 0.8770 0.3861
vn -0.1187 0.3653 0.9233
vn -0.3712 -0.0893 0.9243
vn -0.8979 -0.2160 0.3836
vn -0.3632 -0.1141 0.9247
vn -0.8806 -0.2766 0.3847
vn -0.6271 0.7789 -0.0008
vn -0.3819 -0.0538 -0.9226
vn -0.9161 -0.1290 -0.3797
vn -0.3633 -0.1141 -0.9247
vn -0.8807 -0.2767 -0.3846
vn 0.8164 0.4338 -0.3812
vn 0.3392 0.1803 -0.9233
vn 0.8203 0.4260 -0.3816
vn 0.3406 0.1769 -0.9234
vn 0.9896 -0.1440 -0.0005
vn 0.3392 0.1803 0.9233
vn 0.8164 0.4338 0.3812
vn 0.3406 0.1769 0.9234
vn 0.8203 0.4260 0.3816
vn -0.6494 0.7604 -0.0000
vn 0.6494 -0.7604 -0.0000
vt 0.327681 0.497099
vt 0.328625 0.497697
vt 0.327767 0.497805
vt 0.279498 0.247016
vt 0.342167 0.338823
vt 0.305707 0.340507
vt 0.340351 0.499691
vt 0.381686 0.454703
vt 0.438460 0.490709
vt 0.325989 0.512177
vt 0.420157 0.891944
vt 0.239613 0.879400
vt 0.317363 0.494171
vt 0.216324 0.493290
vt 0.272223 0.454878
vt 0.329403 0.487099
vt 0.319055 0.443847
vt 0.335884 0.444225
vt 0.349794 0.378661
vt 0.350065 0.383251
vt 0.346786 0.382927
vt 0.353985 0.383385
vt 0.353854 0.379512
vt 0.346943 0.386223
vt 0.350092 0.386815
vt 0.329238 0.495842
vt 0.329230 0.496231
vt 0.329064 0.496265
vt 0.329576 0.496086
vt 0.329443 0.495877
vt 0.329094 0.496423
vt 0.329251 0.496405
vt 0.306194 0.390141
vt 0.303208 0.387960
vt 0.306297 0.387084
vt 0.299261 0.387764
vt 0.303235 0.391336
vt 0.303060 0.382667
vt 0.299428 0.384224
vt 0.327022 0.496685
vt 0.326875 0.496536
vt 0.327027 0.496534
vt 0.326512 0.496400
vt 0.326875 0.496703
vt 0.326805 0.496110
vt 0.326636 0.496202
vt 0.850134 0.567196
vt 0.839922 0.560969
vt 0.850134 0.556984
vt 0.572903 0.196484
vt 0.583014 0.149051
vt 0.593787 0.184463
vt 0.544581 0.148466
vt 0.572940 0.168788
vt 0.329308 0.498094
vt 0.329483 0.498258
vt 0.329311 0.498249
vt 0.329953 0.498450
vt 0.329456 0.498069
vt 0.329673 0.498851
vt 0.329861 0.498717
vt 0.034651 0.156067
vt 0.011195 0.114857
vt 0.030884 0.127228
vt 0.942212 0.567196
vt 0.948108 0.556984
vt 0.952424 0.566811
vt 0.070098 0.110588
vt 0.049050 0.083490
vt 0.327155 0.498376
vt 0.326986 0.498587
vt 0.326987 0.498387
vt 0.326887 0.499142
vt 0.327179 0.498541
vt 0.326535 0.498787
vt 0.326641 0.499070
vt 0.796202 0.091715
vt 0.798676 0.075480
vt 0.795427 0.066681
vt 0.789769 0.103807
vt 0.800610 0.101930
vt 0.787142 0.076791
vt 0.792066 0.078134
vt 0.770785 0.114296
vt 0.766098 0.102504
vt 0.774978 0.093354
vt 0.757584 0.115138
vt 0.759943 0.116172
vt 0.770279 0.094185
vt 0.761994 0.104294
vt 0.720367 0.018336
vt 0.712953 0.011512
vt 0.715959 0.008121
vt 0.712032 0.044631
vt 0.717676 0.009034
vt 0.710341 0.043661
vt 0.707108 0.043288
vt 0.696120 0.154320
vt 0.692732 0.151138
vt 0.695392 0.154249
vt 0.699379 0.117745
vt 0.693761 0.153286
vt 0.701036 0.118652
vt 0.696337 0.119482
vt 0.799749 0.784918
vt 0.800592 0.839372
vt 0.800610 0.824265
vt 0.940507 0.927091
vt 0.934611 0.937303
vt 0.930294 0.927091
vt 0.753797 0.736374
vt 0.751500 0.762047
vt 0.617813 0.444981
vt 0.615918 0.497746
vt 0.613404 0.455825
vt 0.657472 0.553857
vt 0.610659 0.465967
vt 0.960931 0.927091
vt 0.971143 0.932987
vt 0.960931 0.937303
vt 0.796548 0.114865
vt 0.796414 0.076339
vt 0.799239 0.124168
vt 0.786425 0.071021
vt 0.795687 0.075519
vt 0.940507 0.773909
vt 0.930294 0.768013
vt 0.940507 0.763697
vt 0.751210 0.075508
vt 0.758628 0.056493
vt 0.758365 0.054523
vt 0.960931 0.773909
vt 0.966827 0.763697
vt 0.971143 0.773909
vt 0.767627 0.059021
vt 0.770669 0.057284
vt 0.334376 0.381122
vt 0.335415 0.375482
vt 0.334455 0.384404
vt 0.334453 0.489244
vt 0.333742 0.488491
vt 0.332879 0.488204
vt 0.327582 0.496384
vt 0.327606 0.496557
vt 0.327468 0.495915
vt 0.299886 0.445713
vt 0.295247 0.447246
vt 0.303719 0.445337
vt 0.280508 0.355029
vt 0.274208 0.358659
vt 0.274104 0.363679
vt 0.326911 0.497879
vt 0.327082 0.497863
vt 0.326366 0.498026
vt 0.952424 0.753080
vt 0.942212 0.753316
vt 0.009346 0.137528
vt 0.102607 0.758145
vt 0.088577 0.790896
vt 0.224489 0.005190
vt 0.231824 0.037434
vt 0.942212 0.556984
vt 0.901363 0.567196
vt 0.901363 0.556984
vt 0.328753 0.498427
vt 0.328722 0.498250
vt 0.328939 0.499123
vt 0.576348 0.783720
vt 0.593361 0.819990
vt 0.839922 0.753080
vt 0.850134 0.753316
vt 0.434584 0.291167
vt 0.420587 0.282646
vt 0.434786 0.301578
vt 0.329352 0.496891
vt 0.329187 0.496913
vt 0.329815 0.496706
vt 0.317790 0.382322
vt 0.316179 0.376747
vt 0.317855 0.385523
vt 0.353645 0.446882
vt 0.350094 0.446348
vt 0.358347 0.448190
vt 0.328460 0.496459
vt 0.328438 0.496288
vt 0.328488 0.495816
vt 0.320883 0.489622
vt 0.321549 0.488779
vt 0.322305 0.488465
vt 0.204686 0.290674
vt 0.205293 0.301245
vt 0.219649 0.281942
vt 0.326828 0.497165
vt 0.326334 0.497010
vt 0.326999 0.497153
vt 0.319504 0.509311
vt 0.319014 0.507962
vt 0.320793 0.509895
vt 0.437265 0.032627
vt 0.562483 0.126804
vt 0.890983 0.567196
vt 0.427576 0.061418
vt 0.890983 0.763697
vt 0.839922 0.773909
vt 0.839922 0.763697
vt 0.327853 0.498541
vt 0.327832 0.498362
vt 0.327757 0.499241
vt 0.338475 0.507573
vt 0.338110 0.509044
vt 0.336972 0.509640
vt 0.371179 0.352209
vt 0.378432 0.355556
vt 0.378602 0.360729
vt 0.329473 0.497596
vt 0.330041 0.497704
vt 0.329304 0.497615
vt 0.960931 0.763697
vt 0.800524 0.809952
vt 0.930294 0.773909
vt 0.751938 0.075578
vt 0.971143 0.927091
vt 0.653279 0.574799
vt 0.338218 0.493321
vt 0.328527 0.496994
vt 0.325358 0.487251
vt 0.890983 0.753316
vt 0.364601 0.248560
vt 0.332376 0.511967
vt 0.316466 0.500729
vt 0.118503 0.809193
vt 0.890983 0.960028
vt 0.890983 0.773909
vt 0.559061 0.835011
vt 0.839922 0.566975
vt 0.940507 0.937303
vt 0.789658 0.071394
vt 0.890983 0.556984
vt 0.901363 0.753316
vt 0.839922 0.960028
s 0
usemtl MAT_grip_dark_bakelite
f 773/1209/674 772/1210/674 771/1211/674
f 777/1212/675 776/1213/675 775/1214/675
f 781/1215/676 780/1216/676 779/1217/676
f 785/1218/677 784/1219/677 783/1220/677
f 789/1221/678 788/1222/678 787/1223/678
f 793/1224/679 792/1225/679 791/1226/679
f 795/1227/680 799/1228/680 801/1229/680
f 796/1230/681 799/1228/681 798/1231/681
f 797/1232/682 799/1228/682 800/1233/682
f 802/1234/683 806/1235/683 808/1236/683
f 803/1237/684 806/1235/684 805/1238/684
f 804/1239/685 806/1235/685 807/1240/685
f 809/1241/686 813/1242/686 815/1243/686
f 810/1244/687 813/1242/687 812/1245/687
f 811/1246/688 813/1242/688 814/1247/688
f 816/1248/689 820/1249/689 822/1250/689
f 817/1251/690 820/1249/690 819/1252/690
f 818/1253/691 820/1249/691 821/1254/691
f 823/1255/692 827/1256/692 829/1257/692
f 824/1258/693 827/1259/693 826/1260/693
f 825/1261/694 827/1259/694 828/1262/694
f 830/1263/695 834/1264/695 836/1265/695
f 831/1266/696 834/1264/696 833/1267/696
f 832/1268/697 834/1264/697 835/1269/697
f 837/1270/698 841/1271/698 843/1272/698
f 838/1273/699 841/1274/699 840/1275/699
f 839/1276/700 841/1271/700 842/1277/700
f 844/1278/701 848/1279/701 850/1280/701
f 845/1281/702 848/1279/702 847/1282/702
f 846/1283/703 848/1279/703 849/1284/703
f 923/1285/704 927/1286/704 929/1287/704
f 924/1288/705 927/1286/705 926/1289/705
f 925/1290/706 927/1286/706 928/1291/706
f 930/1292/707 934/1293/707 936/1294/707
f 931/1295/708 934/1293/708 933/1296/708
f 932/1297/709 934/1293/709 935/1298/709
f 937/1299/710 941/1300/710 943/1301/710
f 938/1302/711 941/1300/711 940/1303/711
f 939/1304/712 941/1300/712 942/1305/712
f 944/1306/713 948/1307/713 950/1308/713
f 945/1309/714 948/1307/714 947/1310/714
f 946/1311/715 948/1307/715 949/1312/715
f 951/1313/716 955/1314/716 957/1315/716
f 952/1316/717 955/1317/717 954/1318/717
f 953/1319/718 955/1314/718 956/1320/718
f 958/1321/719 962/1322/719 964/1323/719
f 959/1324/720 962/1322/720 961/1325/720
f 960/1326/721 962/1327/721 963/1328/721
f 965/1329/722 969/1330/722 971/1331/722
f 966/1332/723 969/1330/723 968/1333/723
f 967/1334/724 969/1335/724 970/1336/724
f 972/1337/725 976/1338/725 978/1339/725
f 973/1340/726 976/1341/726 975/1342/726
f 974/1343/727 976/1338/727 977/1344/727
f 795/1227/728 856/1345/728 855/1346/728
f 801/1229/729 854/1347/729 856/1345/729
f 861/1348/730 805/1238/730 862/1349/730
f 862/1349/731 802/1234/731 860/1350/731
f 816/1248/732 868/1351/732 867/1352/732
f 822/1250/733 866/1353/733 868/1351/733
f 810/1244/734 874/1354/734 873/1355/734
f 812/1245/735 872/1356/735 874/1354/735
f 879/1357/736 814/1247/736 880/1358/736
f 880/1358/737 810/1244/737 878/1359/737
f 844/1278/738 886/1360/738 885/1361/738
f 850/1280/739 884/1362/739 886/1360/739
f 838/1273/740 892/1363/740 891/1364/740
f 840/1365/741 890/1366/741 892/1367/741
f 839/1276/742 898/1368/742 897/1369/742
f 842/1370/743 896/1371/743 898/1372/743
f 830/1263/744 904/1373/744 903/1374/744
f 836/1265/745 902/1375/745 904/1373/745
f 909/1376/746 826/1260/746 910/1377/746
f 910/1378/747 823/1255/747 908/1379/747
f 825/1261/748 916/1380/748 915/1381/748
f 828/1262/749 914/1382/749 916/1380/749
f 804/1239/750 922/1383/750 921/1384/750
f 807/1240/751 920/1385/751 922/1383/751
f 811/1246/752 853/1386/752 815/1243/752
f 853/1386/753 809/1241/753 815/1243/753
f 855/1346/728 853/1386/728 851/1387/728
f 856/1345/729 852/1388/729 853/1386/729
f 796/1230/754 859/1389/754 800/1233/754
f 800/1233/755 858/1390/755 797/1232/755
f 857/1391/756 862/1349/756 859/1389/756
f 859/1389/757 860/1350/757 858/1390/757
f 863/1392/758 808/1236/758 804/1239/758
f 865/1393/759 802/1234/759 808/1236/759
f 867/1352/732 865/1393/732 863/1392/732
f 868/1351/733 864/1394/733 865/1393/733
f 869/1395/760 821/1254/760 817/1251/760
f 871/1396/761 818/1253/761 821/1254/761
f 873/1355/762 871/1396/762 869/1395/762
f 874/1354/763 870/1397/763 871/1396/763
f 839/1276/764 877/1398/764 843/1272/764
f 843/1272/737 876/1399/737 837/1270/737
f 879/1357/764 877/1398/764 875/1400/764
f 880/1358/737 876/1399/737 877/1398/737
f 816/1248/738 883/1401/738 819/1252/738
f 819/1252/765 882/1402/765 817/1251/765
f 885/1361/738 883/1401/738 881/1403/738
f 886/1360/765 882/1402/765 883/1401/765
f 845/1281/766 889/1404/766 849/1284/766
f 849/1284/767 888/1405/767 846/1283/767
f 887/1406/768 892/1367/768 889/1404/768
f 889/1404/769 890/1366/769 888/1405/769
f 825/1261/770 895/1407/770 829/1408/770
f 829/1257/771 894/1409/771 823/1255/771
f 897/1369/742 895/1407/742 893/1410/742
f 898/1411/743 894/1412/743 895/1413/743
f 844/1278/772 901/1414/772 847/1282/772
f 901/1414/773 845/1281/773 847/1282/773
f 903/1374/744 901/1414/744 899/1415/744
f 904/1373/745 900/1416/745 901/1414/745
f 905/1417/774 835/1269/774 831/1266/774
f 907/1418/775 832/1268/775 835/1269/775
f 909/1376/776 907/1418/776 905/1417/776
f 910/1377/777 906/1419/777 907/1418/777
f 911/1420/748 798/1231/748 795/1227/748
f 913/1421/778 796/1230/778 798/1231/778
f 915/1381/748 913/1421/748 911/1420/748
f 916/1380/778 912/1422/778 913/1421/778
f 830/1263/750 919/1423/750 833/1267/750
f 833/1267/779 918/1424/779 831/1266/779
f 921/1384/750 919/1423/750 917/1425/750
f 922/1383/779 918/1424/779 919/1423/779
f 923/1285/780 940/1303/780 937/1299/780
f 929/1287/781 938/1302/781 940/1303/781
f 924/1288/782 936/1294/782 928/1291/782
f 936/1294/783 925/1290/783 928/1291/783
f 944/1306/784 935/1298/784 931/1295/784
f 950/1308/785 932/1297/785 935/1298/785
f 939/1304/786 949/1312/786 945/1309/786
f 949/1312/787 938/1302/787 946/1311/787
f 937/1299/764 968/1333/764 965/1329/764
f 943/1301/737 966/1332/737 968/1333/737
f 972/1337/738 947/1310/738 944/1306/738
f 978/1339/765 945/1309/765 947/1310/765
f 967/1334/788 977/1426/788 973/1340/788
f 977/1344/789 966/1332/789 974/1343/789
f 965/1329/790 954/1427/790 951/1313/790
f 971/1428/791 952/1316/791 954/1318/791
f 958/1321/792 975/1429/792 972/1337/792
f 964/1430/793 973/1340/793 975/1342/793
f 953/1319/794 963/1431/794 959/1324/794
f 963/1328/795 952/1316/795 960/1326/795
f 951/1313/748 926/1289/748 923/1285/748
f 957/1315/778 924/1288/778 926/1289/778
f 931/1295/750 961/1325/750 958/1321/750
f 933/1296/779 959/1324/779 961/1325/779
f 858/1390/796 854/1347/796 797/1232/796
f 912/1422/676 857/1391/676 796/1230/676
f 776/1213/675 795/1227/675 855/1346/675
f 802/1234/797 793/1224/797 860/1350/797
f 782/1432/676 803/1237/676 861/1348/676
f 863/1392/674 921/1384/674 774/1433/674
f 792/1225/796 809/1241/796 852/1388/796
f 873/1355/678 878/1359/678 810/1244/678
f 879/1357/675 851/1387/675 811/1246/675
f 816/1248/674 773/1209/674 881/1403/674
f 866/1353/797 870/1397/797 794/1434/797
f 817/1251/678 789/1221/678 869/1395/678
f 784/1435/798 823/1255/798 894/1409/798
f 824/1258/676 779/1217/676 914/1382/676
f 893/1410/675 915/1381/675 778/1436/675
f 772/1210/674 830/1263/674 903/1374/674
f 902/1375/799 906/1419/799 786/1437/799
f 831/1266/676 781/1215/676 905/1417/676
f 788/1222/678 837/1270/678 876/1399/678
f 891/1364/798 896/1371/798 838/1273/798
f 839/1276/675 777/1212/675 875/1400/675
f 885/1361/674 899/1415/674 844/1278/674
f 790/1438/678 846/1283/678 888/1405/678
f 845/1281/799 785/1218/799 887/1406/799
f 791/1226/796 852/1388/796 854/1347/796
f 775/1214/675 855/1346/675 851/1387/675
f 860/1350/679 791/1226/679 858/1390/679
f 780/1216/676 861/1348/676 857/1391/676
f 864/1394/797 794/1434/797 793/1224/797
f 867/1352/674 774/1433/674 773/1209/674
f 794/1434/679 872/1356/679 792/1225/679
f 869/1395/678 787/1223/678 873/1355/678
f 787/1223/678 876/1399/678 878/1359/678
f 875/1400/675 775/1214/675 879/1357/675
f 789/1221/678 884/1362/678 790/1438/678
f 881/1403/674 771/1211/674 885/1361/674
f 788/1222/678 888/1405/678 890/1366/678
f 887/1406/677 783/1220/677 891/1439/677
f 783/1440/798 894/1412/798 896/1441/798
f 897/1369/675 778/1436/675 777/1212/675
f 900/1416/799 786/1437/799 785/1218/799
f 771/1211/674 903/1374/674 899/1415/674
f 786/1437/677 908/1442/677 784/1219/677
f 905/1417/676 779/1217/676 909/1376/676
f 779/1217/676 912/1422/676 914/1382/676
f 778/1436/675 911/1420/675 776/1213/675
f 781/1215/676 920/1385/676 782/1432/676
f 774/1433/674 917/1425/674 772/1210/674
f 965/1329/675 923/1285/675 937/1299/675
f 932/1297/800 938/1302/800 925/1290/800
f 959/1324/676 924/1288/676 953/1319/676
f 944/1306/674 958/1321/674 972/1337/674
f 945/1309/678 966/1332/678 939/1304/678
f 973/1340/801 952/1316/801 967/1334/801
f 773/1209/674 774/1433/674 772/1210/674
f 777/1212/675 778/1436/675 776/1213/675
f 781/1215/676 782/1432/676 780/1216/676
f 785/1218/677 786/1437/677 784/1219/677
f 789/1221/678 790/1438/678 788/1222/678
f 793/1224/679 794/1434/679 792/1225/679
f 795/1227/802 798/1231/802 799/1228/802
f 796/1230/803 800/1233/803 799/1228/803
f 797/1232/804 801/1229/804 799/1228/804
f 802/1234/805 805/1238/805 806/1235/805
f 803/1237/806 807/1240/806 806/1235/806
f 804/1239/807 808/1236/807 806/1235/807
f 809/1241/808 812/1245/808 813/1242/808
f 810/1244/809 814/1247/809 813/1242/809
f 811/1246/810 815/1243/810 813/1242/810
f 816/1248/811 819/1252/811 820/1249/811
f 817/1251/812 821/1254/812 820/1249/812
f 818/1253/813 822/1250/813 820/1249/813
f 823/1255/814 826/1443/814 827/1256/814
f 824/1258/815 828/1262/815 827/1259/815
f 825/1261/816 829/1408/816 827/1259/816
f 830/1263/817 833/1267/817 834/1264/817
f 831/1266/818 835/1269/818 834/1264/818
f 832/1268/819 836/1265/819 834/1264/819
f 837/1270/820 840/1365/820 841/1271/820
f 838/1273/821 842/1370/821 841/1274/821
f 839/1276/822 843/1272/822 841/1271/822
f 844/1278/823 847/1282/823 848/1279/823
f 845/1281/824 849/1284/824 848/1279/824
f 846/1283/825 850/1280/825 848/1279/825
f 923/1285/826 926/1289/826 927/1286/826
f 924/1288/827 928/1291/827 927/1286/827
f 925/1290/828 929/1287/828 927/1286/828
f 930/1292/829 933/1296/829 934/1293/829
f 931/1295/830 935/1298/830 934/1293/830
f 932/1297/831 936/1294/831 934/1293/831
f 937/1299/832 940/1303/832 941/1300/832
f 938/1302/833 942/1305/833 941/1300/833
f 939/1304/834 943/1301/834 941/1300/834
f 944/1306/835 947/1310/835 948/1307/835
f 945/1309/836 949/1312/836 948/1307/836
f 946/1311/837 950/1308/837 948/1307/837
f 951/1313/838 954/1427/838 955/1314/838
f 952/1316/839 956/1444/839 955/1317/839
f 953/1319/840 957/1315/840 955/1314/840
f 958/1321/841 961/1325/841 962/1322/841
f 959/1324/842 963/1431/842 962/1322/842
f 960/1326/843 964/1430/843 962/1327/843
f 965/1329/844 968/1333/844 969/1330/844
f 966/1332/845 970/1445/845 969/1330/845
f 967/1334/846 971/1428/846 969/1335/846
f 972/1337/847 975/1429/847 976/1338/847
f 973/1340/848 977/1426/848 976/1341/848
f 974/1343/849 978/1339/849 976/1338/849
f 795/1227/728 801/1229/728 856/1345/728
f 801/1229/729 797/1232/729 854/1347/729
f 861/1348/850 803/1237/850 805/1238/850
f 862/1349/851 805/1238/851 802/1234/851
f 816/1248/732 822/1250/732 868/1351/732
f 822/1250/733 818/1253/733 866/1353/733
f 810/1244/852 812/1245/852 874/1354/852
f 812/1245/853 809/1241/853 872/1356/853
f 879/1357/854 811/1246/854 814/1247/854
f 880/1358/855 814/1247/855 810/1244/855
f 844/1278/856 850/1280/856 886/1360/856
f 850/1280/857 846/1283/857 884/1362/857
f 838/1273/858 840/1275/858 892/1363/858
f 840/1365/859 837/1270/859 890/1366/859
f 839/1276/742 842/1277/742 898/1368/742
f 842/1370/743 838/1273/743 896/1371/743
f 830/1263/744 836/1265/744 904/1373/744
f 836/1265/745 832/1268/745 902/1375/745
f 909/1376/860 824/1258/860 826/1260/860
f 910/1378/861 826/1443/861 823/1255/861
f 825/1261/862 828/1262/862 916/1380/862
f 828/1262/863 824/1258/863 914/1382/863
f 804/1239/864 807/1240/864 922/1383/864
f 807/1240/865 803/1237/865 920/1385/865
f 811/1246/728 851/1387/728 853/1386/728
f 853/1386/729 852/1388/729 809/1241/729
f 855/1346/728 856/1345/728 853/1386/728
f 856/1345/729 854/1347/729 852/1388/729
f 796/1230/866 857/1391/866 859/1389/866
f 800/1233/867 859/1389/867 858/1390/867
f 857/1391/868 861/1348/868 862/1349/868
f 859/1389/869 862/1349/869 860/1350/869
f 863/1392/870 865/1393/870 808/1236/870
f 865/1393/733 864/1394/733 802/1234/733
f 867/1352/732 868/1351/732 865/1393/732
f 868/1351/733 866/1353/733 864/1394/733
f 869/1395/871 871/1396/871 821/1254/871
f 871/1396/872 870/1397/872 818/1253/872
f 873/1355/873 874/1354/873 871/1396/873
f 874/1354/874 872/1356/874 870/1397/874
f 839/1276/764 875/1400/764 877/1398/764
f 843/1272/737 877/1398/737 876/1399/737
f 879/1357/764 880/1358/764 877/1398/764
f 880/1358/737 878/1359/737 876/1399/737
f 816/1248/738 881/1403/738 883/1401/738
f 819/1252/765 883/1401/765 882/1402/765
f 885/1361/738 886/1360/738 883/1401/738
f 886/1360/765 884/1362/765 882/1402/765
f 845/1281/875 887/1406/875 889/1404/875
f 849/1284/876 889/1404/876 888/1405/876
f 887/1406/877 891/1439/877 892/1367/877
f 889/1404/878 892/1367/878 890/1366/878
f 825/1261/742 893/1410/742 895/1407/742
f 829/1257/879 895/1446/879 894/1409/879
f 897/1369/742 898/1368/742 895/1407/742
f 898/1411/743 896/1441/743 894/1412/743
f 844/1278/744 899/1415/744 901/1414/744
f 901/1414/745 900/1416/745 845/1281/745
f 903/1374/744 904/1373/744 901/1414/744
f 904/1373/745 902/1375/745 900/1416/745
f 905/1417/880 907/1418/880 835/1269/880
f 907/1418/881 906/1419/881 832/1268/881
f 909/1376/882 910/1377/882 907/1418/882
f 910/1377/883 908/1442/883 906/1419/883
f 911/1420/748 913/1421/748 798/1231/748
f 913/1421/778 912/1422/778 796/1230/778
f 915/1381/748 916/1380/748 913/1421/748
f 916/1380/778 914/1382/778 912/1422/778
f 830/1263/750 917/1425/750 919/1423/750
f 833/1267/779 919/1423/779 918/1424/779
f 921/1384/750 922/1383/750 919/1423/750
f 922/1383/779 920/1385/779 918/1424/779
f 923/1285/780 929/1287/780 940/1303/780
f 929/1287/781 925/1290/781 938/1302/781
f 924/1288/782 930/1292/782 936/1294/782
f 936/1294/783 932/1297/783 925/1290/783
f 944/1306/884 950/1308/884 935/1298/884
f 950/1308/785 946/1311/785 932/1297/785
f 939/1304/786 942/1305/786 949/1312/786
f 949/1312/787 942/1305/787 938/1302/787
f 937/1299/764 943/1301/764 968/1333/764
f 943/1301/737 939/1304/737 966/1332/737
f 972/1337/738 978/1339/738 947/1310/738
f 978/1339/765 974/1343/765 945/1309/765
f 967/1334/788 970/1336/788 977/1426/788
f 977/1344/789 970/1445/789 966/1332/789
f 965/1329/885 971/1331/885 954/1427/885
f 971/1428/791 967/1334/791 952/1316/791
f 958/1321/792 964/1323/792 975/1429/792
f 964/1430/793 960/1326/793 973/1340/793
f 953/1319/794 956/1320/794 963/1431/794
f 963/1328/795 956/1444/795 952/1316/795
f 951/1313/748 957/1315/748 926/1289/748
f 957/1315/778 953/1319/778 924/1288/778
f 931/1295/750 933/1296/750 961/1325/750
f 933/1296/779 930/1292/779 959/1324/779
f 858/1390/796 791/1226/796 854/1347/796
f 912/1422/676 780/1216/676 857/1391/676
f 776/1213/675 911/1420/675 795/1227/675
f 802/1234/797 864/1394/797 793/1224/797
f 782/1432/676 920/1385/676 803/1237/676
f 863/1392/674 804/1239/674 921/1384/674
f 792/1225/796 872/1356/796 809/1241/796
f 873/1355/678 787/1223/678 878/1359/678
f 879/1357/675 775/1214/675 851/1387/675
f 816/1248/674 867/1352/674 773/1209/674
f 866/1353/797 818/1253/797 870/1397/797
f 817/1251/678 882/1402/678 789/1221/678
f 784/1435/798 908/1379/798 823/1255/798
f 824/1258/676 909/1376/676 779/1217/676
f 893/1410/675 825/1261/675 915/1381/675
f 772/1210/674 917/1425/674 830/1263/674
f 902/1375/799 832/1268/799 906/1419/799
f 831/1266/676 918/1424/676 781/1215/676
f 788/1222/678 890/1366/678 837/1270/678
f 891/1364/798 783/1447/798 896/1371/798
f 839/1276/675 897/1369/675 777/1212/675
f 885/1361/674 771/1211/674 899/1415/674
f 790/1438/678 884/1362/678 846/1283/678
f 845/1281/799 900/1416/799 785/1218/799
f 791/1226/796 792/1225/796 852/1388/796
f 775/1214/675 776/1213/675 855/1346/675
f 860/1350/679 793/1224/679 791/1226/679
f 780/1216/676 782/1432/676 861/1348/676
f 864/1394/797 866/1353/797 794/1434/797
f 867/1352/674 863/1392/674 774/1433/674
f 794/1434/679 870/1397/679 872/1356/679
f 869/1395/678 789/1221/678 787/1223/678
f 787/1223/678 788/1222/678 876/1399/678
f 875/1400/675 777/1212/675 775/1214/675
f 789/1221/678 882/1402/678 884/1362/678
f 881/1403/674 773/1209/674 771/1211/674
f 788/1222/678 790/1438/678 888/1405/678
f 887/1406/677 785/1218/677 783/1220/677
f 783/1440/798 784/1448/798 894/1412/798
f 897/1369/675 893/1410/675 778/1436/675
f 900/1416/799 902/1375/799 786/1437/799
f 771/1211/674 772/1210/674 903/1374/674
f 786/1437/677 906/1419/677 908/1442/677
f 905/1417/676 781/1215/676 779/1217/676
f 779/1217/676 780/1216/676 912/1422/676
f 778/1436/675 915/1381/675 911/1420/675
f 781/1215/676 918/1424/676 920/1385/676
f 774/1433/674 921/1384/674 917/1425/674
f 965/1329/675 951/1313/675 923/1285/675
f 932/1297/800 946/1311/800 938/1302/800
f 959/1324/676 930/1292/676 924/1288/676
f 944/1306/674 931/1295/674 958/1321/674
f 945/1309/678 974/1343/678 966/1332/678
f 973/1340/801 960/1326/801 952/1316/801
o AK_groove_grip_001
v -0.109620 -0.061979 0.009500
v -0.109774 -0.061504 0.010000
v -0.110250 -0.061658 0.009500
v -0.110701 -0.058651 0.010000
v -0.110856 -0.058175 0.009500
v -0.111177 -0.058805 0.009500
v -0.109620 -0.061979 -0.009500
v -0.110250 -0.061658 -0.009500
v -0.109774 -0.061504 -0.010000
v -0.110856 -0.058175 -0.009500
v -0.110701 -0.058651 -0.010000
v -0.111177 -0.058805 -0.009500
v -0.109144 -0.061825 0.009500
v -0.108823 -0.061195 0.009500
v -0.109299 -0.061349 0.010000
v -0.110380 -0.058021 0.009500
v -0.110226 -0.058496 0.010000
v -0.109750 -0.058342 0.009500
v -0.109144 -0.061825 -0.009500
v -0.109299 -0.061349 -0.010000
v -0.108823 -0.061195 -0.009500
v -0.110380 -0.058021 -0.009500
v -0.109750 -0.058342 -0.009500
v -0.110226 -0.058496 -0.010000
vn -0.3707 -0.7275 0.5774
vn -0.7275 0.3707 0.5774
vn -0.3707 -0.7275 -0.5774
vn -0.7275 0.3707 -0.5774
vn 0.7275 -0.3707 0.5774
vn 0.3707 0.7275 0.5774
vn 0.7275 -0.3707 -0.5774
vn 0.3707 0.7275 -0.5774
vn -0.4540 -0.8910 -0.0000
vn -0.6725 -0.2185 0.7071
vn -0.8910 0.4540 -0.0000
vn -0.6725 -0.2185 -0.7071
vn 0.2185 -0.6725 -0.7071
vn -0.2185 0.6725 -0.7071
vn 0.6725 0.2185 -0.7071
vn 0.8910 -0.4540 -0.0000
vn 0.4540 0.8910 -0.0000
vn 0.6725 0.2185 0.7071
vn 0.2185 -0.6725 0.7071
vn -0.2185 0.6725 0.7071
vn 0.3090 -0.9511 -0.0000
vn -0.9511 -0.3090 -0.0000
vn -0.0000 -0.0000 1.0000
vn -0.3090 0.9511 -0.0000
vn -0.0000 -0.0000 -1.0000
vn 0.9511 0.3090 -0.0000
vt 0.816097 0.835435
vt 0.816097 0.832881
vt 0.818650 0.835435
vt 0.983398 0.556984
vt 0.983398 0.559537
vt 0.980845 0.559537
vt 0.816097 0.932450
vt 0.818650 0.932450
vt 0.816097 0.935003
vt 0.983398 0.656553
vt 0.983398 0.659106
vt 0.980845 0.656553
vt 0.813544 0.835435
vt 0.810991 0.835435
vt 0.813544 0.832881
vt 0.985951 0.559537
vt 0.985951 0.556984
vt 0.988504 0.559537
vt 0.813544 0.932450
vt 0.813544 0.935003
vt 0.810991 0.932450
vt 0.985951 0.656553
vt 0.988504 0.656553
vt 0.985951 0.659106
vt 0.028336 0.904878
vt 0.030889 0.920196
vt 0.028336 0.920196
vt 0.007743 0.920196
vt 0.005190 0.904878
vt 0.007743 0.904878
vt 0.622039 0.965620
vt 0.606721 0.968173
vt 0.606721 0.965620
vt 0.622039 0.866051
vt 0.606721 0.868604
vt 0.606721 0.866051
vt 0.699136 0.965620
vt 0.714454 0.868604
vt 0.714454 0.965620
vt 0.025783 0.904878
vt 0.025783 0.920196
vt 0.010296 0.920196
vt 0.622039 0.868604
vt 0.030889 0.904878
vt 0.005190 0.920196
vt 0.622039 0.968173
vt 0.699136 0.868604
vt 0.010296 0.904878
s 0
usemtl MAT_grip_dark_bakelite
f 979/1449/886 980/1450/886 981/1451/886
f 982/1452/887 983/1453/887 984/1454/887
f 985/1455/888 986/1456/888 987/1457/888
f 988/1458/889 989/1459/889 990/1460/889
f 991/1461/890 992/1462/890 993/1463/890
f 994/1464/891 995/1465/891 996/1466/891
f 997/1467/892 998/1468/892 999/1469/892
f 1000/1470/893 1001/1471/893 1002/1472/893
f 979/1449/894 986/1456/894 985/1455/894
f 982/1473/895 981/1474/895 980/1475/895
f 988/1458/896 984/1454/896 983/1453/896
f 987/1476/897 990/1477/897 989/1478/897
f 985/1455/898 998/1468/898 997/1467/898
f 1000/1470/899 989/1459/899 988/1458/899
f 999/1479/900 1002/1480/900 1001/1481/900
f 997/1467/901 992/1462/901 991/1461/901
f 994/1464/902 1001/1471/902 1000/1470/902
f 993/1482/903 996/1483/903 995/1484/903
f 991/1461/904 980/1450/904 979/1449/904
f 983/1453/905 995/1465/905 994/1464/905
f 997/1467/906 979/1449/906 985/1455/906
f 984/1485/907 986/1486/907 981/1487/907
f 995/1488/908 980/1475/908 993/1489/908
f 988/1458/909 994/1464/909 1000/1470/909
f 989/1478/910 998/1490/910 987/1476/910
f 1001/1481/911 992/1491/911 999/1479/911
f 979/1449/894 981/1451/894 986/1456/894
f 982/1473/895 984/1492/895 981/1474/895
f 988/1458/896 990/1460/896 984/1454/896
f 987/1476/897 986/1493/897 990/1477/897
f 985/1455/898 987/1457/898 998/1468/898
f 1000/1470/899 1002/1472/899 989/1459/899
f 999/1479/900 998/1494/900 1002/1480/900
f 997/1467/901 999/1469/901 992/1462/901
f 994/1464/902 996/1466/902 1001/1471/902
f 993/1482/903 992/1491/903 996/1483/903
f 991/1461/904 993/1463/904 980/1450/904
f 983/1453/905 982/1452/905 995/1465/905
f 997/1467/906 991/1461/906 979/1449/906
f 984/1485/907 990/1495/907 986/1486/907
f 995/1488/908 982/1473/908 980/1475/908
f 988/1458/909 983/1453/909 994/1464/909
f 989/1478/910 1002/1496/910 998/1490/910
f 1001/1481/911 996/1483/911 992/1491/911
o AK_groove_grip_002
v -0.109620 -0.091979 0.009500
v -0.109774 -0.091504 0.010000
v -0.110250 -0.091658 0.009500
v -0.110701 -0.088651 0.010000
v -0.110856 -0.088175 0.009500
v -0.111177 -0.088805 0.009500
v -0.109620 -0.091979 -0.009500
v -0.110250 -0.091658 -0.009500
v -0.109774 -0.091504 -0.010000
v -0.110856 -0.088175 -0.009500
v -0.110701 -0.088651 -0.010000
v -0.111177 -0.088805 -0.009500
v -0.109144 -0.091825 0.009500
v -0.108823 -0.091195 0.009500
v -0.109299 -0.091349 0.010000
v -0.110380 -0.088021 0.009500
v -0.110226 -0.088496 0.010000
v -0.109750 -0.088342 0.009500
v -0.109144 -0.091825 -0.009500
v -0.109299 -0.091349 -0.010000
v -0.108823 -0.091195 -0.009500
v -0.110380 -0.088021 -0.009500
v -0.109750 -0.088342 -0.009500
v -0.110226 -0.088496 -0.010000
vn -0.3707 -0.7275 0.5774
vn -0.7275 0.3707 0.5774
vn -0.3707 -0.7275 -0.5774
vn -0.7275 0.3707 -0.5774
vn 0.7275 -0.3707 0.5774
vn 0.3707 0.7275 0.5774
vn 0.7275 -0.3707 -0.5774
vn 0.3707 0.7275 -0.5774
vn -0.4540 -0.8910 -0.0000
vn -0.6725 -0.2185 0.7071
vn -0.8910 0.4540 -0.0000
vn -0.6725 -0.2185 -0.7071
vn 0.2185 -0.6725 -0.7071
vn -0.2185 0.6725 -0.7071
vn 0.6725 0.2185 -0.7071
vn 0.8910 -0.4540 -0.0000
vn 0.4540 0.8910 -0.0000
vn 0.6725 0.2185 0.7071
vn 0.2185 -0.6725 0.7071
vn -0.2185 0.6725 0.7071
vn 0.3090 -0.9511 -0.0000
vn -0.9511 -0.3090 -0.0000
vn -0.0000 -0.0000 1.0000
vn -0.3090 0.9511 -0.0000
vn -0.0000 -0.0000 -1.0000
vn 0.9511 0.3090 -0.0000
vt 0.794104 0.868604
vt 0.794104 0.866051
vt 0.796657 0.868604
vt 0.984077 0.763697
vt 0.984077 0.766250
vt 0.981524 0.766250
vt 0.794104 0.965620
vt 0.796657 0.965620
vt 0.794104 0.968173
vt 0.984077 0.863265
vt 0.984077 0.865818
vt 0.981524 0.863265
vt 0.791551 0.868604
vt 0.788998 0.868604
vt 0.791551 0.866051
vt 0.986630 0.766250
vt 0.986630 0.763697
vt 0.989183 0.766250
vt 0.791551 0.965620
vt 0.791551 0.968173
vt 0.788998 0.965620
vt 0.986630 0.863265
vt 0.989183 0.863265
vt 0.986630 0.865818
vt 0.064416 0.904878
vt 0.066969 0.920196
vt 0.064416 0.920196
vt 0.043823 0.920196
vt 0.041270 0.904878
vt 0.043823 0.904878
vt 0.652844 0.965620
vt 0.637526 0.968173
vt 0.637526 0.965620
vt 0.652844 0.866051
vt 0.637526 0.868604
vt 0.637526 0.866051
vt 0.729941 0.965620
vt 0.745259 0.868604
vt 0.745259 0.965620
vt 0.061863 0.904878
vt 0.061863 0.920196
vt 0.046376 0.920196
vt 0.652844 0.868604
vt 0.066969 0.904878
vt 0.041270 0.920196
vt 0.652844 0.968173
vt 0.729941 0.868604
vt 0.046376 0.904878
s 0
usemtl MAT_grip_dark_bakelite
f 1003/1497/912 1004/1498/912 1005/1499/912
f 1006/1500/913 1007/1501/913 1008/1502/913
f 1009/1503/914 1010/1504/914 1011/1505/914
f 1012/1506/915 1013/1507/915 1014/1508/915
f 1015/1509/916 1016/1510/916 1017/1511/916
f 1018/1512/917 1019/1513/917 1020/1514/917
f 1021/1515/918 1022/1516/918 1023/1517/918
f 1024/1518/919 1025/1519/919 1026/1520/919
f 1003/1497/920 1010/1504/920 1009/1503/920
f 1006/1521/921 1005/1522/921 1004/1523/921
f 1012/1506/922 1008/1502/922 1007/1501/922
f 1011/1524/923 1014/1525/923 1013/1526/923
f 1009/1503/924 1022/1516/924 1021/1515/924
f 1024/1518/925 1013/1507/925 1012/1506/925
f 1023/1527/926 1026/1528/926 1025/1529/926
f 1021/1515/927 1016/1510/927 1015/1509/927
f 1018/1512/928 1025/1519/928 1024/1518/928
f 1017/1530/929 1020/1531/929 1019/1532/929
f 1015/1509/930 1004/1498/930 1003/1497/930
f 1007/1501/931 1019/1513/931 1018/1512/931
f 1021/1515/932 1003/1497/932 1009/1503/932
f 1008/1533/933 1010/1534/933 1005/1535/933
f 1019/1536/934 1004/1523/934 1017/1537/934
f 1012/1506/935 1018/1512/935 1024/1518/935
f 1013/1526/936 1022/1538/936 1011/1524/936
f 1025/1529/937 1016/1539/937 1023/1527/937
f 1003/1497/920 1005/1499/920 1010/1504/920
f 1006/1521/921 1008/1540/921 1005/1522/921
f 1012/1506/922 1014/1508/922 1008/1502/922
f 1011/1524/923 1010/1541/923 1014/1525/923
f 1009/1503/924 1011/1505/924 1022/1516/924
f 1024/1518/925 1026/1520/925 1013/1507/925
f 1023/1527/926 1022/1542/926 1026/1528/926
f 1021/1515/927 1023/1517/927 1016/1510/927
f 1018/1512/928 1020/1514/928 1025/1519/928
f 1017/1530/929 1016/1539/929 1020/1531/929
f 1015/1509/930 1017/1511/930 1004/1498/930
f 1007/1501/931 1006/1500/931 1019/1513/931
f 1021/1515/932 1015/1509/932 1003/1497/932
f 1008/1533/933 1014/1543/933 1010/1534/933
f 1019/1536/934 1006/1521/934 1004/1523/934
f 1012/1506/935 1007/1501/935 1018/1512/935
f 1013/1526/936 1026/1544/936 1022/1538/936
f 1025/1529/937 1020/1531/937 1016/1539/937
o AK_groove_grip_003
v -0.109620 -0.121979 0.009500
v -0.109774 -0.121504 0.010000
v -0.110250 -0.121658 0.009500
v -0.110701 -0.118651 0.010000
v -0.110856 -0.118175 0.009500
v -0.111177 -0.118805 0.009500
v -0.109620 -0.121979 -0.009500
v -0.110250 -0.121658 -0.009500
v -0.109774 -0.121504 -0.010000
v -0.110856 -0.118175 -0.009500
v -0.110701 -0.118651 -0.010000
v -0.111177 -0.118805 -0.009500
v -0.109144 -0.121825 0.009500
v -0.108823 -0.121195 0.009500
v -0.109299 -0.121349 0.010000
v -0.110380 -0.118021 0.009500
v -0.110226 -0.118496 0.010000
v -0.109750 -0.118342 0.009500
v -0.109144 -0.121825 -0.009500
v -0.109299 -0.121349 -0.010000
v -0.108823 -0.121195 -0.009500
v -0.110380 -0.118021 -0.009500
v -0.109750 -0.118342 -0.009500
v -0.110226 -0.118496 -0.010000
vn -0.3707 -0.7275 0.5774
vn -0.7275 0.3707 0.5774
vn -0.3707 -0.7275 -0.5774
vn -0.7275 0.3707 -0.5774
vn 0.7275 -0.3707 0.5774
vn 0.3707 0.7275 0.5774
vn 0.7275 -0.3707 -0.5774
vn 0.3707 0.7275 -0.5774
vn -0.4540 -0.8910 -0.0000
vn -0.6725 -0.2185 0.7071
vn -0.8910 0.4540 -0.0000
vn -0.6725 -0.2185 -0.7071
vn 0.2185 -0.6725 -0.7071
vn -0.2185 0.6725 -0.7071
vn 0.6725 0.2185 -0.7071
vn 0.8910 -0.4540 -0.0000
vn 0.4540 0.8910 -0.0000
vn 0.6725 0.2185 0.7071
vn 0.2185 -0.6725 0.7071
vn -0.2185 0.6725 0.7071
vn 0.3090 -0.9511 -0.0000
vn -0.9511 -0.3090 -0.0000
vn -0.0000 -0.0000 1.0000
vn -0.3090 0.9511 -0.0000
vn -0.0000 -0.0000 -1.0000
vn 0.9511 0.3090 -0.0000
vt 0.967911 0.559537
vt 0.967911 0.556984
vt 0.970464 0.559537
vt 0.984077 0.876199
vt 0.984077 0.878752
vt 0.981524 0.878752
vt 0.967911 0.656553
vt 0.970464 0.656553
vt 0.967911 0.659106
vt 0.984077 0.975767
vt 0.984077 0.978320
vt 0.981524 0.975767
vt 0.965358 0.559537
vt 0.962805 0.559537
vt 0.965358 0.556984
vt 0.986630 0.878752
vt 0.986630 0.876199
vt 0.989183 0.878752
vt 0.965358 0.656553
vt 0.965358 0.659106
vt 0.962805 0.656553
vt 0.986630 0.975767
vt 0.989183 0.975767
vt 0.986630 0.978320
vt 0.100495 0.904878
vt 0.103048 0.920196
vt 0.100495 0.920196
vt 0.079902 0.920196
vt 0.077349 0.904878
vt 0.079902 0.904878
vt 0.683649 0.965620
vt 0.668331 0.968173
vt 0.668331 0.965620
vt 0.683649 0.866051
vt 0.668331 0.868604
vt 0.668331 0.866051
vt 0.760746 0.965620
vt 0.776064 0.868604
vt 0.776064 0.965620
vt 0.097942 0.904878
vt 0.097942 0.920196
vt 0.082456 0.920196
vt 0.683649 0.868604
vt 0.103048 0.904878
vt 0.077349 0.920196
vt 0.683649 0.968173
vt 0.760746 0.868604
vt 0.082456 0.904878
s 0
usemtl MAT_grip_dark_bakelite
f 1027/1545/938 1028/1546/938 1029/1547/938
f 1030/1548/939 1031/1549/939 1032/1550/939
f 1033/1551/940 1034/1552/940 1035/1553/940
f 1036/1554/941 1037/1555/941 1038/1556/941
f 1039/1557/942 1040/1558/942 1041/1559/942
f 1042/1560/943 1043/1561/943 1044/1562/943
f 1045/1563/944 1046/1564/944 1047/1565/944
f 1048/1566/945 1049/1567/945 1050/1568/945
f 1027/1545/946 1034/1552/946 1033/1551/946
f 1030/1569/947 1029/1570/947 1028/1571/947
f 1036/1554/948 1032/1550/948 1031/1549/948
f 1035/1572/949 1038/1573/949 1037/1574/949
f 1033/1551/950 1046/1564/950 1045/1563/950
f 1048/1566/951 1037/1555/951 1036/1554/951
f 1047/1575/952 1050/1576/952 1049/1577/952
f 1045/1563/953 1040/1558/953 1039/1557/953
f 1042/1560/954 1049/1567/954 1048/1566/954
f 1041/1578/955 1044/1579/955 1043/1580/955
f 1039/1557/956 1028/1546/956 1027/1545/956
f 1031/1549/957 1043/1561/957 1042/1560/957
f 1045/1563/958 1027/1545/958 1033/1551/958
f 1032/1581/959 1034/1582/959 1029/1583/959
f 1043/1584/960 1028/1571/960 1041/1585/960
f 1036/1554/961 1042/1560/961 1048/1566/961
f 1037/1574/962 1046/1586/962 1035/1572/962
f 1049/1577/963 1040/1587/963 1047/1575/963
f 1027/1545/946 1029/1547/946 1034/1552/946
f 1030/1569/947 1032/1588/947 1029/1570/947
f 1036/1554/948 1038/1556/948 1032/1550/948
f 1035/1572/949 1034/1589/949 1038/1573/949
f 1033/1551/950 1035/1553/950 1046/1564/950
f 1048/1566/951 1050/1568/951 1037/1555/951
f 1047/1575/952 1046/1590/952 1050/1576/952
f 1045/1563/953 1047/1565/953 1040/1558/953
f 1042/1560/954 1044/1562/954 1049/1567/954
f 1041/1578/955 1040/1587/955 1044/1579/955
f 1039/1557/956 1041/1559/956 1028/1546/956
f 1031/1549/957 1030/1548/957 1043/1561/957
f 1045/1563/958 1039/1557/958 1027/1545/958
f 1032/1581/959 1038/1591/959 1034/1582/959
f 1043/1584/960 1030/1569/960 1028/1571/960
f 1036/1554/961 1031/1549/961 1042/1560/961
f 1037/1574/962 1050/1592/962 1046/1586/962
f 1049/1577/963 1044/1579/963 1040/1587/963
o AK_groove_magazine_001
v 0.005250 -0.047500 0.014500
v 0.005250 -0.047000 0.015000
v 0.004750 -0.047000 0.014500
v 0.005250 -0.043000 0.015000
v 0.005250 -0.042500 0.014500
v 0.004750 -0.043000 0.014500
v 0.005250 -0.047500 -0.014500
v 0.004750 -0.047000 -0.014500
v 0.005250 -0.047000 -0.015000
v 0.005250 -0.042500 -0.014500
v 0.005250 -0.043000 -0.015000
v 0.004750 -0.043000 -0.014500
v 0.005750 -0.047500 0.014500
v 0.006250 -0.047000 0.014500
v 0.005750 -0.047000 0.015000
v 0.005750 -0.042500 0.014500
v 0.005750 -0.043000 0.015000
v 0.006250 -0.043000 0.014500
v 0.005750 -0.047500 -0.014500
v 0.005750 -0.047000 -0.015000
v 0.006250 -0.047000 -0.014500
v 0.005750 -0.042500 -0.014500
v 0.006250 -0.043000 -0.014500
v 0.005750 -0.043000 -0.015000
vn -0.5774 -0.5774 0.5774
vn -0.5774 0.5774 0.5774
vn -0.5774 -0.5774 -0.5774
vn -0.5774 0.5774 -0.5774
vn 0.5774 -0.5774 0.5774
vn 0.5774 0.5774 0.5774
vn 0.5774 -0.5774 -0.5774
vn 0.5774 0.5774 -0.5774
vn -0.7071 -0.7071 -0.0000
vn -0.7071 -0.0000 0.7071
vn -0.7071 0.7071 -0.0000
vn -0.7071 -0.0000 -0.7071
vn -0.0000 -0.7071 -0.7071
vn -0.0000 0.7071 -0.7071
vn 0.7071 -0.0000 -0.7071
vn 0.7071 -0.7071 -0.0000
vn 0.7071 0.7071 -0.0000
vn 0.7071 -0.0000 0.7071
vn -0.0000 -0.7071 0.7071
vn -0.0000 0.7071 0.7071
vn -0.0000 -1.0000 -0.0000
vn -1.0000 -0.0000 -0.0000
vn -0.0000 -0.0000 1.0000
vn -0.0000 1.0000 -0.0000
vn -0.0000 -0.0000 -1.0000
vn 1.0000 -0.0000 -0.0000
vt 0.189805 0.021013
vt 0.188474 0.021013
vt 0.189805 0.019682
vt 0.006974 0.667854
vt 0.008304 0.667854
vt 0.008304 0.669185
vt 0.266975 0.021013
vt 0.266975 0.019682
vt 0.268305 0.021013
vt 0.085474 0.667854
vt 0.086805 0.667854
vt 0.085474 0.669185
vt 0.189805 0.022343
vt 0.189805 0.023674
vt 0.188474 0.022343
vt 0.008304 0.666524
vt 0.006974 0.666524
vt 0.008304 0.665193
vt 0.266975 0.022343
vt 0.268305 0.022343
vt 0.266975 0.023674
vt 0.085474 0.666524
vt 0.085474 0.665193
vt 0.086805 0.666524
vt 0.071673 0.145696
vt 0.082318 0.144365
vt 0.082318 0.145696
vt 0.505541 0.033391
vt 0.504210 0.022747
vt 0.505540 0.022747
vt 0.087052 0.128087
vt 0.076408 0.129418
vt 0.076408 0.128087
vt 0.087052 0.049587
vt 0.076408 0.050917
vt 0.076408 0.049587
vt 0.051156 0.128087
vt 0.061800 0.050917
vt 0.061800 0.128087
vt 0.071673 0.147026
vt 0.082318 0.147026
vt 0.506871 0.033391
vt 0.087052 0.050917
vt 0.071673 0.144365
vt 0.504210 0.033391
vt 0.087052 0.129418
vt 0.051156 0.050917
vt 0.506871 0.022747
s 0
usemtl MAT_metal_black_magazine
f 1051/1593/964 1052/1594/964 1053/1595/964
f 1054/1596/965 1055/1597/965 1056/1598/965
f 1057/1599/966 1058/1600/966 1059/1601/966
f 1060/1602/967 1061/1603/967 1062/1604/967
f 1063/1605/968 1064/1606/968 1065/1607/968
f 1066/1608/969 1067/1609/969 1068/1610/969
f 1069/1611/970 1070/1612/970 1071/1613/970
f 1072/1614/971 1073/1615/971 1074/1616/971
f 1051/1593/972 1058/1600/972 1057/1599/972
f 1054/1617/973 1053/1618/973 1052/1619/973
f 1060/1602/974 1056/1598/974 1055/1597/974
f 1059/1620/975 1062/1621/975 1061/1622/975
f 1057/1599/976 1070/1612/976 1069/1611/976
f 1072/1614/977 1061/1603/977 1060/1602/977
f 1071/1623/978 1074/1624/978 1073/1625/978
f 1069/1611/979 1064/1606/979 1063/1605/979
f 1066/1608/980 1073/1615/980 1072/1614/980
f 1065/1626/981 1068/1627/981 1067/1628/981
f 1063/1605/982 1052/1594/982 1051/1593/982
f 1055/1597/983 1067/1609/983 1066/1608/983
f 1069/1611/984 1051/1593/984 1057/1599/984
f 1056/1629/985 1058/1630/985 1053/1631/985
f 1067/1632/986 1052/1619/986 1065/1633/986
f 1060/1602/987 1066/1608/987 1072/1614/987
f 1061/1622/988 1070/1634/988 1059/1620/988
f 1073/1625/989 1064/1635/989 1071/1623/989
f 1051/1593/972 1053/1595/972 1058/1600/972
f 1054/1617/973 1056/1636/973 1053/1618/973
f 1060/1602/974 1062/1604/974 1056/1598/974
f 1059/1620/975 1058/1637/975 1062/1621/975
f 1057/1599/976 1059/1601/976 1070/1612/976
f 1072/1614/977 1074/1616/977 1061/1603/977
f 1071/1623/978 1070/1638/978 1074/1624/978
f 1069/1611/979 1071/1613/979 1064/1606/979
f 1066/1608/980 1068/1610/980 1073/1615/980
f 1065/1626/981 1064/1635/981 1068/1627/981
f 1063/1605/982 1065/1607/982 1052/1594/982
f 1055/1597/983 1054/1596/983 1067/1609/983
f 1069/1611/984 1063/1605/984 1051/1593/984
f 1056/1629/985 1062/1639/985 1058/1630/985
f 1067/1632/986 1054/1617/986 1052/1619/986
f 1060/1602/987 1055/1597/987 1066/1608/987
f 1061/1622/988 1074/1640/988 1070/1634/988
f 1073/1625/989 1068/1627/989 1064/1635/989
o AK_groove_magazine_002
v 0.005250 -0.087500 0.014500
v 0.005250 -0.087000 0.015000
v 0.004750 -0.087000 0.014500
v 0.005250 -0.083000 0.015000
v 0.005250 -0.082500 0.014500
v 0.004750 -0.083000 0.014500
v 0.005250 -0.087500 -0.014500
v 0.004750 -0.087000 -0.014500
v 0.005250 -0.087000 -0.015000
v 0.005250 -0.082500 -0.014500
v 0.005250 -0.083000 -0.015000
v 0.004750 -0.083000 -0.014500
v 0.005750 -0.087500 0.014500
v 0.006250 -0.087000 0.014500
v 0.005750 -0.087000 0.015000
v 0.005750 -0.082500 0.014500
v 0.005750 -0.083000 0.015000
v 0.006250 -0.083000 0.014500
v 0.005750 -0.087500 -0.014500
v 0.005750 -0.087000 -0.015000
v 0.006250 -0.087000 -0.014500
v 0.005750 -0.082500 -0.014500
v 0.006250 -0.083000 -0.014500
v 0.005750 -0.083000 -0.015000
vn -0.5774 -0.5774 0.5774
vn -0.5774 0.5774 0.5774
vn -0.5774 -0.5774 -0.5774
vn -0.5774 0.5774 -0.5774
vn 0.5774 -0.5774 0.5774
vn 0.5774 0.5774 0.5774
vn 0.5774 -0.5774 -0.5774
vn 0.5774 0.5774 -0.5774
vn -0.7071 -0.7071 -0.0000
vn -0.7071 -0.0000 0.7071
vn -0.7071 0.7071 -0.0000
vn -0.7071 -0.0000 -0.7071
vn -0.0000 -0.7071 -0.7071
vn -0.0000 0.7071 -0.7071
vn 0.7071 -0.0000 -0.7071
vn 0.7071 -0.7071 -0.0000
vn 0.7071 0.7071 -0.0000
vn 0.7071 -0.0000 0.7071
vn -0.0000 -0.7071 0.7071
vn -0.0000 0.7071 0.7071
vn -0.0000 -1.0000 -0.0000
vn -1.0000 -0.0000 -0.0000
vn -0.0000 -0.0000 1.0000
vn -0.0000 1.0000 -0.0000
vn -0.0000 -0.0000 -1.0000
vn 1.0000 -0.0000 -0.0000
vt 0.730985 0.091952
vt 0.730985 0.090622
vt 0.732315 0.091952
vt 0.623910 0.747180
vt 0.623910 0.748511
vt 0.622580 0.748511
vt 0.730985 0.169122
vt 0.732315 0.169122
vt 0.730985 0.170453
vt 0.623910 0.825681
vt 0.623910 0.827011
vt 0.622580 0.825681
vt 0.729654 0.091952
vt 0.728324 0.091952
vt 0.729654 0.090622
vt 0.625241 0.748511
vt 0.625241 0.747180
vt 0.626571 0.748511
vt 0.729654 0.169122
vt 0.729654 0.170453
vt 0.728324 0.169122
vt 0.625241 0.825681
vt 0.626571 0.825681
vt 0.625241 0.827011
vt 0.194374 0.038530
vt 0.195705 0.049174
vt 0.194374 0.049174
vt 0.521323 0.034970
vt 0.519993 0.024325
vt 0.521323 0.024325
vt 0.038126 0.623663
vt 0.027482 0.624993
vt 0.027482 0.623663
vt 0.038126 0.545162
vt 0.027482 0.546493
vt 0.027482 0.545162
vt 0.178592 0.060222
vt 0.101422 0.049578
vt 0.178592 0.049578
vt 0.193044 0.038530
vt 0.193044 0.049174
vt 0.522654 0.034970
vt 0.038126 0.546493
vt 0.195705 0.038530
vt 0.519993 0.034970
vt 0.038126 0.624993
vt 0.101422 0.060222
vt 0.522654 0.024325
s 0
usemtl MAT_metal_black_magazine
f 1075/1641/990 1076/1642/990 1077/1643/990
f 1078/1644/991 1079/1645/991 1080/1646/991
f 1081/1647/992 1082/1648/992 1083/1649/992
f 1084/1650/993 1085/1651/993 1086/1652/993
f 1087/1653/994 1088/1654/994 1089/1655/994
f 1090/1656/995 1091/1657/995 1092/1658/995
f 1093/1659/996 1094/1660/996 1095/1661/996
f 1096/1662/997 1097/1663/997 1098/1664/997
f 1075/1641/998 1082/1648/998 1081/1647/998
f 1078/1665/999 1077/1666/999 1076/1667/999
f 1084/1650/1000 1080/1646/1000 1079/1645/1000
f 1083/1668/1001 1086/1669/1001 1085/1670/1001
f 1081/1647/1002 1094/1660/1002 1093/1659/1002
f 1096/1662/1003 1085/1651/1003 1084/1650/1003
f 1095/1671/1004 1098/1672/1004 1097/1673/1004
f 1093/1659/1005 1088/1654/1005 1087/1653/1005
f 1090/1656/1006 1097/1663/1006 1096/1662/1006
f 1089/1674/1007 1092/1675/1007 1091/1676/1007
f 1087/1653/1008 1076/1642/1008 1075/1641/1008
f 1079/1645/1009 1091/1657/1009 1090/1656/1009
f 1093/1659/1010 1075/1641/1010 1081/1647/1010
f 1080/1677/1011 1082/1678/1011 1077/1679/1011
f 1091/1680/1012 1076/1667/1012 1089/1681/1012
f 1084/1650/1013 1090/1656/1013 1096/1662/1013
f 1085/1670/1014 1094/1682/1014 1083/1668/1014
f 1097/1673/1015 1088/1683/1015 1095/1671/1015
f 1075/1641/998 1077/1643/998 1082/1648/998
f 1078/1665/999 1080/1684/999 1077/1666/999
f 1084/1650/1000 1086/1652/1000 1080/1646/1000
f 1083/1668/1001 1082/1685/1001 1086/1669/1001
f 1081/1647/1002 1083/1649/1002 1094/1660/1002
f 1096/1662/1003 1098/1664/1003 1085/1651/1003
f 1095/1671/1004 1094/1686/1004 1098/1672/1004
f 1093/1659/1005 1095/1661/1005 1088/1654/1005
f 1090/1656/1006 1092/1658/1006 1097/1663/1006
f 1089/1674/1007 1088/1683/1007 1092/1675/1007
f 1087/1653/1008 1089/1655/1008 1076/1642/1008
f 1079/1645/1009 1078/1644/1009 1091/1657/1009
f 1093/1659/1010 1087/1653/1010 1075/1641/1010
f 1080/1677/1011 1086/1687/1011 1082/1678/1011
f 1091/1680/1012 1078/1665/1012 1076/1667/1012
f 1084/1650/1013 1079/1645/1013 1090/1656/1013
f 1085/1670/1014 1098/1688/1014 1094/1682/1014
f 1097/1673/1015 1092/1675/1015 1088/1683/1015
o AK_groove_magazine_003
v 0.009517 -0.127500 0.014500
v 0.009517 -0.127000 0.015000
v 0.009017 -0.127000 0.014500
v 0.009517 -0.123000 0.015000
v 0.009517 -0.122500 0.014500
v 0.009017 -0.123000 0.014500
v 0.009517 -0.127500 -0.014500
v 0.009017 -0.127000 -0.014500
v 0.009517 -0.127000 -0.015000
v 0.009517 -0.122500 -0.014500
v 0.009517 -0.123000 -0.015000
v 0.009017 -0.123000 -0.014500
v 0.010017 -0.127500 0.014500
v 0.010517 -0.127000 0.014500
v 0.010017 -0.127000 0.015000
v 0.010017 -0.122500 0.014500
v 0.010017 -0.123000 0.015000
v 0.010517 -0.123000 0.014500
v 0.010017 -0.127500 -0.014500
v 0.010017 -0.127000 -0.015000
v 0.010517 -0.127000 -0.014500
v 0.010017 -0.122500 -0.014500
v 0.010517 -0.123000 -0.014500
v 0.010017 -0.123000 -0.015000
vn -0.5774 -0.5774 0.5774
vn -0.5774 0.5774 0.5774
vn -0.5774 -0.5774 -0.5774
vn -0.5774 0.5774 -0.5774
vn 0.5774 -0.5774 0.5774
vn 0.5774 0.5774 0.5774
vn 0.5774 -0.5774 -0.5774
vn 0.5774 0.5774 -0.5774
vn -0.7071 -0.7071 -0.0000
vn -0.7071 -0.0000 0.7071
vn -0.7071 0.7071 -0.0000
vn -0.7071 -0.0000 -0.7071
vn -0.0000 -0.7071 -0.7071
vn -0.0000 0.7071 -0.7071
vn 0.7071 -0.0000 -0.7071
vn 0.7071 -0.7071 -0.0000
vn 0.7071 0.7071 -0.0000
vn 0.7071 -0.0000 0.7071
vn -0.0000 -0.7071 0.7071
vn -0.0000 0.7071 0.7071
vn -0.0000 -1.0000 -0.0000
vn -1.0000 -0.0000 -0.0000
vn -0.0000 -0.0000 1.0000
vn -0.0000 1.0000 -0.0000
vn -0.0000 -0.0000 -1.0000
vn 1.0000 -0.0000 -0.0000
vt 0.227518 0.761137
vt 0.227518 0.759806
vt 0.228849 0.761137
vt 0.581297 0.772433
vt 0.581297 0.773763
vt 0.579967 0.773763
vt 0.227518 0.838307
vt 0.228849 0.838307
vt 0.227518 0.839637
vt 0.581297 0.850933
vt 0.581297 0.852263
vt 0.579967 0.850933
vt 0.226187 0.761137
vt 0.224857 0.761137
vt 0.226187 0.759806
vt 0.582628 0.773763
vt 0.582628 0.772433
vt 0.583958 0.773763
vt 0.226188 0.838307
vt 0.226187 0.839637
vt 0.224857 0.838307
vt 0.582628 0.850933
vt 0.583958 0.850933
vt 0.582628 0.852263
vt 0.009717 0.275270
vt 0.011048 0.285914
vt 0.009717 0.285914
vt 0.537106 0.036548
vt 0.535775 0.025904
vt 0.537106 0.025904
vt 0.730985 0.066939
vt 0.732315 0.077583
vt 0.730985 0.077583
vt 0.652484 0.066939
vt 0.653815 0.077583
vt 0.652484 0.077583
vt 0.104413 0.652071
vt 0.027243 0.641427
vt 0.104413 0.641427
vt 0.008387 0.275270
vt 0.008387 0.285914
vt 0.538436 0.036548
vt 0.653815 0.066939
vt 0.011048 0.275270
vt 0.535775 0.036548
vt 0.732315 0.066939
vt 0.027243 0.652071
vt 0.538436 0.025904
s 0
usemtl MAT_metal_black_magazine
f 1099/1689/1016 1100/1690/1016 1101/1691/1016
f 1102/1692/1017 1103/1693/1017 1104/1694/1017
f 1105/1695/1018 1106/1696/1018 1107/1697/1018
f 1108/1698/1019 1109/1699/1019 1110/1700/1019
f 1111/1701/1020 1112/1702/1020 1113/1703/1020
f 1114/1704/1021 1115/1705/1021 1116/1706/1021
f 1117/1707/1022 1118/1708/1022 1119/1709/1022
f 1120/1710/1023 1121/1711/1023 1122/1712/1023
f 1099/1689/1024 1106/1696/1024 1105/1695/1024
f 1102/1713/1025 1101/1714/1025 1100/1715/1025
f 1108/1698/1026 1104/1694/1026 1103/1693/1026
f 1107/1716/1027 1110/1717/1027 1109/1718/1027
f 1105/1695/1028 1118/1708/1028 1117/1707/1028
f 1120/1710/1029 1109/1699/1029 1108/1698/1029
f 1119/1719/1030 1122/1720/1030 1121/1721/1030
f 1117/1707/1031 1112/1702/1031 1111/1701/1031
f 1114/1704/1032 1121/1711/1032 1120/1710/1032
f 1113/1722/1033 1116/1723/1033 1115/1724/1033
f 1111/1701/1034 1100/1690/1034 1099/1689/1034
f 1103/1693/1035 1115/1705/1035 1114/1704/1035
f 1117/1707/1036 1099/1689/1036 1105/1695/1036
f 1104/1725/1037 1106/1726/1037 1101/1727/1037
f 1115/1728/1038 1100/1715/1038 1113/1729/1038
f 1108/1698/1039 1114/1704/1039 1120/1710/1039
f 1109/1718/1040 1118/1730/1040 1107/1716/1040
f 1121/1721/1041 1112/1731/1041 1119/1719/1041
f 1099/1689/1024 1101/1691/1024 1106/1696/1024
f 1102/1713/1025 1104/1732/1025 1101/1714/1025
f 1108/1698/1026 1110/1700/1026 1104/1694/1026
f 1107/1716/1027 1106/1733/1027 1110/1717/1027
f 1105/1695/1028 1107/1697/1028 1118/1708/1028
f 1120/1710/1029 1122/1712/1029 1109/1699/1029
f 1119/1719/1030 1118/1734/1030 1122/1720/1030
f 1117/1707/1031 1119/1709/1031 1112/1702/1031
f 1114/1704/1032 1116/1706/1032 1121/1711/1032
f 1113/1722/1033 1112/1731/1033 1116/1723/1033
f 1111/1701/1034 1113/1703/1034 1100/1690/1034
f 1103/1693/1035 1102/1692/1035 1115/1705/1035
f 1117/1707/1036 1111/1701/1036 1099/1689/1036
f 1104/1725/1037 1110/1735/1037 1106/1726/1037
f 1115/1728/1038 1102/1713/1038 1100/1715/1038
f 1108/1698/1039 1103/1693/1039 1114/1704/1039
f 1109/1718/1040 1122/1736/1040 1118/1730/1040
f 1121/1721/1041 1116/1723/1041 1112/1731/1041
o AK_groove_magazine_004
v 0.043650 -0.167500 0.014500
v 0.043650 -0.167000 0.015000
v 0.043150 -0.167000 0.014500
v 0.043650 -0.163000 0.015000
v 0.043650 -0.162500 0.014500
v 0.043150 -0.163000 0.014500
v 0.043650 -0.167500 -0.014500
v 0.043150 -0.167000 -0.014500
v 0.043650 -0.167000 -0.015000
v 0.043650 -0.162500 -0.014500
v 0.043650 -0.163000 -0.015000
v 0.043150 -0.163000 -0.014500
v 0.044150 -0.167500 0.014500
v 0.044650 -0.167000 0.014500
v 0.044150 -0.167000 0.015000
v 0.044150 -0.162500 0.014500
v 0.044150 -0.163000 0.015000
v 0.044650 -0.163000 0.014500
v 0.044150 -0.167500 -0.014500
v 0.044150 -0.167000 -0.015000
v 0.044650 -0.167000 -0.014500
v 0.044150 -0.162500 -0.014500
v 0.044650 -0.163000 -0.014500
v 0.044150 -0.163000 -0.015000
vn -0.5774 -0.5774 0.5774
vn -0.5774 0.5774 0.5774
vn -0.5774 -0.5774 -0.5774
vn -0.5774 0.5774 -0.5774
vn 0.5774 -0.5774 0.5774
vn 0.5774 0.5774 0.5774
vn 0.5774 -0.5774 -0.5774
vn 0.5774 0.5774 -0.5774
vn -0.7071 -0.7071 -0.0000
vn -0.7071 -0.0000 0.7071
vn -0.7071 0.7071 -0.0000
vn -0.7071 -0.0000 -0.7071
vn -0.0000 -0.7071 -0.7071
vn -0.0000 0.7071 -0.7071
vn 0.7071 -0.0000 -0.7071
vn 0.7071 -0.7071 -0.0000
vn 0.7071 0.7071 -0.0000
vn 0.7071 -0.0000 0.7071
vn -0.0000 -0.7071 0.7071
vn -0.0000 0.7071 0.7071
vn -0.0000 -1.0000 -0.0000
vn -1.0000 -0.0000 -0.0000
vn -0.0000 -0.0000 1.0000
vn -0.0000 1.0000 -0.0000
vn -0.0000 -0.0000 -1.0000
vn 1.0000 -0.0000 -0.0000
vt 0.598410 0.776920
vt 0.598410 0.775589
vt 0.599741 0.776920
vt 0.881168 0.581462
vt 0.881168 0.582793
vt 0.879837 0.582793
vt 0.598410 0.854089
vt 0.599741 0.854089
vt 0.598410 0.855420
vt 0.881168 0.659963
vt 0.881168 0.661293
vt 0.879837 0.659963
vt 0.597080 0.776920
vt 0.595749 0.776920
vt 0.597080 0.775589
vt 0.882498 0.582793
vt 0.882498 0.581462
vt 0.883829 0.582793
vt 0.597080 0.854089
vt 0.597080 0.855420
vt 0.595749 0.854089
vt 0.882498 0.659963
vt 0.883829 0.659963
vt 0.882498 0.661293
vt 0.467818 0.021013
vt 0.478462 0.019682
vt 0.478462 0.021013
vt 0.052578 0.576315
vt 0.051248 0.565671
vt 0.052578 0.565671
vt 0.210157 0.819368
vt 0.199513 0.820698
vt 0.199513 0.819368
vt 0.210157 0.740867
vt 0.199513 0.742198
vt 0.199513 0.740867
vt 0.809898 0.521075
vt 0.732728 0.510431
vt 0.809898 0.510431
vt 0.467818 0.022343
vt 0.478462 0.022343
vt 0.053909 0.576315
vt 0.210157 0.742198
vt 0.467818 0.019682
vt 0.051248 0.576315
vt 0.210157 0.820698
vt 0.732728 0.521075
vt 0.053909 0.565671
s 0
usemtl MAT_metal_black_magazine
f 1123/1737/1042 1124/1738/1042 1125/1739/1042
f 1126/1740/1043 1127/1741/1043 1128/1742/1043
f 1129/1743/1044 1130/1744/1044 1131/1745/1044
f 1132/1746/1045 1133/1747/1045 1134/1748/1045
f 1135/1749/1046 1136/1750/1046 1137/1751/1046
f 1138/1752/1047 1139/1753/1047 1140/1754/1047
f 1141/1755/1048 1142/1756/1048 1143/1757/1048
f 1144/1758/1049 1145/1759/1049 1146/1760/1049
f 1123/1737/1050 1130/1744/1050 1129/1743/1050
f 1126/1761/1051 1125/1762/1051 1124/1763/1051
f 1132/1746/1052 1128/1742/1052 1127/1741/1052
f 1131/1764/1053 1134/1765/1053 1133/1766/1053
f 1129/1743/1054 1142/1756/1054 1141/1755/1054
f 1144/1758/1055 1133/1747/1055 1132/1746/1055
f 1143/1767/1056 1146/1768/1056 1145/1769/1056
f 1141/1755/1057 1136/1750/1057 1135/1749/1057
f 1138/1752/1058 1145/1759/1058 1144/1758/1058
f 1137/1770/1059 1140/1771/1059 1139/1772/1059
f 1135/1749/1060 1124/1738/1060 1123/1737/1060
f 1127/1741/1061 1139/1753/1061 1138/1752/1061
f 1141/1755/1062 1123/1737/1062 1129/1743/1062
f 1128/1773/1063 1130/1774/1063 1125/1775/1063
f 1139/1776/1064 1124/1763/1064 1137/1777/1064
f 1132/1746/1065 1138/1752/1065 1144/1758/1065
f 1133/1766/1066 1142/1778/1066 1131/1764/1066
f 1145/1769/1067 1136/1779/1067 1143/1767/1067
f 1123/1737/1050 1125/1739/1050 1130/1744/1050
f 1126/1761/1051 1128/1780/1051 1125/1762/1051
f 1132/1746/1052 1134/1748/1052 1128/1742/1052
f 1131/1764/1053 1130/1781/1053 1134/1765/1053
f 1129/1743/1054 1131/1745/1054 1142/1756/1054
f 1144/1758/1055 1146/1760/1055 1133/1747/1055
f 1143/1767/1056 1142/1782/1056 1146/1768/1056
f 1141/1755/1057 1143/1757/1057 1136/1750/1057
f 1138/1752/1058 1140/1754/1058 1145/1759/1058
f 1137/1770/1059 1136/1779/1059 1140/1771/1059
f 1135/1749/1060 1137/1751/1060 1124/1738/1060
f 1127/1741/1061 1126/1740/1061 1139/1753/1061
f 1141/1755/1062 1135/1749/1062 1123/1737/1062
f 1128/1773/1063 1134/1783/1063 1130/1774/1063
f 1139/1776/1064 1126/1761/1064 1124/1763/1064
f 1132/1746/1065 1127/1741/1065 1138/1752/1065
f 1133/1766/1066 1146/1784/1066 1142/1778/1066
f 1145/1769/1067 1140/1771/1067 1136/1779/1067
o AK_handguard_lower_main
v 0.156667 0.020000 -0.006667
v 0.156667 0.020000 0.006667
v 0.113333 0.020000 -0.006667
v 0.113333 0.020000 0.006667
v 0.113333 -0.007500 -0.006667
v 0.113333 -0.007500 0.006667
v 0.156667 -0.007500 -0.006667
v 0.156667 -0.007500 0.006667
v 0.156667 0.000000 0.020000
v 0.113333 0.000000 0.020000
v 0.156667 0.010000 0.020000
v 0.113333 0.010000 0.020000
v 0.200000 0.000000 -0.006667
v 0.200000 0.000000 0.006667
v 0.200000 0.010000 -0.006667
v 0.200000 0.010000 0.006667
v 0.113333 0.000000 -0.020000
v 0.156667 0.000000 -0.020000
v 0.113333 0.010000 -0.020000
v 0.156667 0.010000 -0.020000
v 0.070000 0.000000 0.006667
v 0.070000 0.000000 -0.006667
v 0.070000 0.010000 0.006667
v 0.070000 0.010000 -0.006667
v 0.071997 -0.009885 0.018000
v 0.072000 -0.007882 0.020000
v 0.070000 -0.008000 0.018000
v 0.071998 -0.009298 0.019414
v 0.070845 -0.009105 0.019155
v 0.070586 -0.007965 0.019414
v 0.070584 -0.009381 0.018000
v 0.070000 0.018000 0.018000
v 0.072000 0.017996 0.020000
v 0.072000 0.020000 0.018000
v 0.070586 0.017998 0.019414
v 0.070845 0.019154 0.019155
v 0.072000 0.019413 0.019414
v 0.070586 0.019414 0.018000
v 0.070000 -0.008000 -0.018000
v 0.072000 -0.007882 -0.020000
v 0.071997 -0.009885 -0.018000
v 0.070586 -0.007941 -0.019414
v 0.070850 -0.009100 -0.019155
v 0.072022 -0.009297 -0.019414
v 0.070585 -0.009380 -0.018000
v 0.072000 0.020000 -0.018000
v 0.072000 0.017996 -0.020000
v 0.070000 0.018000 -0.018000
v 0.072000 0.019412 -0.019414
v 0.070845 0.019154 -0.019155
v 0.070586 0.017998 -0.019414
v 0.070586 0.019415 -0.018000
v 0.200000 -0.008000 0.018000
v 0.198000 -0.007882 0.020000
v 0.198003 -0.009885 0.018000
v 0.199414 -0.007941 0.019414
v 0.199150 -0.009100 0.019155
v 0.197978 -0.009297 0.019414
v 0.199415 -0.009380 0.018000
v 0.198013 0.024771 0.018000
v 0.198000 0.022764 0.020000
v 0.200000 0.023000 0.018000
v 0.198007 0.024182 0.019414
v 0.199157 0.024056 0.019155
v 0.199411 0.022930 0.019414
v 0.199421 0.024348 0.018000
v 0.198000 -0.007882 -0.020000
v 0.200000 -0.008000 -0.018000
v 0.198003 -0.009885 -0.018000
v 0.199414 -0.007965 -0.019414
v 0.199155 -0.009105 -0.019155
v 0.199416 -0.009381 -0.018000
v 0.198002 -0.009298 -0.019414
v 0.198013 0.024771 -0.018000
v 0.200000 0.023000 -0.018000
v 0.198000 0.022764 -0.020000
v 0.199418 0.024347 -0.018000
v 0.199148 0.024045 -0.019155
v 0.199414 0.022882 -0.019414
v 0.197959 0.024177 -0.019414
v 0.071997 -0.009885 -0.006667
v 0.070000 -0.008000 -0.006667
v 0.070585 -0.009380 -0.006667
v 0.070000 -0.008000 0.006667
v 0.071997 -0.009885 0.006667
v 0.070585 -0.009380 0.006667
v 0.072000 0.000000 0.020000
v 0.070000 0.000000 0.018000
v 0.070586 0.000000 0.019414
v 0.070000 0.010000 0.018000
v 0.072000 0.010000 0.020000
v 0.070586 0.010000 0.019414
v 0.072000 0.020000 0.006667
v 0.070000 0.018000 0.006667
v 0.070586 0.019414 0.006667
v 0.070000 0.018000 -0.006667
v 0.072000 0.020000 -0.006667
v 0.070586 0.019414 -0.006667
v 0.072000 0.010000 -0.020000
v 0.070000 0.010000 -0.018000
v 0.070586 0.010000 -0.019414
v 0.070000 0.000000 -0.018000
v 0.072000 0.000000 -0.020000
v 0.070586 0.000000 -0.019414
v 0.156667 -0.007500 -0.018000
v 0.156667 -0.005498 -0.020000
v 0.156667 -0.006914 -0.019414
v 0.113333 -0.005498 -0.020000
v 0.113333 -0.007500 -0.018000
v 0.113333 -0.006914 -0.019414
v 0.113333 0.020000 -0.018000
v 0.113333 0.017996 -0.020000
v 0.113333 0.019413 -0.019414
v 0.156667 0.017995 -0.020000
v 0.156667 0.020000 -0.018000
v 0.156667 0.019413 -0.019414
v 0.200000 0.010000 -0.018000
v 0.198000 0.010000 -0.020000
v 0.199414 0.010000 -0.019414
v 0.198000 0.000000 -0.020000
v 0.200000 0.000000 -0.018000
v 0.199414 0.000000 -0.019414
v 0.198003 -0.009885 0.006667
v 0.200000 -0.008000 0.006667
v 0.199415 -0.009380 0.006667
v 0.200000 -0.008000 -0.006667
v 0.198003 -0.009885 -0.006667
v 0.199415 -0.009380 -0.006667
v 0.198013 0.024771 -0.006667
v 0.200000 0.023000 -0.006667
v 0.199418 0.024347 -0.006667
v 0.200000 0.023000 0.006667
v 0.198013 0.024771 0.006667
v 0.199418 0.024347 0.006667
v 0.198000 0.010000 0.020000
v 0.200000 0.010000 0.018000
v 0.199414 0.010000 0.019414
v 0.200000 0.000000 0.018000
v 0.198000 0.000000 0.020000
v 0.199414 0.000000 0.019414
v 0.113333 -0.007500 0.018000
v 0.113333 -0.005498 0.020000
v 0.113333 -0.006914 0.019414
v 0.156667 -0.005498 0.020000
v 0.156667 -0.007500 0.018000
v 0.156667 -0.006914 0.019414
v 0.156667 0.020000 0.018000
v 0.156667 0.017995 0.020000
v 0.156667 0.019413 0.019414
v 0.113333 0.017996 0.020000
v 0.113333 0.020000 0.018000
v 0.113333 0.019413 0.019414
v 0.202000 -0.009000 0.017000
v 0.202000 -0.007000 0.019000
v 0.200000 -0.007000 0.017000
v 0.202000 -0.008414 0.018414
v 0.200845 -0.008155 0.018155
v 0.200586 -0.007000 0.018414
v 0.200586 -0.008414 0.017000
v 0.202000 0.017000 0.019000
v 0.202000 0.019000 0.017000
v 0.200000 0.017000 0.017000
v 0.202000 0.018414 0.018414
v 0.200845 0.018155 0.018155
v 0.200586 0.018414 0.017000
v 0.200586 0.017000 0.018414
v 0.202000 -0.009000 -0.017000
v 0.200000 -0.007000 -0.017000
v 0.202000 -0.007000 -0.019000
v 0.200586 -0.008414 -0.017000
v 0.200845 -0.008155 -0.018155
v 0.200586 -0.007000 -0.018414
v 0.202000 -0.008414 -0.018414
v 0.202000 0.019000 -0.017000
v 0.202000 0.017000 -0.019000
v 0.200000 0.017000 -0.017000
v 0.202000 0.018414 -0.018414
v 0.200845 0.018155 -0.018155
v 0.200586 0.017000 -0.018414
v 0.200586 0.018414 -0.017000
v 0.212000 -0.009000 0.017000
v 0.214000 -0.007000 0.017000
v 0.212000 -0.007000 0.019000
v 0.213414 -0.008414 0.017000
v 0.213155 -0.008155 0.018155
v 0.213414 -0.007000 0.018414
v 0.212000 -0.008414 0.018414
v 0.212000 0.019000 0.017000
v 0.212000 0.017000 0.019000
v 0.214000 0.017000 0.017000
v 0.212000 0.018414 0.018414
v 0.213155 0.018155 0.018155
v 0.213414 0.017000 0.018414
v 0.213414 0.018414 0.017000
v 0.212000 -0.009000 -0.017000
v 0.212000 -0.007000 -0.019000
v 0.214000 -0.007000 -0.017000
v 0.212000 -0.008414 -0.018414
v 0.213155 -0.008155 -0.018155
v 0.213414 -0.007000 -0.018414
v 0.213414 -0.008414 -0.017000
v 0.212000 0.019000 -0.017000
v 0.214000 0.017000 -0.017000
v 0.212000 0.017000 -0.019000
v 0.213414 0.018414 -0.017000
v 0.213155 0.018155 -0.018155
v 0.213414 0.017000 -0.018414
v 0.212000 0.018414 -0.018414
vn -0.0000 1.0000 -0.0000
vn -0.0000 -1.0000 -0.0000
vn -0.0000 -0.0000 1.0000
vn 1.0000 -0.0000 -0.0000
vn -0.0000 -0.0000 -1.0000
vn -1.0000 -0.0000 -0.0000
vn -0.3217 -0.9020 0.2878
vn -0.2621 -0.3688 0.8918
vn -0.8830 -0.2848 0.3732
vn -0.8864 0.3672 0.2820
vn -0.3669 0.2814 0.8867
vn -0.2816 0.8862 0.3678
vn -0.8805 -0.3730 -0.2924
vn -0.3573 -0.2807 -0.8908
vn -0.2337 -0.8963 -0.3768
vn -0.3666 0.8863 -0.2829
vn -0.2814 0.3668 -0.8867
vn -0.8864 0.2815 -0.3675
vn 0.8805 -0.3730 0.2924
vn 0.3573 -0.2807 0.8908
vn 0.2337 -0.8963 0.3768
vn 0.2747 0.9155 0.2941
vn 0.2425 0.3696 0.8970
vn 0.8796 0.2859 0.3803
vn 0.2621 -0.3688 -0.8918
vn 0.8830 -0.2848 -0.3732
vn 0.3217 -0.9020 -0.2878
vn 0.1845 0.9037 -0.3864
vn 0.8747 0.3779 -0.3036
vn 0.3475 0.2793 -0.8951
vn -0.3672 -0.8865 0.2817
vn -0.2817 -0.3672 0.8865
vn -0.8865 -0.2817 0.3672
vn -0.3672 0.2817 0.8865
vn -0.2817 0.8865 0.3672
vn -0.8865 0.3672 0.2817
vn -0.2817 -0.8864 -0.3672
vn -0.8864 -0.3672 -0.2818
vn -0.3672 -0.2817 -0.8864
vn -0.3672 0.8865 -0.2817
vn -0.2817 0.3672 -0.8865
vn -0.8865 0.2817 -0.3672
vn 0.2817 -0.8865 0.3672
vn 0.8864 -0.3672 0.2818
vn 0.3672 -0.2817 0.8864
vn 0.3672 0.8865 0.2817
vn 0.2817 0.3672 0.8865
vn 0.8865 0.2817 0.3672
vn 0.3672 -0.8865 -0.2817
vn 0.2817 -0.3672 -0.8865
vn 0.8865 -0.2817 -0.3672
vn 0.2817 0.8865 -0.3672
vn 0.8864 0.3672 -0.2818
vn 0.3672 0.2817 -0.8864
vn -0.3364 -0.9417 -0.0000
vn -0.9208 -0.3901 -0.0000
vn -0.3827 -0.0000 0.9239
vn -0.9239 -0.0000 0.3827
vn -0.3827 0.9239 0.0001
vn -0.9239 0.3827 -0.0000
vn -0.3827 -0.0000 -0.9239
vn -0.9239 -0.0000 -0.3827
vn 0.0532 -0.9224 -0.3825
vn 0.0221 -0.3822 -0.9238
vn -0.1060 0.9184 -0.3813
vn -0.0440 0.3816 -0.9233
vn 0.9239 -0.0001 -0.3827
vn 0.3827 -0.0000 -0.9239
vn 0.3364 -0.9417 -0.0000
vn 0.9208 -0.3901 -0.0000
vn 0.2887 0.9574 -0.0000
vn 0.9180 0.3966 -0.0000
vn 0.3827 -0.0000 0.9239
vn 0.9239 -0.0000 0.3827
vn -0.0532 -0.9224 0.3825
vn -0.0221 -0.3822 0.9238
vn -0.0000 0.9236 0.3834
vn -0.0000 0.3820 0.9242
vn -0.3828 -0.0000 0.9238
vn -0.9237 -0.0000 0.3831
vn -0.3827 0.9239 -0.0000
vn -0.0532 -0.9223 -0.3828
vn -0.0221 -0.3823 -0.9238
vn -0.0000 -0.9237 -0.3830
vn -0.0000 -0.3823 -0.9240
vn -0.0000 0.9234 -0.3838
vn -0.0000 0.3822 -0.9241
vn -0.0000 0.9236 -0.3834
vn -0.0000 0.3820 -0.9242
vn 0.9239 -0.0000 -0.3827
vn 0.3833 0.0001 0.9236
vn 0.9233 -0.0000 0.3842
vn 0.0532 -0.9223 0.3828
vn 0.0221 -0.3823 0.9238
vn -0.0000 -0.9237 0.3830
vn -0.0000 -0.3823 0.9240
vn -0.1059 0.9181 0.3819
vn -0.0440 0.3817 0.9232
vn -0.0000 0.3819 0.9242
vn -0.3827 -0.9239 -0.0000
vn -0.9239 -0.3827 -0.0000
vn -0.0000 -0.9239 -0.3827
vn -0.0000 -0.3827 -0.9239
vn -0.0000 0.9239 -0.3827
vn -0.0000 0.3827 -0.9239
vn 0.3827 -0.9239 -0.0000
vn 0.9239 -0.3827 -0.0000
vn 0.3827 0.9239 -0.0000
vn 0.9239 0.3827 -0.0000
vn -0.0000 -0.9239 0.3827
vn -0.0000 -0.3827 0.9239
vn -0.0000 0.9239 0.3827
vn -0.0000 0.3827 0.9239
vn 0.0576 -0.9983 -0.0000
vn -0.0576 -0.9983 -0.0000
vn -0.1146 0.9934 -0.0000
vn -0.2336 -0.8980 0.3730
vn -0.3530 -0.2828 0.8918
vn -0.8820 -0.3731 0.2880
vn -0.8864 0.2815 0.3675
vn -0.2815 0.3666 0.8868
vn -0.3671 0.8863 0.2823
vn -0.8813 -0.2849 -0.3769
vn -0.2596 -0.3730 -0.8908
vn -0.3217 -0.9006 -0.2923
vn -0.2811 0.8862 -0.3683
vn -0.3669 0.2814 -0.8867
vn -0.8864 0.3669 -0.2822
vn 0.8813 -0.2849 0.3769
vn 0.2596 -0.3730 0.8908
vn 0.3217 -0.9006 0.2923
vn 0.1841 0.9070 0.3786
vn 0.3392 0.2831 0.8971
vn 0.8778 0.3770 0.2955
vn 0.3530 -0.2828 -0.8918
vn 0.8820 -0.3731 -0.2880
vn 0.2336 -0.8980 -0.3730
vn 0.2752 0.9125 -0.3028
vn 0.8763 0.2871 -0.3869
vn 0.2373 0.3779 -0.8949
vn -0.2817 -0.8865 0.3672
vn -0.3672 -0.2817 0.8865
vn -0.8865 -0.3672 0.2817
vn -0.2817 0.3672 0.8865
vn -0.3672 0.8865 0.2817
vn -0.8865 0.2817 0.3672
vn -0.3672 -0.8865 -0.2817
vn -0.8865 -0.2817 -0.3672
vn -0.2817 -0.3672 -0.8865
vn -0.2817 0.8865 -0.3672
vn -0.3672 0.2817 -0.8865
vn -0.8865 0.3672 -0.2817
vn 0.3672 -0.8865 0.2817
vn 0.8865 -0.2817 0.3672
vn 0.2817 -0.3672 0.8865
vn 0.2817 0.8865 0.3672
vn 0.3672 0.2817 0.8865
vn 0.8865 0.3672 0.2817
vn 0.2817 -0.8865 -0.3672
vn 0.3672 -0.2817 -0.8865
vn 0.8865 -0.3672 -0.2817
vn 0.3672 0.8865 -0.2817
vn 0.8865 0.2817 -0.3672
vn 0.2817 0.3672 -0.8865
vn -0.3359 -0.9419 -0.0001
vn -0.9210 -0.3896 -0.0001
vn -0.3822 0.9241 -0.0000
vn -0.9240 0.3825 -0.0000
vn -0.1060 0.9183 -0.3814
vn -0.0440 0.3815 -0.9233
vn 0.9237 -0.0000 -0.3831
vn 0.3828 -0.0000 -0.9238
vn 0.3360 -0.9419 0.0001
vn 0.9210 -0.3896 0.0001
vn 0.2874 0.9578 -0.0002
vn 0.9188 0.3947 -0.0003
vn -0.0000 0.9236 0.3833
vn -0.0000 0.3821 0.9241
vn -0.9239 -0.0001 0.3827
vn -0.0532 -0.9224 -0.3825
vn -0.0221 -0.3822 -0.9238
vn -0.0000 0.3819 -0.9242
vn 0.9239 0.0002 0.3827
vn 0.0532 -0.9224 0.3825
vn 0.0221 -0.3822 0.9238
vn -0.1059 0.9184 0.3813
vn -0.0440 0.3816 0.9233
vt 0.746811 0.251651
vt 0.723160 0.161381
vt 0.749930 0.161888
vt 0.373997 0.861456
vt 0.402286 0.953394
vt 0.373997 0.953394
vt 0.670911 0.155636
vt 0.648463 0.258492
vt 0.647132 0.152113
vt 0.749101 0.064993
vt 0.717866 0.040565
vt 0.755405 0.041751
vt 0.800553 0.257719
vt 0.823581 0.153630
vt 0.823917 0.261631
vt 0.720521 0.342574
vt 0.750596 0.366255
vt 0.714576 0.364983
vt 0.211835 0.865699
vt 0.207591 0.863354
vt 0.211835 0.861456
vt 0.666686 0.360548
vt 0.666612 0.369339
vt 0.662848 0.364380
vt 0.673953 0.368832
vt 0.668283 0.365271
vt 0.708839 0.325333
vt 0.708231 0.322539
vt 0.710649 0.323021
vt 0.705306 0.321294
vt 0.706188 0.324661
vt 0.710091 0.319714
vt 0.707578 0.319408
vt 0.792018 0.375307
vt 0.801610 0.375152
vt 0.795140 0.380600
vt 0.800160 0.367495
vt 0.798245 0.372305
vt 0.170233 0.949303
vt 0.167783 0.953547
vt 0.165990 0.949178
vt 0.758549 0.318036
vt 0.760550 0.320541
vt 0.757976 0.321191
vt 0.763452 0.319984
vt 0.761279 0.317439
vt 0.759648 0.324062
vt 0.762488 0.323187
vt 0.674065 0.032194
vt 0.663962 0.032649
vt 0.670629 0.026727
vt 0.665864 0.040630
vt 0.667556 0.035535
vt 0.106832 0.865699
vt 0.109282 0.861456
vt 0.111076 0.865825
vt 0.714076 0.096680
vt 0.712388 0.094210
vt 0.714780 0.093645
vt 0.709509 0.094712
vt 0.711565 0.097288
vt 0.713154 0.090842
vt 0.710517 0.091541
vt 0.805452 0.046822
vt 0.805615 0.037620
vt 0.809501 0.042841
vt 0.797915 0.038076
vt 0.803833 0.041872
vt 0.273238 0.949303
vt 0.277481 0.951649
vt 0.273238 0.953547
vt 0.757555 0.093686
vt 0.759139 0.090763
vt 0.759922 0.093980
vt 0.758401 0.088161
vt 0.756884 0.090453
vt 0.761861 0.091918
vt 0.760941 0.088501
vt 0.860527 0.393379
vt 0.858077 0.397622
vt 0.856283 0.393379
vt 0.641852 0.813930
vt 0.628544 0.809333
vt 0.640410 0.807592
vt 0.631008 0.819759
vt 0.631029 0.812519
vt 0.670735 0.891241
vt 0.671559 0.896466
vt 0.668839 0.890805
vt 0.672082 0.897732
vt 0.672177 0.897578
vt 0.668765 0.892991
vt 0.671894 0.897483
vt 0.860527 0.321243
vt 0.856284 0.318793
vt 0.860527 0.316999
vt 0.630921 0.969074
vt 0.631165 0.981266
vt 0.627878 0.972893
vt 0.641723 0.977725
vt 0.630899 0.976315
vt 0.670460 0.900359
vt 0.669791 0.901102
vt 0.670272 0.900110
vt 0.669051 0.906550
vt 0.670364 0.900513
vt 0.667229 0.903928
vt 0.667155 0.906114
vt 0.881743 0.393379
vt 0.885987 0.395828
vt 0.881743 0.397622
vt 0.712558 0.830264
vt 0.712314 0.818073
vt 0.715601 0.826446
vt 0.701756 0.821614
vt 0.712579 0.823024
vt 0.673019 0.898980
vt 0.673688 0.898237
vt 0.673207 0.899229
vt 0.674428 0.892789
vt 0.673115 0.898825
vt 0.676249 0.895411
vt 0.676324 0.893225
vt 0.881743 0.321243
vt 0.884193 0.316999
vt 0.885987 0.321243
vt 0.701627 0.985409
vt 0.714935 0.990005
vt 0.703069 0.991747
vt 0.712471 0.979580
vt 0.712450 0.986820
vt 0.671397 0.901606
vt 0.671920 0.902873
vt 0.671301 0.901761
vt 0.674714 0.906348
vt 0.671584 0.901856
vt 0.672744 0.908098
vt 0.674640 0.908534
vt 0.235880 0.861456
vt 0.235880 0.865699
vt 0.705390 0.395539
vt 0.707227 0.389428
vt 0.697754 0.332625
vt 0.696546 0.329030
vt 0.701169 0.334118
vt 0.743676 0.321753
vt 0.743524 0.325145
vt 0.744118 0.328688
vt 0.783731 0.352524
vt 0.785586 0.348329
vt 0.778761 0.354584
vt 0.170233 0.861456
vt 0.165990 0.861456
vt 0.842971 0.265449
vt 0.837884 0.264430
vt 0.773546 0.160595
vt 0.777714 0.160367
vt 0.782123 0.159783
vt 0.783192 0.056219
vt 0.788096 0.058773
vt 0.789734 0.063151
vt 0.249193 0.953547
vt 0.249193 0.949304
vt 0.765115 0.009695
vt 0.763173 0.016106
vt 0.727603 0.090264
vt 0.727399 0.093525
vt 0.726928 0.086860
vt 0.683479 0.055846
vt 0.681801 0.060289
vt 0.688637 0.053554
vt 0.106832 0.953547
vt 0.111076 0.953547
vt 0.627878 0.148819
vt 0.633018 0.149699
vt 0.696792 0.251882
vt 0.692681 0.252037
vt 0.688453 0.252578
vt 0.194278 0.949304
vt 0.170233 0.953547
vt 0.756226 0.398544
vt 0.069474 0.949304
vt 0.041186 0.953547
vt 0.041186 0.949304
vt 0.755100 0.392086
vt 0.683173 0.349017
vt 0.687883 0.351412
vt 0.681571 0.344839
vt 0.723786 0.321607
vt 0.723965 0.325023
vt 0.723276 0.328534
vt 0.770321 0.333951
vt 0.766747 0.335287
vt 0.771717 0.330432
vt 0.273238 0.861456
vt 0.277481 0.949228
vt 0.842971 0.150278
vt 0.314839 0.861456
vt 0.319083 0.953394
vt 0.314839 0.953394
vt 0.837794 0.151173
vt 0.776831 0.254336
vt 0.781585 0.255014
vt 0.772328 0.253934
vt 0.769138 0.074196
vt 0.772674 0.075820
vt 0.773922 0.079588
vt 0.082787 0.865699
vt 0.106832 0.861456
vt 0.711435 0.006656
vt 0.152677 0.949303
vt 0.124388 0.953547
vt 0.124388 0.949304
vt 0.712721 0.013438
vt 0.745057 0.093013
vt 0.744823 0.089704
vt 0.745393 0.086409
vt 0.698026 0.074674
vt 0.701703 0.073183
vt 0.696775 0.078410
vt 0.211835 0.953547
vt 0.207591 0.865775
vt 0.629697 0.261879
vt 0.356441 0.861456
vt 0.360684 0.953394
vt 0.356441 0.953394
vt 0.634707 0.260975
vt 0.697094 0.158784
vt 0.692494 0.158325
vt 0.688167 0.157786
vt 0.856284 0.321243
vt 0.627878 0.815267
vt 0.881743 0.316999
vt 0.640410 0.983762
vt 0.885987 0.393379
vt 0.715601 0.984072
vt 0.860527 0.397622
vt 0.703069 0.815577
vt 0.235880 0.953547
vt 0.671583 0.254736
vt 0.720087 0.251008
vt 0.746495 0.342857
vt 0.082787 0.953547
vt 0.722540 0.064735
vt 0.249193 0.861456
vt 0.799710 0.157454
vt 0.041186 0.861456
vt 0.290794 0.861456
vt 0.124388 0.861456
vt 0.152677 0.861456
vt 0.332395 0.861456
vt 0.332395 0.953394
vt 0.402285 0.861456
vt 0.670615 0.373341
vt 0.803951 0.372121
vt 0.661742 0.035894
vt 0.801443 0.033376
vt 0.194278 0.953547
vt 0.069474 0.953547
vt 0.277481 0.861456
vt 0.319083 0.861456
vt 0.082787 0.861456
vt 0.152677 0.953547
vt 0.207591 0.953547
vt 0.360684 0.861456
vt 0.194278 0.861456
vt 0.069474 0.861456
vt 0.290794 0.953394
s 0
usemtl MAT_wood_dark_reddish
f 1149/1785/1068 1148/1786/1068 1147/1787/1068
f 1153/1788/1069 1152/1789/1069 1151/1790/1069
f 1157/1791/1070 1156/1792/1070 1155/1793/1070
f 1161/1794/1071 1160/1795/1071 1159/1796/1071
f 1165/1797/1072 1164/1798/1072 1163/1799/1072
f 1169/1800/1073 1168/1801/1073 1167/1802/1073
f 1171/1803/1074 1175/1804/1074 1177/1805/1074
f 1172/1806/1075 1175/1807/1075 1174/1808/1075
f 1173/1809/1076 1175/1807/1076 1176/1810/1076
f 1178/1811/1077 1182/1812/1077 1184/1813/1077
f 1179/1814/1078 1182/1812/1078 1181/1815/1078
f 1180/1816/1079 1182/1812/1079 1183/1817/1079
f 1185/1818/1080 1189/1819/1080 1191/1820/1080
f 1186/1821/1081 1189/1819/1081 1188/1822/1081
f 1187/1823/1082 1189/1824/1082 1190/1825/1082
f 1192/1826/1083 1196/1827/1083 1198/1828/1083
f 1193/1829/1084 1196/1827/1084 1195/1830/1084
f 1194/1831/1085 1196/1827/1085 1197/1832/1085
f 1199/1833/1086 1203/1834/1086 1205/1835/1086
f 1200/1836/1087 1203/1834/1087 1202/1837/1087
f 1201/1838/1088 1203/1839/1088 1204/1840/1088
f 1206/1841/1089 1210/1842/1089 1212/1843/1089
f 1207/1844/1090 1210/1842/1090 1209/1845/1090
f 1208/1846/1091 1210/1842/1091 1211/1847/1091
f 1213/1848/1092 1217/1849/1092 1219/1850/1092
f 1214/1851/1093 1217/1849/1093 1216/1852/1093
f 1215/1853/1094 1217/1854/1094 1218/1855/1094
f 1220/1856/1095 1224/1857/1095 1226/1858/1095
f 1221/1859/1096 1224/1857/1096 1223/1860/1096
f 1222/1861/1097 1224/1857/1097 1225/1862/1097
f 1299/1863/1098 1303/1864/1098 1305/1865/1098
f 1300/1866/1099 1303/1867/1099 1302/1868/1099
f 1301/1869/1100 1303/1867/1100 1304/1870/1100
f 1306/1871/1101 1310/1872/1101 1312/1873/1101
f 1307/1874/1102 1310/1872/1102 1309/1875/1102
f 1308/1876/1103 1310/1872/1103 1311/1877/1103
f 1313/1878/1104 1317/1879/1104 1319/1880/1104
f 1314/1881/1105 1317/1882/1105 1316/1883/1105
f 1315/1884/1106 1317/1882/1106 1318/1885/1106
f 1320/1886/1107 1324/1887/1107 1326/1888/1107
f 1321/1889/1108 1324/1887/1108 1323/1890/1108
f 1322/1891/1109 1324/1887/1109 1325/1892/1109
f 1327/1893/1110 1331/1894/1110 1333/1895/1110
f 1328/1896/1111 1331/1897/1111 1330/1898/1111
f 1329/1899/1112 1331/1897/1112 1332/1900/1112
f 1334/1901/1113 1338/1902/1113 1340/1903/1113
f 1335/1904/1114 1338/1902/1114 1337/1905/1114
f 1336/1906/1115 1338/1902/1115 1339/1907/1115
f 1341/1908/1116 1345/1909/1116 1347/1910/1116
f 1342/1911/1117 1345/1912/1117 1344/1913/1117
f 1343/1914/1118 1345/1912/1118 1346/1915/1118
f 1348/1916/1119 1352/1917/1119 1354/1918/1119
f 1349/1919/1120 1352/1917/1120 1351/1920/1120
f 1350/1921/1121 1352/1917/1121 1353/1922/1121
f 1171/1803/1122 1232/1923/1122 1231/1924/1122
f 1232/1925/1123 1173/1809/1123 1230/1926/1123
f 1179/1814/1124 1238/1927/1124 1237/1928/1124
f 1181/1815/1125 1236/1929/1125 1238/1927/1125
f 1243/1930/1126 1198/1828/1126 1244/1931/1126
f 1244/1931/1127 1194/1831/1127 1242/1932/1127
f 1186/1821/1128 1250/1933/1128 1249/1934/1128
f 1188/1822/1129 1248/1935/1129 1250/1933/1129
f 1255/1936/1130 1190/1825/1130 1256/1937/1130
f 1256/1938/1131 1186/1821/1131 1254/1939/1131
f 1261/1940/1132 1226/1858/1132 1262/1941/1132
f 1262/1941/1133 1222/1861/1133 1260/1942/1133
f 1267/1943/1134 1216/1852/1134 1268/1944/1134
f 1268/1944/1135 1213/1848/1135 1266/1945/1135
f 1215/1853/1136 1274/1946/1136 1273/1947/1136
f 1274/1948/1137 1214/1851/1137 1272/1949/1137
f 1206/1841/1138 1280/1950/1138 1279/1951/1138
f 1280/1950/1139 1208/1846/1139 1278/1952/1139
f 1200/1836/1140 1286/1953/1140 1285/1954/1140
f 1202/1837/1141 1284/1955/1141 1286/1953/1141
f 1291/1956/1142 1204/1840/1142 1292/1957/1142
f 1292/1958/1143 1200/1836/1143 1290/1959/1143
f 1297/1960/1144 1183/1817/1144 1298/1961/1144
f 1298/1961/1145 1179/1814/1145 1296/1962/1145
f 1227/1963/1122 1191/1964/1122 1187/1823/1122
f 1229/1965/1123 1185/1818/1123 1191/1820/1123
f 1231/1966/1122 1229/1967/1122 1227/1968/1122
f 1232/1925/1123 1228/1969/1123 1229/1965/1123
f 1172/1806/1146 1235/1970/1146 1176/1810/1146
f 1176/1810/1147 1234/1971/1147 1173/1809/1147
f 1237/1928/1124 1235/1970/1124 1233/1972/1124
f 1238/1927/1125 1234/1971/1125 1235/1970/1125
f 1239/1973/1148 1184/1813/1148 1180/1816/1148
f 1241/1974/1127 1178/1811/1127 1184/1813/1127
f 1243/1930/1148 1241/1974/1148 1239/1973/1148
f 1244/1931/1127 1240/1975/1127 1241/1974/1127
f 1193/1829/1128 1247/1976/1128 1197/1832/1128
f 1197/1832/1129 1246/1977/1129 1194/1831/1129
f 1249/1934/1128 1247/1976/1128 1245/1978/1128
f 1250/1933/1129 1246/1977/1129 1247/1976/1129
f 1251/1979/1149 1219/1980/1149 1215/1853/1149
f 1253/1981/1150 1213/1848/1150 1219/1850/1150
f 1255/1982/1151 1253/1983/1151 1251/1984/1151
f 1256/1938/1152 1252/1985/1152 1253/1981/1152
f 1192/1826/1153 1259/1986/1153 1195/1830/1153
f 1195/1830/1154 1258/1987/1154 1193/1829/1154
f 1261/1940/1155 1259/1986/1155 1257/1988/1155
f 1262/1941/1156 1258/1987/1156 1259/1986/1156
f 1263/1989/1157 1225/1862/1157 1221/1859/1157
f 1265/1990/1135 1222/1861/1135 1225/1862/1135
f 1267/1943/1157 1265/1990/1157 1263/1989/1157
f 1268/1944/1135 1264/1991/1135 1265/1990/1135
f 1269/1992/1136 1205/1993/1136 1201/1838/1136
f 1271/1994/1137 1199/1833/1137 1205/1835/1137
f 1273/1995/1136 1271/1996/1136 1269/1997/1136
f 1274/1948/1137 1270/1998/1137 1271/1994/1137
f 1275/1999/1138 1223/1860/1138 1220/1856/1138
f 1277/2000/1139 1221/1859/1139 1223/1860/1139
f 1279/1951/1138 1277/2000/1138 1275/1999/1138
f 1280/1950/1139 1276/2001/1139 1277/2000/1139
f 1207/1844/1158 1283/2002/1158 1211/1847/1158
f 1211/1847/1159 1282/2003/1159 1208/1846/1159
f 1285/1954/1140 1283/2002/1140 1281/2004/1140
f 1286/1953/1141 1282/2003/1141 1283/2002/1141
f 1287/2005/1160 1174/2006/1160 1171/1803/1160
f 1289/2007/1161 1172/1806/1161 1174/1808/1161
f 1291/2008/1162 1289/2009/1162 1287/2010/1162
f 1292/1958/1163 1288/2011/1163 1289/2007/1163
f 1293/2012/1164 1209/1845/1164 1206/1841/1164
f 1295/2013/1165 1207/1844/1165 1209/1845/1165
f 1297/1960/1144 1295/2013/1144 1293/2012/1144
f 1295/2013/1166 1296/1962/1166 1294/2014/1166
f 1299/1863/1167 1316/2015/1167 1313/1878/1167
f 1305/2016/1168 1314/1881/1168 1316/1883/1168
f 1306/1871/1124 1304/1870/1124 1300/1866/1124
f 1304/1870/1125 1308/1876/1125 1301/1869/1125
f 1307/1874/1148 1326/1888/1148 1311/1877/1148
f 1311/1877/1127 1322/1891/1127 1308/1876/1127
f 1315/1884/1128 1325/1892/1128 1321/1889/1128
f 1318/1885/1129 1322/1891/1129 1325/1892/1129
f 1341/1908/1169 1319/1880/1169 1344/2017/1169
f 1319/2018/1170 1342/1911/1170 1344/1913/1170
f 1320/1886/1171 1354/1918/1171 1323/1890/1171
f 1354/1918/1172 1321/1889/1172 1323/1890/1172
f 1343/1914/1157 1353/1922/1157 1349/1919/1157
f 1346/1915/1135 1350/1921/1135 1353/1922/1135
f 1341/1908/1173 1330/2019/1173 1327/1893/1173
f 1347/2020/1174 1328/1896/1174 1330/1898/1174
f 1334/1901/1175 1351/1920/1175 1348/1916/1175
f 1340/1903/1176 1349/1919/1176 1351/1920/1176
f 1329/1899/1140 1339/1907/1140 1335/1904/1140
f 1339/1907/1141 1328/1896/1141 1336/1906/1141
f 1299/1863/1177 1333/1895/1177 1302/2021/1177
f 1333/2022/1178 1300/1866/1178 1302/1868/1178
f 1307/1874/1179 1337/1905/1179 1334/1901/1179
f 1309/1875/1180 1335/1904/1180 1337/1905/1180
f 1234/1971/1073 1230/1926/1073 1173/1809/1073
f 1288/2011/1070 1233/1972/1070 1172/1806/1070
f 1152/2023/1181 1171/1803/1181 1231/1924/1181
f 1178/1811/1073 1169/1800/1073 1236/1929/1073
f 1296/1962/1070 1237/1928/1070 1158/2024/1070
f 1239/1973/1068 1297/1960/1068 1150/2025/1068
f 1168/1801/1073 1185/1818/1073 1228/1969/1073
f 1249/1934/1072 1254/1939/1072 1186/1821/1072
f 1255/1936/1181 1227/1963/1181 1187/1823/1181
f 1192/1826/1068 1149/1785/1068 1257/1988/1068
f 1242/1932/1073 1246/1977/1073 1170/2026/1073
f 1245/1978/1072 1258/1987/1072 1165/1797/1072
f 1160/1795/1071 1199/1833/1071 1270/1998/1071
f 1285/1954/1070 1290/1959/1070 1200/1836/1070
f 1269/1992/1182 1291/1956/1182 1154/2027/1182
f 1148/1786/1183 1206/1841/1183 1279/1951/1183
f 1278/1952/1071 1282/2003/1071 1162/2028/1071
f 1281/2004/1070 1294/2014/1070 1157/1791/1070
f 1252/1985/1072 1266/1945/1072 1213/1848/1072
f 1267/1943/1071 1272/1949/1071 1214/1851/1071
f 1215/1853/1182 1153/2029/1182 1251/1979/1182
f 1261/1940/1183 1275/1999/1183 1220/1856/1183
f 1260/1942/1072 1264/1991/1072 1166/2030/1072
f 1221/1859/1071 1161/1794/1071 1263/1989/1071
f 1167/1802/1073 1228/1969/1073 1230/1926/1073
f 1151/2031/1181 1231/1966/1181 1227/1968/1181
f 1236/1929/1073 1167/1802/1073 1234/1971/1073
f 1158/2024/1070 1233/1972/1070 1156/1792/1070
f 1240/1975/1073 1170/2026/1073 1169/1800/1073
f 1243/1930/1068 1150/2025/1068 1149/1785/1068
f 1170/2026/1073 1248/1935/1073 1168/1801/1073
f 1245/1978/1072 1163/1799/1072 1249/1934/1072
f 1163/1799/1072 1252/1985/1072 1254/1939/1072
f 1251/1984/1069 1151/2032/1069 1255/1982/1069
f 1165/1797/1072 1260/1942/1072 1166/2030/1072
f 1257/1988/1068 1147/1787/1068 1261/1940/1068
f 1166/2030/1072 1266/1945/1072 1164/1798/1072
f 1263/1989/1071 1159/1796/1071 1267/1943/1071
f 1159/1796/1071 1270/1998/1071 1272/1949/1071
f 1273/1995/1182 1154/2033/1182 1153/2034/1182
f 1276/2001/1071 1162/2028/1071 1161/1794/1071
f 1147/1787/1183 1279/1951/1183 1275/1999/1183
f 1162/2028/1071 1284/1955/1071 1160/1795/1071
f 1281/2004/1070 1155/1793/1070 1285/1954/1070
f 1155/1793/1070 1288/2011/1070 1290/1959/1070
f 1154/2035/1069 1287/2010/1069 1152/2036/1069
f 1294/2014/1070 1158/2024/1070 1157/1791/1070
f 1150/2025/1068 1293/2012/1068 1148/1786/1068
f 1341/1908/1069 1299/1863/1069 1313/1878/1069
f 1308/1876/1073 1314/1881/1073 1301/1869/1073
f 1335/1904/1070 1300/1866/1070 1329/1899/1070
f 1320/1886/1068 1334/1901/1068 1348/1916/1068
f 1321/1889/1072 1342/1911/1072 1315/1884/1072
f 1349/1919/1071 1328/1896/1071 1343/1914/1071
f 1149/1785/1068 1150/2025/1068 1148/1786/1068
f 1153/1788/1069 1154/2037/1069 1152/1789/1069
f 1157/1791/1070 1158/2024/1070 1156/1792/1070
f 1161/1794/1071 1162/2028/1071 1160/1795/1071
f 1165/1797/1072 1166/2030/1072 1164/1798/1072
f 1169/1800/1073 1170/2026/1073 1168/1801/1073
f 1171/1803/1184 1174/2006/1184 1175/1804/1184
f 1172/1806/1185 1176/1810/1185 1175/1807/1185
f 1173/1809/1186 1177/2038/1186 1175/1807/1186
f 1178/1811/1187 1181/1815/1187 1182/1812/1187
f 1179/1814/1188 1183/1817/1188 1182/1812/1188
f 1180/1816/1189 1184/1813/1189 1182/1812/1189
f 1185/1818/1190 1188/1822/1190 1189/1819/1190
f 1186/1821/1191 1190/2039/1191 1189/1819/1191
f 1187/1823/1192 1191/1964/1192 1189/1824/1192
f 1192/1826/1193 1195/1830/1193 1196/1827/1193
f 1193/1829/1194 1197/1832/1194 1196/1827/1194
f 1194/1831/1195 1198/1828/1195 1196/1827/1195
f 1199/1833/1196 1202/1837/1196 1203/1834/1196
f 1200/1836/1197 1204/2040/1197 1203/1834/1197
f 1201/1838/1198 1205/1993/1198 1203/1839/1198
f 1206/1841/1199 1209/1845/1199 1210/1842/1199
f 1207/1844/1200 1211/1847/1200 1210/1842/1200
f 1208/1846/1201 1212/1843/1201 1210/1842/1201
f 1213/1848/1202 1216/1852/1202 1217/1849/1202
f 1214/1851/1203 1218/2041/1203 1217/1849/1203
f 1215/1853/1204 1219/1980/1204 1217/1854/1204
f 1220/1856/1205 1223/1860/1205 1224/1857/1205
f 1221/1859/1206 1225/1862/1206 1224/1857/1206
f 1222/1861/1207 1226/1858/1207 1224/1857/1207
f 1299/1863/1208 1302/2021/1208 1303/1864/1208
f 1300/1866/1209 1304/1870/1209 1303/1867/1209
f 1301/1869/1210 1305/2016/1210 1303/1867/1210
f 1306/1871/1211 1309/1875/1211 1310/1872/1211
f 1307/1874/1212 1311/1877/1212 1310/1872/1212
f 1308/1876/1213 1312/1873/1213 1310/1872/1213
f 1313/1878/1214 1316/2015/1214 1317/1879/1214
f 1314/1881/1215 1318/1885/1215 1317/1882/1215
f 1315/1884/1216 1319/2018/1216 1317/1882/1216
f 1320/1886/1217 1323/1890/1217 1324/1887/1217
f 1321/1889/1218 1325/1892/1218 1324/1887/1218
f 1322/1891/1219 1326/1888/1219 1324/1887/1219
f 1327/1893/1220 1330/2019/1220 1331/1894/1220
f 1328/1896/1221 1332/1900/1221 1331/1897/1221
f 1329/1899/1222 1333/2022/1222 1331/1897/1222
f 1334/1901/1223 1337/1905/1223 1338/1902/1223
f 1335/1904/1224 1339/1907/1224 1338/1902/1224
f 1336/1906/1225 1340/1903/1225 1338/1902/1225
f 1341/1908/1226 1344/2017/1226 1345/1909/1226
f 1342/1911/1227 1346/1915/1227 1345/1912/1227
f 1343/1914/1228 1347/2020/1228 1345/1912/1228
f 1348/1916/1229 1351/1920/1229 1352/1917/1229
f 1349/1919/1230 1353/1922/1230 1352/1917/1230
f 1350/1921/1231 1354/1918/1231 1352/1917/1231
f 1171/1803/1232 1177/1805/1232 1232/1923/1232
f 1232/1925/1233 1177/2038/1233 1173/1809/1233
f 1179/1814/1124 1181/1815/1124 1238/1927/1124
f 1181/1815/1125 1178/1811/1125 1236/1929/1125
f 1243/1930/1234 1192/1826/1234 1198/1828/1234
f 1244/1931/1235 1198/1828/1235 1194/1831/1235
f 1186/1821/1128 1188/1822/1128 1250/1933/1128
f 1188/1822/1129 1185/1818/1129 1248/1935/1129
f 1255/1936/1130 1187/1823/1130 1190/1825/1130
f 1256/1938/1131 1190/2039/1131 1186/1821/1131
f 1261/1940/1236 1220/1856/1236 1226/1858/1236
f 1262/1941/1237 1226/1858/1237 1222/1861/1237
f 1267/1943/1238 1214/1851/1238 1216/1852/1238
f 1268/1944/1239 1216/1852/1239 1213/1848/1239
f 1215/1853/1240 1218/1855/1240 1274/1946/1240
f 1274/1948/1241 1218/2041/1241 1214/1851/1241
f 1206/1841/1242 1212/1843/1242 1280/1950/1242
f 1280/1950/1243 1212/1843/1243 1208/1846/1243
f 1200/1836/1140 1202/1837/1140 1286/1953/1140
f 1202/1837/1141 1199/1833/1141 1284/1955/1141
f 1291/1956/1142 1201/1838/1142 1204/1840/1142
f 1292/1958/1143 1204/2040/1143 1200/1836/1143
f 1297/1960/1244 1180/1816/1244 1183/1817/1244
f 1298/1961/1245 1183/1817/1245 1179/1814/1245
f 1227/1963/1122 1229/2042/1122 1191/1964/1122
f 1229/1965/1123 1228/1969/1123 1185/1818/1123
f 1231/1966/1122 1232/2043/1122 1229/1967/1122
f 1232/1925/1123 1230/1926/1123 1228/1969/1123
f 1172/1806/1124 1233/1972/1124 1235/1970/1124
f 1176/1810/1246 1235/1970/1246 1234/1971/1246
f 1237/1928/1124 1238/1927/1124 1235/1970/1124
f 1238/1927/1125 1236/1929/1125 1234/1971/1125
f 1239/1973/1148 1241/1974/1148 1184/1813/1148
f 1241/1974/1127 1240/1975/1127 1178/1811/1127
f 1243/1930/1148 1244/1931/1148 1241/1974/1148
f 1244/1931/1127 1242/1932/1127 1240/1975/1127
f 1193/1829/1128 1245/1978/1128 1247/1976/1128
f 1197/1832/1129 1247/1976/1129 1246/1977/1129
f 1249/1934/1128 1250/1933/1128 1247/1976/1128
f 1250/1933/1129 1248/1935/1129 1246/1977/1129
f 1251/1979/1247 1253/2044/1247 1219/1980/1247
f 1253/1981/1248 1252/1985/1248 1213/1848/1248
f 1255/1982/1151 1256/2045/1151 1253/1983/1151
f 1256/1938/1152 1254/1939/1152 1252/1985/1152
f 1192/1826/1155 1257/1988/1155 1259/1986/1155
f 1195/1830/1156 1259/1986/1156 1258/1987/1156
f 1261/1940/1155 1262/1941/1155 1259/1986/1155
f 1262/1941/1249 1260/1942/1249 1258/1987/1249
f 1263/1989/1157 1265/1990/1157 1225/1862/1157
f 1265/1990/1135 1264/1991/1135 1222/1861/1135
f 1267/1943/1157 1268/1944/1157 1265/1990/1157
f 1268/1944/1135 1266/1945/1135 1264/1991/1135
f 1269/1992/1136 1271/2046/1136 1205/1993/1136
f 1271/1994/1137 1270/1998/1137 1199/1833/1137
f 1273/1995/1136 1274/2047/1136 1271/1996/1136
f 1274/1948/1137 1272/1949/1137 1270/1998/1137
f 1275/1999/1138 1277/2000/1138 1223/1860/1138
f 1277/2000/1139 1276/2001/1139 1221/1859/1139
f 1279/1951/1138 1280/1950/1138 1277/2000/1138
f 1280/1950/1139 1278/1952/1139 1276/2001/1139
f 1207/1844/1140 1281/2004/1140 1283/2002/1140
f 1211/1847/1250 1283/2002/1250 1282/2003/1250
f 1285/1954/1140 1286/1953/1140 1283/2002/1140
f 1286/1953/1141 1284/1955/1141 1282/2003/1141
f 1287/2005/1251 1289/2048/1251 1174/2006/1251
f 1289/2007/1252 1288/2011/1252 1172/1806/1252
f 1291/2008/1162 1292/2049/1162 1289/2009/1162
f 1292/1958/1163 1290/1959/1163 1288/2011/1163
f 1293/2012/1253 1295/2013/1253 1209/1845/1253
f 1295/2013/1254 1294/2014/1254 1207/1844/1254
f 1297/1960/1144 1298/1961/1144 1295/2013/1144
f 1295/2013/1145 1298/1961/1145 1296/1962/1145
f 1299/1863/1167 1305/1865/1167 1316/2015/1167
f 1305/2016/1168 1301/1869/1168 1314/1881/1168
f 1306/1871/1124 1312/1873/1124 1304/1870/1124
f 1304/1870/1125 1312/1873/1125 1308/1876/1125
f 1307/1874/1148 1320/1886/1148 1326/1888/1148
f 1311/1877/1127 1326/1888/1127 1322/1891/1127
f 1315/1884/1128 1318/1885/1128 1325/1892/1128
f 1318/1885/1129 1314/1881/1129 1322/1891/1129
f 1341/1908/1169 1313/1878/1169 1319/1880/1169
f 1319/2018/1170 1315/1884/1170 1342/1911/1170
f 1320/1886/1171 1348/1916/1171 1354/1918/1171
f 1354/1918/1172 1350/1921/1172 1321/1889/1172
f 1343/1914/1157 1346/1915/1157 1353/1922/1157
f 1346/1915/1135 1342/1911/1135 1350/1921/1135
f 1341/1908/1173 1347/1910/1173 1330/2019/1173
f 1347/2020/1174 1343/1914/1174 1328/1896/1174
f 1334/1901/1175 1340/1903/1175 1351/1920/1175
f 1340/1903/1176 1336/1906/1176 1349/1919/1176
f 1329/1899/1140 1332/1900/1140 1339/1907/1140
f 1339/1907/1141 1332/1900/1141 1328/1896/1141
f 1299/1863/1177 1327/1893/1177 1333/1895/1177
f 1333/2022/1178 1329/1899/1178 1300/1866/1178
f 1307/1874/1179 1309/1875/1179 1337/1905/1179
f 1309/1875/1180 1306/1871/1180 1335/1904/1180
f 1234/1971/1073 1167/1802/1073 1230/1926/1073
f 1288/2011/1070 1156/1792/1070 1233/1972/1070
f 1152/2023/1181 1287/2005/1181 1171/1803/1181
f 1178/1811/1073 1240/1975/1073 1169/1800/1073
f 1296/1962/1070 1179/1814/1070 1237/1928/1070
f 1239/1973/1068 1180/1816/1068 1297/1960/1068
f 1168/1801/1073 1248/1935/1073 1185/1818/1073
f 1249/1934/1072 1163/1799/1072 1254/1939/1072
f 1255/1936/1181 1151/2050/1181 1227/1963/1181
f 1192/1826/1068 1243/1930/1068 1149/1785/1068
f 1242/1932/1073 1194/1831/1073 1246/1977/1073
f 1245/1978/1072 1193/1829/1072 1258/1987/1072
f 1160/1795/1071 1284/1955/1071 1199/1833/1071
f 1285/1954/1070 1155/1793/1070 1290/1959/1070
f 1269/1992/1182 1201/1838/1182 1291/1956/1182
f 1148/1786/1183 1293/2012/1183 1206/1841/1183
f 1278/1952/1071 1208/1846/1071 1282/2003/1071
f 1281/2004/1070 1207/1844/1070 1294/2014/1070
f 1252/1985/1072 1164/1798/1072 1266/1945/1072
f 1267/1943/1071 1159/1796/1071 1272/1949/1071
f 1215/1853/1182 1273/1947/1182 1153/2029/1182
f 1261/1940/1183 1147/1787/1183 1275/1999/1183
f 1260/1942/1072 1222/1861/1072 1264/1991/1072
f 1221/1859/1071 1276/2001/1071 1161/1794/1071
f 1167/1802/1073 1168/1801/1073 1228/1969/1073
f 1151/2031/1181 1152/2051/1181 1231/1966/1181
f 1236/1929/1073 1169/1800/1073 1167/1802/1073
f 1158/2024/1070 1237/1928/1070 1233/1972/1070
f 1240/1975/1073 1242/1932/1073 1170/2026/1073
f 1243/1930/1068 1239/1973/1068 1150/2025/1068
f 1170/2026/1073 1246/1977/1073 1248/1935/1073
f 1245/1978/1072 1165/1797/1072 1163/1799/1072
f 1163/1799/1072 1164/1798/1072 1252/1985/1072
f 1251/1984/1069 1153/2052/1069 1151/2032/1069
f 1165/1797/1072 1258/1987/1072 1260/1942/1072
f 1257/1988/1068 1149/1785/1068 1147/1787/1068
f 1166/2030/1072 1264/1991/1072 1266/1945/1072
f 1263/1989/1071 1161/1794/1071 1159/1796/1071
f 1159/1796/1071 1160/1795/1071 1270/1998/1071
f 1273/1995/1182 1269/1997/1182 1154/2033/1182
f 1276/2001/1071 1278/1952/1071 1162/2028/1071
f 1147/1787/1183 1148/1786/1183 1279/1951/1183
f 1162/2028/1071 1282/2003/1071 1284/1955/1071
f 1281/2004/1070 1157/1791/1070 1155/1793/1070
f 1155/1793/1070 1156/1792/1070 1288/2011/1070
f 1154/2035/1069 1291/2008/1069 1287/2010/1069
f 1294/2014/1070 1296/1962/1070 1158/2024/1070
f 1150/2025/1068 1297/1960/1068 1293/2012/1068
f 1341/1908/1069 1327/1893/1069 1299/1863/1069
f 1308/1876/1073 1322/1891/1073 1314/1881/1073
f 1335/1904/1070 1306/1871/1070 1300/1866/1070
f 1320/1886/1068 1307/1874/1068 1334/1901/1068
f 1321/1889/1072 1350/1921/1072 1342/1911/1072
f 1349/1919/1071 1336/1906/1071 1328/1896/1071
o AK_handguard_upper_main
v 0.165000 0.063598 -0.005000
v 0.165000 0.063598 0.005000
v 0.115000 0.063598 -0.005000
v 0.115000 0.063598 0.005000
v 0.115000 0.039000 -0.005000
v 0.115000 0.039000 0.005000
v 0.165000 0.039000 -0.005000
v 0.165000 0.039000 0.005000
v 0.165000 0.046333 0.015000
v 0.115000 0.046333 0.015000
v 0.165000 0.053667 0.015000
v 0.115000 0.053667 0.015000
v 0.215000 0.046333 -0.005000
v 0.215000 0.046333 0.005000
v 0.215000 0.053667 -0.005000
v 0.215000 0.053667 0.005000
v 0.115000 0.046333 -0.015000
v 0.165000 0.046333 -0.015000
v 0.115000 0.053667 -0.015000
v 0.165000 0.053667 -0.015000
v 0.065000 0.046333 0.005000
v 0.065000 0.046333 -0.005000
v 0.065000 0.053667 0.005000
v 0.065000 0.053667 -0.005000
v 0.066800 0.039000 0.013200
v 0.066800 0.040800 0.015000
v 0.065000 0.040800 0.013200
v 0.066800 0.039527 0.014473
v 0.065761 0.039761 0.014239
v 0.065527 0.040800 0.014473
v 0.065527 0.039527 0.013200
v 0.065000 0.059200 0.013200
v 0.066800 0.059292 0.015000
v 0.066798 0.061093 0.013200
v 0.065528 0.059227 0.014473
v 0.065760 0.060278 0.014239
v 0.066799 0.060565 0.014473
v 0.065526 0.060500 0.013200
v 0.065000 0.040800 -0.013200
v 0.066800 0.040800 -0.015000
v 0.066800 0.039000 -0.013200
v 0.065527 0.040800 -0.014473
v 0.065761 0.039761 -0.014239
v 0.066800 0.039527 -0.014473
v 0.065527 0.039527 -0.013200
v 0.066798 0.061093 -0.013200
v 0.066800 0.059292 -0.015000
v 0.065000 0.059200 -0.013200
v 0.066799 0.060565 -0.014473
v 0.065760 0.060278 -0.014239
v 0.065528 0.059227 -0.014473
v 0.065526 0.060500 -0.013200
v 0.215000 0.040800 0.013200
v 0.213200 0.040800 0.015000
v 0.213200 0.039000 0.013200
v 0.214473 0.040800 0.014473
v 0.214239 0.039761 0.014239
v 0.213200 0.039527 0.014473
v 0.214473 0.039527 0.013200
v 0.213202 0.061093 0.013200
v 0.213200 0.059292 0.015000
v 0.215000 0.059200 0.013200
v 0.213201 0.060565 0.014473
v 0.214240 0.060278 0.014239
v 0.214472 0.059227 0.014473
v 0.214474 0.060500 0.013200
v 0.213200 0.040800 -0.015000
v 0.215000 0.040800 -0.013200
v 0.213200 0.039000 -0.013200
v 0.214473 0.040800 -0.014473
v 0.214239 0.039761 -0.014239
v 0.214473 0.039527 -0.013200
v 0.213200 0.039527 -0.014473
v 0.213202 0.061093 -0.013200
v 0.215000 0.059200 -0.013200
v 0.213200 0.059292 -0.015000
v 0.214474 0.060500 -0.013200
v 0.214240 0.060278 -0.014239
v 0.214472 0.059227 -0.014473
v 0.213201 0.060565 -0.014473
v 0.066800 0.039000 -0.005000
v 0.065000 0.040800 -0.005000
v 0.065527 0.039527 -0.005000
v 0.065000 0.040800 0.005000
v 0.066800 0.039000 0.005000
v 0.065527 0.039527 0.005000
v 0.066800 0.046333 0.015000
v 0.065000 0.046333 0.013200
v 0.065527 0.046333 0.014473
v 0.065000 0.053667 0.013200
v 0.066800 0.053667 0.015000
v 0.065527 0.053667 0.014473
v 0.066798 0.061093 0.005000
v 0.065000 0.059200 0.005000
v 0.065526 0.060500 0.005000
v 0.065000 0.059200 -0.005000
v 0.066798 0.061093 -0.005000
v 0.065526 0.060500 -0.005000
v 0.066800 0.053667 -0.015000
v 0.065000 0.053667 -0.013200
v 0.065527 0.053667 -0.014473
v 0.065000 0.046333 -0.013200
v 0.066800 0.046333 -0.015000
v 0.065527 0.046333 -0.014473
v 0.165000 0.039000 -0.013200
v 0.165000 0.040800 -0.015000
v 0.165000 0.039527 -0.014473
v 0.115000 0.040800 -0.015000
v 0.115000 0.039000 -0.013200
v 0.115000 0.039527 -0.014473
v 0.115000 0.063598 -0.013200
v 0.115000 0.061796 -0.015000
v 0.115000 0.063070 -0.014473
v 0.165000 0.061796 -0.015000
v 0.165000 0.063598 -0.013200
v 0.165000 0.063070 -0.014473
v 0.215000 0.053667 -0.013200
v 0.213200 0.053667 -0.015000
v 0.214473 0.053667 -0.014473
v 0.213200 0.046333 -0.015000
v 0.215000 0.046333 -0.013200
v 0.214473 0.046333 -0.014473
v 0.213200 0.039000 0.005000
v 0.215000 0.040800 0.005000
v 0.214473 0.039527 0.005000
v 0.215000 0.040800 -0.005000
v 0.213200 0.039000 -0.005000
v 0.214473 0.039527 -0.005000
v 0.213202 0.061093 -0.005000
v 0.215000 0.059200 -0.005000
v 0.214474 0.060500 -0.005000
v 0.215000 0.059200 0.005000
v 0.213202 0.061093 0.005000
v 0.214474 0.060500 0.005000
v 0.213200 0.053667 0.015000
v 0.215000 0.053667 0.013200
v 0.214473 0.053667 0.014473
v 0.215000 0.046333 0.013200
v 0.213200 0.046333 0.015000
v 0.214473 0.046333 0.014473
v 0.115000 0.039000 0.013200
v 0.115000 0.040800 0.015000
v 0.115000 0.039527 0.014473
v 0.165000 0.040800 0.015000
v 0.165000 0.039000 0.013200
v 0.165000 0.039527 0.014473
v 0.165000 0.063598 0.013200
v 0.165000 0.061796 0.015000
v 0.165000 0.063070 0.014473
v 0.115000 0.061796 0.015000
v 0.115000 0.063598 0.013200
v 0.115000 0.063070 0.014473
v 0.066800 0.060000 0.010200
v 0.066800 0.061800 0.012000
v 0.065000 0.061800 0.010200
v 0.066800 0.060527 0.011473
v 0.065761 0.060761 0.011239
v 0.065527 0.061800 0.011473
v 0.065527 0.060527 0.010200
v 0.066800 0.064200 0.012000
v 0.066800 0.066000 0.010200
v 0.065000 0.064200 0.010200
v 0.066800 0.065473 0.011473
v 0.065761 0.065239 0.011239
v 0.065527 0.065473 0.010200
v 0.065527 0.064200 0.011473
v 0.066800 0.060000 -0.010200
v 0.065000 0.061800 -0.010200
v 0.066800 0.061800 -0.012000
v 0.065527 0.060527 -0.010200
v 0.065761 0.060761 -0.011239
v 0.065527 0.061800 -0.011473
v 0.066800 0.060527 -0.011473
v 0.066800 0.066000 -0.010200
v 0.066800 0.064200 -0.012000
v 0.065000 0.064200 -0.010200
v 0.066800 0.065473 -0.011473
v 0.065761 0.065239 -0.011239
v 0.065527 0.064200 -0.011473
v 0.065527 0.065473 -0.010200
v 0.081200 0.060000 0.010200
v 0.083000 0.061800 0.010200
v 0.081200 0.061800 0.012000
v 0.082473 0.060527 0.010200
v 0.082239 0.060761 0.011239
v 0.082473 0.061800 0.011473
v 0.081200 0.060527 0.011473
v 0.081200 0.066000 0.010200
v 0.081200 0.064200 0.012000
v 0.083000 0.064200 0.010200
v 0.081200 0.065473 0.011473
v 0.082239 0.065239 0.011239
v 0.082473 0.064200 0.011473
v 0.082473 0.065473 0.010200
v 0.081200 0.060000 -0.010200
v 0.081200 0.061800 -0.012000
v 0.083000 0.061800 -0.010200
v 0.081200 0.060527 -0.011473
v 0.082239 0.060761 -0.011239
v 0.082473 0.061800 -0.011473
v 0.082473 0.060527 -0.010200
v 0.081200 0.066000 -0.010200
v 0.083000 0.064200 -0.010200
v 0.081200 0.064200 -0.012000
v 0.082473 0.065473 -0.010200
v 0.082239 0.065239 -0.011239
v 0.082473 0.064200 -0.011473
v 0.081200 0.065473 -0.011473
vn -0.0000 1.0000 -0.0000
vn -0.0000 -1.0000 -0.0000
vn -0.0000 -0.0000 1.0000
vn 1.0000 -0.0000 -0.0000
vn -0.0000 -0.0000 -1.0000
vn -1.0000 -0.0000 -0.0000
vn -0.3672 -0.8865 0.2817
vn -0.2817 -0.3672 0.8865
vn -0.8864 -0.2817 0.3672
vn -0.8906 0.3602 0.2777
vn -0.3797 0.2798 0.8818
vn -0.3232 0.8740 0.3629
vn -0.8865 -0.3672 -0.2817
vn -0.3672 -0.2817 -0.8865
vn -0.2817 -0.8865 -0.3672
vn -0.4060 0.8707 -0.2776
vn -0.2991 0.3647 -0.8818
vn -0.8896 0.2773 -0.3630
vn 0.8865 -0.3672 0.2817
vn 0.3672 -0.2817 0.8865
vn 0.2817 -0.8865 0.3672
vn 0.4060 0.8707 0.2776
vn 0.2991 0.3647 0.8818
vn 0.8896 0.2773 0.3630
vn 0.2817 -0.3672 -0.8865
vn 0.8865 -0.2817 -0.3672
vn 0.3672 -0.8865 -0.2817
vn 0.3232 0.8740 -0.3629
vn 0.8906 0.3602 -0.2777
vn 0.3797 0.2798 -0.8818
vn -0.8865 -0.2817 0.3672
vn -0.3672 0.2818 0.8864
vn -0.2817 0.8864 0.3672
vn -0.8865 0.3672 0.2817
vn -0.2817 -0.8864 -0.3672
vn -0.3672 -0.2818 -0.8864
vn -0.3672 0.8865 -0.2817
vn -0.2817 0.3672 -0.8865
vn -0.8865 0.2817 -0.3672
vn 0.8864 -0.3672 0.2818
vn 0.3672 -0.2818 0.8864
vn 0.3672 0.8865 0.2817
vn 0.2817 0.3672 0.8865
vn 0.8864 0.2817 0.3672
vn 0.8864 -0.2817 -0.3672
vn 0.2817 0.8865 -0.3672
vn 0.8864 0.3672 -0.2818
vn 0.3672 0.2818 -0.8864
vn -0.3827 -0.9239 -0.0000
vn -0.9239 -0.3827 -0.0000
vn -0.3827 -0.0000 0.9239
vn -0.9239 -0.0000 0.3827
vn -0.4229 0.9062 -0.0000
vn -0.9269 0.3753 -0.0000
vn -0.3827 -0.0000 -0.9239
vn -0.9239 -0.0000 -0.3827
vn -0.0000 -0.9239 -0.3827
vn -0.0000 -0.3827 -0.9239
vn 0.0479 0.9227 -0.3825
vn 0.0199 0.3823 -0.9238
vn 0.9239 -0.0000 -0.3827
vn 0.3827 -0.0000 -0.9239
vn 0.3827 -0.9239 -0.0000
vn 0.9239 -0.3827 -0.0000
vn 0.4229 0.9062 -0.0000
vn 0.9269 0.3753 -0.0000
vn 0.3827 -0.0000 0.9239
vn 0.9239 -0.0000 0.3827
vn -0.0000 -0.9239 0.3827
vn -0.0000 -0.3827 0.9239
vn -0.0479 0.9227 0.3825
vn -0.0199 0.3823 0.9238
vn -0.4226 0.9063 -0.0001
vn -0.9270 0.3750 -0.0001
vn -0.3828 -0.0000 -0.9238
vn -0.9238 0.0001 -0.3830
vn -0.0479 0.9226 -0.3828
vn -0.0199 0.3824 -0.9238
vn -0.0000 0.9238 -0.3830
vn -0.0000 0.3824 -0.9240
vn 0.9238 0.0001 -0.3830
vn 0.3828 -0.0000 -0.9238
vn 0.4226 0.9063 0.0001
vn 0.9270 0.3750 0.0001
vn 0.3828 -0.0000 0.9238
vn 0.9238 0.0001 0.3830
vn 0.0479 0.9226 0.3828
vn 0.0199 0.3824 0.9238
vn -0.0000 0.9238 0.3830
vn -0.0000 0.3824 0.9240
vn -0.3827 0.9239 -0.0000
vn -0.9239 0.3827 -0.0000
vn -0.0000 0.9239 -0.3827
vn -0.0000 0.3827 -0.9239
vn 0.3827 0.9239 -0.0000
vn 0.9239 0.3827 -0.0000
vn -0.0000 0.9239 0.3827
vn -0.0000 0.3827 0.9239
vn -0.0519 0.9987 -0.0000
vn 0.0519 0.9987 -0.0000
vn -0.2817 -0.8865 0.3672
vn -0.3672 -0.2817 0.8865
vn -0.8865 -0.3672 0.2817
vn -0.8896 0.2773 0.3630
vn -0.2991 0.3647 0.8818
vn -0.4060 0.8707 0.2776
vn -0.8865 -0.2817 -0.3672
vn -0.2817 -0.3672 -0.8865
vn -0.3672 -0.8865 -0.2817
vn -0.3232 0.8740 -0.3629
vn -0.3797 0.2798 -0.8818
vn -0.8906 0.3602 -0.2777
vn 0.8865 -0.2817 0.3672
vn 0.2817 -0.3672 0.8865
vn 0.3672 -0.8865 0.2817
vn 0.3232 0.8740 0.3629
vn 0.3797 0.2798 0.8818
vn 0.8906 0.3602 0.2777
vn 0.3672 -0.2817 -0.8865
vn 0.8865 -0.3672 -0.2817
vn 0.2817 -0.8865 -0.3672
vn 0.4060 0.8707 -0.2776
vn 0.8896 0.2773 -0.3630
vn 0.2991 0.3647 -0.8818
vn -0.2817 -0.8864 0.3672
vn -0.3672 -0.2818 0.8864
vn -0.2817 0.3672 0.8865
vn -0.3672 0.8865 0.2817
vn -0.8865 0.2817 0.3672
vn -0.2817 0.8864 -0.3672
vn -0.3672 0.2818 -0.8864
vn -0.8865 0.3672 -0.2817
vn 0.8864 -0.2817 0.3672
vn 0.2817 0.8865 0.3672
vn 0.3672 0.2818 0.8864
vn 0.8864 0.3672 0.2818
vn 0.3672 -0.2818 -0.8864
vn 0.8864 -0.3672 -0.2818
vn 0.3672 0.8865 -0.2817
vn 0.8864 0.2817 -0.3672
vn 0.2817 0.3672 -0.8865
vn -0.3828 -0.0000 0.9238
vn -0.9238 0.0001 0.3830
vn -0.4226 0.9063 0.0001
vn -0.9270 0.3750 0.0001
vn 0.0479 0.9226 -0.3828
vn 0.0199 0.3824 -0.9238
vn 0.4226 0.9063 -0.0001
vn 0.9270 0.3750 -0.0001
vn -0.0479 0.9226 0.3828
vn -0.0199 0.3824 0.9238
vn -0.0479 0.9227 -0.3825
vn -0.0199 0.3823 -0.9238
vn 0.0479 0.9227 0.3825
vn 0.0199 0.3823 0.9238
vt 0.819188 0.912077
vt 0.797972 0.805995
vt 0.819188 0.805995
vt 0.735998 0.645412
vt 0.723632 0.561466
vt 0.739479 0.562661
vt 0.688913 0.654887
vt 0.671588 0.531446
vt 0.690486 0.546200
vt 0.726132 0.674762
vt 0.726686 0.673411
vt 0.726940 0.674711
vt 0.788554 0.538090
vt 0.769123 0.660496
vt 0.771160 0.551975
vt 0.733335 0.531974
vt 0.732893 0.533293
vt 0.732602 0.532393
vt 0.731099 0.533107
vt 0.731690 0.532229
vt 0.731843 0.532223
vt 0.730735 0.532712
vt 0.730856 0.532928
vt 0.731931 0.532117
vt 0.731880 0.532001
vt 0.733083 0.530947
vt 0.732488 0.530403
vt 0.733220 0.530814
vt 0.729662 0.529134
vt 0.732870 0.530849
vt 0.730159 0.527610
vt 0.729248 0.528087
vt 0.732518 0.533878
vt 0.732585 0.534041
vt 0.732409 0.533823
vt 0.733611 0.534801
vt 0.732543 0.533995
vt 0.733102 0.534770
vt 0.733349 0.534815
vt 0.737215 0.531341
vt 0.734762 0.534457
vt 0.734414 0.534545
vt 0.737094 0.533144
vt 0.737820 0.532249
vt 0.734185 0.534497
vt 0.734090 0.534795
vt 0.727158 0.672700
vt 0.727108 0.672534
vt 0.727286 0.672778
vt 0.726077 0.671757
vt 0.727135 0.672549
vt 0.726597 0.671841
vt 0.726352 0.671772
vt 0.722261 0.675066
vt 0.724651 0.671973
vt 0.724987 0.671891
vt 0.722381 0.673298
vt 0.721661 0.674169
vt 0.725228 0.671960
vt 0.725321 0.671650
vt 0.728857 0.674251
vt 0.727926 0.674740
vt 0.728763 0.674036
vt 0.727667 0.674856
vt 0.727710 0.674969
vt 0.728527 0.673851
vt 0.727784 0.674740
vt 0.729155 0.678932
vt 0.726851 0.676283
vt 0.730038 0.678515
vt 0.726281 0.675744
vt 0.726130 0.675831
vt 0.729647 0.677532
vt 0.726486 0.675888
vt 0.456373 0.883921
vt 0.459482 0.880942
vt 0.459422 0.883969
vt 0.459894 0.876842
vt 0.456155 0.881062
vt 0.464150 0.880870
vt 0.464012 0.877103
vt 0.465530 0.871344
vt 0.472956 0.868467
vt 0.470424 0.871761
vt 0.567413 0.885759
vt 0.563594 0.883554
vt 0.567413 0.881940
vt 0.470505 0.876152
vt 0.475232 0.873052
vt 0.458851 0.916326
vt 0.462213 0.919634
vt 0.459070 0.919185
vt 0.465916 0.921218
vt 0.461900 0.916374
vt 0.461934 0.924724
vt 0.466053 0.924985
vt 0.567413 0.929040
vt 0.565208 0.932859
vt 0.563594 0.929040
vt 0.466404 0.932238
vt 0.474401 0.936071
vt 0.469269 0.937776
vt 0.471217 0.928263
vt 0.471298 0.932654
vt 0.431979 0.883536
vt 0.428618 0.880228
vt 0.431761 0.880677
vt 0.424915 0.878644
vt 0.428930 0.883488
vt 0.428896 0.875139
vt 0.424778 0.874877
vt 0.597965 0.885759
vt 0.600170 0.881940
vt 0.601784 0.885759
vt 0.424426 0.867624
vt 0.416430 0.863791
vt 0.421562 0.862086
vt 0.419614 0.871599
vt 0.419532 0.867208
vt 0.434457 0.915941
vt 0.431348 0.918921
vt 0.431408 0.915893
vt 0.430937 0.923021
vt 0.434676 0.918800
vt 0.426681 0.918992
vt 0.426818 0.922759
vt 0.597965 0.929040
vt 0.601784 0.931245
vt 0.597965 0.932859
vt 0.420326 0.923710
vt 0.417875 0.931395
vt 0.415598 0.926810
vt 0.425301 0.928518
vt 0.420407 0.928102
vt 0.731995 0.532714
vt 0.731694 0.533749
vt 0.732144 0.532635
vt 0.730355 0.531211
vt 0.732550 0.531202
vt 0.732691 0.531341
vt 0.734960 0.533080
vt 0.736124 0.528722
vt 0.734658 0.533114
vt 0.732823 0.534235
vt 0.734204 0.534874
vt 0.732836 0.534066
vt 0.757373 0.558844
vt 0.754152 0.559531
vt 0.760757 0.557158
vt 0.829821 0.747847
vt 0.818786 0.755769
vt 0.822077 0.734651
vt 0.727405 0.675320
vt 0.727321 0.675211
vt 0.728907 0.674787
vt 0.727668 0.674213
vt 0.727968 0.673176
vt 0.727490 0.674335
vt 0.724446 0.673394
vt 0.723344 0.677682
vt 0.724766 0.673390
vt 0.726802 0.672219
vt 0.725438 0.671596
vt 0.726781 0.672434
vt 0.702488 0.648070
vt 0.705678 0.647379
vt 0.699156 0.649743
vt 0.627916 0.455990
vt 0.639293 0.448027
vt 0.635807 0.469655
vt 0.732479 0.534445
vt 0.732217 0.533392
vt 0.732383 0.533367
vt 0.730601 0.532177
vt 0.732190 0.531786
vt 0.732099 0.531653
vt 0.734350 0.531166
vt 0.732802 0.526877
vt 0.734101 0.531364
vt 0.735431 0.534698
vt 0.733447 0.534571
vt 0.733498 0.534328
vt 0.750999 0.650897
vt 0.754291 0.652101
vt 0.757932 0.654161
vt 0.833771 0.461011
vt 0.825598 0.474972
vt 0.024054 0.861456
vt 0.027873 0.967538
vt 0.024054 0.967538
vt 0.726845 0.675639
vt 0.729009 0.675615
vt 0.726717 0.675481
vt 0.727219 0.672284
vt 0.727481 0.673332
vt 0.727286 0.673351
vt 0.725028 0.675207
vt 0.726585 0.679397
vt 0.725299 0.675098
vt 0.724048 0.671810
vt 0.725996 0.671928
vt 0.725952 0.672189
vt 0.708618 0.555922
vt 0.705322 0.554705
vt 0.701680 0.552617
vt 0.627914 0.745155
vt 0.635860 0.731296
vt 0.941360 0.274566
vt 0.945179 0.380649
vt 0.941360 0.380649
vt 0.563594 0.885759
vt 0.475232 0.933107
vt 0.567413 0.932859
vt 0.421562 0.932738
vt 0.601784 0.929040
vt 0.415598 0.866755
vt 0.597965 0.881940
vt 0.691294 0.411878
vt 0.767348 0.411857
vt 0.821844 0.452141
vt 0.733729 0.533219
vt 0.720212 0.644232
vt 0.693814 0.792683
vt 0.725751 0.673378
vt 0.671877 0.668639
vt 0.786960 0.674984
vt 0.006656 0.861456
vt 0.768342 0.791734
vt 0.923962 0.274566
vt 0.923962 0.380649
vt 0.797972 0.912077
vt 0.469269 0.867124
vt 0.027873 0.861456
vt 0.639746 0.753732
vt 0.945179 0.274566
vt 0.006656 0.967538
s 0
usemtl MAT_wood_dark_reddish
f 1357/2053/1255 1356/2054/1255 1355/2055/1255
f 1361/2056/1256 1360/2057/1256 1359/2058/1256
f 1363/2059/1257 1366/2060/1257 1364/2061/1257
f 1369/2062/1258 1368/2063/1258 1367/2064/1258
f 1373/2065/1259 1372/2066/1259 1371/2067/1259
f 1377/2068/1260 1376/2069/1260 1375/2070/1260
f 1379/2071/1261 1383/2072/1261 1385/2073/1261
f 1380/2074/1262 1383/2072/1262 1382/2075/1262
f 1381/2076/1263 1383/2072/1263 1384/2077/1263
f 1386/2078/1264 1390/2079/1264 1392/2080/1264
f 1387/2081/1265 1390/2079/1265 1389/2082/1265
f 1388/2083/1266 1390/2079/1266 1391/2084/1266
f 1393/2085/1267 1397/2086/1267 1399/2087/1267
f 1394/2088/1268 1397/2086/1268 1396/2089/1268
f 1395/2090/1269 1397/2086/1269 1398/2091/1269
f 1400/2092/1270 1404/2093/1270 1406/2094/1270
f 1401/2095/1271 1404/2093/1271 1403/2096/1271
f 1402/2097/1272 1404/2093/1272 1405/2098/1272
f 1407/2099/1273 1411/2100/1273 1413/2101/1273
f 1408/2102/1274 1411/2100/1274 1410/2103/1274
f 1409/2104/1275 1411/2100/1275 1412/2105/1275
f 1414/2106/1276 1418/2107/1276 1420/2108/1276
f 1415/2109/1277 1418/2107/1277 1417/2110/1277
f 1416/2111/1278 1418/2107/1278 1419/2112/1278
f 1421/2113/1279 1425/2114/1279 1427/2115/1279
f 1422/2116/1280 1425/2114/1280 1424/2117/1280
f 1423/2118/1281 1425/2114/1281 1426/2119/1281
f 1428/2120/1282 1432/2121/1282 1434/2122/1282
f 1429/2123/1283 1432/2121/1283 1431/2124/1283
f 1430/2125/1284 1432/2121/1284 1433/2126/1284
f 1507/2127/1261 1511/2128/1261 1513/2129/1261
f 1508/2130/1262 1511/2128/1262 1510/2131/1262
f 1509/2132/1285 1511/2128/1285 1512/2133/1285
f 1514/2134/1286 1518/2135/1286 1520/2136/1286
f 1515/2137/1287 1518/2138/1287 1517/2139/1287
f 1516/2140/1288 1518/2135/1288 1519/2141/1288
f 1521/2142/1289 1525/2143/1289 1527/2144/1289
f 1522/2145/1267 1525/2143/1267 1524/2146/1267
f 1523/2147/1290 1525/2143/1290 1526/2148/1290
f 1528/2149/1291 1532/2150/1291 1534/2151/1291
f 1529/2152/1292 1532/2153/1292 1531/2154/1292
f 1530/2155/1293 1532/2153/1293 1533/2156/1293
f 1535/2157/1275 1539/2158/1275 1541/2159/1275
f 1536/2160/1294 1539/2158/1294 1538/2161/1294
f 1537/2162/1295 1539/2158/1295 1540/2163/1295
f 1542/2164/1296 1546/2165/1296 1548/2166/1296
f 1543/2167/1297 1546/2168/1297 1545/2169/1297
f 1544/2170/1298 1546/2168/1298 1547/2171/1298
f 1549/2172/1281 1553/2173/1281 1555/2174/1281
f 1550/2175/1279 1553/2173/1279 1552/2176/1279
f 1551/2177/1299 1553/2173/1299 1554/2178/1299
f 1556/2179/1300 1560/2180/1300 1562/2181/1300
f 1557/2182/1301 1560/2183/1301 1559/2184/1301
f 1558/2185/1302 1560/2183/1302 1561/2186/1302
f 1379/2071/1303 1440/2187/1303 1439/2188/1303
f 1385/2073/1304 1438/2189/1304 1440/2187/1304
f 1445/2190/1305 1389/2082/1305 1446/2191/1305
f 1446/2191/1306 1386/2078/1306 1444/2192/1306
f 1400/2092/1307 1452/2193/1307 1451/2194/1307
f 1452/2193/1308 1402/2097/1308 1450/2195/1308
f 1394/2088/1309 1458/2196/1309 1457/2197/1309
f 1396/2089/1310 1456/2198/1310 1458/2196/1310
f 1395/2090/1311 1464/2199/1311 1463/2200/1311
f 1398/2091/1312 1462/2201/1312 1464/2199/1312
f 1428/2120/1313 1470/2202/1313 1469/2203/1313
f 1434/2122/1314 1468/2204/1314 1470/2202/1314
f 1422/2116/1315 1476/2205/1315 1475/2206/1315
f 1424/2117/1316 1474/2207/1316 1476/2205/1316
f 1423/2118/1317 1482/2208/1317 1481/2209/1317
f 1426/2119/1318 1480/2210/1318 1482/2208/1318
f 1414/2106/1319 1488/2211/1319 1487/2212/1319
f 1488/2211/1320 1416/2111/1320 1486/2213/1320
f 1408/2102/1321 1494/2214/1321 1493/2215/1321
f 1410/2103/1322 1492/2216/1322 1494/2214/1322
f 1409/2104/1323 1500/2217/1323 1499/2218/1323
f 1412/2105/1324 1498/2219/1324 1500/2217/1324
f 1388/2083/1325 1506/2220/1325 1505/2221/1325
f 1391/2084/1326 1504/2222/1326 1506/2220/1326
f 1435/2223/1303 1399/2087/1303 1395/2090/1303
f 1437/2224/1304 1393/2085/1304 1399/2087/1304
f 1439/2188/1303 1437/2224/1303 1435/2223/1303
f 1440/2187/1304 1436/2225/1304 1437/2224/1304
f 1441/2226/1305 1384/2077/1305 1380/2074/1305
f 1384/2077/1306 1442/2227/1306 1381/2076/1306
f 1445/2190/1305 1443/2228/1305 1441/2226/1305
f 1446/2191/1306 1442/2227/1306 1443/2228/1306
f 1388/2083/1327 1449/2229/1327 1392/2080/1327
f 1449/2229/1328 1386/2078/1328 1392/2080/1328
f 1451/2194/1307 1449/2229/1307 1447/2230/1307
f 1452/2193/1308 1448/2231/1308 1449/2229/1308
f 1453/2232/1329 1405/2098/1329 1401/2095/1329
f 1455/2233/1330 1402/2097/1330 1405/2098/1330
f 1457/2197/1309 1455/2233/1309 1453/2232/1309
f 1458/2196/1310 1454/2234/1310 1455/2233/1310
f 1459/2235/1311 1427/2115/1311 1423/2118/1311
f 1461/2236/1312 1421/2113/1312 1427/2115/1312
f 1463/2200/1311 1461/2236/1311 1459/2235/1311
f 1464/2199/1312 1460/2237/1312 1461/2236/1312
f 1400/2092/1331 1467/2238/1331 1403/2096/1331
f 1403/2096/1332 1466/2239/1332 1401/2095/1332
f 1469/2240/1333 1467/2241/1333 1465/2242/1333
f 1470/2202/1334 1466/2239/1334 1467/2238/1334
f 1429/2123/1335 1473/2243/1335 1433/2126/1335
f 1433/2126/1336 1472/2244/1336 1430/2125/1336
f 1475/2206/1315 1473/2243/1315 1471/2245/1315
f 1476/2205/1316 1472/2244/1316 1473/2243/1316
f 1477/2246/1317 1413/2101/1317 1409/2104/1317
f 1479/2247/1318 1407/2099/1318 1413/2101/1318
f 1481/2209/1317 1479/2247/1317 1477/2246/1317
f 1482/2208/1318 1478/2248/1318 1479/2247/1318
f 1428/2120/1337 1485/2249/1337 1431/2124/1337
f 1485/2249/1338 1429/2123/1338 1431/2124/1338
f 1487/2212/1319 1485/2249/1319 1483/2250/1319
f 1488/2211/1320 1484/2251/1320 1485/2249/1320
f 1489/2252/1339 1419/2112/1339 1415/2109/1339
f 1491/2253/1340 1416/2111/1340 1419/2112/1340
f 1493/2215/1321 1491/2253/1321 1489/2252/1321
f 1494/2214/1322 1490/2254/1322 1491/2253/1322
f 1495/2255/1323 1382/2075/1323 1379/2071/1323
f 1497/2256/1324 1380/2074/1324 1382/2075/1324
f 1499/2218/1323 1497/2256/1323 1495/2255/1323
f 1500/2217/1324 1496/2257/1324 1497/2256/1324
f 1414/2106/1341 1503/2258/1341 1417/2110/1341
f 1417/2110/1342 1502/2259/1342 1415/2109/1342
f 1505/2260/1343 1503/2261/1343 1501/2262/1343
f 1506/2220/1344 1502/2259/1344 1503/2258/1344
f 1507/2127/1303 1524/2146/1303 1521/2142/1303
f 1513/2129/1304 1522/2145/1304 1524/2146/1304
f 1514/2134/1305 1512/2133/1305 1508/2130/1305
f 1520/2136/1306 1509/2132/1306 1512/2133/1306
f 1528/2149/1345 1519/2263/1345 1515/2137/1345
f 1534/2264/1346 1516/2140/1346 1519/2141/1346
f 1523/2147/1309 1533/2156/1309 1529/2152/1309
f 1526/2148/1310 1530/2155/1310 1533/2156/1310
f 1521/2142/1311 1552/2176/1311 1549/2172/1311
f 1552/2176/1312 1523/2147/1312 1550/2175/1312
f 1528/2149/1347 1562/2181/1347 1531/2265/1347
f 1562/2266/1348 1529/2152/1348 1531/2154/1348
f 1551/2177/1315 1561/2186/1315 1557/2182/1315
f 1554/2178/1316 1558/2185/1316 1561/2186/1316
f 1549/2172/1317 1538/2161/1317 1535/2157/1317
f 1555/2174/1318 1536/2160/1318 1538/2161/1318
f 1542/2164/1349 1559/2267/1349 1556/2179/1349
f 1548/2268/1350 1557/2182/1350 1559/2184/1350
f 1537/2162/1321 1547/2171/1321 1543/2167/1321
f 1540/2163/1322 1544/2170/1322 1547/2171/1322
f 1507/2127/1323 1541/2159/1323 1510/2131/1323
f 1541/2159/1324 1508/2130/1324 1510/2131/1324
f 1515/2137/1351 1545/2269/1351 1542/2164/1351
f 1545/2169/1352 1514/2134/1352 1543/2167/1352
f 1442/2227/1260 1438/2189/1260 1381/2076/1260
f 1364/2061/1257 1380/2074/1257 1496/2257/1257
f 1360/2057/1256 1379/2071/1256 1439/2188/1256
f 1386/2078/1260 1377/2068/1260 1444/2192/1260
f 1366/2060/1257 1387/2081/1257 1445/2190/1257
f 1447/2230/1353 1505/2221/1353 1358/2270/1353
f 1376/2069/1260 1393/2085/1260 1436/2225/1260
f 1457/2197/1259 1462/2201/1259 1394/2088/1259
f 1463/2200/1256 1435/2223/1256 1395/2090/1256
f 1400/2092/1353 1357/2271/1353 1465/2272/1353
f 1450/2195/1260 1454/2234/1260 1378/2273/1260
f 1401/2095/1259 1373/2065/1259 1453/2232/1259
f 1368/2063/1258 1407/2099/1258 1478/2248/1258
f 1493/2215/1257 1498/2219/1257 1408/2102/1257
f 1477/2246/1256 1499/2218/1256 1362/2274/1256
f 1356/2275/1354 1414/2106/1354 1487/2212/1354
f 1486/2213/1258 1490/2254/1258 1370/2276/1258
f 1415/2109/1257 1365/2277/1257 1489/2252/1257
f 1372/2066/1259 1421/2113/1259 1460/2237/1259
f 1475/2206/1258 1480/2210/1258 1422/2116/1258
f 1423/2118/1256 1361/2056/1256 1459/2235/1256
f 1469/2203/1354 1483/2250/1354 1428/2120/1354
f 1374/2278/1259 1430/2125/1259 1472/2244/1259
f 1429/2123/1258 1369/2062/1258 1471/2245/1258
f 1375/2070/1260 1436/2225/1260 1438/2189/1260
f 1359/2058/1256 1439/2188/1256 1435/2223/1256
f 1442/2227/1260 1377/2068/1260 1375/2070/1260
f 1366/2060/1257 1441/2226/1257 1364/2061/1257
f 1448/2231/1260 1378/2273/1260 1377/2068/1260
f 1451/2194/1353 1358/2270/1353 1357/2271/1353
f 1378/2273/1260 1456/2198/1260 1376/2069/1260
f 1453/2232/1259 1371/2067/1259 1457/2197/1259
f 1371/2067/1259 1460/2237/1259 1462/2201/1259
f 1459/2235/1256 1359/2058/1256 1463/2200/1256
f 1466/2239/1259 1374/2278/1259 1373/2065/1259
f 1465/2242/1255 1355/2279/1255 1469/2240/1255
f 1374/2278/1259 1474/2207/1259 1372/2066/1259
f 1471/2245/1258 1367/2064/1258 1475/2206/1258
f 1367/2064/1258 1478/2248/1258 1480/2210/1258
f 1481/2209/1256 1362/2274/1256 1361/2056/1256
f 1484/2251/1258 1370/2276/1258 1369/2062/1258
f 1355/2280/1354 1487/2212/1354 1483/2250/1354
f 1370/2276/1258 1492/2216/1258 1368/2063/1258
f 1489/2252/1257 1363/2059/1257 1493/2215/1257
f 1363/2059/1257 1496/2257/1257 1498/2219/1257
f 1362/2274/1256 1495/2255/1256 1360/2057/1256
f 1365/2277/1257 1504/2222/1257 1366/2060/1257
f 1358/2281/1255 1501/2262/1255 1356/2282/1255
f 1549/2172/1256 1507/2127/1256 1521/2142/1256
f 1516/2140/1260 1522/2145/1260 1509/2132/1260
f 1543/2167/1257 1508/2130/1257 1537/2162/1257
f 1528/2149/1255 1542/2164/1255 1556/2179/1255
f 1529/2152/1259 1550/2175/1259 1523/2147/1259
f 1557/2182/1258 1536/2160/1258 1551/2177/1258
f 1357/2053/1255 1358/2283/1255 1356/2054/1255
f 1361/2056/1256 1362/2274/1256 1360/2057/1256
f 1363/2059/1257 1365/2277/1257 1366/2060/1257
f 1369/2062/1258 1370/2276/1258 1368/2063/1258
f 1373/2065/1259 1374/2278/1259 1372/2066/1259
f 1377/2068/1260 1378/2273/1260 1376/2069/1260
f 1379/2071/1355 1382/2075/1355 1383/2072/1355
f 1380/2074/1356 1384/2077/1356 1383/2072/1356
f 1381/2076/1357 1385/2073/1357 1383/2072/1357
f 1386/2078/1358 1389/2082/1358 1390/2079/1358
f 1387/2081/1359 1391/2084/1359 1390/2079/1359
f 1388/2083/1360 1392/2080/1360 1390/2079/1360
f 1393/2085/1361 1396/2089/1361 1397/2086/1361
f 1394/2088/1362 1398/2091/1362 1397/2086/1362
f 1395/2090/1363 1399/2087/1363 1397/2086/1363
f 1400/2092/1364 1403/2096/1364 1404/2093/1364
f 1401/2095/1365 1405/2098/1365 1404/2093/1365
f 1402/2097/1366 1406/2094/1366 1404/2093/1366
f 1407/2099/1367 1410/2103/1367 1411/2100/1367
f 1408/2102/1368 1412/2105/1368 1411/2100/1368
f 1409/2104/1369 1413/2101/1369 1411/2100/1369
f 1414/2106/1370 1417/2110/1370 1418/2107/1370
f 1415/2109/1371 1419/2112/1371 1418/2107/1371
f 1416/2111/1372 1420/2108/1372 1418/2107/1372
f 1421/2113/1373 1424/2117/1373 1425/2114/1373
f 1422/2116/1374 1426/2119/1374 1425/2114/1374
f 1423/2118/1375 1427/2115/1375 1425/2114/1375
f 1428/2120/1376 1431/2124/1376 1432/2121/1376
f 1429/2123/1377 1433/2126/1377 1432/2121/1377
f 1430/2125/1378 1434/2122/1378 1432/2121/1378
f 1507/2127/1379 1510/2131/1379 1511/2128/1379
f 1508/2130/1380 1512/2133/1380 1511/2128/1380
f 1509/2132/1357 1513/2129/1357 1511/2128/1357
f 1514/2134/1381 1517/2284/1381 1518/2135/1381
f 1515/2137/1382 1519/2263/1382 1518/2138/1382
f 1516/2140/1383 1520/2136/1383 1518/2135/1383
f 1521/2142/1363 1524/2146/1363 1525/2143/1363
f 1522/2145/1361 1526/2148/1361 1525/2143/1361
f 1523/2147/1362 1527/2144/1362 1525/2143/1362
f 1528/2149/1384 1531/2265/1384 1532/2150/1384
f 1529/2152/1385 1533/2156/1385 1532/2153/1385
f 1530/2155/1386 1534/2264/1386 1532/2153/1386
f 1535/2157/1369 1538/2161/1369 1539/2158/1369
f 1536/2160/1387 1540/2163/1387 1539/2158/1387
f 1537/2162/1368 1541/2159/1368 1539/2158/1368
f 1542/2164/1388 1545/2269/1388 1546/2165/1388
f 1543/2167/1389 1547/2171/1389 1546/2168/1389
f 1544/2170/1390 1548/2268/1390 1546/2168/1390
f 1549/2172/1375 1552/2176/1375 1553/2173/1375
f 1550/2175/1391 1554/2178/1391 1553/2173/1391
f 1551/2177/1392 1555/2174/1392 1553/2173/1392
f 1556/2179/1393 1559/2267/1393 1560/2180/1393
f 1557/2182/1394 1561/2186/1394 1560/2183/1394
f 1558/2185/1395 1562/2266/1395 1560/2183/1395
f 1379/2071/1303 1385/2073/1303 1440/2187/1303
f 1385/2073/1304 1381/2076/1304 1438/2189/1304
f 1445/2190/1396 1387/2081/1396 1389/2082/1396
f 1446/2191/1397 1389/2082/1397 1386/2078/1397
f 1400/2092/1398 1406/2094/1398 1452/2193/1398
f 1452/2193/1399 1406/2094/1399 1402/2097/1399
f 1394/2088/1309 1396/2089/1309 1458/2196/1309
f 1396/2089/1310 1393/2085/1310 1456/2198/1310
f 1395/2090/1311 1398/2091/1311 1464/2199/1311
f 1398/2091/1312 1394/2088/1312 1462/2201/1312
f 1428/2120/1400 1434/2122/1400 1470/2202/1400
f 1434/2122/1401 1430/2125/1401 1468/2204/1401
f 1422/2116/1315 1424/2117/1315 1476/2205/1315
f 1424/2117/1316 1421/2113/1316 1474/2207/1316
f 1423/2118/1317 1426/2119/1317 1482/2208/1317
f 1426/2119/1318 1422/2116/1318 1480/2210/1318
f 1414/2106/1402 1420/2108/1402 1488/2211/1402
f 1488/2211/1403 1420/2108/1403 1416/2111/1403
f 1408/2102/1321 1410/2103/1321 1494/2214/1321
f 1410/2103/1322 1407/2099/1322 1492/2216/1322
f 1409/2104/1323 1412/2105/1323 1500/2217/1323
f 1412/2105/1324 1408/2102/1324 1498/2219/1324
f 1388/2083/1404 1391/2084/1404 1506/2220/1404
f 1391/2084/1405 1387/2081/1405 1504/2222/1405
f 1435/2223/1303 1437/2224/1303 1399/2087/1303
f 1437/2224/1304 1436/2225/1304 1393/2085/1304
f 1439/2188/1303 1440/2187/1303 1437/2224/1303
f 1440/2187/1304 1438/2189/1304 1436/2225/1304
f 1441/2226/1305 1443/2228/1305 1384/2077/1305
f 1384/2077/1306 1443/2228/1306 1442/2227/1306
f 1445/2190/1305 1446/2191/1305 1443/2228/1305
f 1446/2191/1306 1444/2192/1306 1442/2227/1306
f 1388/2083/1307 1447/2230/1307 1449/2229/1307
f 1449/2229/1308 1448/2231/1308 1386/2078/1308
f 1451/2194/1307 1452/2193/1307 1449/2229/1307
f 1452/2193/1308 1450/2195/1308 1448/2231/1308
f 1453/2232/1309 1455/2233/1309 1405/2098/1309
f 1455/2233/1310 1454/2234/1310 1402/2097/1310
f 1457/2197/1309 1458/2196/1309 1455/2233/1309
f 1458/2196/1310 1456/2198/1310 1454/2234/1310
f 1459/2235/1311 1461/2236/1311 1427/2115/1311
f 1461/2236/1312 1460/2237/1312 1421/2113/1312
f 1463/2200/1311 1464/2199/1311 1461/2236/1311
f 1464/2199/1312 1462/2201/1312 1460/2237/1312
f 1400/2092/1406 1465/2272/1406 1467/2238/1406
f 1403/2096/1407 1467/2238/1407 1466/2239/1407
f 1469/2240/1333 1470/2285/1333 1467/2241/1333
f 1470/2202/1334 1468/2204/1334 1466/2239/1334
f 1429/2123/1315 1471/2245/1315 1473/2243/1315
f 1433/2126/1316 1473/2243/1316 1472/2244/1316
f 1475/2206/1315 1476/2205/1315 1473/2243/1315
f 1476/2205/1316 1474/2207/1316 1472/2244/1316
f 1477/2246/1317 1479/2247/1317 1413/2101/1317
f 1479/2247/1318 1478/2248/1318 1407/2099/1318
f 1481/2209/1317 1482/2208/1317 1479/2247/1317
f 1482/2208/1318 1480/2210/1318 1478/2248/1318
f 1428/2120/1319 1483/2250/1319 1485/2249/1319
f 1485/2249/1320 1484/2251/1320 1429/2123/1320
f 1487/2212/1319 1488/2211/1319 1485/2249/1319
f 1488/2211/1320 1486/2213/1320 1484/2251/1320
f 1489/2252/1321 1491/2253/1321 1419/2112/1321
f 1491/2253/1322 1490/2254/1322 1416/2111/1322
f 1493/2215/1321 1494/2214/1321 1491/2253/1321
f 1494/2214/1322 1492/2216/1322 1490/2254/1322
f 1495/2255/1323 1497/2256/1323 1382/2075/1323
f 1497/2256/1324 1496/2257/1324 1380/2074/1324
f 1499/2218/1323 1500/2217/1323 1497/2256/1323
f 1500/2217/1324 1498/2219/1324 1496/2257/1324
f 1414/2106/1408 1501/2286/1408 1503/2258/1408
f 1417/2110/1409 1503/2258/1409 1502/2259/1409
f 1505/2260/1343 1506/2287/1343 1503/2261/1343
f 1506/2220/1344 1504/2222/1344 1502/2259/1344
f 1507/2127/1303 1513/2129/1303 1524/2146/1303
f 1513/2129/1304 1509/2132/1304 1522/2145/1304
f 1514/2134/1305 1520/2136/1305 1512/2133/1305
f 1520/2136/1306 1516/2140/1306 1509/2132/1306
f 1528/2149/1345 1534/2151/1345 1519/2263/1345
f 1534/2264/1346 1530/2155/1346 1516/2140/1346
f 1523/2147/1309 1526/2148/1309 1533/2156/1309
f 1526/2148/1310 1522/2145/1310 1530/2155/1310
f 1521/2142/1311 1527/2144/1311 1552/2176/1311
f 1552/2176/1312 1527/2144/1312 1523/2147/1312
f 1528/2149/1347 1556/2179/1347 1562/2181/1347
f 1562/2266/1348 1558/2185/1348 1529/2152/1348
f 1551/2177/1315 1554/2178/1315 1561/2186/1315
f 1554/2178/1316 1550/2175/1316 1558/2185/1316
f 1549/2172/1317 1555/2174/1317 1538/2161/1317
f 1555/2174/1318 1551/2177/1318 1536/2160/1318
f 1542/2164/1349 1548/2166/1349 1559/2267/1349
f 1548/2268/1350 1544/2170/1350 1557/2182/1350
f 1537/2162/1321 1540/2163/1321 1547/2171/1321
f 1540/2163/1322 1536/2160/1322 1544/2170/1322
f 1507/2127/1323 1535/2157/1323 1541/2159/1323
f 1541/2159/1324 1537/2162/1324 1508/2130/1324
f 1515/2137/1351 1517/2139/1351 1545/2269/1351
f 1545/2169/1352 1517/2284/1352 1514/2134/1352
f 1442/2227/1260 1375/2070/1260 1438/2189/1260
f 1364/2061/1257 1441/2226/1257 1380/2074/1257
f 1360/2057/1256 1495/2255/1256 1379/2071/1256
f 1386/2078/1260 1448/2231/1260 1377/2068/1260
f 1366/2060/1257 1504/2222/1257 1387/2081/1257
f 1447/2230/1353 1388/2083/1353 1505/2221/1353
f 1376/2069/1260 1456/2198/1260 1393/2085/1260
f 1457/2197/1259 1371/2067/1259 1462/2201/1259
f 1463/2200/1256 1359/2058/1256 1435/2223/1256
f 1400/2092/1353 1451/2194/1353 1357/2271/1353
f 1450/2195/1260 1402/2097/1260 1454/2234/1260
f 1401/2095/1259 1466/2239/1259 1373/2065/1259
f 1368/2063/1258 1492/2216/1258 1407/2099/1258
f 1493/2215/1257 1363/2059/1257 1498/2219/1257
f 1477/2246/1256 1409/2104/1256 1499/2218/1256
f 1356/2275/1354 1501/2286/1354 1414/2106/1354
f 1486/2213/1258 1416/2111/1258 1490/2254/1258
f 1415/2109/1257 1502/2259/1257 1365/2277/1257
f 1372/2066/1259 1474/2207/1259 1421/2113/1259
f 1475/2206/1258 1367/2064/1258 1480/2210/1258
f 1423/2118/1256 1481/2209/1256 1361/2056/1256
f 1469/2203/1354 1355/2280/1354 1483/2250/1354
f 1374/2278/1259 1468/2204/1259 1430/2125/1259
f 1429/2123/1258 1484/2251/1258 1369/2062/1258
f 1375/2070/1260 1376/2069/1260 1436/2225/1260
f 1359/2058/1256 1360/2057/1256 1439/2188/1256
f 1442/2227/1260 1444/2192/1260 1377/2068/1260
f 1366/2060/1257 1445/2190/1257 1441/2226/1257
f 1448/2231/1260 1450/2195/1260 1378/2273/1260
f 1451/2194/1353 1447/2230/1353 1358/2270/1353
f 1378/2273/1260 1454/2234/1260 1456/2198/1260
f 1453/2232/1259 1373/2065/1259 1371/2067/1259
f 1371/2067/1259 1372/2066/1259 1460/2237/1259
f 1459/2235/1256 1361/2056/1256 1359/2058/1256
f 1466/2239/1259 1468/2204/1259 1374/2278/1259
f 1465/2242/1255 1357/2288/1255 1355/2279/1255
f 1374/2278/1259 1472/2244/1259 1474/2207/1259
f 1471/2245/1258 1369/2062/1258 1367/2064/1258
f 1367/2064/1258 1368/2063/1258 1478/2248/1258
f 1481/2209/1256 1477/2246/1256 1362/2274/1256
f 1484/2251/1258 1486/2213/1258 1370/2276/1258
f 1355/2280/1354 1356/2275/1354 1487/2212/1354
f 1370/2276/1258 1490/2254/1258 1492/2216/1258
f 1489/2252/1257 1365/2277/1257 1363/2059/1257
f 1363/2059/1257 1364/2061/1257 1496/2257/1257
f 1362/2274/1256 1499/2218/1256 1495/2255/1256
f 1365/2277/1257 1502/2259/1257 1504/2222/1257
f 1358/2281/1255 1505/2260/1255 1501/2262/1255
f 1549/2172/1256 1535/2157/1256 1507/2127/1256
f 1516/2140/1260 1530/2155/1260 1522/2145/1260
f 1543/2167/1257 1514/2134/1257 1508/2130/1257
f 1528/2149/1255 1515/2137/1255 1542/2164/1255
f 1529/2152/1259 1558/2185/1259 1550/2175/1259
f 1557/2182/1258 1544/2170/1258 1536/2160/1258
o AK_loop_sling_front_visual
v 0.204358 -0.010000 -0.021563
v 0.204358 -0.010000 -0.022437
v 0.203840 -0.010000 -0.020847
v 0.204356 -0.010000 -0.021556
v 0.203000 -0.010000 -0.020573
v 0.203837 -0.010000 -0.020845
v 0.202163 -0.010000 -0.020845
v 0.203000 -0.010000 -0.020573
v 0.201644 -0.010000 -0.021556
v 0.202160 -0.010000 -0.020847
v 0.201642 -0.010000 -0.022437
v 0.201642 -0.010000 -0.021563
v 0.202160 -0.010000 -0.023153
v 0.201644 -0.010000 -0.022444
v 0.203000 -0.010000 -0.023427
v 0.202163 -0.010000 -0.023155
v 0.203837 -0.010000 -0.023155
v 0.203000 -0.010000 -0.023427
v 0.204356 -0.010000 -0.022444
v 0.203840 -0.010000 -0.023153
v 0.204039 -0.007578 -0.022437
v 0.204039 -0.007578 -0.021563
v 0.204037 -0.007579 -0.021556
v 0.203538 -0.007712 -0.020847
v 0.203536 -0.007713 -0.020845
v 0.202727 -0.007929 -0.020573
v 0.202727 -0.007929 -0.020573
v 0.201919 -0.008146 -0.020845
v 0.201916 -0.008147 -0.020847
v 0.201418 -0.008280 -0.021556
v 0.201416 -0.008281 -0.021563
v 0.201416 -0.008281 -0.022437
v 0.201418 -0.008280 -0.022444
v 0.201916 -0.008147 -0.023153
v 0.201919 -0.008146 -0.023155
v 0.202727 -0.007929 -0.023427
v 0.202727 -0.007929 -0.023427
v 0.203536 -0.007713 -0.023155
v 0.203538 -0.007712 -0.023153
v 0.204037 -0.007579 -0.022444
v 0.203104 -0.005321 -0.022437
v 0.203104 -0.005321 -0.021563
v 0.203102 -0.005322 -0.021556
v 0.202655 -0.005580 -0.020847
v 0.202653 -0.005581 -0.020845
v 0.201928 -0.006000 -0.020573
v 0.201928 -0.006000 -0.020573
v 0.201203 -0.006419 -0.020845
v 0.201201 -0.006420 -0.020847
v 0.200754 -0.006678 -0.021556
v 0.200752 -0.006679 -0.021563
v 0.200752 -0.006679 -0.022437
v 0.200754 -0.006678 -0.022444
v 0.201201 -0.006420 -0.023153
v 0.201203 -0.006419 -0.023155
v 0.201928 -0.006000 -0.023427
v 0.201928 -0.006000 -0.023427
v 0.202653 -0.005581 -0.023155
v 0.202655 -0.005580 -0.023153
v 0.203102 -0.005322 -0.022444
v 0.201617 -0.003383 -0.022437
v 0.201617 -0.003383 -0.021563
v 0.201615 -0.003385 -0.021556
v 0.201251 -0.003749 -0.020847
v 0.201249 -0.003751 -0.020845
v 0.200657 -0.004343 -0.020573
v 0.200657 -0.004343 -0.020573
v 0.200065 -0.004935 -0.020845
v 0.200063 -0.004937 -0.020847
v 0.199698 -0.005302 -0.021556
v 0.199697 -0.005303 -0.021563
v 0.199697 -0.005303 -0.022437
v 0.199698 -0.005302 -0.022444
v 0.200063 -0.004937 -0.023153
v 0.200065 -0.004935 -0.023155
v 0.200657 -0.004343 -0.023427
v 0.200657 -0.004343 -0.023427
v 0.201249 -0.003751 -0.023155
v 0.201251 -0.003749 -0.023153
v 0.201615 -0.003385 -0.022444
v 0.199679 -0.001896 -0.022437
v 0.199679 -0.001896 -0.021563
v 0.199678 -0.001898 -0.021556
v 0.199420 -0.002345 -0.020847
v 0.199419 -0.002347 -0.020845
v 0.199000 -0.003072 -0.020573
v 0.199000 -0.003072 -0.020573
v 0.198581 -0.003797 -0.020845
v 0.198580 -0.003799 -0.020847
v 0.198322 -0.004246 -0.021556
v 0.198321 -0.004248 -0.021563
v 0.198321 -0.004248 -0.022437
v 0.198322 -0.004246 -0.022444
v 0.198580 -0.003799 -0.023153
v 0.198581 -0.003797 -0.023155
v 0.199000 -0.003072 -0.023427
v 0.199000 -0.003072 -0.023427
v 0.199419 -0.002347 -0.023155
v 0.199420 -0.002345 -0.023153
v 0.199678 -0.001898 -0.022444
v 0.197422 -0.000961 -0.022437
v 0.197422 -0.000961 -0.021563
v 0.197421 -0.000963 -0.021556
v 0.197288 -0.001462 -0.020847
v 0.197287 -0.001464 -0.020845
v 0.197071 -0.002273 -0.020573
v 0.197071 -0.002273 -0.020573
v 0.196854 -0.003081 -0.020845
v 0.196853 -0.003084 -0.020847
v 0.196720 -0.003582 -0.021556
v 0.196719 -0.003584 -0.021563
v 0.196719 -0.003584 -0.022437
v 0.196720 -0.003582 -0.022444
v 0.196853 -0.003084 -0.023153
v 0.196854 -0.003081 -0.023155
v 0.197071 -0.002273 -0.023427
v 0.197071 -0.002273 -0.023427
v 0.197287 -0.001464 -0.023155
v 0.197288 -0.001462 -0.023153
v 0.197421 -0.000963 -0.022444
v 0.195000 -0.000642 -0.022437
v 0.195000 -0.000642 -0.021563
v 0.195000 -0.000644 -0.021556
v 0.195000 -0.001160 -0.020847
v 0.195000 -0.001163 -0.020845
v 0.195000 -0.002000 -0.020573
v 0.195000 -0.002000 -0.020573
v 0.195000 -0.002837 -0.020845
v 0.195000 -0.002840 -0.020847
v 0.195000 -0.003356 -0.021556
v 0.195000 -0.003358 -0.021563
v 0.195000 -0.003358 -0.022437
v 0.195000 -0.003356 -0.022444
v 0.195000 -0.002840 -0.023153
v 0.195000 -0.002837 -0.023155
v 0.195000 -0.002000 -0.023427
v 0.195000 -0.002000 -0.023427
v 0.195000 -0.001163 -0.023155
v 0.195000 -0.001160 -0.023153
v 0.195000 -0.000644 -0.022444
v 0.192578 -0.000961 -0.022437
v 0.192578 -0.000961 -0.021563
v 0.192579 -0.000963 -0.021556
v 0.192712 -0.001462 -0.020847
v 0.192713 -0.001464 -0.020845
v 0.192929 -0.002273 -0.020573
v 0.192929 -0.002273 -0.020573
v 0.193146 -0.003081 -0.020845
v 0.193147 -0.003084 -0.020847
v 0.193280 -0.003582 -0.021556
v 0.193281 -0.003584 -0.021563
v 0.193281 -0.003584 -0.022437
v 0.193280 -0.003582 -0.022444
v 0.193147 -0.003084 -0.023153
v 0.193146 -0.003081 -0.023155
v 0.192929 -0.002273 -0.023427
v 0.192929 -0.002273 -0.023427
v 0.192713 -0.001464 -0.023155
v 0.192712 -0.001462 -0.023153
v 0.192579 -0.000963 -0.022444
v 0.190321 -0.001896 -0.022437
v 0.190321 -0.001896 -0.021563
v 0.190322 -0.001898 -0.021556
v 0.190580 -0.002345 -0.020847
v 0.190581 -0.002347 -0.020845
v 0.191000 -0.003072 -0.020573
v 0.191000 -0.003072 -0.020573
v 0.191419 -0.003797 -0.020845
v 0.191420 -0.003799 -0.020847
v 0.191678 -0.004246 -0.021556
v 0.191679 -0.004248 -0.021563
v 0.191679 -0.004248 -0.022437
v 0.191678 -0.004246 -0.022444
v 0.191420 -0.003799 -0.023153
v 0.191419 -0.003797 -0.023155
v 0.191000 -0.003072 -0.023427
v 0.191000 -0.003072 -0.023427
v 0.190581 -0.002347 -0.023155
v 0.190580 -0.002345 -0.023153
v 0.190322 -0.001898 -0.022444
v 0.188383 -0.003383 -0.022437
v 0.188383 -0.003383 -0.021563
v 0.188385 -0.003385 -0.021556
v 0.188749 -0.003749 -0.020847
v 0.188751 -0.003751 -0.020845
v 0.189343 -0.004343 -0.020573
v 0.189343 -0.004343 -0.020573
v 0.189935 -0.004935 -0.020845
v 0.189937 -0.004937 -0.020847
v 0.190302 -0.005302 -0.021556
v 0.190303 -0.005303 -0.021563
v 0.190303 -0.005303 -0.022437
v 0.190302 -0.005302 -0.022444
v 0.189937 -0.004937 -0.023153
v 0.189935 -0.004935 -0.023155
v 0.189343 -0.004343 -0.023427
v 0.189343 -0.004343 -0.023427
v 0.188751 -0.003751 -0.023155
v 0.188749 -0.003749 -0.023153
v 0.188385 -0.003385 -0.022444
v 0.186896 -0.005321 -0.022437
v 0.186896 -0.005321 -0.021563
v 0.186898 -0.005322 -0.021556
v 0.187345 -0.005580 -0.020847
v 0.187347 -0.005581 -0.020845
v 0.188072 -0.006000 -0.020573
v 0.188072 -0.006000 -0.020573
v 0.188797 -0.006419 -0.020845
v 0.188799 -0.006420 -0.020847
v 0.189246 -0.006678 -0.021556
v 0.189248 -0.006679 -0.021563
v 0.189248 -0.006679 -0.022437
v 0.189246 -0.006678 -0.022444
v 0.188799 -0.006420 -0.023153
v 0.188797 -0.006419 -0.023155
v 0.188072 -0.006000 -0.023427
v 0.188072 -0.006000 -0.023427
v 0.187347 -0.005581 -0.023155
v 0.187345 -0.005580 -0.023153
v 0.186898 -0.005322 -0.022444
v 0.185961 -0.007578 -0.022437
v 0.185961 -0.007578 -0.021563
v 0.185963 -0.007579 -0.021556
v 0.186462 -0.007712 -0.020847
v 0.186464 -0.007713 -0.020845
v 0.187273 -0.007929 -0.020573
v 0.187273 -0.007929 -0.020573
v 0.188081 -0.008146 -0.020845
v 0.188084 -0.008147 -0.020847
v 0.188582 -0.008280 -0.021556
v 0.188584 -0.008281 -0.021563
v 0.188584 -0.008281 -0.022437
v 0.188582 -0.008280 -0.022444
v 0.188084 -0.008147 -0.023153
v 0.188081 -0.008146 -0.023155
v 0.187273 -0.007929 -0.023427
v 0.187273 -0.007929 -0.023427
v 0.186464 -0.007713 -0.023155
v 0.186462 -0.007712 -0.023153
v 0.185963 -0.007579 -0.022444
v 0.185642 -0.010000 -0.022437
v 0.185642 -0.010000 -0.021563
v 0.185644 -0.010000 -0.021556
v 0.186160 -0.010000 -0.020847
v 0.186163 -0.010000 -0.020845
v 0.187000 -0.010000 -0.020573
v 0.187000 -0.010000 -0.020573
v 0.187837 -0.010000 -0.020845
v 0.187840 -0.010000 -0.020847
v 0.188356 -0.010000 -0.021556
v 0.188358 -0.010000 -0.021563
v 0.188358 -0.010000 -0.022437
v 0.188356 -0.010000 -0.022444
v 0.187840 -0.010000 -0.023153
v 0.187837 -0.010000 -0.023155
v 0.187000 -0.010000 -0.023427
v 0.187000 -0.010000 -0.023427
v 0.186163 -0.010000 -0.023155
v 0.186160 -0.010000 -0.023153
v 0.185644 -0.010000 -0.022444
v 0.185961 -0.012422 -0.022437
v 0.185961 -0.012422 -0.021563
v 0.185963 -0.012421 -0.021556
v 0.186462 -0.012288 -0.020847
v 0.186464 -0.012287 -0.020845
v 0.187273 -0.012071 -0.020573
v 0.187273 -0.012071 -0.020573
v 0.188081 -0.011854 -0.020845
v 0.188084 -0.011853 -0.020847
v 0.188582 -0.011720 -0.021556
v 0.188584 -0.011719 -0.021563
v 0.188584 -0.011719 -0.022437
v 0.188582 -0.011720 -0.022444
v 0.188084 -0.011853 -0.023153
v 0.188081 -0.011854 -0.023155
v 0.187273 -0.012071 -0.023427
v 0.187273 -0.012071 -0.023427
v 0.186464 -0.012287 -0.023155
v 0.186462 -0.012288 -0.023153
v 0.185963 -0.012421 -0.022444
v 0.186896 -0.014679 -0.022437
v 0.186896 -0.014679 -0.021563
v 0.186898 -0.014678 -0.021556
v 0.187345 -0.014420 -0.020847
v 0.187347 -0.014419 -0.020845
v 0.188072 -0.014000 -0.020573
v 0.188072 -0.014000 -0.020573
v 0.188797 -0.013581 -0.020845
v 0.188799 -0.013580 -0.020847
v 0.189246 -0.013322 -0.021556
v 0.189248 -0.013321 -0.021563
v 0.189248 -0.013321 -0.022437
v 0.189246 -0.013322 -0.022444
v 0.188799 -0.013580 -0.023153
v 0.188797 -0.013581 -0.023155
v 0.188072 -0.014000 -0.023427
v 0.188072 -0.014000 -0.023427
v 0.187347 -0.014419 -0.023155
v 0.187345 -0.014420 -0.023153
v 0.186898 -0.014678 -0.022444
v 0.188383 -0.016617 -0.022437
v 0.188383 -0.016617 -0.021563
v 0.188385 -0.016615 -0.021556
v 0.188749 -0.016251 -0.020847
v 0.188751 -0.016249 -0.020845
v 0.189343 -0.015657 -0.020573
v 0.189343 -0.015657 -0.020573
v 0.189935 -0.015065 -0.020845
v 0.189937 -0.015063 -0.020847
v 0.190302 -0.014698 -0.021556
v 0.190303 -0.014697 -0.021563
v 0.190303 -0.014697 -0.022437
v 0.190302 -0.014698 -0.022444
v 0.189937 -0.015063 -0.023153
v 0.189935 -0.015065 -0.023155
v 0.189343 -0.015657 -0.023427
v 0.189343 -0.015657 -0.023427
v 0.188751 -0.016249 -0.023155
v 0.188749 -0.016251 -0.023153
v 0.188385 -0.016615 -0.022444
v 0.190321 -0.018104 -0.022437
v 0.190321 -0.018104 -0.021563
v 0.190322 -0.018102 -0.021556
v 0.190580 -0.017655 -0.020847
v 0.190581 -0.017653 -0.020845
v 0.191000 -0.016928 -0.020573
v 0.191000 -0.016928 -0.020573
v 0.191419 -0.016203 -0.020845
v 0.191420 -0.016201 -0.020847
v 0.191678 -0.015754 -0.021556
v 0.191679 -0.015752 -0.021563
v 0.191679 -0.015752 -0.022437
v 0.191678 -0.015754 -0.022444
v 0.191420 -0.016201 -0.023153
v 0.191419 -0.016203 -0.023155
v 0.191000 -0.016928 -0.023427
v 0.191000 -0.016928 -0.023427
v 0.190581 -0.017653 -0.023155
v 0.190580 -0.017655 -0.023153
v 0.190322 -0.018102 -0.022444
v 0.192578 -0.019039 -0.022437
v 0.192578 -0.019039 -0.021563
v 0.192579 -0.019037 -0.021556
v 0.192712 -0.018538 -0.020847
v 0.192713 -0.018536 -0.020845
v 0.192929 -0.017727 -0.020573
v 0.192929 -0.017727 -0.020573
v 0.193146 -0.016919 -0.020845
v 0.193147 -0.016916 -0.020847
v 0.193280 -0.016418 -0.021556
v 0.193281 -0.016416 -0.021563
v 0.193281 -0.016416 -0.022437
v 0.193280 -0.016418 -0.022444
v 0.193147 -0.016916 -0.023153
v 0.193146 -0.016919 -0.023155
v 0.192929 -0.017727 -0.023427
v 0.192929 -0.017727 -0.023427
v 0.192713 -0.018536 -0.023155
v 0.192712 -0.018538 -0.023153
v 0.192579 -0.019037 -0.022444
v 0.195000 -0.019358 -0.022437
v 0.195000 -0.019358 -0.021563
v 0.195000 -0.019356 -0.021556
v 0.195000 -0.018840 -0.020847
v 0.195000 -0.018837 -0.020845
v 0.195000 -0.018000 -0.020573
v 0.195000 -0.018000 -0.020573
v 0.195000 -0.017163 -0.020845
v 0.195000 -0.017160 -0.020847
v 0.195000 -0.016644 -0.021556
v 0.195000 -0.016642 -0.021563
v 0.195000 -0.016642 -0.022437
v 0.195000 -0.016644 -0.022444
v 0.195000 -0.017160 -0.023153
v 0.195000 -0.017163 -0.023155
v 0.195000 -0.018000 -0.023427
v 0.195000 -0.018000 -0.023427
v 0.195000 -0.018837 -0.023155
v 0.195000 -0.018840 -0.023153
v 0.195000 -0.019356 -0.022444
v 0.197422 -0.019039 -0.022437
v 0.197422 -0.019039 -0.021563
v 0.197421 -0.019037 -0.021556
v 0.197288 -0.018538 -0.020847
v 0.197287 -0.018536 -0.020845
v 0.197071 -0.017727 -0.020573
v 0.197071 -0.017727 -0.020573
v 0.196854 -0.016919 -0.020845
v 0.196853 -0.016916 -0.020847
v 0.196720 -0.016418 -0.021556
v 0.196719 -0.016416 -0.021563
v 0.196719 -0.016416 -0.022437
v 0.196720 -0.016418 -0.022444
v 0.196853 -0.016916 -0.023153
v 0.196854 -0.016919 -0.023155
v 0.197071 -0.017727 -0.023427
v 0.197071 -0.017727 -0.023427
v 0.197287 -0.018536 -0.023155
v 0.197288 -0.018538 -0.023153
v 0.197421 -0.019037 -0.022444
v 0.199679 -0.018104 -0.022437
v 0.199679 -0.018104 -0.021563
v 0.199678 -0.018102 -0.021556
v 0.199420 -0.017655 -0.020847
v 0.199419 -0.017653 -0.020845
v 0.199000 -0.016928 -0.020573
v 0.199000 -0.016928 -0.020573
v 0.198581 -0.016203 -0.020845
v 0.198580 -0.016201 -0.020847
v 0.198322 -0.015754 -0.021556
v 0.198321 -0.015752 -0.021563
v 0.198321 -0.015752 -0.022437
v 0.198322 -0.015754 -0.022444
v 0.198580 -0.016201 -0.023153
v 0.198581 -0.016203 -0.023155
v 0.199000 -0.016928 -0.023427
v 0.199000 -0.016928 -0.023427
v 0.199419 -0.017653 -0.023155
v 0.199420 -0.017655 -0.023153
v 0.199678 -0.018102 -0.022444
v 0.201617 -0.016617 -0.022437
v 0.201617 -0.016617 -0.021563
v 0.201615 -0.016615 -0.021556
v 0.201251 -0.016251 -0.020847
v 0.201249 -0.016249 -0.020845
v 0.200657 -0.015657 -0.020573
v 0.200657 -0.015657 -0.020573
v 0.200065 -0.015065 -0.020845
v 0.200063 -0.015063 -0.020847
v 0.199698 -0.014698 -0.021556
v 0.199697 -0.014697 -0.021563
v 0.199697 -0.014697 -0.022437
v 0.199698 -0.014698 -0.022444
v 0.200063 -0.015063 -0.023153
v 0.200065 -0.015065 -0.023155
v 0.200657 -0.015657 -0.023427
v 0.200657 -0.015657 -0.023427
v 0.201249 -0.016249 -0.023155
v 0.201251 -0.016251 -0.023153
v 0.201615 -0.016615 -0.022444
v 0.203104 -0.014679 -0.022437
v 0.203104 -0.014679 -0.021563
v 0.203102 -0.014678 -0.021556
v 0.202655 -0.014420 -0.020847
v 0.202653 -0.014419 -0.020845
v 0.201928 -0.014000 -0.020573
v 0.201928 -0.014000 -0.020573
v 0.201203 -0.013581 -0.020845
v 0.201201 -0.013580 -0.020847
v 0.200754 -0.013322 -0.021556
v 0.200752 -0.013321 -0.021563
v 0.200752 -0.013321 -0.022437
v 0.200754 -0.013322 -0.022444
v 0.201201 -0.013580 -0.023153
v 0.201203 -0.013581 -0.023155
v 0.201928 -0.014000 -0.023427
v 0.201928 -0.014000 -0.023427
v 0.202653 -0.014419 -0.023155
v 0.202655 -0.014420 -0.023153
v 0.203102 -0.014678 -0.022444
v 0.204039 -0.012422 -0.022437
v 0.204039 -0.012422 -0.021563
v 0.204037 -0.012421 -0.021556
v 0.203538 -0.012288 -0.020847
v 0.203536 -0.012287 -0.020845
v 0.202727 -0.012071 -0.020573
v 0.202727 -0.012071 -0.020573
v 0.201919 -0.011854 -0.020845
v 0.201916 -0.011853 -0.020847
v 0.201418 -0.011720 -0.021556
v 0.201416 -0.011719 -0.021563
v 0.201416 -0.011719 -0.022437
v 0.201418 -0.011720 -0.022444
v 0.201916 -0.011853 -0.023153
v 0.201919 -0.011854 -0.023155
v 0.202727 -0.012071 -0.023427
v 0.202727 -0.012071 -0.023427
v 0.203536 -0.012287 -0.023155
v 0.203538 -0.012288 -0.023153
v 0.204037 -0.012421 -0.022444
vn 0.9914 0.1305 -0.0000
vn 0.8040 0.1059 0.5851
vn 0.3083 0.0406 0.9504
vn -0.3083 -0.0406 0.9504
vn -0.8040 -0.1059 0.5851
vn -0.9914 -0.1305 -0.0000
vn -0.8040 -0.1059 -0.5851
vn -0.3083 -0.0406 -0.9504
vn 0.3083 0.0406 -0.9504
vn 0.8040 0.1059 -0.5851
vn 0.9239 0.3827 -0.0000
vn 0.7492 0.3103 0.5851
vn 0.2873 0.1190 0.9504
vn -0.2873 -0.1190 0.9504
vn -0.7492 -0.3103 0.5851
vn -0.9239 -0.3827 -0.0000
vn -0.7492 -0.3103 -0.5851
vn -0.2873 -0.1190 -0.9504
vn 0.2873 0.1190 -0.9504
vn 0.7492 0.3103 -0.5851
vn 0.7934 0.6088 -0.0000
vn 0.6434 0.4937 0.5851
vn 0.2467 0.1893 0.9504
vn -0.2467 -0.1893 0.9504
vn -0.6434 -0.4937 0.5851
vn -0.7934 -0.6088 -0.0000
vn -0.6434 -0.4937 -0.5851
vn -0.2467 -0.1893 -0.9504
vn 0.2467 0.1893 -0.9504
vn 0.6434 0.4937 -0.5851
vn 0.6088 0.7934 -0.0000
vn 0.4937 0.6434 0.5851
vn 0.1893 0.2467 0.9504
vn -0.1893 -0.2467 0.9504
vn -0.4937 -0.6434 0.5851
vn -0.6088 -0.7934 -0.0000
vn -0.4937 -0.6434 -0.5851
vn -0.1893 -0.2467 -0.9504
vn 0.1893 0.2467 -0.9504
vn 0.4937 0.6434 -0.5851
vn 0.3827 0.9239 -0.0000
vn 0.3103 0.7492 0.5851
vn 0.1190 0.2873 0.9504
vn -0.1190 -0.2873 0.9504
vn -0.3103 -0.7492 0.5851
vn -0.3827 -0.9239 -0.0000
vn -0.3103 -0.7492 -0.5851
vn -0.1190 -0.2873 -0.9504
vn 0.1190 0.2873 -0.9504
vn 0.3103 0.7492 -0.5851
vn 0.1305 0.9914 -0.0000
vn 0.1059 0.8040 0.5851
vn 0.0406 0.3083 0.9504
vn -0.0406 -0.3083 0.9504
vn -0.1059 -0.8040 0.5851
vn -0.1305 -0.9914 -0.0000
vn -0.1059 -0.8040 -0.5851
vn -0.0406 -0.3083 -0.9504
vn 0.0406 0.3083 -0.9504
vn 0.1059 0.8040 -0.5851
vn -0.1305 0.9914 -0.0000
vn -0.1059 0.8040 0.5851
vn -0.0406 0.3083 0.9504
vn 0.0406 -0.3083 0.9504
vn 0.1059 -0.8040 0.5851
vn 0.1305 -0.9914 -0.0000
vn 0.1059 -0.8040 -0.5851
vn 0.0406 -0.3083 -0.9504
vn -0.0406 0.3083 -0.9504
vn -0.1059 0.8040 -0.5851
vn -0.3827 0.9239 -0.0000
vn -0.3103 0.7492 0.5851
vn -0.1190 0.2873 0.9504
vn 0.1190 -0.2873 0.9504
vn 0.3103 -0.7492 0.5851
vn 0.3827 -0.9239 -0.0000
vn 0.3103 -0.7492 -0.5851
vn 0.1190 -0.2873 -0.9504
vn -0.1190 0.2873 -0.9504
vn -0.3103 0.7492 -0.5851
vn -0.6088 0.7934 -0.0000
vn -0.4937 0.6434 0.5851
vn -0.1893 0.2467 0.9504
vn 0.1893 -0.2467 0.9504
vn 0.4937 -0.6434 0.5851
vn 0.6088 -0.7934 -0.0000
vn 0.4937 -0.6434 -0.5851
vn 0.1893 -0.2467 -0.9504
vn -0.1893 0.2467 -0.9504
vn -0.4937 0.6434 -0.5851
vn -0.7934 0.6088 -0.0000
vn -0.6434 0.4937 0.5851
vn -0.2467 0.1893 0.9504
vn 0.2467 -0.1893 0.9504
vn 0.6434 -0.4937 0.5851
vn 0.7934 -0.6088 -0.0000
vn 0.6434 -0.4937 -0.5851
vn 0.2467 -0.1893 -0.9504
vn -0.2467 0.1893 -0.9504
vn -0.6434 0.4937 -0.5851
vn -0.9239 0.3827 -0.0000
vn -0.7492 0.3103 0.5851
vn -0.2873 0.1190 0.9504
vn 0.2873 -0.1190 0.9504
vn 0.7492 -0.3103 0.5851
vn 0.9239 -0.3827 -0.0000
vn 0.7492 -0.3103 -0.5851
vn 0.2873 -0.1190 -0.9504
vn -0.2873 0.1190 -0.9504
vn -0.7492 0.3103 -0.5851
vn -0.9914 0.1305 -0.0000
vn -0.8040 0.1059 0.5851
vn -0.3083 0.0406 0.9504
vn 0.3083 -0.0406 0.9504
vn 0.8040 -0.1059 0.5851
vn 0.9914 -0.1305 -0.0000
vn 0.8040 -0.1059 -0.5851
vn 0.3083 -0.0406 -0.9504
vn -0.3083 0.0406 -0.9504
vn -0.8040 0.1059 -0.5851
vn 0.9437 0.1242 -0.3066
vn 0.9437 -0.1242 -0.3066
vn 0.9437 0.1242 0.3066
vn 0.9437 -0.1242 0.3066
vn 0.5861 0.0772 0.8066
vn 0.5861 -0.0772 0.8065
vn -0.0000 -0.0000 1.0000
vn -0.5861 -0.0772 0.8065
vn -0.5860 0.0771 0.8067
vn -0.9437 -0.1242 0.3066
vn -0.9437 0.1242 0.3067
vn -0.9437 -0.1242 -0.3066
vn -0.9437 0.1242 -0.3067
vn -0.5861 -0.0772 -0.8065
vn -0.5860 0.0771 -0.8067
vn -0.0000 -0.0000 -1.0000
vn 0.5861 0.0772 -0.8066
vn 0.5861 -0.0772 -0.8065
vn 0.8794 0.3643 -0.3066
vn 0.8794 0.3643 0.3066
vn 0.5462 0.2262 0.8065
vn -0.5460 -0.2262 0.8067
vn -0.8794 -0.3642 0.3067
vn -0.8794 -0.3642 -0.3067
vn -0.5460 -0.2262 -0.8067
vn 0.5462 0.2262 -0.8065
vn 0.7551 0.5794 -0.3067
vn 0.7551 0.5794 0.3067
vn 0.4690 0.3599 0.8066
vn -0.4690 -0.3599 0.8065
vn -0.7551 -0.5794 0.3066
vn -0.7551 -0.5794 -0.3066
vn -0.4689 -0.3599 -0.8066
vn 0.4690 0.3598 -0.8066
vn 0.5794 0.7551 -0.3066
vn 0.5794 0.7551 0.3066
vn 0.3599 0.4691 0.8065
vn -0.3598 -0.4689 0.8066
vn -0.5794 -0.7551 0.3067
vn -0.5794 -0.7551 -0.3067
vn -0.3598 -0.4690 -0.8066
vn 0.3599 0.4691 -0.8065
vn 0.3642 0.8794 -0.3067
vn 0.3642 0.8793 0.3067
vn 0.2262 0.5461 0.8066
vn -0.2262 -0.5461 0.8066
vn -0.3642 -0.8794 0.3066
vn -0.3642 -0.8794 -0.3067
vn -0.2262 -0.5461 -0.8066
vn 0.2263 0.5463 -0.8064
vn 0.1242 0.9437 -0.3066
vn 0.1242 0.9437 0.3066
vn 0.0772 0.5861 0.8066
vn -0.0771 -0.5859 0.8067
vn -0.1242 -0.9436 0.3067
vn -0.1242 -0.9437 -0.3067
vn -0.0772 -0.5861 -0.8065
vn 0.0772 0.5862 -0.8065
vn -0.1242 0.9437 -0.3066
vn -0.1242 0.9437 0.3066
vn -0.0772 0.5861 0.8065
vn 0.0772 -0.5860 0.8066
vn 0.1242 -0.9437 0.3066
vn 0.1242 -0.9437 -0.3066
vn 0.0772 -0.5862 -0.8065
vn -0.0772 0.5863 -0.8064
vn -0.3642 0.8793 -0.3069
vn -0.3642 0.8793 0.3069
vn -0.2262 0.5460 0.8066
vn 0.2262 -0.5460 0.8067
vn 0.3642 -0.8794 0.3066
vn 0.3642 -0.8794 -0.3067
vn 0.2262 -0.5461 -0.8066
vn -0.2263 0.5462 -0.8065
vn -0.5794 0.7551 -0.3068
vn -0.5794 0.7551 0.3067
vn -0.3598 0.4689 0.8066
vn 0.3597 -0.4688 0.8067
vn 0.5794 -0.7551 0.3066
vn 0.5794 -0.7551 -0.3066
vn 0.3598 -0.4689 -0.8067
vn -0.3597 0.4688 -0.8067
vn -0.7551 0.5794 -0.3067
vn -0.7551 0.5794 0.3066
vn -0.4688 0.3598 0.8067
vn 0.4690 -0.3599 0.8066
vn 0.7551 -0.5794 0.3066
vn 0.7551 -0.5794 -0.3066
vn 0.4689 -0.3599 -0.8066
vn -0.4688 0.3598 -0.8067
vn -0.8793 0.3642 -0.3067
vn -0.8793 0.3642 0.3067
vn -0.5460 0.2261 0.8067
vn 0.5462 -0.2262 0.8065
vn 0.8794 -0.3643 0.3066
vn 0.8794 -0.3643 -0.3066
vn 0.5462 -0.2262 -0.8065
vn -0.5460 0.2262 -0.8067
vn -0.9437 0.1242 -0.3066
vn -0.9437 0.1242 0.3066
vn -0.5861 0.0772 0.8065
vn 0.5860 -0.0771 0.8067
vn 0.9437 -0.1242 0.3067
vn 0.9437 -0.1242 -0.3067
vn 0.5860 -0.0771 -0.8067
vn -0.5861 0.0772 -0.8065
vn -0.5861 -0.0772 0.8066
vn 0.5861 0.0772 0.8065
vn 0.5861 0.0772 -0.8065
vn -0.5861 -0.0772 -0.8066
vn -0.8794 -0.3643 -0.3066
vn -0.8794 -0.3643 0.3066
vn -0.5462 -0.2262 0.8065
vn 0.5460 0.2262 0.8067
vn 0.8794 0.3642 0.3067
vn 0.8794 0.3642 -0.3067
vn 0.5460 0.2262 -0.8067
vn -0.5462 -0.2262 -0.8065
vn -0.7551 -0.5794 -0.3067
vn -0.7551 -0.5794 0.3067
vn -0.4690 -0.3599 0.8066
vn 0.4690 0.3599 0.8065
vn 0.7551 0.5794 0.3066
vn 0.7551 0.5794 -0.3066
vn 0.4689 0.3599 -0.8066
vn -0.4690 -0.3598 -0.8066
vn -0.5794 -0.7551 -0.3066
vn -0.5794 -0.7551 0.3066
vn -0.3599 -0.4691 0.8065
vn 0.3598 0.4689 0.8066
vn 0.5794 0.7551 0.3067
vn 0.5794 0.7551 -0.3067
vn 0.3598 0.4690 -0.8066
vn -0.3599 -0.4691 -0.8065
vn -0.3642 -0.8793 0.3067
vn 0.3642 0.8794 0.3066
vn 0.2262 0.5461 -0.8066
vn -0.2263 -0.5463 -0.8064
vn -0.1242 -0.9437 -0.3066
vn -0.1242 -0.9437 0.3066
vn -0.0772 -0.5861 0.8066
vn 0.0771 0.5859 0.8067
vn 0.1242 0.9436 0.3067
vn 0.1242 0.9437 -0.3067
vn 0.0772 0.5861 -0.8065
vn -0.0772 -0.5862 -0.8065
vn 0.0772 -0.5861 0.8065
vn -0.0772 0.5860 0.8066
vn -0.0772 0.5862 -0.8065
vn 0.0772 -0.5863 -0.8064
vn 0.3642 -0.8793 -0.3069
vn 0.3642 -0.8793 0.3069
vn 0.2262 -0.5460 0.8066
vn -0.2262 0.5460 0.8067
vn -0.3642 0.8794 0.3066
vn -0.3642 0.8794 -0.3067
vn -0.2262 0.5461 -0.8066
vn 0.2263 -0.5462 -0.8065
vn 0.5794 -0.7551 -0.3068
vn 0.5794 -0.7551 0.3067
vn 0.3598 -0.4689 0.8066
vn -0.3597 0.4688 0.8067
vn -0.5794 0.7551 0.3066
vn -0.5794 0.7551 -0.3066
vn -0.3598 0.4689 -0.8067
vn 0.3597 -0.4688 -0.8067
vn 0.7551 -0.5794 -0.3067
vn 0.4688 -0.3598 0.8067
vn -0.4690 0.3599 0.8066
vn -0.7551 0.5794 -0.3066
vn -0.4689 0.3599 -0.8066
vn 0.4688 -0.3598 -0.8067
vn 0.8793 -0.3642 -0.3067
vn 0.8793 -0.3642 0.3067
vn 0.5460 -0.2261 0.8067
vn -0.5462 0.2262 0.8065
vn -0.8794 0.3643 0.3066
vn -0.8794 0.3643 -0.3066
vn -0.5462 0.2262 -0.8065
vn 0.5460 -0.2262 -0.8067
vn 0.5861 -0.0772 0.8066
vn -0.5860 -0.0771 0.8066
vn -0.9437 -0.1242 0.3067
vn -0.9437 -0.1242 -0.3067
vn -0.5860 -0.0771 -0.8066
vn 0.5861 -0.0772 -0.8066
vn 0.8793 0.3642 -0.3067
vn 0.8793 0.3642 0.3067
vn -1.0000 -0.0000 -0.0000
vn 0.5461 0.2262 -0.8066
vn 0.4689 0.3598 0.8066
vn -0.0303 -0.0000 0.9995
vn -0.4689 -0.3598 0.8066
vn -0.4690 -0.3599 -0.8066
vn -0.0494 -0.0000 -0.9988
vn 0.4688 0.3598 -0.8067
vn 0.5794 0.7551 -0.3068
vn 0.3597 0.4688 0.8067
vn -0.3597 -0.4688 0.8067
vn -0.3597 -0.4688 -0.8067
vn 0.3598 0.4689 -0.8066
vn 0.3642 0.8793 -0.3069
vn 0.3642 0.8793 0.3069
vn -0.2262 -0.5460 0.8067
vn 0.2262 0.5459 -0.8067
vn 0.1242 0.9437 0.3067
vn 0.0772 0.5863 0.8064
vn -0.0772 -0.5862 0.8065
vn -0.1242 -0.9437 0.3065
vn -0.0772 -0.5860 -0.8066
vn -0.1242 0.9437 -0.3067
vn -0.1242 0.9437 0.3067
vn -0.0772 0.5863 0.8064
vn 0.0771 -0.5861 0.8066
vn 0.1242 -0.9437 -0.3067
vn 0.0771 -0.5858 -0.8067
vn -0.3642 0.8793 0.3067
vn -0.2263 0.5463 0.8064
vn 0.2262 -0.5461 0.8066
vn -0.2261 0.5459 -0.8067
vn -0.3599 0.4691 0.8065
vn -0.0324 -0.0000 0.9995
vn 0.5794 -0.7551 -0.3067
vn 0.3598 -0.4689 -0.8066
vn -0.0324 -0.0000 -0.9995
vn -0.3599 0.4691 -0.8065
vn -0.7551 0.5794 0.3067
vn -0.0391 -0.0000 0.9992
vn 0.4689 -0.3599 0.8066
vn 0.4690 -0.3599 -0.8065
vn -0.4690 0.3599 -0.8065
vn -0.5463 0.2262 0.8065
vn 0.5460 -0.2262 0.8067
vn 0.8794 -0.3642 0.3067
vn 0.8794 -0.3642 -0.3067
vn -0.5861 0.0772 0.8066
vn -0.5861 0.0772 -0.8066
vn 0.5860 0.0771 0.8066
vn 0.9437 0.1242 0.3067
vn 0.9437 0.1242 -0.3067
vn 0.5860 0.0771 -0.8066
vn -0.8793 -0.3642 -0.3067
vn -0.8793 -0.3642 0.3067
vn 1.0000 -0.0000 -0.0000
vn -0.5461 -0.2262 -0.8066
vn 0.0303 -0.0000 0.9995
vn 0.4690 0.3599 -0.8066
vn 0.0494 -0.0000 -0.9988
vn -0.4688 -0.3598 -0.8067
vn -0.5794 -0.7551 -0.3068
vn 0.3597 0.4688 -0.8067
vn -0.3598 -0.4689 -0.8066
vn -0.3642 -0.8793 -0.3069
vn -0.3642 -0.8793 0.3069
vn 0.2262 0.5460 0.8067
vn -0.2262 -0.5459 -0.8067
vn -0.1242 -0.9437 0.3067
vn -0.0772 -0.5863 0.8064
vn 0.0772 0.5862 0.8065
vn 0.1242 0.9437 0.3065
vn 0.0772 0.5860 -0.8066
vn 0.1242 -0.9437 0.3067
vn 0.0772 -0.5863 0.8064
vn -0.0771 0.5861 0.8066
vn -0.0771 0.5858 -0.8067
vn 0.3642 -0.8793 0.3067
vn 0.2263 -0.5463 0.8064
vn -0.2262 0.5461 0.8066
vn 0.2261 -0.5459 -0.8067
vn 0.3599 -0.4691 0.8065
vn 0.0324 -0.0000 0.9995
vn -0.5794 0.7551 -0.3067
vn -0.3598 0.4689 -0.8066
vn 0.0324 -0.0000 -0.9995
vn 0.3599 -0.4691 -0.8065
vn 0.7551 -0.5794 0.3067
vn 0.0391 -0.0000 0.9992
vn -0.4689 0.3599 0.8066
vn 0.5463 -0.2262 0.8065
vn -0.5460 0.2262 0.8067
vn -0.8794 0.3642 0.3067
vn -0.8794 0.3642 -0.3067
vt 0.710296 0.867148
vt 0.708077 0.873433
vt 0.707330 0.872866
vt 0.707319 0.872857
vt 0.708352 0.866198
vt 0.710018 0.866980
vt 0.705544 0.871596
vt 0.706169 0.865477
vt 0.708345 0.866196
vt 0.840622 0.425646
vt 0.838794 0.429646
vt 0.839621 0.425258
vt 0.838788 0.429642
vt 0.837377 0.424721
vt 0.839615 0.425256
vt 0.938676 0.630312
vt 0.935819 0.626823
vt 0.936616 0.626340
vt 0.937912 0.630891
vt 0.933874 0.627773
vt 0.935537 0.626976
vt 0.936138 0.632152
vt 0.931692 0.628495
vt 0.933867 0.627776
vt 0.934228 0.633383
vt 0.930652 0.628754
vt 0.945673 0.341988
vt 0.944249 0.348189
vt 0.943418 0.342426
vt 0.703136 0.877838
vt 0.703820 0.878479
vt 0.703125 0.877828
vt 0.705550 0.871600
vt 0.701583 0.876291
vt 0.703634 0.870365
vt 0.838521 0.434032
vt 0.839752 0.430262
vt 0.837619 0.433223
vt 0.836610 0.428791
vt 0.941589 0.633765
vt 0.937924 0.630882
vt 0.940891 0.634421
vt 0.936144 0.632148
vt 0.937813 0.637633
vt 0.937128 0.638422
vt 0.933335 0.633926
vt 0.947708 0.351905
vt 0.946458 0.347433
vt 0.698606 0.882423
vt 0.697999 0.881724
vt 0.696735 0.879967
vt 0.701588 0.876296
vt 0.696731 0.879961
vt 0.700048 0.874615
vt 0.695656 0.877938
vt 0.699260 0.873904
vt 0.700048 0.874615
vt 0.784227 0.429642
vt 0.787490 0.432114
vt 0.785396 0.433223
vt 0.945158 0.636465
vt 0.940901 0.634411
vt 0.944538 0.637180
vt 0.939353 0.635952
vt 0.939348 0.635958
vt 0.942205 0.640956
vt 0.959346 0.799209
vt 0.960232 0.804697
vt 0.958096 0.803680
vt 0.692836 0.884984
vt 0.692269 0.884260
vt 0.692087 0.884001
vt 0.697989 0.881713
vt 0.691320 0.882356
vt 0.690609 0.878983
vt 0.695220 0.876943
vt 0.783400 0.425256
vt 0.786405 0.428791
vt 0.949137 0.638226
vt 0.944548 0.637169
vt 0.948447 0.639231
vt 0.943284 0.638926
vt 0.947666 0.640873
vt 0.943280 0.638932
vt 0.947103 0.643124
vt 0.941774 0.641937
vt 0.962387 0.794202
vt 0.961555 0.799964
vt 0.964641 0.794107
vt 0.962690 0.787802
vt 0.964925 0.787706
vt 0.685898 0.884504
vt 0.691323 0.882363
vt 0.685687 0.880972
vt 0.690758 0.880106
vt 0.685836 0.879799
vt 0.782972 0.420363
vt 0.785638 0.424721
vt 0.785260 0.420180
vt 0.787898 0.424718
vt 0.785657 0.424718
vt 0.952385 0.640452
vt 0.947668 0.640867
vt 0.952206 0.641649
vt 0.952175 0.643990
vt 0.946957 0.644231
vt 0.960400 0.787717
vt 0.960132 0.793764
vt 0.962406 0.781200
vt 0.964641 0.781104
vt 0.680256 0.883934
vt 0.685719 0.883320
vt 0.680307 0.882766
vt 0.685718 0.883313
vt 0.680789 0.880477
vt 0.782972 0.415299
vt 0.785241 0.420181
vt 0.785260 0.415482
vt 0.787501 0.420180
vt 0.956538 0.640032
vt 0.952207 0.641642
vt 0.957073 0.643495
vt 0.952321 0.645147
vt 0.960132 0.781481
vt 0.962671 0.787802
vt 0.961574 0.774847
vt 0.963470 0.774702
vt 0.675198 0.881835
vt 0.680307 0.882773
vt 0.675456 0.880753
vt 0.677091 0.877618
vt 0.681225 0.879333
vt 0.783400 0.410406
vt 0.785241 0.415481
vt 0.785657 0.410944
vt 0.787501 0.415482
vt 0.960263 0.638487
vt 0.956591 0.641199
vt 0.960523 0.639574
vt 0.956591 0.641206
vt 0.961465 0.641673
vt 0.957504 0.644623
vt 0.961555 0.774850
vt 0.962387 0.781201
vt 0.961456 0.768893
vt 0.960251 0.769175
vt 0.671069 0.878351
vt 0.675454 0.880759
vt 0.671636 0.877100
vt 0.676397 0.878655
vt 0.672811 0.875629
vt 0.784227 0.406020
vt 0.785638 0.410941
vt 0.786424 0.406875
vt 0.787563 0.410993
vt 0.963276 0.635953
vt 0.960522 0.639568
vt 0.965050 0.638647
vt 0.966621 0.639784
vt 0.962150 0.642696
vt 0.958096 0.770122
vt 0.959346 0.775479
vt 0.958526 0.764572
vt 0.959720 0.764251
vt 0.476313 0.841326
vt 0.477199 0.835027
vt 0.478449 0.840384
vt 0.669236 0.872222
vt 0.670275 0.871607
vt 0.674410 0.874516
vt 0.672458 0.870746
vt 0.675722 0.873877
vt 0.674727 0.874346
vt 0.787508 0.403553
vt 0.787644 0.407109
vt 0.863454 0.426333
vt 0.864865 0.431254
vt 0.862687 0.430403
vt 0.963895 0.637146
vt 0.967586 0.634625
vt 0.969768 0.635486
vt 0.967984 0.640364
vt 0.966967 0.639931
vt 0.474971 0.835660
vt 0.471904 0.829402
vt 0.474139 0.829306
vt 0.474158 0.829305
vt 0.474990 0.835656
vt 0.667847 0.867202
vt 0.671276 0.866499
vt 0.672451 0.870747
vt 0.671283 0.866499
vt 0.673599 0.870497
vt 0.861591 0.421792
vt 0.863435 0.426331
vt 0.861194 0.426330
vt 0.863851 0.421793
vt 0.865692 0.426868
vt 0.967767 0.629536
vt 0.966532 0.634002
vt 0.968898 0.629880
vt 0.969761 0.635485
vt 0.972415 0.630267
vt 0.970904 0.635732
vt 0.471621 0.822800
vt 0.473855 0.822704
vt 0.473875 0.822704
vt 0.476413 0.829025
vt 0.668963 0.861718
vt 0.668963 0.866862
vt 0.671276 0.861893
vt 0.671283 0.861894
vt 0.672486 0.866473
vt 0.861591 0.417094
vt 0.863832 0.421792
vt 0.863851 0.417093
vt 0.866120 0.421976
vt 0.967767 0.624693
vt 0.968899 0.624736
vt 0.971211 0.630243
vt 0.971218 0.624559
vt 0.971218 0.630243
vt 0.471904 0.816399
vt 0.474139 0.816303
vt 0.474158 0.816304
vt 0.476145 0.822789
vt 0.669236 0.856265
vt 0.667847 0.861759
vt 0.670275 0.856524
vt 0.672458 0.857246
vt 0.672486 0.862111
vt 0.861194 0.412556
vt 0.863832 0.417094
vt 0.863454 0.412554
vt 0.866120 0.416911
vt 0.967586 0.619542
vt 0.971211 0.624560
vt 0.969768 0.618820
vt 0.972415 0.624342
vt 0.972487 0.617344
vt 0.968747 0.612152
vt 0.969494 0.611586
vt 0.474990 0.810542
vt 0.476413 0.816742
vt 0.671918 0.851093
vt 0.674721 0.852866
vt 0.672451 0.857243
vt 0.674727 0.852870
vt 0.674120 0.858043
vt 0.676508 0.854137
vt 0.675199 0.858678
vt 0.674402 0.858196
vt 0.862687 0.408484
vt 0.865692 0.412019
vt 0.964145 0.615204
vt 0.966532 0.619805
vt 0.965050 0.614654
vt 0.969761 0.618823
vt 0.968735 0.612161
vt 0.971435 0.618039
vt 0.965237 0.606540
vt 0.964553 0.607181
vt 0.476313 0.805809
vt 0.477199 0.811297
vt 0.675712 0.846597
vt 0.672811 0.851636
vt 0.676397 0.847386
vt 0.677937 0.849066
vt 0.676496 0.854128
vt 0.679485 0.850608
vt 0.677259 0.854707
vt 0.861602 0.405160
vt 0.864865 0.407632
vt 0.961465 0.610404
vt 0.962999 0.608728
vt 0.966960 0.613423
vt 0.963004 0.608723
vt 0.966967 0.613419
vt 0.959415 0.603295
vt 0.960023 0.602596
vt 0.960232 0.884155
vt 0.959346 0.889643
vt 0.958096 0.885171
vt 0.680358 0.843082
vt 0.680789 0.844063
vt 0.677931 0.849061
vt 0.681867 0.846093
vt 0.679474 0.850598
vt 0.683131 0.847850
vt 0.680173 0.851253
vt 0.972208 0.317682
vt 0.971199 0.313249
vt 0.973292 0.314358
vt 0.960770 0.611203
vt 0.957073 0.607081
vt 0.958152 0.605052
vt 0.964542 0.607191
vt 0.953686 0.600758
vt 0.954252 0.600035
vt 0.962387 0.894650
vt 0.961555 0.888887
vt 0.685540 0.840788
vt 0.686249 0.844145
vt 0.681863 0.846087
vt 0.686252 0.844152
vt 0.683121 0.847839
vt 0.687198 0.846050
vt 0.683741 0.848554
vt 0.971441 0.321752
vt 0.970029 0.316830
vt 0.952026 0.606035
vt 0.956636 0.608076
vt 0.952175 0.604913
vt 0.958148 0.605058
vt 0.953503 0.601018
vt 0.959406 0.603306
vt 0.962406 0.894649
vt 0.964925 0.901146
vt 0.962690 0.901050
vt 0.962671 0.901050
vt 0.960132 0.895088
vt 0.690758 0.841029
vt 0.685687 0.841895
vt 0.690789 0.843370
vt 0.690790 0.843377
vt 0.687030 0.845788
vt 0.973303 0.326292
vt 0.971460 0.321754
vt 0.973701 0.321754
vt 0.971043 0.326291
vt 0.969203 0.321217
vt 0.947252 0.605220
vt 0.947103 0.604047
vt 0.952737 0.602663
vt 0.947136 0.601699
vt 0.952739 0.602656
vt 0.964641 0.907748
vt 0.962406 0.907652
vt 0.962387 0.907650
vt 0.960400 0.901134
vt 0.696087 0.840395
vt 0.690905 0.839872
vt 0.695656 0.841524
vt 0.695175 0.843820
vt 0.690968 0.844567
vt 0.973303 0.330990
vt 0.971063 0.326292
vt 0.971043 0.330991
vt 0.968775 0.326109
vt 0.942205 0.604542
vt 0.942205 0.604542
vt 0.947135 0.601706
vt 0.941723 0.602246
vt 0.947314 0.600515
vt 0.963809 0.914101
vt 0.961574 0.914005
vt 0.961555 0.914002
vt 0.960132 0.907371
vt 0.700733 0.842323
vt 0.699107 0.845444
vt 0.695175 0.843813
vt 0.699105 0.845451
vt 0.695122 0.844986
vt 0.973700 0.335529
vt 0.971063 0.330990
vt 0.971441 0.335531
vt 0.968775 0.331174
vt 0.938508 0.607401
vt 0.942642 0.605686
vt 0.937813 0.606364
vt 0.941724 0.602253
vt 0.936615 0.603184
vt 0.941673 0.601085
vt 0.944348 0.317117
vt 0.947278 0.312797
vt 0.945553 0.317400
vt 0.960232 0.919672
vt 0.959346 0.913372
vt 0.705205 0.845235
vt 0.700048 0.843346
vt 0.703634 0.846371
vt 0.838469 0.406226
vt 0.835525 0.403548
vt 0.836722 0.403243
vt 0.836591 0.406875
vt 0.834310 0.403858
vt 0.835506 0.403553
vt 0.972208 0.339601
vt 0.969203 0.336066
vt 0.934228 0.609389
vt 0.933052 0.607919
vt 0.936872 0.604266
vt 0.932909 0.607602
vt 0.936871 0.604259
vt 0.944230 0.323071
vt 0.942335 0.322926
vt 0.706567 0.844655
vt 0.708352 0.849532
vt 0.705550 0.845088
vt 0.708345 0.849534
vt 0.703634 0.846371
vt 0.840622 0.410016
vt 0.838794 0.406016
vt 0.839752 0.405400
vt 0.839615 0.410406
vt 0.836610 0.406871
vt 0.837358 0.410944
vt 0.835371 0.407109
vt 0.935015 0.614521
vt 0.936144 0.610673
vt 0.937138 0.611142
vt 0.935826 0.610502
vt 0.931692 0.613412
vt 0.946458 0.323704
vt 0.945572 0.317404
vt 0.947708 0.318346
vt 0.943398 0.329424
vt 0.941163 0.329328
vt 0.710999 0.854752
vt 0.709487 0.849287
vt 0.709795 0.854775
vt 0.706169 0.850394
vt 0.840049 0.415298
vt 0.839621 0.410404
vt 0.840042 0.415299
vt 0.837377 0.410941
vt 0.837755 0.415482
vt 0.835452 0.410993
vt 0.933902 0.618545
vt 0.933874 0.614273
vt 0.932692 0.618520
vt 0.933867 0.614271
vt 0.930380 0.618157
vt 0.930652 0.612797
vt 0.943418 0.329426
vt 0.944249 0.323074
vt 0.943115 0.336026
vt 0.940880 0.335930
vt 0.710999 0.860677
vt 0.709802 0.854775
vt 0.707482 0.860283
vt 0.707482 0.855139
vt 0.841072 0.415166
vt 0.840049 0.420364
vt 0.840042 0.420363
vt 0.837774 0.415481
vt 0.837755 0.420180
vt 0.835514 0.415482
vt 0.933902 0.622908
vt 0.932699 0.618520
vt 0.932692 0.623126
vt 0.930380 0.623301
vt 0.929264 0.617817
vt 0.945404 0.335941
vt 0.945673 0.329705
vt 0.943398 0.342427
vt 0.941163 0.342331
vt 0.709802 0.860460
vt 0.709795 0.860458
vt 0.841072 0.420496
vt 0.837774 0.420181
vt 0.837358 0.424718
vt 0.835514 0.420180
vt 0.932699 0.623125
vt 0.929264 0.623260
vt 0.943134 0.336026
vt 0.941148 0.342328
vt 0.940864 0.335929
vt 0.835117 0.424718
vt 0.835498 0.420181
vt 0.946464 0.347430
vt 0.945679 0.341986
vt 0.945411 0.335941
vt 0.945553 0.352925
vt 0.944230 0.348191
vt 0.837624 0.433228
vt 0.835525 0.432114
vt 0.836591 0.428787
vt 0.947714 0.351900
vt 0.961574 0.799967
vt 0.960251 0.804701
vt 0.784221 0.429646
vt 0.785390 0.433228
vt 0.787508 0.432109
vt 0.958091 0.803676
vt 0.783394 0.425258
vt 0.786424 0.428787
vt 0.948614 0.638969
vt 0.960126 0.793762
vt 0.959340 0.799205
vt 0.962406 0.794203
vt 0.964940 0.787705
vt 0.964657 0.794104
vt 0.787913 0.424721
vt 0.960394 0.787717
vt 0.964657 0.781104
vt 0.782966 0.415298
vt 0.782966 0.420364
vt 0.787516 0.420181
vt 0.960126 0.781482
vt 0.963825 0.774752
vt 0.783394 0.410404
vt 0.787913 0.410941
vt 0.787516 0.415481
vt 0.959340 0.775482
vt 0.476294 0.841331
vt 0.478037 0.845928
vt 0.478019 0.845934
vt 0.671492 0.877417
vt 0.784221 0.406016
vt 0.786405 0.406871
vt 0.861584 0.433721
vt 0.861602 0.433726
vt 0.958091 0.770126
vt 0.960232 0.769180
vt 0.478455 0.840380
vt 0.787490 0.403548
vt 0.862668 0.430399
vt 0.864871 0.431258
vt 0.471889 0.829402
vt 0.472736 0.835756
vt 0.472720 0.835754
vt 0.476419 0.829024
vt 0.477205 0.835024
vt 0.861179 0.426333
vt 0.865698 0.426870
vt 0.471605 0.822802
vt 0.476151 0.822789
vt 0.861576 0.421793
vt 0.866126 0.421976
vt 0.471889 0.816402
vt 0.861179 0.412554
vt 0.861576 0.417093
vt 0.863435 0.412556
vt 0.866126 0.416910
vt 0.971713 0.617871
vt 0.476419 0.816744
vt 0.865698 0.412016
vt 0.476294 0.805805
vt 0.474971 0.810539
vt 0.478449 0.806826
vt 0.477205 0.811301
vt 0.862668 0.408487
vt 0.863702 0.404046
vt 0.864871 0.407629
vt 0.961574 0.888885
vt 0.960251 0.884151
vt 0.958091 0.885176
vt 0.972227 0.317685
vt 0.973311 0.314363
vt 0.971193 0.313244
vt 0.960126 0.895090
vt 0.959340 0.889646
vt 0.970024 0.316827
vt 0.964940 0.901147
vt 0.964641 0.894745
vt 0.964657 0.894748
vt 0.960394 0.901135
vt 0.973716 0.321752
vt 0.969197 0.321214
vt 0.964657 0.907748
vt 0.973319 0.330991
vt 0.973319 0.326291
vt 0.968769 0.326108
vt 0.963825 0.914100
vt 0.960126 0.907370
vt 0.973716 0.335531
vt 0.968769 0.331174
vt 0.947296 0.312802
vt 0.960251 0.919676
vt 0.958096 0.918730
vt 0.959340 0.913370
vt 0.702317 0.848153
vt 0.971460 0.335529
vt 0.970024 0.340456
vt 0.969197 0.336068
vt 0.958527 0.924279
vt 0.973311 0.342919
vt 0.972227 0.339597
vt 0.947714 0.318350
vt 0.941148 0.329328
vt 0.941980 0.322976
vt 0.835101 0.410941
vt 0.945679 0.329706
vt 0.946464 0.323706
vt 0.835498 0.415481
vt 0.711071 0.867674
vt 0.945572 0.352921
vt 0.963732 0.636860
vt 0.788705 0.403858
vt 0.863696 0.404051
vt 0.687721 0.846792
vt 0.698811 0.846510
vt 0.946084 0.312476
vt 0.970029 0.340452
vt 0.932485 0.606668
vt 0.835101 0.424721
vt 0.835506 0.432109
vt 0.958508 0.764578
vt 0.478455 0.806830
vt 0.861584 0.405165
vt 0.958091 0.918726
vt 0.702315 0.848159
vt 0.958508 0.924274
vt 0.973292 0.342924
s 0
usemtl MAT_metal_dark_blued
f 1563/2289/1410 1583/2290/1410 1584/2291/1410
f 1585/2292/1411 1565/2293/1411 1566/2294/1411
f 1587/2295/1412 1567/2296/1412 1568/2297/1412
f 1570/2298/1413 1590/2299/1413 1569/2300/1413
f 1591/2301/1414 1571/2302/1414 1572/2303/1414
f 1593/2304/1415 1573/2305/1415 1574/2306/1415
f 1595/2307/1416 1575/2308/1416 1576/2309/1416
f 1597/2310/1417 1577/2311/1417 1578/2312/1417
f 1599/2313/1418 1579/2314/1418 1580/2311/1418
f 1582/2315/1419 1602/2316/1419 1581/2317/1419
f 1604/2318/1420 1583/2290/1420 1603/2319/1420
f 1605/2320/1421 1586/2321/1421 1585/2292/1421
f 1607/2322/1422 1588/2323/1422 1587/2295/1422
f 1609/2324/1423 1590/2299/1423 1589/2325/1423
f 1611/2326/1424 1592/2327/1424 1591/2301/1424
f 1613/2328/1425 1594/2329/1425 1593/2304/1425
f 1615/2330/1426 1596/2331/1426 1595/2307/1426
f 1597/2310/1427 1618/2332/1427 1598/2313/1427
f 1599/2313/1428 1620/2333/1428 1600/2334/1428
f 1621/2335/1429 1602/2316/1429 1601/2336/1429
f 1604/2318/1430 1623/2337/1430 1624/2338/1430
f 1605/2320/1431 1626/2339/1431 1606/2340/1431
f 1627/2341/1432 1608/2342/1432 1607/2322/1432
f 1629/2343/1433 1610/2344/1433 1609/2345/1433
f 1631/2346/1434 1612/2347/1434 1611/2348/1434
f 1633/2349/1435 1614/2350/1435 1613/2328/1435
f 1635/2351/1436 1616/2352/1436 1615/2330/1436
f 1617/2353/1437 1638/2354/1437 1618/2332/1437
f 1639/2354/1438 1620/2333/1438 1619/2332/1438
f 1641/2355/1439 1622/2356/1439 1621/2357/1439
f 1624/2338/1440 1643/2358/1440 1644/2359/1440
f 1645/2360/1441 1626/2339/1441 1625/2361/1441
f 1647/2362/1442 1628/2343/1442 1627/2341/1442
f 1629/2343/1443 1650/2363/1443 1630/2364/1443
f 1651/2365/1444 1632/2366/1444 1631/2346/1444
f 1653/2367/1445 1634/2368/1445 1633/2349/1445
f 1655/2369/1446 1636/2370/1446 1635/2351/1446
f 1657/2371/1447 1638/2354/1447 1637/2372/1447
f 1659/2373/1448 1640/2374/1448 1639/2354/1448
f 1641/2355/1449 1662/2375/1449 1642/2376/1449
f 1644/2377/1450 1663/2378/1450 1664/2379/1450
f 1665/2380/1451 1646/2381/1451 1645/2360/1451
f 1647/2362/1452 1668/2382/1452 1648/2383/1452
f 1649/2383/1453 1670/2384/1453 1650/2363/1453
f 1671/2385/1454 1652/2386/1454 1651/2365/1454
f 1673/2387/1455 1654/2388/1455 1653/2389/1455
f 1675/2390/1456 1656/2391/1456 1655/2369/1456
f 1677/2392/1457 1658/2373/1457 1657/2371/1457
f 1679/2393/1458 1660/2394/1458 1659/2373/1458
f 1681/2395/1459 1662/2375/1459 1661/2396/1459
f 1664/2379/1460 1683/2397/1460 1684/2398/1460
f 1685/2399/1461 1666/2400/1461 1665/2380/1461
f 1687/2401/1462 1668/2382/1462 1667/2402/1462
f 1689/2403/1463 1670/2384/1463 1669/2382/1463
f 1691/2404/1464 1672/2405/1464 1671/2385/1464
f 1693/2406/1465 1674/2407/1465 1673/2387/1465
f 1695/2408/1466 1676/2409/1466 1675/2390/1466
f 1677/2392/1467 1698/2410/1467 1678/2393/1467
f 1699/2410/1468 1680/2411/1468 1679/2393/1468
f 1701/2412/1469 1682/2413/1469 1681/2395/1469
f 1684/2398/1470 1703/2414/1470 1704/2415/1470
f 1705/2416/1471 1686/2417/1471 1685/2399/1471
f 1707/2418/1472 1688/2403/1472 1687/2401/1472
f 1689/2403/1473 1710/2419/1473 1690/2420/1473
f 1711/2421/1474 1692/2422/1474 1691/2404/1474
f 1713/2423/1475 1694/2424/1475 1693/2406/1475
f 1715/2425/1476 1696/2426/1476 1695/2408/1476
f 1717/2427/1477 1698/2410/1477 1697/2428/1477
f 1719/2429/1478 1700/2430/1478 1699/2410/1478
f 1701/2412/1479 1722/2431/1479 1702/2432/1479
f 1724/2433/1480 1703/2414/1480 1723/2434/1480
f 1725/2435/1481 1706/2436/1481 1705/2416/1481
f 1727/2437/1482 1708/2438/1482 1707/2418/1482
f 1729/2439/1483 1710/2419/1483 1709/2438/1483
f 1731/2440/1484 1712/2441/1484 1711/2421/1484
f 1733/2442/1485 1714/2443/1485 1713/2423/1485
f 1735/2444/1486 1716/2445/1486 1715/2425/1486
f 1717/2427/1487 1738/2446/1487 1718/2429/1487
f 1719/2429/1488 1740/2447/1488 1720/2448/1488
f 1741/2449/1489 1722/2431/1489 1721/2450/1489
f 1724/2433/1490 1743/2451/1490 1744/2452/1490
f 1725/2453/1491 1746/2454/1491 1726/2455/1491
f 1747/2456/1492 1728/2439/1492 1727/2437/1492
f 1749/2457/1493 1730/2458/1493 1729/2439/1493
f 1751/2459/1494 1732/2460/1494 1731/2461/1494
f 1753/2462/1495 1734/2463/1495 1733/2442/1495
f 1755/2464/1496 1736/2465/1496 1735/2466/1496
f 1737/2467/1497 1758/2468/1497 1738/2446/1497
f 1759/2468/1498 1740/2447/1498 1739/2446/1498
f 1761/2469/1499 1742/2470/1499 1741/2471/1499
f 1744/2472/1500 1763/2473/1500 1764/2474/1500
f 1765/2475/1501 1746/2454/1501 1745/2476/1501
f 1767/2477/1502 1748/2457/1502 1747/2456/1502
f 1749/2457/1503 1770/2478/1503 1750/2479/1503
f 1771/2480/1504 1752/2481/1504 1751/2459/1504
f 1773/2482/1505 1754/2483/1505 1753/2484/1505
f 1775/2485/1506 1756/2486/1506 1755/2464/1506
f 1777/2487/1507 1758/2468/1507 1757/2488/1507
f 1779/2489/1508 1760/2490/1508 1759/2468/1508
f 1761/2469/1509 1782/2491/1509 1762/2492/1509
f 1764/2474/1510 1783/2493/1510 1784/2494/1510
f 1785/2495/1511 1766/2496/1511 1765/2475/1511
f 1767/2477/1512 1788/2497/1512 1768/2498/1512
f 1769/2498/1513 1790/2499/1513 1770/2478/1513
f 1791/2500/1514 1772/2501/1514 1771/2480/1514
f 1793/2502/1515 1774/2503/1515 1773/2482/1515
f 1795/2504/1516 1776/2505/1516 1775/2485/1516
f 1797/2506/1517 1778/2489/1517 1777/2487/1517
f 1799/2507/1518 1780/2508/1518 1779/2489/1518
f 1801/2509/1519 1782/2491/1519 1781/2510/1519
f 1784/2494/1520 1803/2511/1520 1804/2512/1520
f 1805/2513/1521 1786/2514/1521 1785/2495/1521
f 1807/2515/1522 1788/2497/1522 1787/2516/1522
f 1809/2517/1523 1790/2499/1523 1789/2497/1523
f 1811/2518/1524 1792/2519/1524 1791/2500/1524
f 1813/2520/1525 1794/2521/1525 1793/2502/1525
f 1815/2522/1526 1796/2523/1526 1795/2504/1526
f 1797/2506/1527 1818/2524/1527 1798/2507/1527
f 1819/2524/1528 1800/2525/1528 1799/2507/1528
f 1821/2526/1529 1802/2527/1529 1801/2509/1529
f 1804/2528/1415 1823/2529/1415 1824/2530/1415
f 1825/2531/1414 1806/2532/1414 1805/2513/1414
f 1827/2533/1413 1808/2517/1413 1807/2515/1413
f 1809/2517/1412 1830/2534/1412 1810/2535/1412
f 1831/2536/1411 1812/2537/1411 1811/2518/1411
f 1833/2538/1410 1814/2539/1410 1813/2540/1410
f 1835/2541/1419 1816/2542/1419 1815/2522/1419
f 1837/2543/1418 1818/2524/1418 1817/2544/1418
f 1839/2545/1417 1820/2546/1417 1819/2524/1417
f 1821/2526/1416 1842/2547/1416 1822/2548/1416
f 1844/2549/1425 1823/2529/1425 1843/2550/1425
f 1845/2551/1424 1826/2552/1424 1825/2531/1424
f 1847/2553/1423 1828/2554/1423 1827/2533/1423
f 1849/2555/1422 1830/2534/1422 1829/2554/1422
f 1851/2556/1421 1832/2557/1421 1831/2536/1421
f 1853/2558/1420 1834/2559/1420 1833/2538/1420
f 1855/2560/1429 1836/2561/1429 1835/2541/1429
f 1837/2543/1428 1858/2562/1428 1838/2545/1428
f 1839/2545/1427 1860/2563/1427 1840/2564/1427
f 1861/2565/1426 1842/2547/1426 1841/2566/1426
f 1844/2549/1435 1863/2567/1435 1864/2568/1435
f 1845/2569/1434 1866/2570/1434 1846/2571/1434
f 1867/2572/1433 1848/2555/1433 1847/2553/1433
f 1869/2573/1432 1850/2574/1432 1849/2555/1432
f 1871/2575/1431 1852/2576/1431 1851/2556/1431
f 1873/2577/1430 1854/2578/1430 1853/2558/1430
f 1875/2579/1439 1856/2580/1439 1855/2581/1439
f 1857/2582/1438 1878/2583/1438 1858/2562/1438
f 1879/2583/1437 1860/2563/1437 1859/2562/1437
f 1881/2584/1436 1862/2585/1436 1861/2565/1436
f 1864/2568/1445 1883/2586/1445 1884/2587/1445
f 1885/2588/1444 1866/2570/1444 1865/2589/1444
f 1887/2590/1443 1868/2573/1443 1867/2572/1443
f 1869/2573/1442 1890/2591/1442 1870/2592/1442
f 1891/2593/1441 1872/2594/1441 1871/2575/1441
f 1893/2595/1440 1874/2596/1440 1873/2577/1440
f 1895/2597/1449 1876/2598/1449 1875/2579/1449
f 1897/2599/1448 1878/2583/1448 1877/2600/1448
f 1899/2601/1447 1880/2602/1447 1879/2583/1447
f 1881/2584/1446 1902/2603/1446 1882/2604/1446
f 1884/2605/1455 1903/2606/1455 1904/2607/1455
f 1905/2608/1454 1886/2609/1454 1885/2588/1454
f 1887/2590/1453 1908/2610/1453 1888/2611/1453
f 1889/2611/1452 1910/2612/1452 1890/2591/1452
f 1911/2613/1451 1892/2614/1451 1891/2593/1451
f 1913/2615/1450 1894/2616/1450 1893/2617/1450
f 1915/2618/1459 1896/2619/1459 1895/2597/1459
f 1917/2620/1458 1898/2601/1458 1897/2599/1458
f 1919/2621/1457 1900/2622/1457 1899/2601/1457
f 1921/2623/1456 1902/2603/1456 1901/2624/1456
f 1904/2607/1465 1923/2625/1465 1924/2626/1465
f 1925/2627/1464 1906/2628/1464 1905/2608/1464
f 1927/2629/1463 1908/2610/1463 1907/2630/1463
f 1929/2631/1462 1910/2612/1462 1909/2610/1462
f 1931/2632/1461 1912/2633/1461 1911/2613/1461
f 1933/2634/1460 1914/2635/1460 1913/2615/1460
f 1935/2636/1469 1916/2637/1469 1915/2618/1469
f 1917/2620/1468 1938/2638/1468 1918/2621/1468
f 1939/2639/1467 1920/2640/1467 1919/2621/1467
f 1941/2641/1466 1922/2642/1466 1921/2623/1466
f 1924/2626/1475 1943/2643/1475 1944/2644/1475
f 1945/2645/1474 1926/2646/1474 1925/2627/1474
f 1947/2647/1473 1928/2631/1473 1927/2629/1473
f 1929/2631/1472 1950/2648/1472 1930/2649/1472
f 1951/2650/1471 1932/2651/1471 1931/2632/1471
f 1953/2652/1470 1934/2653/1470 1933/2634/1470
f 1955/2654/1479 1936/2655/1479 1935/2636/1479
f 1957/2656/1478 1938/2638/1478 1937/2657/1478
f 1959/2658/1477 1940/2659/1477 1939/2639/1477
f 1941/2641/1476 1962/2660/1476 1942/2661/1476
f 1964/2662/1485 1943/2663/1485 1963/2664/1485
f 1965/2665/1484 1946/2666/1484 1945/2645/1484
f 1967/2667/1483 1948/2668/1483 1947/2647/1483
f 1969/2669/1482 1950/2648/1482 1949/2668/1482
f 1971/2670/1481 1952/2671/1481 1951/2672/1481
f 1973/2673/1480 1954/2674/1480 1953/2675/1480
f 1975/2676/1489 1956/2677/1489 1955/2654/1489
f 1957/2656/1488 1978/2678/1488 1958/2658/1488
f 1959/2658/1487 1980/2679/1487 1960/2680/1487
f 1981/2681/1486 1962/2660/1486 1961/2682/1486
f 1964/2662/1495 1983/2683/1495 1984/2684/1495
f 1965/2685/1494 1986/2686/1494 1966/2687/1494
f 1987/2688/1493 1968/2689/1493 1967/2667/1493
f 1989/2690/1492 1970/2691/1492 1969/2692/1492
f 1991/2693/1491 1972/2694/1491 1971/2670/1491
f 1993/2695/1490 1974/2696/1490 1973/2673/1490
f 1995/2697/1499 1976/2698/1499 1975/2699/1499
f 1977/2700/1498 1998/2701/1498 1978/2678/1498
f 1999/2701/1497 1980/2679/1497 1979/2678/1497
f 2001/2702/1496 1982/2703/1496 1981/2704/1496
f 1984/2684/1505 2003/2705/1505 2004/2706/1505
f 2005/2707/1504 1986/2686/1504 1985/2708/1504
f 2007/2709/1503 1988/2710/1503 1987/2688/1503
f 1989/2690/1502 2010/2711/1502 1990/2712/1502
f 2011/2713/1501 1992/2714/1501 1991/2693/1501
f 2013/2715/1500 1994/2716/1500 1993/2695/1500
f 2015/2717/1509 1996/2718/1509 1995/2697/1509
f 2017/2719/1508 1998/2701/1508 1997/2720/1508
f 2019/2721/1507 2000/2722/1507 1999/2701/1507
f 2001/2702/1506 2022/2723/1506 2002/2724/1506
f 2004/2706/1515 2023/2725/1515 2024/2726/1515
f 2025/2727/1514 2006/2728/1514 2005/2707/1514
f 2007/2709/1513 2028/2729/1513 2008/2730/1513
f 2009/2731/1512 2030/2732/1512 2010/2711/1512
f 2031/2733/1511 2012/2734/1511 2011/2713/1511
f 2033/2735/1510 2014/2736/1510 2013/2715/1510
f 2035/2737/1519 2016/2738/1519 2015/2717/1519
f 2037/2739/1518 2018/2721/1518 2017/2719/1518
f 2039/2740/1517 2020/2741/1517 2019/2721/1517
f 2041/2742/1516 2022/2723/1516 2021/2743/1516
f 2024/2726/1525 1564/2744/1525 1563/2745/1525
f 1566/2294/1524 2026/2746/1524 2025/2727/1524
f 1568/2297/1523 2028/2729/1523 2027/2747/1523
f 1570/2298/1522 2030/2732/1522 2029/2748/1522
f 1572/2303/1521 2032/2749/1521 2031/2733/1521
f 1574/2750/1520 2034/2751/1520 2033/2735/1520
f 1576/2309/1529 2036/2752/1529 2035/2737/1529
f 2037/2739/1528 1577/2311/1528 2038/2740/1528
f 1580/2311/1527 2040/2753/1527 2039/2740/1527
f 1582/2315/1526 2042/2754/1526 2041/2742/1526
f 1602/2316/1530 1564/2744/1530 1581/2317/1530
f 1581/2317/1531 2023/2725/1531 2042/2754/1531
f 1563/2289/1532 1585/2292/1532 1566/2294/1532
f 2024/2726/1533 1566/2755/1533 2025/2756/1533
f 1586/2321/1534 1568/2297/1534 1565/2293/1534
f 1565/2293/1535 2027/2747/1535 2026/2746/1535
f 1567/2296/1536 1589/2323/1536 1570/2296/1536
f 2028/2729/1536 1570/2296/1536 2029/2729/1536
f 1590/2299/1537 1572/2303/1537 1569/2300/1537
f 1569/2300/1538 2031/2733/1538 2030/2732/1538
f 1592/2327/1539 1574/2750/1539 1571/2302/1539
f 1571/2302/1540 2033/2735/1540 2032/2749/1540
f 1573/2305/1541 1595/2307/1541 1576/2309/1541
f 1573/2757/1542 2035/2758/1542 2034/2751/1542
f 1596/2331/1543 1578/2312/1543 1575/2308/1543
f 1575/2308/1544 2037/2739/1544 2036/2752/1544
f 1577/2311/1545 1599/2313/1545 1580/2311/1545
f 2038/2740/1536 1580/2311/1536 2039/2740/1536
f 1600/2759/1546 1582/2315/1546 1579/2760/1546
f 1579/2760/1547 2041/2742/1547 2040/2761/1547
f 1602/2316/1548 1603/2762/1548 1583/2763/1548
f 1604/2318/1549 1585/2292/1549 1584/2291/1549
f 1606/2340/1550 1587/2295/1550 1586/2321/1550
f 1588/2323/1536 1609/2345/1536 1589/2323/1536
f 1610/2764/1551 1591/2301/1551 1590/2299/1551
f 1612/2765/1552 1593/2766/1552 1592/2327/1552
f 1594/2329/1553 1615/2330/1553 1595/2307/1553
f 1596/2331/1554 1617/2353/1554 1597/2310/1554
f 1598/2313/1536 1619/2332/1536 1599/2313/1536
f 1620/2767/1555 1601/2336/1555 1600/2759/1555
f 1622/2356/1556 1623/2768/1556 1603/2769/1556
f 1624/2338/1557 1605/2320/1557 1604/2318/1557
f 1626/2339/1558 1607/2322/1558 1606/2340/1558
f 1608/2342/1536 1629/2343/1536 1609/2345/1536
f 1630/2770/1559 1611/2348/1559 1610/2771/1559
f 1632/2366/1560 1613/2772/1560 1612/2347/1560
f 1634/2368/1561 1615/2330/1561 1614/2350/1561
f 1636/2370/1562 1617/2353/1562 1616/2352/1562
f 1618/2332/1545 1639/2354/1545 1619/2332/1545
f 1620/2773/1563 1641/2355/1563 1621/2357/1563
f 1662/2375/1564 1623/2768/1564 1642/2376/1564
f 1624/2338/1565 1645/2360/1565 1625/2361/1565
f 1626/2339/1566 1647/2362/1566 1627/2341/1566
f 1628/2343/1536 1649/2383/1536 1629/2343/1536
f 1650/2774/1567 1631/2346/1567 1630/2770/1567
f 1632/2366/1568 1653/2389/1568 1633/2775/1568
f 1654/2776/1569 1635/2351/1569 1634/2368/1569
f 1656/2391/1570 1637/2372/1570 1636/2370/1570
f 1638/2354/1545 1659/2373/1545 1639/2354/1545
f 1660/2777/1571 1641/2355/1571 1640/2778/1571
f 1682/2413/1572 1643/2779/1572 1662/2375/1572
f 1644/2377/1573 1665/2780/1573 1645/2781/1573
f 1646/2381/1574 1667/2402/1574 1647/2362/1574
f 1648/2383/1545 1669/2382/1545 1649/2383/1545
f 1650/2774/1575 1671/2385/1575 1651/2365/1575
f 1652/2386/1576 1673/2387/1576 1653/2389/1576
f 1674/2407/1577 1655/2782/1577 1654/2388/1577
f 1676/2409/1578 1657/2371/1578 1656/2391/1578
f 1658/2373/1536 1679/2393/1536 1659/2373/1536
f 1680/2783/1579 1661/2396/1579 1660/2777/1579
f 1702/2432/1580 1663/2378/1580 1682/2413/1580
f 1664/2379/1581 1685/2784/1581 1665/2780/1581
f 1686/2417/1582 1667/2402/1582 1666/2400/1582
f 1668/2382/1536 1689/2403/1536 1669/2382/1536
f 1690/2785/1583 1671/2385/1583 1670/2786/1583
f 1692/2422/1584 1673/2387/1584 1672/2405/1584
f 1694/2424/1585 1675/2787/1585 1674/2407/1585
f 1696/2426/1586 1677/2392/1586 1676/2409/1586
f 1678/2393/1536 1699/2410/1536 1679/2393/1536
f 1700/2788/1587 1681/2395/1587 1680/2783/1587
f 1722/2431/1588 1683/2397/1588 1702/2432/1588
f 1684/2398/1589 1705/2789/1589 1685/2784/1589
f 1706/2436/1590 1687/2401/1590 1686/2417/1590
f 1688/2403/1536 1709/2438/1536 1689/2403/1536
f 1710/2790/1591 1691/2404/1591 1690/2785/1591
f 1712/2441/1592 1693/2406/1592 1692/2422/1592
f 1694/2424/1593 1715/2791/1593 1695/2792/1593
f 1716/2445/1594 1697/2428/1594 1696/2426/1594
f 1698/2410/1536 1719/2429/1536 1699/2410/1536
f 1720/2793/1595 1701/2412/1595 1700/2788/1595
f 1722/2431/1596 1723/2434/1596 1703/2414/1596
f 1724/2794/1597 1705/2795/1597 1704/2796/1597
f 1726/2797/1598 1707/2418/1598 1706/2436/1598
f 1708/2438/1536 1729/2439/1536 1709/2438/1536
f 1730/2798/1599 1711/2421/1599 1710/2790/1599
f 1732/2799/1600 1713/2423/1600 1712/2441/1600
f 1714/2800/1601 1735/2466/1601 1715/2801/1601
f 1716/2445/1602 1737/2467/1602 1717/2427/1602
f 1718/2429/1536 1739/2446/1536 1719/2429/1536
f 1740/2802/1603 1721/2450/1603 1720/2793/1603
f 1742/2803/1604 1743/2451/1604 1723/2434/1604
f 1744/2472/1605 1725/2453/1605 1724/2794/1605
f 1746/2454/1606 1727/2804/1606 1726/2455/1606
f 1728/2439/1536 1749/2457/1536 1729/2439/1536
f 1750/2479/1607 1731/2461/1607 1730/2458/1607
f 1752/2805/1608 1733/2442/1608 1732/2799/1608
f 1754/2483/1609 1735/2466/1609 1734/2806/1609
f 1756/2486/1610 1737/2807/1610 1736/2465/1610
f 1738/2446/1545 1759/2468/1545 1739/2446/1545
f 1740/2447/1611 1761/2469/1611 1741/2471/1611
f 1782/2808/1612 1743/2809/1612 1762/2810/1612
f 1744/2472/1613 1765/2475/1613 1745/2476/1613
f 1746/2454/1614 1767/2811/1614 1747/2812/1614
f 1748/2457/1536 1769/2498/1536 1749/2457/1536
f 1770/2478/1615 1751/2459/1615 1750/2479/1615
f 1752/2813/1616 1773/2482/1616 1753/2484/1616
f 1774/2503/1617 1755/2464/1617 1754/2483/1617
f 1776/2505/1618 1757/2814/1618 1756/2486/1618
f 1758/2468/1545 1779/2489/1545 1759/2468/1545
f 1780/2508/1619 1761/2469/1619 1760/2490/1619
f 1802/2815/1620 1763/2473/1620 1782/2808/1620
f 1764/2474/1621 1785/2495/1621 1765/2475/1621
f 1766/2496/1622 1787/2816/1622 1767/2811/1622
f 1768/2498/1536 1789/2497/1536 1769/2498/1536
f 1770/2478/1623 1791/2500/1623 1771/2480/1623
f 1772/2817/1624 1793/2502/1624 1773/2482/1624
f 1794/2521/1625 1775/2485/1625 1774/2503/1625
f 1796/2523/1626 1777/2818/1626 1776/2505/1626
f 1778/2489/1536 1799/2507/1536 1779/2489/1536
f 1800/2525/1627 1781/2510/1627 1780/2508/1627
f 1822/2819/1628 1783/2493/1628 1802/2815/1628
f 1784/2494/1629 1805/2513/1629 1785/2495/1629
f 1806/2532/1630 1787/2816/1630 1786/2514/1630
f 1788/2497/1536 1809/2517/1536 1789/2497/1536
f 1810/2535/1631 1791/2500/1631 1790/2499/1631
f 1812/2820/1632 1793/2502/1632 1792/2821/1632
f 1814/2822/1633 1795/2504/1633 1794/2521/1633
f 1816/2542/1634 1797/2823/1634 1796/2523/1634
f 1798/2507/1536 1819/2524/1536 1799/2507/1536
f 1820/2546/1635 1801/2509/1635 1800/2525/1635
f 1842/2547/1541 1803/2824/1541 1822/2548/1541
f 1804/2512/1539 1825/2531/1539 1805/2513/1539
f 1826/2552/1636 1807/2825/1636 1806/2532/1636
f 1808/2517/1536 1829/2554/1536 1809/2517/1536
f 1830/2534/1637 1811/2518/1637 1810/2535/1637
f 1832/2557/1532 1813/2540/1532 1812/2537/1532
f 1814/2822/1530 1835/2541/1530 1815/2522/1530
f 1836/2561/1638 1817/2826/1638 1816/2542/1638
f 1818/2524/1545 1839/2545/1545 1819/2524/1545
f 1840/2564/1639 1821/2526/1639 1820/2546/1639
f 1842/2547/1640 1843/2550/1640 1823/2529/1640
f 1844/2827/1641 1825/2531/1641 1824/2828/1641
f 1846/2829/1642 1827/2830/1642 1826/2552/1642
f 1828/2554/1536 1849/2555/1536 1829/2554/1536
f 1850/2574/1643 1831/2536/1643 1830/2534/1643
f 1852/2576/1644 1833/2538/1644 1832/2557/1644
f 1834/2831/1645 1855/2560/1645 1835/2541/1645
f 1836/2561/1646 1857/2832/1646 1837/2833/1646
f 1838/2545/1536 1859/2562/1536 1839/2545/1536
f 1860/2563/1647 1841/2566/1647 1840/2564/1647
f 1862/2585/1648 1863/2567/1648 1843/2550/1648
f 1864/2834/1649 1845/2569/1649 1844/2835/1649
f 1866/2570/1650 1847/2836/1650 1846/2571/1650
f 1848/2555/1536 1869/2573/1536 1849/2555/1536
f 1870/2592/1651 1851/2556/1651 1850/2574/1651
f 1872/2594/1652 1853/2558/1652 1852/2576/1652
f 1874/2837/1653 1855/2581/1653 1854/2838/1653
f 1876/2598/1654 1857/2839/1654 1856/2580/1654
f 1858/2562/1545 1879/2583/1545 1859/2562/1545
f 1860/2563/1655 1881/2584/1655 1861/2565/1655
f 1902/2603/1656 1863/2567/1656 1882/2604/1656
f 1864/2834/1657 1885/2588/1657 1865/2589/1657
f 1866/2570/1658 1887/2840/1658 1867/2841/1658
f 1868/2573/1536 1889/2611/1536 1869/2573/1536
f 1890/2591/1659 1871/2575/1659 1870/2592/1659
f 1872/2594/1660 1893/2595/1660 1873/2577/1660
f 1894/2616/1661 1875/2579/1661 1874/2837/1661
f 1896/2619/1662 1877/2842/1662 1876/2598/1662
f 1878/2583/1545 1899/2601/1545 1879/2583/1545
f 1900/2622/1663 1881/2584/1663 1880/2602/1663
f 1922/2843/1577 1883/2844/1577 1902/2845/1577
f 1884/2605/1664 1905/2608/1664 1885/2588/1664
f 1886/2609/1575 1907/2846/1575 1887/2840/1575
f 1888/2611/1545 1909/2610/1545 1889/2611/1545
f 1890/2591/1574 1911/2613/1574 1891/2593/1574
f 1892/2847/1665 1913/2615/1665 1893/2617/1665
f 1914/2635/1572 1895/2597/1572 1894/2616/1572
f 1916/2637/1666 1897/2848/1666 1896/2619/1666
f 1898/2601/1536 1919/2621/1536 1899/2601/1536
f 1920/2640/1667 1901/2624/1667 1900/2622/1667
f 1942/2849/1668 1903/2606/1668 1922/2843/1668
f 1904/2607/1669 1925/2627/1669 1905/2608/1669
f 1926/2646/1670 1907/2846/1670 1906/2628/1670
f 1908/2610/1536 1929/2631/1536 1909/2610/1536
f 1930/2649/1671 1911/2613/1671 1910/2612/1671
f 1932/2850/1672 1913/2615/1672 1912/2851/1672
f 1934/2653/1673 1915/2618/1673 1914/2635/1673
f 1936/2655/1674 1917/2852/1674 1916/2637/1674
f 1918/2621/1536 1939/2639/1536 1919/2621/1536
f 1940/2659/1675 1921/2623/1675 1920/2640/1675
f 1962/2853/1593 1923/2625/1593 1942/2849/1593
f 1924/2626/1592 1945/2645/1592 1925/2627/1592
f 1946/2666/1676 1927/2854/1676 1926/2646/1676
f 1928/2631/1536 1949/2668/1536 1929/2631/1536
f 1950/2648/1677 1931/2632/1677 1930/2649/1677
f 1952/2855/1589 1933/2634/1589 1932/2850/1589
f 1934/2653/1588 1955/2654/1588 1935/2636/1588
f 1956/2677/1678 1937/2856/1678 1936/2655/1678
f 1938/2638/1536 1959/2658/1536 1939/2639/1536
f 1960/2680/1679 1941/2641/1679 1940/2659/1679
f 1962/2857/1680 1963/2664/1680 1943/2663/1680
f 1964/2858/1681 1945/2645/1681 1944/2644/1681
f 1966/2859/1682 1947/2860/1682 1946/2666/1682
f 1948/2668/1536 1969/2669/1536 1949/2668/1536
f 1970/2861/1683 1951/2650/1683 1950/2648/1683
f 1972/2694/1684 1953/2675/1684 1952/2671/1684
f 1954/2862/1685 1975/2676/1685 1955/2654/1685
f 1956/2677/1686 1977/2863/1686 1957/2864/1686
f 1958/2658/1536 1979/2678/1536 1959/2658/1536
f 1980/2679/1687 1961/2682/1687 1960/2680/1687
f 1982/2703/1688 1983/2683/1688 1963/2664/1688
f 1984/2865/1689 1965/2665/1689 1964/2858/1689
f 1986/2686/1690 1967/2667/1690 1966/2687/1690
f 1968/2689/1536 1989/2710/1536 1969/2669/1536
f 1990/2712/1691 1971/2670/1691 1970/2691/1691
f 1992/2714/1692 1973/2673/1692 1972/2694/1692
f 1994/2866/1693 1975/2676/1693 1974/2867/1693
f 1996/2718/1694 1977/2700/1694 1976/2698/1694
f 1978/2678/1545 1999/2701/1545 1979/2678/1545
f 1980/2868/1695 2001/2702/1695 1981/2704/1695
f 2022/2723/1696 1983/2683/1696 2002/2724/1696
f 1984/2684/1616 2005/2869/1616 1985/2870/1616
f 1986/2686/1697 2007/2709/1697 1987/2688/1697
f 1988/2710/1536 2009/2730/1536 1989/2710/1536
f 2010/2711/1698 1991/2693/1698 1990/2712/1698
f 1992/2714/1613 2013/2715/1613 1993/2695/1613
f 2014/2736/1699 1995/2871/1699 1994/2716/1699
f 2016/2738/1700 1997/2720/1700 1996/2718/1700
f 1998/2701/1545 2019/2721/1545 1999/2701/1545
f 2020/2872/1701 2001/2702/1701 2000/2873/1701
f 2042/2754/1702 2003/2705/1702 2022/2723/1702
f 2004/2706/1703 2025/2756/1703 2005/2869/1703
f 2006/2728/1704 2027/2747/1704 2007/2709/1704
f 2008/2730/1536 2029/2729/1536 2009/2730/1536
f 2010/2711/1705 2031/2733/1705 2011/2713/1705
f 2012/2734/1706 2033/2735/1706 2013/2715/1706
f 2034/2751/1707 2015/2874/1707 2014/2736/1707
f 2036/2752/1708 2017/2719/1708 2016/2738/1708
f 2018/2721/1536 2039/2740/1536 2019/2721/1536
f 2040/2761/1709 2021/2743/1709 2020/2872/1709
f 1563/2289/1410 1564/2875/1410 1583/2290/1410
f 1585/2292/1411 1586/2321/1411 1565/2293/1411
f 1587/2295/1412 1588/2323/1412 1567/2296/1412
f 1570/2298/1413 1589/2325/1413 1590/2299/1413
f 1591/2301/1414 1592/2327/1414 1571/2302/1414
f 1593/2304/1415 1594/2329/1415 1573/2305/1415
f 1595/2307/1416 1596/2331/1416 1575/2308/1416
f 1597/2310/1417 1598/2313/1417 1577/2311/1417
f 1599/2313/1418 1600/2334/1418 1579/2314/1418
f 1582/2315/1419 1601/2336/1419 1602/2316/1419
f 1604/2318/1420 1584/2291/1420 1583/2290/1420
f 1605/2320/1421 1606/2340/1421 1586/2321/1421
f 1607/2322/1422 1608/2342/1422 1588/2323/1422
f 1609/2324/1423 1610/2764/1423 1590/2299/1423
f 1611/2326/1424 1612/2765/1424 1592/2327/1424
f 1613/2328/1425 1614/2350/1425 1594/2329/1425
f 1615/2330/1426 1616/2352/1426 1596/2331/1426
f 1597/2310/1427 1617/2353/1427 1618/2332/1427
f 1599/2313/1428 1619/2332/1428 1620/2333/1428
f 1621/2335/1429 1622/2876/1429 1602/2316/1429
f 1604/2318/1430 1603/2319/1430 1623/2337/1430
f 1605/2320/1431 1625/2361/1431 1626/2339/1431
f 1627/2341/1432 1628/2343/1432 1608/2342/1432
f 1629/2343/1433 1630/2364/1433 1610/2344/1433
f 1631/2346/1434 1632/2366/1434 1612/2347/1434
f 1633/2349/1435 1634/2368/1435 1614/2350/1435
f 1635/2351/1436 1636/2370/1436 1616/2352/1436
f 1617/2353/1437 1637/2372/1437 1638/2354/1437
f 1639/2354/1438 1640/2374/1438 1620/2333/1438
f 1641/2355/1439 1642/2376/1439 1622/2356/1439
f 1624/2338/1440 1623/2337/1440 1643/2358/1440
f 1645/2360/1441 1646/2381/1441 1626/2339/1441
f 1647/2362/1442 1648/2383/1442 1628/2343/1442
f 1629/2343/1443 1649/2383/1443 1650/2363/1443
f 1651/2365/1444 1652/2386/1444 1632/2366/1444
f 1653/2367/1445 1654/2776/1445 1634/2368/1445
f 1655/2369/1446 1656/2391/1446 1636/2370/1446
f 1657/2371/1447 1658/2373/1447 1638/2354/1447
f 1659/2373/1448 1660/2394/1448 1640/2374/1448
f 1641/2355/1449 1661/2396/1449 1662/2375/1449
f 1644/2377/1450 1643/2779/1450 1663/2378/1450
f 1665/2380/1451 1666/2400/1451 1646/2381/1451
f 1647/2362/1452 1667/2402/1452 1668/2382/1452
f 1649/2383/1453 1669/2382/1453 1670/2384/1453
f 1671/2385/1454 1672/2405/1454 1652/2386/1454
f 1673/2387/1455 1674/2407/1455 1654/2388/1455
f 1675/2390/1456 1676/2409/1456 1656/2391/1456
f 1677/2392/1457 1678/2393/1457 1658/2373/1457
f 1679/2393/1458 1680/2411/1458 1660/2394/1458
f 1681/2395/1459 1682/2413/1459 1662/2375/1459
f 1664/2379/1460 1663/2378/1460 1683/2397/1460
f 1685/2399/1461 1686/2417/1461 1666/2400/1461
f 1687/2401/1462 1688/2403/1462 1668/2382/1462
f 1689/2403/1463 1690/2420/1463 1670/2384/1463
f 1691/2404/1464 1692/2422/1464 1672/2405/1464
f 1693/2406/1465 1694/2424/1465 1674/2407/1465
f 1695/2408/1466 1696/2426/1466 1676/2409/1466
f 1677/2392/1467 1697/2428/1467 1698/2410/1467
f 1699/2410/1468 1700/2430/1468 1680/2411/1468
f 1701/2412/1469 1702/2432/1469 1682/2413/1469
f 1684/2398/1470 1683/2397/1470 1703/2414/1470
f 1705/2416/1471 1706/2436/1471 1686/2417/1471
f 1707/2418/1472 1708/2438/1472 1688/2403/1472
f 1689/2403/1473 1709/2438/1473 1710/2419/1473
f 1711/2421/1474 1712/2441/1474 1692/2422/1474
f 1713/2423/1475 1714/2443/1475 1694/2424/1475
f 1715/2425/1476 1716/2445/1476 1696/2426/1476
f 1717/2427/1477 1718/2429/1477 1698/2410/1477
f 1719/2429/1478 1720/2448/1478 1700/2430/1478
f 1701/2412/1479 1721/2450/1479 1722/2431/1479
f 1724/2433/1480 1704/2415/1480 1703/2414/1480
f 1725/2435/1481 1726/2797/1481 1706/2436/1481
f 1727/2437/1482 1728/2439/1482 1708/2438/1482
f 1729/2439/1483 1730/2458/1483 1710/2419/1483
f 1731/2440/1484 1732/2799/1484 1712/2441/1484
f 1733/2442/1485 1734/2463/1485 1714/2443/1485
f 1735/2444/1486 1736/2877/1486 1716/2445/1486
f 1717/2427/1487 1737/2467/1487 1738/2446/1487
f 1719/2429/1488 1739/2446/1488 1740/2447/1488
f 1741/2449/1489 1742/2803/1489 1722/2431/1489
f 1724/2433/1490 1723/2434/1490 1743/2451/1490
f 1725/2453/1491 1745/2476/1491 1746/2454/1491
f 1747/2456/1492 1748/2457/1492 1728/2439/1492
f 1749/2457/1493 1750/2479/1493 1730/2458/1493
f 1751/2459/1494 1752/2481/1494 1732/2460/1494
f 1753/2462/1495 1754/2878/1495 1734/2463/1495
f 1755/2464/1496 1756/2486/1496 1736/2465/1496
f 1737/2467/1497 1757/2488/1497 1758/2468/1497
f 1759/2468/1498 1760/2490/1498 1740/2447/1498
f 1761/2469/1499 1762/2492/1499 1742/2470/1499
f 1744/2472/1500 1743/2809/1500 1763/2473/1500
f 1765/2475/1501 1766/2496/1501 1746/2454/1501
f 1767/2477/1502 1768/2498/1502 1748/2457/1502
f 1749/2457/1503 1769/2498/1503 1770/2478/1503
f 1771/2480/1504 1772/2501/1504 1752/2481/1504
f 1773/2482/1505 1774/2503/1505 1754/2483/1505
f 1775/2485/1506 1776/2505/1506 1756/2486/1506
f 1777/2487/1507 1778/2489/1507 1758/2468/1507
f 1779/2489/1508 1780/2508/1508 1760/2490/1508
f 1761/2469/1509 1781/2510/1509 1782/2491/1509
f 1764/2474/1510 1763/2473/1510 1783/2493/1510
f 1785/2495/1511 1786/2514/1511 1766/2496/1511
f 1767/2477/1512 1787/2516/1512 1788/2497/1512
f 1769/2498/1513 1789/2497/1513 1790/2499/1513
f 1791/2500/1514 1792/2519/1514 1772/2501/1514
f 1793/2502/1515 1794/2521/1515 1774/2503/1515
f 1795/2504/1516 1796/2523/1516 1776/2505/1516
f 1797/2506/1517 1798/2507/1517 1778/2489/1517
f 1799/2507/1518 1800/2525/1518 1780/2508/1518
f 1801/2509/1519 1802/2527/1519 1782/2491/1519
f 1784/2494/1520 1783/2493/1520 1803/2511/1520
f 1805/2513/1521 1806/2532/1521 1786/2514/1521
f 1807/2515/1522 1808/2517/1522 1788/2497/1522
f 1809/2517/1523 1810/2535/1523 1790/2499/1523
f 1811/2518/1524 1812/2537/1524 1792/2519/1524
f 1813/2520/1525 1814/2822/1525 1794/2521/1525
f 1815/2522/1526 1816/2542/1526 1796/2523/1526
f 1797/2506/1527 1817/2544/1527 1818/2524/1527
f 1819/2524/1528 1820/2546/1528 1800/2525/1528
f 1821/2526/1529 1822/2548/1529 1802/2527/1529
f 1804/2528/1415 1803/2824/1415 1823/2529/1415
f 1825/2531/1414 1826/2552/1414 1806/2532/1414
f 1827/2533/1413 1828/2554/1413 1808/2517/1413
f 1809/2517/1412 1829/2554/1412 1830/2534/1412
f 1831/2536/1411 1832/2557/1411 1812/2537/1411
f 1833/2538/1410 1834/2559/1410 1814/2539/1410
f 1835/2541/1419 1836/2561/1419 1816/2542/1419
f 1837/2543/1418 1838/2545/1418 1818/2524/1418
f 1839/2545/1417 1840/2564/1417 1820/2546/1417
f 1821/2526/1416 1841/2566/1416 1842/2547/1416
f 1844/2549/1425 1824/2530/1425 1823/2529/1425
f 1845/2551/1424 1846/2829/1424 1826/2552/1424
f 1847/2553/1423 1848/2555/1423 1828/2554/1423
f 1849/2555/1422 1850/2574/1422 1830/2534/1422
f 1851/2556/1421 1852/2576/1421 1832/2557/1421
f 1853/2558/1420 1854/2578/1420 1834/2559/1420
f 1855/2560/1429 1856/2879/1429 1836/2561/1429
f 1837/2543/1428 1857/2582/1428 1858/2562/1428
f 1839/2545/1427 1859/2562/1427 1860/2563/1427
f 1861/2565/1426 1862/2585/1426 1842/2547/1426
f 1844/2549/1435 1843/2550/1435 1863/2567/1435
f 1845/2569/1434 1865/2589/1434 1866/2570/1434
f 1867/2572/1433 1868/2573/1433 1848/2555/1433
f 1869/2573/1432 1870/2592/1432 1850/2574/1432
f 1871/2575/1431 1872/2594/1431 1852/2576/1431
f 1873/2577/1430 1874/2596/1430 1854/2578/1430
f 1875/2579/1439 1876/2598/1439 1856/2580/1439
f 1857/2582/1438 1877/2600/1438 1878/2583/1438
f 1879/2583/1437 1880/2602/1437 1860/2563/1437
f 1881/2584/1436 1882/2604/1436 1862/2585/1436
f 1864/2568/1445 1863/2567/1445 1883/2586/1445
f 1885/2588/1444 1886/2609/1444 1866/2570/1444
f 1887/2590/1443 1888/2611/1443 1868/2573/1443
f 1869/2573/1442 1889/2611/1442 1890/2591/1442
f 1891/2593/1441 1892/2614/1441 1872/2594/1441
f 1893/2595/1440 1894/2880/1440 1874/2596/1440
f 1895/2597/1449 1896/2619/1449 1876/2598/1449
f 1897/2599/1448 1898/2601/1448 1878/2583/1448
f 1899/2601/1447 1900/2622/1447 1880/2602/1447
f 1881/2584/1446 1901/2624/1446 1902/2603/1446
f 1884/2605/1455 1883/2844/1455 1903/2606/1455
f 1905/2608/1454 1906/2628/1454 1886/2609/1454
f 1887/2590/1453 1907/2630/1453 1908/2610/1453
f 1889/2611/1452 1909/2610/1452 1910/2612/1452
f 1911/2613/1451 1912/2633/1451 1892/2614/1451
f 1913/2615/1450 1914/2635/1450 1894/2616/1450
f 1915/2618/1459 1916/2637/1459 1896/2619/1459
f 1917/2620/1458 1918/2621/1458 1898/2601/1458
f 1919/2621/1457 1920/2640/1457 1900/2622/1457
f 1921/2623/1456 1922/2642/1456 1902/2603/1456
f 1904/2607/1465 1903/2606/1465 1923/2625/1465
f 1925/2627/1464 1926/2646/1464 1906/2628/1464
f 1927/2629/1463 1928/2631/1463 1908/2610/1463
f 1929/2631/1462 1930/2649/1462 1910/2612/1462
f 1931/2632/1461 1932/2651/1461 1912/2633/1461
f 1933/2634/1460 1934/2653/1460 1914/2635/1460
f 1935/2636/1469 1936/2655/1469 1916/2637/1469
f 1917/2620/1468 1937/2657/1468 1938/2638/1468
f 1939/2639/1467 1940/2659/1467 1920/2640/1467
f 1941/2641/1466 1942/2661/1466 1922/2642/1466
f 1924/2626/1475 1923/2625/1475 1943/2643/1475
f 1945/2645/1474 1946/2666/1474 1926/2646/1474
f 1947/2647/1473 1948/2668/1473 1928/2631/1473
f 1929/2631/1472 1949/2668/1472 1950/2648/1472
f 1951/2650/1471 1952/2881/1471 1932/2651/1471
f 1953/2652/1470 1954/2862/1470 1934/2653/1470
f 1955/2654/1479 1956/2677/1479 1936/2655/1479
f 1957/2656/1478 1958/2658/1478 1938/2638/1478
f 1959/2658/1477 1960/2680/1477 1940/2659/1477
f 1941/2641/1476 1961/2682/1476 1962/2660/1476
f 1964/2662/1485 1944/2882/1485 1943/2663/1485
f 1965/2665/1484 1966/2859/1484 1946/2666/1484
f 1967/2667/1483 1968/2689/1483 1948/2668/1483
f 1969/2669/1482 1970/2861/1482 1950/2648/1482
f 1971/2670/1481 1972/2694/1481 1952/2671/1481
f 1973/2673/1480 1974/2696/1480 1954/2674/1480
f 1975/2676/1489 1976/2883/1489 1956/2677/1489
f 1957/2656/1488 1977/2700/1488 1978/2678/1488
f 1959/2658/1487 1979/2678/1487 1980/2679/1487
f 1981/2681/1486 1982/2884/1486 1962/2660/1486
f 1964/2662/1495 1963/2664/1495 1983/2683/1495
f 1965/2685/1494 1985/2708/1494 1986/2686/1494
f 1987/2688/1493 1988/2710/1493 1968/2689/1493
f 1989/2690/1492 1990/2712/1492 1970/2691/1492
f 1991/2693/1491 1992/2714/1491 1972/2694/1491
f 1993/2695/1490 1994/2716/1490 1974/2696/1490
f 1995/2697/1499 1996/2718/1499 1976/2698/1499
f 1977/2700/1498 1997/2720/1498 1998/2701/1498
f 1999/2701/1497 2000/2722/1497 1980/2679/1497
f 2001/2702/1496 2002/2724/1496 1982/2703/1496
f 1984/2684/1505 1983/2683/1505 2003/2705/1505
f 2005/2707/1504 2006/2728/1504 1986/2686/1504
f 2007/2709/1503 2008/2730/1503 1988/2710/1503
f 1989/2690/1502 2009/2731/1502 2010/2711/1502
f 2011/2713/1501 2012/2734/1501 1992/2714/1501
f 2013/2715/1500 2014/2736/1500 1994/2716/1500
f 2015/2717/1509 2016/2738/1509 1996/2718/1509
f 2017/2719/1508 2018/2721/1508 1998/2701/1508
f 2019/2721/1507 2020/2741/1507 2000/2722/1507
f 2001/2702/1506 2021/2743/1506 2022/2723/1506
f 2004/2706/1515 2003/2705/1515 2023/2725/1515
f 2025/2727/1514 2026/2746/1514 2006/2728/1514
f 2007/2709/1513 2027/2747/1513 2028/2729/1513
f 2009/2731/1512 2029/2748/1512 2030/2732/1512
f 2031/2733/1511 2032/2749/1511 2012/2734/1511
f 2033/2735/1510 2034/2751/1510 2014/2736/1510
f 2035/2737/1519 2036/2752/1519 2016/2738/1519
f 2037/2739/1518 2038/2740/1518 2018/2721/1518
f 2039/2740/1517 2040/2753/1517 2020/2741/1517
f 2041/2742/1516 2042/2754/1516 2022/2723/1516
f 2024/2726/1525 2023/2725/1525 1564/2744/1525
f 1566/2294/1524 1565/2293/1524 2026/2746/1524
f 1568/2297/1523 1567/2296/1523 2028/2729/1523
f 1570/2298/1522 1569/2300/1522 2030/2732/1522
f 1572/2303/1521 1571/2302/1521 2032/2749/1521
f 1574/2750/1520 1573/2757/1520 2034/2751/1520
f 1576/2309/1529 1575/2308/1529 2036/2752/1529
f 2037/2739/1528 1578/2312/1528 1577/2311/1528
f 1580/2311/1527 1579/2314/1527 2040/2753/1527
f 1582/2315/1526 1581/2317/1526 2042/2754/1526
f 1602/2316/1530 1583/2763/1530 1564/2744/1530
f 1581/2317/1531 1564/2744/1531 2023/2725/1531
f 1563/2289/1532 1584/2291/1532 1585/2292/1532
f 2024/2726/1533 1563/2745/1533 1566/2755/1533
f 1586/2321/1637 1587/2295/1637 1568/2297/1637
f 1565/2293/1710 1568/2297/1710 2027/2747/1710
f 1567/2296/1536 1588/2323/1536 1589/2323/1536
f 2028/2729/1536 1567/2296/1536 1570/2296/1536
f 1590/2299/1711 1591/2301/1711 1572/2303/1711
f 1569/2300/1630 1572/2303/1630 2031/2733/1630
f 1592/2327/1712 1593/2766/1712 1574/2750/1712
f 1571/2302/1629 1574/2750/1629 2033/2735/1629
f 1573/2305/1713 1594/2329/1713 1595/2307/1713
f 1573/2757/1628 1576/2885/1628 2035/2758/1628
f 1596/2331/1714 1597/2310/1714 1578/2312/1714
f 1575/2308/1635 1578/2312/1635 2037/2739/1635
f 1577/2311/1536 1598/2313/1536 1599/2313/1536
f 2038/2740/1545 1577/2311/1545 1580/2311/1545
f 1600/2759/1638 1601/2336/1638 1582/2315/1638
f 1579/2760/1715 1582/2315/1715 2041/2742/1715
f 1602/2316/1716 1622/2876/1716 1603/2762/1716
f 1604/2318/1717 1605/2320/1717 1585/2292/1717
f 1606/2340/1643 1607/2322/1643 1587/2295/1643
f 1588/2323/1718 1608/2342/1718 1609/2345/1718
f 1610/2764/1642 1611/2326/1642 1591/2301/1642
f 1612/2765/1641 1613/2886/1641 1593/2766/1641
f 1594/2329/1640 1614/2350/1640 1615/2330/1640
f 1596/2331/1647 1616/2352/1647 1617/2353/1647
f 1598/2313/1718 1618/2332/1718 1619/2332/1718
f 1620/2767/1719 1621/2335/1719 1601/2336/1719
f 1622/2356/1556 1642/2376/1556 1623/2768/1556
f 1624/2338/1652 1625/2361/1652 1605/2320/1652
f 1626/2339/1720 1627/2341/1720 1607/2322/1720
f 1608/2342/1721 1628/2343/1721 1629/2343/1721
f 1630/2770/1722 1631/2346/1722 1611/2348/1722
f 1632/2366/1560 1633/2775/1560 1613/2772/1560
f 1634/2368/1561 1635/2351/1561 1615/2330/1561
f 1636/2370/1723 1637/2372/1723 1617/2353/1723
f 1618/2332/1724 1638/2354/1724 1639/2354/1724
f 1620/2773/1725 1640/2778/1725 1641/2355/1725
f 1662/2375/1726 1643/2779/1726 1623/2768/1726
f 1624/2338/1660 1644/2359/1660 1645/2360/1660
f 1626/2339/1727 1646/2381/1727 1647/2362/1727
f 1628/2343/1536 1648/2383/1536 1649/2383/1536
f 1650/2774/1728 1651/2365/1728 1631/2346/1728
f 1632/2366/1657 1652/2386/1657 1653/2389/1657
f 1654/2776/1656 1655/2369/1656 1635/2351/1656
f 1656/2391/1729 1657/2371/1729 1637/2372/1729
f 1638/2354/1545 1658/2373/1545 1659/2373/1545
f 1660/2777/1730 1661/2396/1730 1641/2355/1730
f 1682/2413/1731 1663/2378/1731 1643/2779/1731
f 1644/2377/1732 1664/2379/1732 1665/2780/1732
f 1646/2381/1574 1666/2400/1574 1667/2402/1574
f 1648/2383/1536 1668/2382/1536 1669/2382/1536
f 1650/2774/1733 1670/2786/1733 1671/2385/1733
f 1652/2386/1576 1672/2405/1576 1673/2387/1576
f 1674/2407/1577 1675/2787/1577 1655/2782/1577
f 1676/2409/1578 1677/2392/1578 1657/2371/1578
f 1658/2373/1536 1678/2393/1536 1679/2393/1536
f 1680/2783/1734 1681/2395/1734 1661/2396/1734
f 1702/2432/1673 1683/2397/1673 1663/2378/1673
f 1664/2379/1735 1684/2398/1735 1685/2784/1735
f 1686/2417/1736 1687/2401/1736 1667/2402/1736
f 1668/2382/1718 1688/2403/1718 1689/2403/1718
f 1690/2785/1737 1691/2404/1737 1671/2385/1737
f 1692/2422/1738 1693/2406/1738 1673/2387/1738
f 1694/2424/1668 1695/2792/1668 1675/2787/1668
f 1696/2426/1739 1697/2428/1739 1677/2392/1739
f 1678/2393/1718 1698/2410/1718 1699/2410/1718
f 1700/2788/1674 1701/2412/1674 1681/2395/1674
f 1722/2431/1740 1703/2414/1740 1683/2397/1740
f 1684/2398/1741 1704/2415/1741 1705/2789/1741
f 1706/2436/1742 1707/2418/1742 1687/2401/1742
f 1688/2403/1536 1708/2438/1536 1709/2438/1536
f 1710/2790/1743 1711/2421/1743 1691/2404/1743
f 1712/2441/1592 1713/2423/1592 1693/2406/1592
f 1694/2424/1744 1714/2443/1744 1715/2791/1744
f 1716/2445/1745 1717/2427/1745 1697/2428/1745
f 1698/2410/1536 1718/2429/1536 1719/2429/1536
f 1720/2793/1678 1721/2450/1678 1701/2412/1678
f 1722/2431/1685 1742/2803/1685 1723/2434/1685
f 1724/2794/1746 1725/2453/1746 1705/2795/1746
f 1726/2797/1747 1727/2437/1747 1707/2418/1747
f 1708/2438/1545 1728/2439/1545 1729/2439/1545
f 1730/2798/1748 1731/2440/1748 1711/2421/1748
f 1732/2799/1600 1733/2442/1600 1713/2423/1600
f 1714/2800/1601 1734/2806/1601 1735/2466/1601
f 1716/2445/1602 1736/2877/1602 1737/2467/1602
f 1718/2429/1536 1738/2446/1536 1739/2446/1536
f 1740/2802/1749 1741/2449/1749 1721/2450/1749
f 1742/2803/1693 1762/2887/1693 1743/2451/1693
f 1744/2472/1692 1745/2476/1692 1725/2453/1692
f 1746/2454/1750 1747/2812/1750 1727/2804/1750
f 1728/2439/1751 1748/2457/1751 1749/2457/1751
f 1750/2479/1690 1751/2459/1690 1731/2461/1690
f 1752/2805/1689 1753/2462/1689 1733/2442/1689
f 1754/2483/1752 1755/2464/1752 1735/2466/1752
f 1756/2486/1753 1757/2814/1753 1737/2807/1753
f 1738/2446/1754 1758/2468/1754 1759/2468/1754
f 1740/2447/1755 1760/2490/1755 1761/2469/1755
f 1782/2808/1612 1763/2473/1612 1743/2809/1612
f 1744/2472/1756 1764/2474/1756 1765/2475/1756
f 1746/2454/1698 1766/2496/1698 1767/2811/1698
f 1748/2457/1757 1768/2498/1757 1769/2498/1757
f 1770/2478/1758 1771/2480/1758 1751/2459/1758
f 1752/2813/1616 1772/2817/1616 1773/2482/1616
f 1774/2503/1617 1775/2485/1617 1755/2464/1617
f 1776/2505/1759 1777/2818/1759 1757/2814/1759
f 1758/2468/1718 1778/2489/1718 1779/2489/1718
f 1780/2508/1760 1781/2510/1760 1761/2469/1760
f 1802/2815/1707 1783/2493/1707 1763/2473/1707
f 1764/2474/1706 1784/2494/1706 1785/2495/1706
f 1766/2496/1761 1786/2514/1761 1787/2816/1761
f 1768/2498/1536 1788/2497/1536 1789/2497/1536
f 1770/2478/1762 1790/2499/1762 1791/2500/1762
f 1772/2817/1763 1792/2821/1763 1793/2502/1763
f 1794/2521/1764 1795/2504/1764 1775/2485/1764
f 1796/2523/1709 1797/2823/1709 1777/2818/1709
f 1778/2489/1536 1798/2507/1536 1799/2507/1536
f 1800/2525/1708 1801/2509/1708 1781/2510/1708
f 1822/2819/1628 1803/2511/1628 1783/2493/1628
f 1784/2494/1629 1804/2512/1629 1805/2513/1629
f 1806/2532/1765 1807/2825/1765 1787/2816/1765
f 1788/2497/1536 1808/2517/1536 1809/2517/1536
f 1810/2535/1535 1811/2518/1535 1791/2500/1535
f 1812/2820/1533 1813/2520/1533 1793/2502/1533
f 1814/2822/1531 1815/2522/1531 1795/2504/1531
f 1816/2542/1547 1817/2826/1547 1797/2823/1547
f 1798/2507/1545 1818/2524/1545 1819/2524/1545
f 1820/2546/1766 1821/2526/1766 1801/2509/1766
f 1842/2547/1541 1823/2529/1541 1803/2824/1541
f 1804/2512/1539 1824/2828/1539 1825/2531/1539
f 1826/2552/1537 1827/2830/1537 1807/2825/1537
f 1808/2517/1536 1828/2554/1536 1829/2554/1536
f 1830/2534/1767 1831/2536/1767 1811/2518/1767
f 1832/2557/1768 1833/2538/1768 1813/2540/1768
f 1814/2822/1769 1834/2831/1769 1835/2541/1769
f 1836/2561/1770 1837/2833/1770 1817/2826/1770
f 1818/2524/1536 1838/2545/1536 1839/2545/1536
f 1840/2564/1543 1841/2566/1543 1821/2526/1543
f 1842/2547/1771 1862/2585/1771 1843/2550/1771
f 1844/2827/1772 1845/2551/1772 1825/2531/1772
f 1846/2829/1551 1847/2888/1551 1827/2830/1551
f 1828/2554/1773 1848/2555/1773 1849/2555/1773
f 1850/2574/1550 1851/2556/1550 1831/2536/1550
f 1852/2576/1549 1853/2558/1549 1833/2538/1549
f 1834/2831/1548 1854/2889/1548 1855/2560/1548
f 1836/2561/1555 1856/2879/1555 1857/2832/1555
f 1838/2545/1773 1858/2562/1773 1859/2562/1773
f 1860/2563/1774 1861/2565/1774 1841/2566/1774
f 1862/2585/1648 1882/2604/1648 1863/2567/1648
f 1864/2834/1560 1865/2589/1560 1845/2569/1560
f 1866/2570/1722 1867/2841/1722 1847/2836/1722
f 1848/2555/1775 1868/2573/1775 1869/2573/1775
f 1870/2592/1720 1871/2575/1720 1851/2556/1720
f 1872/2594/1652 1873/2577/1652 1853/2558/1652
f 1874/2837/1653 1875/2579/1653 1855/2581/1653
f 1876/2598/1776 1877/2842/1776 1857/2839/1776
f 1858/2562/1777 1878/2583/1777 1879/2583/1777
f 1860/2563/1778 1880/2602/1778 1881/2584/1778
f 1902/2603/1779 1883/2586/1779 1863/2567/1779
f 1864/2834/1568 1884/2605/1568 1885/2588/1568
f 1866/2570/1728 1886/2609/1728 1887/2840/1728
f 1868/2573/1536 1888/2611/1536 1889/2611/1536
f 1890/2591/1727 1891/2593/1727 1871/2575/1727
f 1872/2594/1565 1892/2614/1565 1893/2595/1565
f 1894/2616/1564 1895/2597/1564 1875/2579/1564
f 1896/2619/1780 1897/2848/1780 1877/2842/1780
f 1878/2583/1545 1898/2601/1545 1899/2601/1545
f 1900/2622/1781 1901/2624/1781 1881/2584/1781
f 1922/2843/1782 1903/2606/1782 1883/2844/1782
f 1884/2605/1783 1904/2607/1783 1905/2608/1783
f 1886/2609/1575 1906/2628/1575 1907/2846/1575
f 1888/2611/1536 1908/2610/1536 1909/2610/1536
f 1890/2591/1784 1910/2612/1784 1911/2613/1784
f 1892/2847/1665 1912/2851/1665 1913/2615/1665
f 1914/2635/1572 1915/2618/1572 1895/2597/1572
f 1916/2637/1666 1917/2852/1666 1897/2848/1666
f 1898/2601/1536 1918/2621/1536 1919/2621/1536
f 1920/2640/1785 1921/2623/1785 1901/2624/1785
f 1942/2849/1585 1923/2625/1585 1903/2606/1585
f 1904/2607/1786 1924/2626/1786 1925/2627/1786
f 1926/2646/1787 1927/2854/1787 1907/2846/1787
f 1908/2610/1773 1928/2631/1773 1929/2631/1773
f 1930/2649/1788 1931/2632/1788 1911/2613/1788
f 1932/2850/1789 1933/2634/1789 1913/2615/1789
f 1934/2653/1580 1935/2636/1580 1915/2618/1580
f 1936/2655/1790 1937/2856/1790 1917/2852/1790
f 1918/2621/1773 1938/2638/1773 1939/2639/1773
f 1940/2659/1586 1941/2641/1586 1921/2623/1586
f 1962/2853/1744 1943/2643/1744 1923/2625/1744
f 1924/2626/1791 1944/2644/1791 1945/2645/1791
f 1946/2666/1792 1947/2860/1792 1927/2854/1792
f 1928/2631/1536 1948/2668/1536 1949/2668/1536
f 1950/2648/1793 1951/2650/1793 1931/2632/1793
f 1952/2855/1589 1953/2652/1589 1933/2634/1589
f 1934/2653/1740 1954/2862/1740 1955/2654/1740
f 1956/2677/1794 1957/2864/1794 1937/2856/1794
f 1938/2638/1536 1958/2658/1536 1959/2658/1536
f 1960/2680/1594 1961/2682/1594 1941/2641/1594
f 1962/2857/1601 1982/2703/1601 1963/2664/1601
f 1964/2858/1795 1965/2665/1795 1945/2645/1795
f 1966/2859/1796 1967/2890/1796 1947/2860/1796
f 1948/2668/1545 1968/2689/1545 1969/2669/1545
f 1970/2861/1797 1971/2891/1797 1951/2650/1797
f 1972/2694/1684 1973/2673/1684 1953/2675/1684
f 1954/2862/1685 1974/2867/1685 1975/2676/1685
f 1956/2677/1686 1976/2883/1686 1977/2863/1686
f 1958/2658/1536 1978/2678/1536 1979/2678/1536
f 1980/2679/1798 1981/2681/1798 1961/2682/1798
f 1982/2703/1609 2002/2724/1609 1983/2683/1609
f 1984/2865/1608 1985/2892/1608 1965/2665/1608
f 1986/2686/1799 1987/2688/1799 1967/2667/1799
f 1968/2689/1800 1988/2710/1800 1989/2710/1800
f 1990/2712/1606 1991/2693/1606 1971/2670/1606
f 1992/2714/1605 1993/2695/1605 1973/2673/1605
f 1994/2866/1801 1995/2893/1801 1975/2676/1801
f 1996/2718/1802 1997/2720/1802 1977/2700/1802
f 1978/2678/1803 1998/2701/1803 1999/2701/1803
f 1980/2868/1804 2000/2873/1804 2001/2702/1804
f 2022/2723/1696 2003/2705/1696 1983/2683/1696
f 1984/2684/1805 2004/2706/1805 2005/2869/1805
f 1986/2686/1615 2006/2728/1615 2007/2709/1615
f 1988/2710/1806 2008/2730/1806 2009/2730/1806
f 2010/2711/1807 2011/2713/1807 1991/2693/1807
f 1992/2714/1613 2012/2734/1613 2013/2715/1613
f 2014/2736/1699 2015/2874/1699 1995/2871/1699
f 2016/2738/1760 2017/2719/1760 1997/2720/1760
f 1998/2701/1773 2018/2721/1773 2019/2721/1773
f 2020/2872/1759 2021/2743/1759 2001/2702/1759
f 2042/2754/1625 2023/2725/1625 2003/2705/1625
f 2004/2706/1624 2024/2726/1624 2025/2756/1624
f 2006/2728/1808 2026/2746/1808 2027/2747/1808
f 2008/2730/1536 2028/2729/1536 2029/2729/1536
f 2010/2711/1809 2030/2732/1809 2031/2733/1809
f 2012/2734/1810 2032/2749/1810 2033/2735/1810
f 2034/2751/1811 2035/2758/1811 2015/2874/1811
f 2036/2752/1627 2037/2739/1627 2017/2719/1627
f 2018/2721/1536 2038/2740/1536 2039/2740/1536
f 2040/2761/1626 2041/2742/1626 2021/2743/1626
o AK_loop_sling_rear_visual
v -0.480642 -0.020000 -0.021563
v -0.480642 -0.020000 -0.022437
v -0.481160 -0.020000 -0.020847
v -0.480644 -0.020000 -0.021556
v -0.482000 -0.020000 -0.020573
v -0.481163 -0.020000 -0.020845
v -0.482837 -0.020000 -0.020845
v -0.482000 -0.020000 -0.020573
v -0.483356 -0.020000 -0.021556
v -0.482840 -0.020000 -0.020847
v -0.483358 -0.020000 -0.022437
v -0.483358 -0.020000 -0.021563
v -0.482840 -0.020000 -0.023153
v -0.483356 -0.020000 -0.022444
v -0.482000 -0.020000 -0.023427
v -0.482837 -0.020000 -0.023155
v -0.481163 -0.020000 -0.023155
v -0.482000 -0.020000 -0.023427
v -0.480644 -0.020000 -0.022444
v -0.481160 -0.020000 -0.023153
v -0.480961 -0.017578 -0.022437
v -0.480961 -0.017578 -0.021563
v -0.480963 -0.017579 -0.021556
v -0.481462 -0.017712 -0.020847
v -0.481464 -0.017713 -0.020845
v -0.482273 -0.017929 -0.020573
v -0.482273 -0.017929 -0.020573
v -0.483081 -0.018146 -0.020845
v -0.483084 -0.018147 -0.020847
v -0.483582 -0.018280 -0.021556
v -0.483584 -0.018281 -0.021563
v -0.483584 -0.018281 -0.022437
v -0.483582 -0.018280 -0.022444
v -0.483084 -0.018147 -0.023153
v -0.483081 -0.018146 -0.023155
v -0.482273 -0.017929 -0.023427
v -0.482273 -0.017929 -0.023427
v -0.481464 -0.017713 -0.023155
v -0.481462 -0.017712 -0.023153
v -0.480963 -0.017579 -0.022444
v -0.481896 -0.015321 -0.022437
v -0.481896 -0.015321 -0.021563
v -0.481898 -0.015322 -0.021556
v -0.482345 -0.015580 -0.020847
v -0.482347 -0.015581 -0.020845
v -0.483072 -0.016000 -0.020573
v -0.483072 -0.016000 -0.020573
v -0.483797 -0.016419 -0.020845
v -0.483799 -0.016420 -0.020847
v -0.484246 -0.016678 -0.021556
v -0.484248 -0.016679 -0.021563
v -0.484248 -0.016679 -0.022437
v -0.484246 -0.016678 -0.022444
v -0.483799 -0.016420 -0.023153
v -0.483797 -0.016419 -0.023155
v -0.483072 -0.016000 -0.023427
v -0.483072 -0.016000 -0.023427
v -0.482347 -0.015581 -0.023155
v -0.482345 -0.015580 -0.023153
v -0.481898 -0.015322 -0.022444
v -0.483383 -0.013383 -0.022437
v -0.483383 -0.013383 -0.021563
v -0.483385 -0.013385 -0.021556
v -0.483749 -0.013749 -0.020847
v -0.483751 -0.013751 -0.020845
v -0.484343 -0.014343 -0.020573
v -0.484343 -0.014343 -0.020573
v -0.484935 -0.014935 -0.020845
v -0.484937 -0.014937 -0.020847
v -0.485302 -0.015302 -0.021556
v -0.485303 -0.015303 -0.021563
v -0.485303 -0.015303 -0.022437
v -0.485302 -0.015302 -0.022444
v -0.484937 -0.014937 -0.023153
v -0.484935 -0.014935 -0.023155
v -0.484343 -0.014343 -0.023427
v -0.484343 -0.014343 -0.023427
v -0.483751 -0.013751 -0.023155
v -0.483749 -0.013749 -0.023153
v -0.483385 -0.013385 -0.022444
v -0.485321 -0.011896 -0.022437
v -0.485321 -0.011896 -0.021563
v -0.485322 -0.011898 -0.021556
v -0.485580 -0.012345 -0.020847
v -0.485581 -0.012347 -0.020845
v -0.486000 -0.013072 -0.020573
v -0.486000 -0.013072 -0.020573
v -0.486419 -0.013797 -0.020845
v -0.486420 -0.013799 -0.020847
v -0.486678 -0.014246 -0.021556
v -0.486679 -0.014248 -0.021563
v -0.486679 -0.014248 -0.022437
v -0.486678 -0.014246 -0.022444
v -0.486420 -0.013799 -0.023153
v -0.486419 -0.013797 -0.023155
v -0.486000 -0.013072 -0.023427
v -0.486000 -0.013072 -0.023427
v -0.485581 -0.012347 -0.023155
v -0.485580 -0.012345 -0.023153
v -0.485322 -0.011898 -0.022444
v -0.487578 -0.010961 -0.022437
v -0.487578 -0.010961 -0.021563
v -0.487579 -0.010963 -0.021556
v -0.487712 -0.011462 -0.020847
v -0.487713 -0.011464 -0.020845
v -0.487929 -0.012273 -0.020573
v -0.487929 -0.012273 -0.020573
v -0.488146 -0.013081 -0.020845
v -0.488147 -0.013084 -0.020847
v -0.488280 -0.013582 -0.021556
v -0.488281 -0.013584 -0.021563
v -0.488281 -0.013584 -0.022437
v -0.488280 -0.013582 -0.022444
v -0.488147 -0.013084 -0.023153
v -0.488146 -0.013081 -0.023155
v -0.487929 -0.012273 -0.023427
v -0.487929 -0.012273 -0.023427
v -0.487713 -0.011464 -0.023155
v -0.487712 -0.011462 -0.023153
v -0.487579 -0.010963 -0.022444
v -0.490000 -0.010642 -0.022437
v -0.490000 -0.010642 -0.021563
v -0.490000 -0.010644 -0.021556
v -0.490000 -0.011160 -0.020847
v -0.490000 -0.011163 -0.020845
v -0.490000 -0.012000 -0.020573
v -0.490000 -0.012000 -0.020573
v -0.490000 -0.012837 -0.020845
v -0.490000 -0.012840 -0.020847
v -0.490000 -0.013356 -0.021556
v -0.490000 -0.013358 -0.021563
v -0.490000 -0.013358 -0.022437
v -0.490000 -0.013356 -0.022444
v -0.490000 -0.012840 -0.023153
v -0.490000 -0.012837 -0.023155
v -0.490000 -0.012000 -0.023427
v -0.490000 -0.012000 -0.023427
v -0.490000 -0.011163 -0.023155
v -0.490000 -0.011160 -0.023153
v -0.490000 -0.010644 -0.022444
v -0.492422 -0.010961 -0.022437
v -0.492422 -0.010961 -0.021563
v -0.492421 -0.010963 -0.021556
v -0.492288 -0.011462 -0.020847
v -0.492287 -0.011464 -0.020845
v -0.492071 -0.012273 -0.020573
v -0.492071 -0.012273 -0.020573
v -0.491854 -0.013081 -0.020845
v -0.491853 -0.013084 -0.020847
v -0.491720 -0.013582 -0.021556
v -0.491719 -0.013584 -0.021563
v -0.491719 -0.013584 -0.022437
v -0.491720 -0.013582 -0.022444
v -0.491853 -0.013084 -0.023153
v -0.491854 -0.013081 -0.023155
v -0.492071 -0.012273 -0.023427
v -0.492071 -0.012273 -0.023427
v -0.492287 -0.011464 -0.023155
v -0.492288 -0.011462 -0.023153
v -0.492421 -0.010963 -0.022444
v -0.494679 -0.011896 -0.022437
v -0.494679 -0.011896 -0.021563
v -0.494678 -0.011898 -0.021556
v -0.494420 -0.012345 -0.020847
v -0.494419 -0.012347 -0.020845
v -0.494000 -0.013072 -0.020573
v -0.494000 -0.013072 -0.020573
v -0.493581 -0.013797 -0.020845
v -0.493580 -0.013799 -0.020847
v -0.493322 -0.014246 -0.021556
v -0.493321 -0.014248 -0.021563
v -0.493321 -0.014248 -0.022437
v -0.493322 -0.014246 -0.022444
v -0.493580 -0.013799 -0.023153
v -0.493581 -0.013797 -0.023155
v -0.494000 -0.013072 -0.023427
v -0.494000 -0.013072 -0.023427
v -0.494419 -0.012347 -0.023155
v -0.494420 -0.012345 -0.023153
v -0.494678 -0.011898 -0.022444
v -0.496617 -0.013383 -0.022437
v -0.496617 -0.013383 -0.021563
v -0.496615 -0.013385 -0.021556
v -0.496251 -0.013749 -0.020847
v -0.496249 -0.013751 -0.020845
v -0.495657 -0.014343 -0.020573
v -0.495657 -0.014343 -0.020573
v -0.495065 -0.014935 -0.020845
v -0.495063 -0.014937 -0.020847
v -0.494698 -0.015302 -0.021556
v -0.494697 -0.015303 -0.021563
v -0.494697 -0.015303 -0.022437
v -0.494698 -0.015302 -0.022444
v -0.495063 -0.014937 -0.023153
v -0.495065 -0.014935 -0.023155
v -0.495657 -0.014343 -0.023427
v -0.495657 -0.014343 -0.023427
v -0.496249 -0.013751 -0.023155
v -0.496251 -0.013749 -0.023153
v -0.496615 -0.013385 -0.022444
v -0.498104 -0.015321 -0.022437
v -0.498104 -0.015321 -0.021563
v -0.498102 -0.015322 -0.021556
v -0.497655 -0.015580 -0.020847
v -0.497653 -0.015581 -0.020845
v -0.496928 -0.016000 -0.020573
v -0.496928 -0.016000 -0.020573
v -0.496203 -0.016419 -0.020845
v -0.496201 -0.016420 -0.020847
v -0.495754 -0.016678 -0.021556
v -0.495752 -0.016679 -0.021563
v -0.495752 -0.016679 -0.022437
v -0.495754 -0.016678 -0.022444
v -0.496201 -0.016420 -0.023153
v -0.496203 -0.016419 -0.023155
v -0.496928 -0.016000 -0.023427
v -0.496928 -0.016000 -0.023427
v -0.497653 -0.015581 -0.023155
v -0.497655 -0.015580 -0.023153
v -0.498102 -0.015322 -0.022444
v -0.499039 -0.017578 -0.022437
v -0.499039 -0.017578 -0.021563
v -0.499037 -0.017579 -0.021556
v -0.498538 -0.017712 -0.020847
v -0.498536 -0.017713 -0.020845
v -0.497727 -0.017929 -0.020573
v -0.497727 -0.017929 -0.020573
v -0.496919 -0.018146 -0.020845
v -0.496916 -0.018147 -0.020847
v -0.496418 -0.018280 -0.021556
v -0.496416 -0.018281 -0.021563
v -0.496416 -0.018281 -0.022437
v -0.496418 -0.018280 -0.022444
v -0.496916 -0.018147 -0.023153
v -0.496919 -0.018146 -0.023155
v -0.497727 -0.017929 -0.023427
v -0.497727 -0.017929 -0.023427
v -0.498536 -0.017713 -0.023155
v -0.498538 -0.017712 -0.023153
v -0.499037 -0.017579 -0.022444
v -0.499358 -0.020000 -0.022437
v -0.499358 -0.020000 -0.021563
v -0.499356 -0.020000 -0.021556
v -0.498840 -0.020000 -0.020847
v -0.498837 -0.020000 -0.020845
v -0.498000 -0.020000 -0.020573
v -0.498000 -0.020000 -0.020573
v -0.497163 -0.020000 -0.020845
v -0.497160 -0.020000 -0.020847
v -0.496644 -0.020000 -0.021556
v -0.496642 -0.020000 -0.021563
v -0.496642 -0.020000 -0.022437
v -0.496644 -0.020000 -0.022444
v -0.497160 -0.020000 -0.023153
v -0.497163 -0.020000 -0.023155
v -0.498000 -0.020000 -0.023427
v -0.498000 -0.020000 -0.023427
v -0.498837 -0.020000 -0.023155
v -0.498840 -0.020000 -0.023153
v -0.499356 -0.020000 -0.022444
v -0.499039 -0.022422 -0.022437
v -0.499039 -0.022422 -0.021563
v -0.499037 -0.022421 -0.021556
v -0.498538 -0.022288 -0.020847
v -0.498536 -0.022287 -0.020845
v -0.497727 -0.022071 -0.020573
v -0.497727 -0.022071 -0.020573
v -0.496919 -0.021854 -0.020845
v -0.496916 -0.021853 -0.020847
v -0.496418 -0.021720 -0.021556
v -0.496416 -0.021719 -0.021563
v -0.496416 -0.021719 -0.022437
v -0.496418 -0.021720 -0.022444
v -0.496916 -0.021853 -0.023153
v -0.496919 -0.021854 -0.023155
v -0.497727 -0.022071 -0.023427
v -0.497727 -0.022071 -0.023427
v -0.498536 -0.022287 -0.023155
v -0.498538 -0.022288 -0.023153
v -0.499037 -0.022421 -0.022444
v -0.498104 -0.024679 -0.022437
v -0.498104 -0.024679 -0.021563
v -0.498102 -0.024678 -0.021556
v -0.497655 -0.024420 -0.020847
v -0.497653 -0.024419 -0.020845
v -0.496928 -0.024000 -0.020573
v -0.496928 -0.024000 -0.020573
v -0.496203 -0.023581 -0.020845
v -0.496201 -0.023580 -0.020847
v -0.495754 -0.023322 -0.021556
v -0.495752 -0.023321 -0.021563
v -0.495752 -0.023321 -0.022437
v -0.495754 -0.023322 -0.022444
v -0.496201 -0.023580 -0.023153
v -0.496203 -0.023581 -0.023155
v -0.496928 -0.024000 -0.023427
v -0.496928 -0.024000 -0.023427
v -0.497653 -0.024419 -0.023155
v -0.497655 -0.024420 -0.023153
v -0.498102 -0.024678 -0.022444
v -0.496617 -0.026617 -0.022437
v -0.496617 -0.026617 -0.021563
v -0.496615 -0.026615 -0.021556
v -0.496251 -0.026251 -0.020847
v -0.496249 -0.026249 -0.020845
v -0.495657 -0.025657 -0.020573
v -0.495657 -0.025657 -0.020573
v -0.495065 -0.025065 -0.020845
v -0.495063 -0.025063 -0.020847
v -0.494698 -0.024698 -0.021556
v -0.494697 -0.024697 -0.021563
v -0.494697 -0.024697 -0.022437
v -0.494698 -0.024698 -0.022444
v -0.495063 -0.025063 -0.023153
v -0.495065 -0.025065 -0.023155
v -0.495657 -0.025657 -0.023427
v -0.495657 -0.025657 -0.023427
v -0.496249 -0.026249 -0.023155
v -0.496251 -0.026251 -0.023153
v -0.496615 -0.026615 -0.022444
v -0.494679 -0.028104 -0.022437
v -0.494679 -0.028104 -0.021563
v -0.494678 -0.028102 -0.021556
v -0.494420 -0.027655 -0.020847
v -0.494419 -0.027653 -0.020845
v -0.494000 -0.026928 -0.020573
v -0.494000 -0.026928 -0.020573
v -0.493581 -0.026203 -0.020845
v -0.493580 -0.026201 -0.020847
v -0.493322 -0.025754 -0.021556
v -0.493321 -0.025752 -0.021563
v -0.493321 -0.025752 -0.022437
v -0.493322 -0.025754 -0.022444
v -0.493580 -0.026201 -0.023153
v -0.493581 -0.026203 -0.023155
v -0.494000 -0.026928 -0.023427
v -0.494000 -0.026928 -0.023427
v -0.494419 -0.027653 -0.023155
v -0.494420 -0.027655 -0.023153
v -0.494678 -0.028102 -0.022444
v -0.492422 -0.029039 -0.022437
v -0.492422 -0.029039 -0.021563
v -0.492421 -0.029037 -0.021556
v -0.492288 -0.028538 -0.020847
v -0.492287 -0.028536 -0.020845
v -0.492071 -0.027727 -0.020573
v -0.492071 -0.027727 -0.020573
v -0.491854 -0.026919 -0.020845
v -0.491853 -0.026916 -0.020847
v -0.491720 -0.026418 -0.021556
v -0.491719 -0.026416 -0.021563
v -0.491719 -0.026416 -0.022437
v -0.491720 -0.026418 -0.022444
v -0.491853 -0.026916 -0.023153
v -0.491854 -0.026919 -0.023155
v -0.492071 -0.027727 -0.023427
v -0.492071 -0.027727 -0.023427
v -0.492287 -0.028536 -0.023155
v -0.492288 -0.028538 -0.023153
v -0.492421 -0.029037 -0.022444
v -0.490000 -0.029358 -0.022437
v -0.490000 -0.029358 -0.021563
v -0.490000 -0.029356 -0.021556
v -0.490000 -0.028840 -0.020847
v -0.490000 -0.028837 -0.020845
v -0.490000 -0.028000 -0.020573
v -0.490000 -0.028000 -0.020573
v -0.490000 -0.027163 -0.020845
v -0.490000 -0.027160 -0.020847
v -0.490000 -0.026644 -0.021556
v -0.490000 -0.026642 -0.021563
v -0.490000 -0.026642 -0.022437
v -0.490000 -0.026644 -0.022444
v -0.490000 -0.027160 -0.023153
v -0.490000 -0.027163 -0.023155
v -0.490000 -0.028000 -0.023427
v -0.490000 -0.028000 -0.023427
v -0.490000 -0.028837 -0.023155
v -0.490000 -0.028840 -0.023153
v -0.490000 -0.029356 -0.022444
v -0.487578 -0.029039 -0.022437
v -0.487578 -0.029039 -0.021563
v -0.487579 -0.029037 -0.021556
v -0.487712 -0.028538 -0.020847
v -0.487713 -0.028536 -0.020845
v -0.487929 -0.027727 -0.020573
v -0.487929 -0.027727 -0.020573
v -0.488146 -0.026919 -0.020845
v -0.488147 -0.026916 -0.020847
v -0.488280 -0.026418 -0.021556
v -0.488281 -0.026416 -0.021563
v -0.488281 -0.026416 -0.022437
v -0.488280 -0.026418 -0.022444
v -0.488147 -0.026916 -0.023153
v -0.488146 -0.026919 -0.023155
v -0.487929 -0.027727 -0.023427
v -0.487929 -0.027727 -0.023427
v -0.487713 -0.028536 -0.023155
v -0.487712 -0.028538 -0.023153
v -0.487579 -0.029037 -0.022444
v -0.485321 -0.028104 -0.022437
v -0.485321 -0.028104 -0.021563
v -0.485322 -0.028102 -0.021556
v -0.485580 -0.027655 -0.020847
v -0.485581 -0.027653 -0.020845
v -0.486000 -0.026928 -0.020573
v -0.486000 -0.026928 -0.020573
v -0.486419 -0.026203 -0.020845
v -0.486420 -0.026201 -0.020847
v -0.486678 -0.025754 -0.021556
v -0.486679 -0.025752 -0.021563
v -0.486679 -0.025752 -0.022437
v -0.486678 -0.025754 -0.022444
v -0.486420 -0.026201 -0.023153
v -0.486419 -0.026203 -0.023155
v -0.486000 -0.026928 -0.023427
v -0.486000 -0.026928 -0.023427
v -0.485581 -0.027653 -0.023155
v -0.485580 -0.027655 -0.023153
v -0.485322 -0.028102 -0.022444
v -0.483383 -0.026617 -0.022437
v -0.483383 -0.026617 -0.021563
v -0.483385 -0.026615 -0.021556
v -0.483749 -0.026251 -0.020847
v -0.483751 -0.026249 -0.020845
v -0.484343 -0.025657 -0.020573
v -0.484343 -0.025657 -0.020573
v -0.484935 -0.025065 -0.020845
v -0.484937 -0.025063 -0.020847
v -0.485302 -0.024698 -0.021556
v -0.485303 -0.024697 -0.021563
v -0.485303 -0.024697 -0.022437
v -0.485302 -0.024698 -0.022444
v -0.484937 -0.025063 -0.023153
v -0.484935 -0.025065 -0.023155
v -0.484343 -0.025657 -0.023427
v -0.484343 -0.025657 -0.023427
v -0.483751 -0.026249 -0.023155
v -0.483749 -0.026251 -0.023153
v -0.483385 -0.026615 -0.022444
v -0.481896 -0.024679 -0.022437
v -0.481896 -0.024679 -0.021563
v -0.481898 -0.024678 -0.021556
v -0.482345 -0.024420 -0.020847
v -0.482347 -0.024419 -0.020845
v -0.483072 -0.024000 -0.020573
v -0.483072 -0.024000 -0.020573
v -0.483797 -0.023581 -0.020845
v -0.483799 -0.023580 -0.020847
v -0.484246 -0.023322 -0.021556
v -0.484248 -0.023321 -0.021563
v -0.484248 -0.023321 -0.022437
v -0.484246 -0.023322 -0.022444
v -0.483799 -0.023580 -0.023153
v -0.483797 -0.023581 -0.023155
v -0.483072 -0.024000 -0.023427
v -0.483072 -0.024000 -0.023427
v -0.482347 -0.024419 -0.023155
v -0.482345 -0.024420 -0.023153
v -0.481898 -0.024678 -0.022444
v -0.480961 -0.022422 -0.022437
v -0.480961 -0.022422 -0.021563
v -0.480963 -0.022421 -0.021556
v -0.481462 -0.022288 -0.020847
v -0.481464 -0.022287 -0.020845
v -0.482273 -0.022071 -0.020573
v -0.482273 -0.022071 -0.020573
v -0.483081 -0.021854 -0.020845
v -0.483084 -0.021853 -0.020847
v -0.483582 -0.021720 -0.021556
v -0.483584 -0.021719 -0.021563
v -0.483584 -0.021719 -0.022437
v -0.483582 -0.021720 -0.022444
v -0.483084 -0.021853 -0.023153
v -0.483081 -0.021854 -0.023155
v -0.482273 -0.022071 -0.023427
v -0.482273 -0.022071 -0.023427
v -0.481464 -0.022287 -0.023155
v -0.481462 -0.022288 -0.023153
v -0.480963 -0.022421 -0.022444
vn 0.9914 0.1305 -0.0000
vn 0.8040 0.1059 0.5851
vn 0.3083 0.0406 0.9504
vn -0.3083 -0.0406 0.9504
vn -0.8040 -0.1059 0.5851
vn -0.9914 -0.1305 -0.0000
vn -0.8040 -0.1059 -0.5851
vn -0.3083 -0.0406 -0.9504
vn 0.3083 0.0406 -0.9504
vn 0.8040 0.1059 -0.5851
vn 0.9239 0.3827 -0.0000
vn 0.7492 0.3103 0.5851
vn 0.2873 0.1190 0.9504
vn -0.2873 -0.1190 0.9504
vn -0.7492 -0.3103 0.5851
vn -0.9239 -0.3827 -0.0000
vn -0.7492 -0.3103 -0.5851
vn -0.2873 -0.1190 -0.9504
vn 0.2873 0.1190 -0.9504
vn 0.7492 0.3103 -0.5851
vn 0.7934 0.6088 -0.0000
vn 0.6434 0.4937 0.5851
vn 0.2467 0.1893 0.9504
vn -0.2467 -0.1893 0.9504
vn -0.6434 -0.4937 0.5851
vn -0.7934 -0.6088 -0.0000
vn -0.6434 -0.4937 -0.5851
vn -0.2467 -0.1893 -0.9504
vn 0.2467 0.1893 -0.9504
vn 0.6434 0.4937 -0.5851
vn 0.6088 0.7934 -0.0000
vn 0.4937 0.6434 0.5851
vn 0.1893 0.2467 0.9504
vn -0.1893 -0.2467 0.9504
vn -0.4937 -0.6434 0.5851
vn -0.6088 -0.7934 -0.0000
vn -0.4937 -0.6434 -0.5851
vn -0.1893 -0.2467 -0.9504
vn 0.1893 0.2467 -0.9504
vn 0.4937 0.6434 -0.5851
vn 0.3827 0.9239 -0.0000
vn 0.3103 0.7492 0.5851
vn 0.1190 0.2873 0.9504
vn -0.1190 -0.2873 0.9504
vn -0.3103 -0.7492 0.5851
vn -0.3827 -0.9239 -0.0000
vn -0.3103 -0.7492 -0.5851
vn -0.1190 -0.2873 -0.9504
vn 0.1190 0.2873 -0.9504
vn 0.3103 0.7492 -0.5851
vn 0.1305 0.9914 -0.0000
vn 0.1059 0.8040 0.5851
vn 0.0406 0.3083 0.9504
vn -0.0406 -0.3083 0.9504
vn -0.1059 -0.8040 0.5851
vn -0.1305 -0.9914 -0.0000
vn -0.1059 -0.8040 -0.5851
vn -0.0406 -0.3083 -0.9504
vn 0.0406 0.3083 -0.9504
vn 0.1059 0.8040 -0.5851
vn -0.1305 0.9914 -0.0000
vn -0.1059 0.8040 0.5851
vn -0.0406 0.3083 0.9504
vn 0.0406 -0.3083 0.9504
vn 0.1059 -0.8040 0.5851
vn 0.1305 -0.9914 -0.0000
vn 0.1059 -0.8040 -0.5851
vn 0.0406 -0.3083 -0.9504
vn -0.0406 0.3083 -0.9504
vn -0.1059 0.8040 -0.5851
vn -0.3827 0.9239 -0.0000
vn -0.3103 0.7492 0.5851
vn -0.1190 0.2873 0.9504
vn 0.1190 -0.2873 0.9504
vn 0.3103 -0.7492 0.5851
vn 0.3827 -0.9239 -0.0000
vn 0.3103 -0.7492 -0.5851
vn 0.1190 -0.2873 -0.9504
vn -0.1190 0.2873 -0.9504
vn -0.3103 0.7492 -0.5851
vn -0.6088 0.7934 -0.0000
vn -0.4937 0.6434 0.5851
vn -0.1893 0.2467 0.9504
vn 0.1893 -0.2467 0.9504
vn 0.4937 -0.6434 0.5851
vn 0.6088 -0.7934 -0.0000
vn 0.4937 -0.6434 -0.5851
vn 0.1893 -0.2467 -0.9504
vn -0.1893 0.2467 -0.9504
vn -0.4937 0.6434 -0.5851
vn -0.7934 0.6088 -0.0000
vn -0.6434 0.4937 0.5851
vn -0.2467 0.1893 0.9504
vn 0.2467 -0.1893 0.9504
vn 0.6434 -0.4937 0.5851
vn 0.7934 -0.6088 -0.0000
vn 0.6434 -0.4937 -0.5851
vn 0.2467 -0.1893 -0.9504
vn -0.2467 0.1893 -0.9504
vn -0.6434 0.4937 -0.5851
vn -0.9239 0.3827 -0.0000
vn -0.7492 0.3103 0.5851
vn -0.2873 0.1190 0.9504
vn 0.2873 -0.1190 0.9504
vn 0.7492 -0.3103 0.5851
vn 0.9239 -0.3827 -0.0000
vn 0.7492 -0.3103 -0.5851
vn 0.2873 -0.1190 -0.9504
vn -0.2873 0.1190 -0.9504
vn -0.7492 0.3103 -0.5851
vn -0.9914 0.1305 -0.0000
vn -0.8040 0.1059 0.5851
vn -0.3083 0.0406 0.9504
vn 0.3083 -0.0406 0.9504
vn 0.8040 -0.1059 0.5851
vn 0.9914 -0.1305 -0.0000
vn 0.8040 -0.1059 -0.5851
vn 0.3083 -0.0406 -0.9504
vn -0.3083 0.0406 -0.9504
vn -0.8040 0.1059 -0.5851
vn 0.9437 0.1242 -0.3066
vn 0.9437 -0.1242 -0.3066
vn 0.9437 0.1242 0.3066
vn 0.9437 -0.1242 0.3066
vn 0.5861 0.0772 0.8066
vn 0.5861 -0.0772 0.8065
vn -0.0000 -0.0000 1.0000
vn -0.5861 -0.0772 0.8065
vn -0.5860 0.0771 0.8067
vn -0.9437 -0.1242 0.3066
vn -0.9437 0.1242 0.3067
vn -0.9437 -0.1242 -0.3066
vn -0.9437 0.1242 -0.3067
vn -0.5861 -0.0772 -0.8065
vn -0.5860 0.0771 -0.8067
vn -0.0000 -0.0000 -1.0000
vn 0.5861 0.0772 -0.8066
vn 0.5861 -0.0772 -0.8065
vn 0.8794 0.3643 -0.3066
vn 0.8794 0.3643 0.3066
vn 0.5462 0.2262 0.8065
vn -0.5460 -0.2262 0.8067
vn -0.8794 -0.3642 0.3067
vn -0.8794 -0.3642 -0.3067
vn -0.5460 -0.2262 -0.8067
vn 0.5462 0.2262 -0.8065
vn 0.7551 0.5794 -0.3067
vn 0.7551 0.5794 0.3067
vn 0.4690 0.3599 0.8066
vn -0.4690 -0.3599 0.8065
vn -0.7551 -0.5794 0.3066
vn -0.7551 -0.5794 -0.3066
vn -0.4689 -0.3599 -0.8066
vn 0.4690 0.3598 -0.8066
vn 0.5794 0.7551 -0.3066
vn 0.5794 0.7551 0.3066
vn 0.3599 0.4691 0.8065
vn -0.3598 -0.4689 0.8066
vn -0.5794 -0.7551 0.3067
vn -0.5794 -0.7551 -0.3067
vn -0.3598 -0.4690 -0.8066
vn 0.3599 0.4691 -0.8065
vn 0.3642 0.8794 -0.3067
vn 0.3642 0.8793 0.3067
vn 0.2262 0.5461 0.8066
vn -0.2262 -0.5461 0.8066
vn -0.3642 -0.8794 0.3066
vn -0.3642 -0.8794 -0.3067
vn -0.2262 -0.5461 -0.8066
vn 0.2263 0.5463 -0.8064
vn 0.1242 0.9437 -0.3066
vn 0.1242 0.9437 0.3066
vn 0.0772 0.5861 0.8066
vn -0.0771 -0.5859 0.8067
vn -0.1242 -0.9436 0.3067
vn -0.1242 -0.9437 -0.3067
vn -0.0772 -0.5861 -0.8065
vn 0.0772 0.5862 -0.8065
vn -0.1242 0.9437 -0.3066
vn -0.1242 0.9437 0.3066
vn -0.0772 0.5861 0.8065
vn 0.0772 -0.5860 0.8066
vn 0.1242 -0.9437 0.3066
vn 0.1242 -0.9437 -0.3066
vn 0.0772 -0.5862 -0.8065
vn -0.0772 0.5863 -0.8064
vn -0.3642 0.8793 -0.3069
vn -0.3642 0.8793 0.3069
vn -0.2262 0.5460 0.8066
vn 0.2262 -0.5460 0.8067
vn 0.3642 -0.8794 0.3066
vn 0.3642 -0.8794 -0.3067
vn 0.2262 -0.5461 -0.8066
vn -0.2263 0.5462 -0.8065
vn -0.5794 0.7551 -0.3068
vn -0.5794 0.7551 0.3067
vn -0.3598 0.4689 0.8066
vn 0.3597 -0.4688 0.8067
vn 0.5794 -0.7551 0.3066
vn 0.5794 -0.7551 -0.3066
vn 0.3598 -0.4689 -0.8067
vn -0.3597 0.4688 -0.8067
vn -0.7551 0.5794 -0.3067
vn -0.7551 0.5794 0.3066
vn -0.4688 0.3598 0.8067
vn 0.4690 -0.3599 0.8066
vn 0.7551 -0.5794 0.3066
vn 0.7551 -0.5794 -0.3066
vn 0.4689 -0.3599 -0.8066
vn -0.4688 0.3598 -0.8067
vn -0.8793 0.3642 -0.3067
vn -0.8793 0.3642 0.3067
vn -0.5460 0.2261 0.8067
vn 0.5462 -0.2262 0.8065
vn 0.8794 -0.3643 0.3066
vn 0.8794 -0.3643 -0.3066
vn 0.5462 -0.2262 -0.8065
vn -0.5460 0.2262 -0.8067
vn -0.9437 0.1242 -0.3066
vn -0.9437 0.1242 0.3066
vn -0.5861 0.0772 0.8065
vn 0.5860 -0.0771 0.8067
vn 0.9437 -0.1242 0.3067
vn 0.9437 -0.1242 -0.3067
vn 0.5860 -0.0771 -0.8067
vn -0.5861 0.0772 -0.8065
vn -0.5861 -0.0772 0.8066
vn 0.5861 0.0772 0.8065
vn 0.5861 0.0772 -0.8065
vn -0.5861 -0.0772 -0.8066
vn -0.8794 -0.3643 -0.3066
vn -0.8794 -0.3643 0.3066
vn -0.5462 -0.2262 0.8065
vn 0.5460 0.2262 0.8067
vn 0.8794 0.3642 0.3067
vn 0.8794 0.3642 -0.3067
vn 0.5460 0.2262 -0.8067
vn -0.5462 -0.2262 -0.8065
vn -0.7551 -0.5794 -0.3067
vn -0.7551 -0.5794 0.3067
vn -0.4690 -0.3599 0.8066
vn 0.4690 0.3599 0.8065
vn 0.7551 0.5794 0.3066
vn 0.7551 0.5794 -0.3066
vn 0.4689 0.3599 -0.8066
vn -0.4690 -0.3598 -0.8066
vn -0.5794 -0.7551 -0.3066
vn -0.5794 -0.7551 0.3066
vn -0.3599 -0.4691 0.8065
vn 0.3598 0.4689 0.8066
vn 0.5794 0.7551 0.3067
vn 0.5794 0.7551 -0.3067
vn 0.3598 0.4690 -0.8066
vn -0.3599 -0.4691 -0.8065
vn -0.3642 -0.8793 0.3067
vn 0.3642 0.8794 0.3066
vn 0.2262 0.5461 -0.8066
vn -0.2263 -0.5463 -0.8064
vn -0.1242 -0.9437 -0.3066
vn -0.1242 -0.9437 0.3066
vn -0.0772 -0.5861 0.8066
vn 0.0771 0.5859 0.8067
vn 0.1242 0.9436 0.3067
vn 0.1242 0.9437 -0.3067
vn 0.0772 0.5861 -0.8065
vn -0.0772 -0.5862 -0.8065
vn 0.0772 -0.5861 0.8065
vn -0.0772 0.5860 0.8066
vn -0.0772 0.5862 -0.8065
vn 0.0772 -0.5863 -0.8064
vn 0.3642 -0.8793 -0.3069
vn 0.3642 -0.8793 0.3069
vn 0.2262 -0.5460 0.8066
vn -0.2262 0.5460 0.8067
vn -0.3642 0.8794 0.3066
vn -0.3642 0.8794 -0.3067
vn -0.2262 0.5461 -0.8066
vn 0.2263 -0.5462 -0.8065
vn 0.5794 -0.7551 -0.3068
vn 0.5794 -0.7551 0.3067
vn 0.3598 -0.4689 0.8066
vn -0.3597 0.4688 0.8067
vn -0.5794 0.7551 0.3066
vn -0.5794 0.7551 -0.3066
vn -0.3598 0.4689 -0.8067
vn 0.3597 -0.4688 -0.8067
vn 0.7551 -0.5794 -0.3067
vn 0.4688 -0.3598 0.8067
vn -0.4690 0.3599 0.8066
vn -0.7551 0.5794 -0.3066
vn -0.4689 0.3599 -0.8066
vn 0.4688 -0.3598 -0.8067
vn 0.8793 -0.3642 -0.3067
vn 0.8793 -0.3642 0.3067
vn 0.5460 -0.2261 0.8067
vn -0.5462 0.2262 0.8065
vn -0.8794 0.3643 0.3066
vn -0.8794 0.3643 -0.3066
vn -0.5462 0.2262 -0.8065
vn 0.5460 -0.2262 -0.8067
vn 0.5861 -0.0772 0.8066
vn -0.5860 -0.0771 0.8066
vn -0.9437 -0.1242 0.3067
vn -0.9437 -0.1242 -0.3067
vn -0.5860 -0.0771 -0.8066
vn 0.5861 -0.0772 -0.8066
vn 0.8793 0.3642 -0.3067
vn 0.8793 0.3642 0.3067
vn -1.0000 -0.0000 -0.0000
vn 0.5461 0.2262 -0.8066
vn 0.4689 0.3598 0.8066
vn -0.0303 -0.0000 0.9995
vn -0.4689 -0.3598 0.8066
vn -0.4690 -0.3599 -0.8066
vn -0.0494 -0.0000 -0.9988
vn 0.4688 0.3598 -0.8067
vn 0.5794 0.7551 -0.3068
vn 0.3597 0.4688 0.8067
vn -0.3597 -0.4688 0.8067
vn -0.3597 -0.4688 -0.8067
vn 0.3598 0.4689 -0.8066
vn 0.3642 0.8793 -0.3069
vn 0.3642 0.8793 0.3069
vn -0.2262 -0.5460 0.8067
vn 0.2262 0.5459 -0.8067
vn 0.1242 0.9437 0.3067
vn 0.0772 0.5863 0.8064
vn -0.0772 -0.5862 0.8065
vn -0.1242 -0.9437 0.3065
vn -0.0772 -0.5860 -0.8066
vn -0.1242 0.9437 -0.3067
vn -0.1242 0.9437 0.3067
vn -0.0772 0.5863 0.8064
vn 0.0771 -0.5861 0.8066
vn 0.1242 -0.9437 -0.3067
vn 0.0771 -0.5858 -0.8067
vn -0.3642 0.8793 0.3067
vn -0.2263 0.5463 0.8064
vn 0.2262 -0.5461 0.8066
vn -0.2261 0.5459 -0.8067
vn -0.3599 0.4691 0.8065
vn -0.0324 -0.0000 0.9995
vn 0.5794 -0.7551 -0.3067
vn 0.3598 -0.4689 -0.8066
vn -0.0324 -0.0000 -0.9995
vn -0.3599 0.4691 -0.8065
vn -0.7551 0.5794 0.3067
vn -0.0391 -0.0000 0.9992
vn 0.4689 -0.3599 0.8066
vn 0.4690 -0.3599 -0.8065
vn -0.4690 0.3599 -0.8065
vn -0.5463 0.2262 0.8065
vn 0.5460 -0.2262 0.8067
vn 0.8794 -0.3642 0.3067
vn 0.8794 -0.3642 -0.3067
vn -0.5861 0.0772 0.8066
vn -0.5861 0.0772 -0.8066
vn 0.5860 0.0771 0.8066
vn 0.9437 0.1242 0.3067
vn 0.9437 0.1242 -0.3067
vn 0.5860 0.0771 -0.8066
vn -0.8793 -0.3642 -0.3067
vn -0.8793 -0.3642 0.3067
vn 1.0000 -0.0000 -0.0000
vn -0.5461 -0.2262 -0.8066
vn 0.0303 -0.0000 0.9995
vn 0.4690 0.3599 -0.8066
vn 0.0494 -0.0000 -0.9988
vn -0.4688 -0.3598 -0.8067
vn -0.5794 -0.7551 -0.3068
vn 0.3597 0.4688 -0.8067
vn -0.3598 -0.4689 -0.8066
vn -0.3642 -0.8793 -0.3069
vn -0.3642 -0.8793 0.3069
vn 0.2262 0.5460 0.8067
vn -0.2262 -0.5459 -0.8067
vn -0.1242 -0.9437 0.3067
vn -0.0772 -0.5863 0.8064
vn 0.0772 0.5862 0.8065
vn 0.1242 0.9437 0.3065
vn 0.0772 0.5860 -0.8066
vn 0.1242 -0.9437 0.3067
vn 0.0772 -0.5863 0.8064
vn -0.0771 0.5861 0.8066
vn -0.0771 0.5858 -0.8067
vn 0.3642 -0.8793 0.3067
vn 0.2263 -0.5463 0.8064
vn -0.2262 0.5461 0.8066
vn 0.2261 -0.5459 -0.8067
vn 0.3599 -0.4691 0.8065
vn 0.0324 -0.0000 0.9995
vn -0.5794 0.7551 -0.3067
vn -0.3598 0.4689 -0.8066
vn 0.0324 -0.0000 -0.9995
vn 0.3599 -0.4691 -0.8065
vn 0.7551 -0.5794 0.3067
vn 0.0391 -0.0000 0.9992
vn -0.4689 0.3599 0.8066
vn 0.5463 -0.2262 0.8065
vn -0.5460 0.2262 0.8067
vn -0.8794 0.3642 0.3067
vn -0.8794 0.3642 -0.3067
vt 0.710296 0.931382
vt 0.708077 0.937666
vt 0.707330 0.937100
vt 0.707319 0.937091
vt 0.708352 0.930432
vt 0.710018 0.931213
vt 0.705544 0.935829
vt 0.706169 0.929710
vt 0.708345 0.930429
vt 0.892776 0.425646
vt 0.890948 0.429646
vt 0.891775 0.425258
vt 0.890943 0.429642
vt 0.889532 0.424721
vt 0.891769 0.425256
vt 0.938676 0.716005
vt 0.935819 0.712516
vt 0.936616 0.712033
vt 0.937912 0.716584
vt 0.933874 0.713466
vt 0.935537 0.712669
vt 0.936138 0.717845
vt 0.931692 0.714188
vt 0.933867 0.713469
vt 0.934228 0.719076
vt 0.930652 0.714447
vt 0.945673 0.401829
vt 0.944249 0.408029
vt 0.943418 0.402266
vt 0.703136 0.942071
vt 0.703820 0.942712
vt 0.703125 0.942061
vt 0.705550 0.935833
vt 0.701583 0.940524
vt 0.703634 0.934598
vt 0.890676 0.434032
vt 0.891906 0.430262
vt 0.889773 0.433223
vt 0.888765 0.428791
vt 0.941589 0.719458
vt 0.937924 0.716575
vt 0.940891 0.720114
vt 0.936144 0.717841
vt 0.937813 0.723326
vt 0.937128 0.724115
vt 0.933335 0.719619
vt 0.947708 0.411745
vt 0.946458 0.407273
vt 0.698606 0.946657
vt 0.697999 0.945958
vt 0.696735 0.944201
vt 0.701588 0.940529
vt 0.696731 0.944194
vt 0.700048 0.938849
vt 0.695656 0.942171
vt 0.699260 0.938137
vt 0.700048 0.938849
vt 0.914613 0.429642
vt 0.917876 0.432114
vt 0.915782 0.433223
vt 0.945158 0.722158
vt 0.940901 0.720104
vt 0.944538 0.722873
vt 0.939353 0.721645
vt 0.939348 0.721651
vt 0.942205 0.726649
vt 0.959346 0.859049
vt 0.960232 0.864538
vt 0.958096 0.863521
vt 0.692836 0.949217
vt 0.692269 0.948494
vt 0.692087 0.948235
vt 0.697989 0.945947
vt 0.691320 0.946589
vt 0.690609 0.943217
vt 0.695220 0.941176
vt 0.913787 0.425256
vt 0.916791 0.428791
vt 0.949137 0.723919
vt 0.944548 0.722862
vt 0.948447 0.724924
vt 0.943284 0.724619
vt 0.947666 0.726566
vt 0.943280 0.724625
vt 0.947103 0.728817
vt 0.941774 0.727630
vt 0.962387 0.854042
vt 0.961555 0.859805
vt 0.964641 0.853948
vt 0.962690 0.847643
vt 0.964925 0.847546
vt 0.685898 0.948737
vt 0.691323 0.946596
vt 0.685687 0.945205
vt 0.690758 0.944339
vt 0.685836 0.944032
vt 0.913359 0.420363
vt 0.916024 0.424721
vt 0.915647 0.420180
vt 0.918284 0.424718
vt 0.916044 0.424718
vt 0.952385 0.726145
vt 0.947668 0.726560
vt 0.952206 0.727342
vt 0.952175 0.729683
vt 0.946957 0.729924
vt 0.960400 0.847558
vt 0.960132 0.853604
vt 0.962406 0.841040
vt 0.964641 0.840944
vt 0.680256 0.948167
vt 0.685719 0.947553
vt 0.680307 0.946999
vt 0.685718 0.947546
vt 0.680789 0.944710
vt 0.913359 0.415299
vt 0.915627 0.420181
vt 0.915647 0.415482
vt 0.917887 0.420180
vt 0.956538 0.725725
vt 0.952207 0.727335
vt 0.957073 0.729188
vt 0.952321 0.730840
vt 0.960132 0.841321
vt 0.962671 0.847643
vt 0.961574 0.834687
vt 0.963470 0.834542
vt 0.675198 0.946068
vt 0.680307 0.947006
vt 0.675456 0.944987
vt 0.677091 0.941851
vt 0.681225 0.943566
vt 0.913787 0.410406
vt 0.915627 0.415481
vt 0.916044 0.410944
vt 0.917887 0.415482
vt 0.960263 0.724180
vt 0.956591 0.726892
vt 0.960524 0.725267
vt 0.956591 0.726899
vt 0.961465 0.727366
vt 0.957504 0.730316
vt 0.961555 0.834690
vt 0.962387 0.841042
vt 0.961456 0.828734
vt 0.960251 0.829016
vt 0.671069 0.942584
vt 0.675454 0.944993
vt 0.671636 0.941333
vt 0.676397 0.942888
vt 0.672811 0.939863
vt 0.914613 0.406020
vt 0.916024 0.410941
vt 0.916811 0.406875
vt 0.917950 0.410993
vt 0.963276 0.721646
vt 0.960522 0.725261
vt 0.965050 0.724340
vt 0.966621 0.725477
vt 0.962150 0.728389
vt 0.958096 0.829963
vt 0.959346 0.835320
vt 0.958526 0.824413
vt 0.959720 0.824092
vt 0.476313 0.901167
vt 0.477199 0.894867
vt 0.478449 0.900224
vt 0.669236 0.936455
vt 0.670275 0.935841
vt 0.674410 0.938750
vt 0.672458 0.934979
vt 0.675722 0.938110
vt 0.674727 0.938579
vt 0.917895 0.403553
vt 0.918031 0.407109
vt 0.960441 0.966828
vt 0.961852 0.971749
vt 0.959674 0.970898
vt 0.963895 0.722839
vt 0.967586 0.720318
vt 0.969768 0.721179
vt 0.967984 0.726057
vt 0.966967 0.725624
vt 0.474971 0.895500
vt 0.471904 0.889243
vt 0.474139 0.889147
vt 0.474158 0.889145
vt 0.474990 0.895497
vt 0.667847 0.931435
vt 0.671276 0.930732
vt 0.672451 0.934981
vt 0.671283 0.930732
vt 0.673599 0.934731
vt 0.958578 0.962287
vt 0.960422 0.966826
vt 0.958181 0.966826
vt 0.960838 0.962288
vt 0.962679 0.967363
vt 0.967767 0.715229
vt 0.966532 0.719695
vt 0.968898 0.715573
vt 0.969761 0.721178
vt 0.972415 0.715960
vt 0.970904 0.721425
vt 0.471621 0.882641
vt 0.473855 0.882545
vt 0.473875 0.882545
vt 0.476413 0.888866
vt 0.668963 0.925951
vt 0.668963 0.931096
vt 0.671276 0.926126
vt 0.671283 0.926128
vt 0.672486 0.930707
vt 0.958578 0.957589
vt 0.960819 0.962287
vt 0.960838 0.957588
vt 0.963107 0.962471
vt 0.967767 0.710386
vt 0.968899 0.710429
vt 0.971211 0.715936
vt 0.971218 0.710252
vt 0.971218 0.715936
vt 0.471904 0.876239
vt 0.474139 0.876143
vt 0.474158 0.876145
vt 0.476145 0.882629
vt 0.669236 0.920498
vt 0.667847 0.925993
vt 0.670275 0.920758
vt 0.672458 0.921479
vt 0.672486 0.926344
vt 0.958181 0.953051
vt 0.960819 0.957589
vt 0.960441 0.953049
vt 0.963107 0.957406
vt 0.967586 0.705235
vt 0.971211 0.710253
vt 0.969768 0.704513
vt 0.972415 0.710035
vt 0.972487 0.703037
vt 0.968747 0.697845
vt 0.969494 0.697279
vt 0.474990 0.870382
vt 0.476413 0.876583
vt 0.671918 0.915327
vt 0.674721 0.917100
vt 0.672451 0.921476
vt 0.674727 0.917104
vt 0.674120 0.922276
vt 0.676508 0.918370
vt 0.675199 0.922912
vt 0.674402 0.922429
vt 0.959674 0.948979
vt 0.962679 0.952514
vt 0.964145 0.700897
vt 0.966532 0.705498
vt 0.965050 0.700347
vt 0.969761 0.704516
vt 0.968735 0.697854
vt 0.971435 0.703732
vt 0.965237 0.692233
vt 0.964553 0.692874
vt 0.476313 0.865650
vt 0.477199 0.871138
vt 0.675712 0.910830
vt 0.672811 0.915869
vt 0.676397 0.911619
vt 0.677937 0.913300
vt 0.676496 0.918362
vt 0.679485 0.914842
vt 0.677259 0.918940
vt 0.958589 0.945655
vt 0.961852 0.948128
vt 0.961465 0.696097
vt 0.962999 0.694421
vt 0.966960 0.699116
vt 0.963004 0.694416
vt 0.966967 0.699112
vt 0.959415 0.688988
vt 0.960023 0.688289
vt 0.473685 0.925490
vt 0.472799 0.930978
vt 0.471549 0.926507
vt 0.680358 0.907315
vt 0.680789 0.908297
vt 0.677931 0.913294
vt 0.681867 0.910326
vt 0.679474 0.914832
vt 0.683131 0.912083
vt 0.680173 0.915487
vt 0.812482 0.408484
vt 0.811473 0.404051
vt 0.813567 0.405160
vt 0.960770 0.696896
vt 0.957073 0.692774
vt 0.958152 0.690745
vt 0.964542 0.692884
vt 0.953686 0.686451
vt 0.954252 0.685728
vt 0.475839 0.935985
vt 0.475008 0.930223
vt 0.685540 0.905022
vt 0.686249 0.908379
vt 0.681863 0.910320
vt 0.686252 0.908386
vt 0.683121 0.912072
vt 0.687198 0.910283
vt 0.683741 0.912787
vt 0.811715 0.412554
vt 0.810304 0.407632
vt 0.952026 0.691728
vt 0.956636 0.693769
vt 0.952175 0.690606
vt 0.958148 0.690751
vt 0.953503 0.686711
vt 0.959406 0.688999
vt 0.475859 0.935984
vt 0.478377 0.942481
vt 0.476143 0.942385
vt 0.476123 0.942385
vt 0.473585 0.936423
vt 0.690758 0.905262
vt 0.685687 0.906129
vt 0.690789 0.907603
vt 0.690790 0.907610
vt 0.687030 0.910021
vt 0.813578 0.417094
vt 0.811734 0.412556
vt 0.813975 0.412556
vt 0.811318 0.417093
vt 0.809477 0.412019
vt 0.947252 0.690913
vt 0.947103 0.689740
vt 0.952737 0.688356
vt 0.947136 0.687392
vt 0.952739 0.688349
vt 0.478094 0.949083
vt 0.475859 0.948987
vt 0.475839 0.948986
vt 0.473853 0.942470
vt 0.696087 0.904629
vt 0.690905 0.904105
vt 0.695656 0.905757
vt 0.695175 0.908053
vt 0.690968 0.908800
vt 0.813578 0.421792
vt 0.811337 0.417094
vt 0.811318 0.421793
vt 0.809050 0.416911
vt 0.942205 0.690235
vt 0.947135 0.687399
vt 0.941723 0.687939
vt 0.947314 0.686208
vt 0.477262 0.955436
vt 0.475027 0.955340
vt 0.475008 0.955337
vt 0.473585 0.948706
vt 0.700733 0.906557
vt 0.695656 0.905757
vt 0.699107 0.909678
vt 0.695175 0.908046
vt 0.699105 0.909684
vt 0.695122 0.909220
vt 0.813975 0.426331
vt 0.811337 0.421792
vt 0.811715 0.426333
vt 0.809050 0.421976
vt 0.938508 0.693094
vt 0.942642 0.691379
vt 0.937813 0.692057
vt 0.941724 0.687946
vt 0.936615 0.688877
vt 0.941673 0.686778
vt 0.944348 0.376958
vt 0.947278 0.372637
vt 0.945553 0.377240
vt 0.473685 0.961007
vt 0.472799 0.954708
vt 0.705205 0.909468
vt 0.700048 0.907579
vt 0.703634 0.910605
vt 0.890623 0.406226
vt 0.887680 0.403548
vt 0.888876 0.403243
vt 0.888745 0.406875
vt 0.886464 0.403858
vt 0.887661 0.403553
vt 0.812482 0.430403
vt 0.809477 0.426868
vt 0.934228 0.695082
vt 0.933052 0.693612
vt 0.936872 0.689959
vt 0.932909 0.693295
vt 0.936871 0.689952
vt 0.944230 0.382911
vt 0.942335 0.382766
vt 0.706567 0.908888
vt 0.708352 0.913766
vt 0.705550 0.909321
vt 0.708345 0.913767
vt 0.703634 0.910605
vt 0.892776 0.410016
vt 0.890948 0.406016
vt 0.891906 0.405400
vt 0.891769 0.410406
vt 0.888765 0.406871
vt 0.889512 0.410944
vt 0.887525 0.407109
vt 0.935015 0.700214
vt 0.936144 0.696366
vt 0.937138 0.696835
vt 0.935826 0.696195
vt 0.931692 0.699105
vt 0.946458 0.383544
vt 0.945572 0.377244
vt 0.947708 0.378187
vt 0.943398 0.389265
vt 0.941163 0.389169
vt 0.710999 0.918985
vt 0.709487 0.913520
vt 0.709795 0.919009
vt 0.706169 0.914627
vt 0.892203 0.415298
vt 0.891775 0.410404
vt 0.892197 0.415299
vt 0.889531 0.410941
vt 0.889909 0.415482
vt 0.887606 0.410993
vt 0.933902 0.704238
vt 0.933874 0.699966
vt 0.932692 0.704213
vt 0.933867 0.699964
vt 0.930380 0.703850
vt 0.930652 0.698490
vt 0.943418 0.389266
vt 0.944249 0.382914
vt 0.943115 0.395867
vt 0.940880 0.395771
vt 0.710999 0.924910
vt 0.709802 0.919009
vt 0.707482 0.924517
vt 0.707482 0.919372
vt 0.893227 0.415166
vt 0.892203 0.420364
vt 0.892197 0.420363
vt 0.889929 0.415481
vt 0.889909 0.420180
vt 0.887669 0.415482
vt 0.933902 0.708601
vt 0.932699 0.704213
vt 0.932692 0.708819
vt 0.930380 0.708994
vt 0.929264 0.703510
vt 0.945404 0.395782
vt 0.945673 0.389545
vt 0.943398 0.402268
vt 0.941163 0.402172
vt 0.709802 0.924693
vt 0.709795 0.924692
vt 0.893227 0.420496
vt 0.889929 0.420181
vt 0.889512 0.424718
vt 0.887669 0.420180
vt 0.932699 0.708818
vt 0.929264 0.708953
vt 0.943134 0.395867
vt 0.941148 0.402169
vt 0.940864 0.395769
vt 0.706169 0.929710
vt 0.887272 0.424718
vt 0.887653 0.420181
vt 0.946464 0.407270
vt 0.945679 0.401827
vt 0.945411 0.395781
vt 0.945553 0.412766
vt 0.944230 0.408032
vt 0.889779 0.433228
vt 0.887680 0.432114
vt 0.888745 0.428787
vt 0.947714 0.411741
vt 0.961574 0.859808
vt 0.960251 0.864542
vt 0.914608 0.429646
vt 0.915777 0.433228
vt 0.917895 0.432109
vt 0.958091 0.863516
vt 0.913781 0.425258
vt 0.916810 0.428787
vt 0.948614 0.724662
vt 0.960126 0.853602
vt 0.959340 0.859046
vt 0.962406 0.854044
vt 0.964940 0.847545
vt 0.964657 0.853945
vt 0.918300 0.424721
vt 0.960394 0.847557
vt 0.964657 0.840944
vt 0.913353 0.415298
vt 0.913353 0.420364
vt 0.917903 0.420181
vt 0.960126 0.841322
vt 0.963825 0.834593
vt 0.913781 0.410404
vt 0.918300 0.410941
vt 0.917903 0.415481
vt 0.959340 0.835322
vt 0.476294 0.901171
vt 0.478037 0.905769
vt 0.478019 0.905774
vt 0.671492 0.941650
vt 0.914608 0.406016
vt 0.916791 0.406871
vt 0.958571 0.974217
vt 0.958589 0.974221
vt 0.958091 0.829967
vt 0.960232 0.829020
vt 0.478455 0.900221
vt 0.917876 0.403548
vt 0.959655 0.970894
vt 0.961858 0.971753
vt 0.471889 0.889243
vt 0.472736 0.895596
vt 0.472720 0.895594
vt 0.476419 0.888865
vt 0.477205 0.894865
vt 0.958166 0.966828
vt 0.962685 0.967365
vt 0.471605 0.882642
vt 0.476151 0.882630
vt 0.958563 0.962288
vt 0.963113 0.962471
vt 0.471889 0.876243
vt 0.958166 0.953049
vt 0.958563 0.957588
vt 0.960422 0.953051
vt 0.963113 0.957405
vt 0.971713 0.703564
vt 0.476419 0.876585
vt 0.962685 0.952511
vt 0.476294 0.865646
vt 0.474971 0.870379
vt 0.478449 0.866666
vt 0.477205 0.871141
vt 0.959655 0.948982
vt 0.960688 0.944541
vt 0.961858 0.948124
vt 0.475027 0.930220
vt 0.473704 0.925486
vt 0.471543 0.926511
vt 0.812501 0.408487
vt 0.813586 0.405165
vt 0.811468 0.404046
vt 0.473579 0.936425
vt 0.472793 0.930982
vt 0.810298 0.407629
vt 0.478393 0.942482
vt 0.478094 0.936080
vt 0.478109 0.936083
vt 0.473846 0.942470
vt 0.813991 0.412554
vt 0.809471 0.412016
vt 0.478109 0.949083
vt 0.813594 0.421793
vt 0.813594 0.417093
vt 0.809043 0.416910
vt 0.477278 0.955435
vt 0.473579 0.948705
vt 0.813991 0.426333
vt 0.809043 0.421976
vt 0.947296 0.372643
vt 0.473704 0.961012
vt 0.471549 0.960065
vt 0.472793 0.954705
vt 0.702317 0.912386
vt 0.811734 0.426331
vt 0.810298 0.431258
vt 0.809471 0.426870
vt 0.471979 0.965615
vt 0.813586 0.433721
vt 0.812501 0.430399
vt 0.947714 0.378191
vt 0.941148 0.389169
vt 0.941980 0.382817
vt 0.887256 0.410941
vt 0.945679 0.389546
vt 0.946464 0.383547
vt 0.887653 0.415481
vt 0.711071 0.931908
vt 0.945572 0.412762
vt 0.963732 0.722553
vt 0.919092 0.403858
vt 0.960683 0.944546
vt 0.687721 0.911026
vt 0.698811 0.910744
vt 0.946084 0.372316
vt 0.810304 0.431254
vt 0.932485 0.692361
vt 0.887256 0.424721
vt 0.887661 0.432109
vt 0.958508 0.824418
vt 0.478455 0.866671
vt 0.958571 0.945660
vt 0.471543 0.960061
vt 0.702315 0.912392
vt 0.471961 0.965609
vt 0.813567 0.433726
s 0
usemtl MAT_metal_dark_blued
f 2043/2894/1812 2063/2895/1812 2064/2896/1812
f 2065/2897/1813 2045/2898/1813 2046/2899/1813
f 2067/2900/1814 2047/2901/1814 2048/2902/1814
f 2050/2903/1815 2070/2904/1815 2049/2905/1815
f 2071/2906/1816 2051/2907/1816 2052/2908/1816
f 2073/2909/1817 2053/2910/1817 2054/2911/1817
f 2075/2912/1818 2055/2913/1818 2056/2914/1818
f 2077/2915/1819 2057/2916/1819 2058/2917/1819
f 2079/2918/1820 2059/2919/1820 2060/2916/1820
f 2062/2920/1821 2082/2921/1821 2061/2922/1821
f 2084/2923/1822 2063/2895/1822 2083/2924/1822
f 2085/2925/1823 2066/2926/1823 2065/2897/1823
f 2087/2927/1824 2068/2928/1824 2067/2900/1824
f 2089/2929/1825 2070/2904/1825 2069/2930/1825
f 2091/2931/1826 2072/2932/1826 2071/2906/1826
f 2093/2933/1827 2074/2934/1827 2073/2909/1827
f 2095/2935/1828 2076/2936/1828 2075/2912/1828
f 2077/2915/1829 2098/2937/1829 2078/2918/1829
f 2079/2918/1830 2100/2938/1830 2080/2939/1830
f 2101/2940/1831 2082/2921/1831 2081/2941/1831
f 2084/2923/1832 2103/2942/1832 2104/2943/1832
f 2085/2925/1833 2106/2944/1833 2086/2945/1833
f 2107/2946/1834 2088/2947/1834 2087/2927/1834
f 2109/2948/1835 2090/2949/1835 2089/2950/1835
f 2111/2951/1836 2092/2952/1836 2091/2953/1836
f 2113/2954/1837 2094/2955/1837 2093/2933/1837
f 2115/2956/1838 2096/2957/1838 2095/2935/1838
f 2097/2958/1839 2118/2959/1839 2098/2937/1839
f 2119/2959/1840 2100/2938/1840 2099/2937/1840
f 2121/2960/1841 2102/2961/1841 2101/2962/1841
f 2104/2943/1842 2123/2963/1842 2124/2964/1842
f 2125/2965/1843 2106/2944/1843 2105/2966/1843
f 2127/2967/1844 2108/2948/1844 2107/2946/1844
f 2109/2948/1845 2130/2968/1845 2110/2969/1845
f 2131/2970/1846 2112/2971/1846 2111/2951/1846
f 2133/2972/1847 2114/2973/1847 2113/2954/1847
f 2135/2974/1848 2116/2975/1848 2115/2956/1848
f 2137/2976/1849 2118/2959/1849 2117/2977/1849
f 2139/2978/1850 2120/2979/1850 2119/2959/1850
f 2121/2960/1851 2142/2980/1851 2122/2981/1851
f 2124/2982/1852 2143/2983/1852 2144/2984/1852
f 2145/2985/1853 2126/2986/1853 2125/2965/1853
f 2127/2967/1854 2148/2987/1854 2128/2988/1854
f 2129/2988/1855 2150/2989/1855 2130/2968/1855
f 2151/2990/1856 2132/2991/1856 2131/2970/1856
f 2153/2992/1857 2134/2993/1857 2133/2994/1857
f 2155/2995/1858 2136/2996/1858 2135/2974/1858
f 2157/2997/1859 2138/2978/1859 2137/2976/1859
f 2159/2998/1860 2140/2999/1860 2139/2978/1860
f 2161/3000/1861 2142/2980/1861 2141/3001/1861
f 2144/2984/1862 2163/3002/1862 2164/3003/1862
f 2165/3004/1863 2146/3005/1863 2145/2985/1863
f 2167/3006/1864 2148/2987/1864 2147/3007/1864
f 2169/3008/1865 2150/2989/1865 2149/2987/1865
f 2171/3009/1866 2152/3010/1866 2151/2990/1866
f 2173/3011/1867 2154/3012/1867 2153/2992/1867
f 2175/3013/1868 2156/3014/1868 2155/2995/1868
f 2157/2997/1869 2178/3015/1869 2158/2998/1869
f 2179/3015/1870 2160/3016/1870 2159/2998/1870
f 2181/3017/1871 2162/3018/1871 2161/3000/1871
f 2164/3003/1872 2183/3019/1872 2184/3020/1872
f 2185/3021/1873 2166/3022/1873 2165/3004/1873
f 2187/3023/1874 2168/3008/1874 2167/3006/1874
f 2169/3008/1875 2190/3024/1875 2170/3025/1875
f 2191/3026/1876 2172/3027/1876 2171/3009/1876
f 2193/3028/1877 2174/3029/1877 2173/3011/1877
f 2195/3030/1878 2176/3031/1878 2175/3013/1878
f 2197/3032/1879 2178/3015/1879 2177/3033/1879
f 2199/3034/1880 2180/3035/1880 2179/3015/1880
f 2181/3017/1881 2202/3036/1881 2182/3037/1881
f 2204/3038/1882 2183/3019/1882 2203/3039/1882
f 2205/3040/1883 2186/3041/1883 2185/3021/1883
f 2207/3042/1884 2188/3043/1884 2187/3023/1884
f 2209/3044/1885 2190/3024/1885 2189/3043/1885
f 2211/3045/1886 2192/3046/1886 2191/3026/1886
f 2213/3047/1887 2194/3048/1887 2193/3028/1887
f 2215/3049/1888 2196/3050/1888 2195/3030/1888
f 2197/3032/1889 2218/3051/1889 2198/3034/1889
f 2199/3034/1890 2220/3052/1890 2200/3053/1890
f 2221/3054/1891 2202/3036/1891 2201/3055/1891
f 2204/3038/1892 2223/3056/1892 2224/3057/1892
f 2205/3058/1893 2226/3059/1893 2206/3060/1893
f 2227/3061/1894 2208/3044/1894 2207/3042/1894
f 2229/3062/1895 2210/3063/1895 2209/3044/1895
f 2231/3064/1896 2212/3065/1896 2211/3066/1896
f 2233/3067/1897 2214/3068/1897 2213/3047/1897
f 2235/3069/1898 2216/3070/1898 2215/3071/1898
f 2217/3072/1899 2238/3073/1899 2218/3051/1899
f 2239/3073/1900 2220/3052/1900 2219/3051/1900
f 2241/3074/1901 2222/3075/1901 2221/3076/1901
f 2224/3077/1902 2243/3078/1902 2244/3079/1902
f 2245/3080/1903 2226/3059/1903 2225/3081/1903
f 2247/3082/1904 2228/3062/1904 2227/3061/1904
f 2229/3062/1905 2250/3083/1905 2230/3084/1905
f 2251/3085/1906 2232/3086/1906 2231/3064/1906
f 2253/3087/1907 2234/3088/1907 2233/3089/1907
f 2255/3090/1908 2236/3091/1908 2235/3069/1908
f 2257/3092/1909 2238/3073/1909 2237/3093/1909
f 2259/3094/1910 2240/3095/1910 2239/3073/1910
f 2241/3074/1911 2262/3096/1911 2242/3097/1911
f 2244/3079/1912 2263/3098/1912 2264/3099/1912
f 2265/3100/1913 2246/3101/1913 2245/3080/1913
f 2247/3082/1914 2268/3102/1914 2248/3103/1914
f 2249/3103/1915 2270/3104/1915 2250/3083/1915
f 2271/3105/1916 2252/3106/1916 2251/3085/1916
f 2273/3107/1917 2254/3108/1917 2253/3087/1917
f 2275/3109/1918 2256/3110/1918 2255/3090/1918
f 2277/3111/1919 2258/3094/1919 2257/3092/1919
f 2279/3112/1920 2260/3113/1920 2259/3094/1920
f 2281/3114/1921 2262/3096/1921 2261/3115/1921
f 2264/3099/1922 2283/3116/1922 2284/3117/1922
f 2285/3118/1923 2266/3119/1923 2265/3100/1923
f 2287/3120/1924 2268/3102/1924 2267/3121/1924
f 2289/3122/1925 2270/3104/1925 2269/3102/1925
f 2291/3123/1926 2272/3124/1926 2271/3105/1926
f 2293/3125/1927 2274/3126/1927 2273/3107/1927
f 2295/3127/1928 2276/3128/1928 2275/3109/1928
f 2277/3111/1929 2298/3129/1929 2278/3112/1929
f 2299/3129/1930 2280/3130/1930 2279/3112/1930
f 2301/3131/1931 2282/3132/1931 2281/3114/1931
f 2284/3133/1817 2303/3134/1817 2304/3135/1817
f 2305/3136/1816 2286/3137/1816 2285/3118/1816
f 2307/3138/1815 2288/3122/1815 2287/3120/1815
f 2289/3122/1814 2310/3139/1814 2290/3140/1814
f 2311/3141/1813 2292/3142/1813 2291/3123/1813
f 2313/3143/1812 2294/3144/1812 2293/3145/1812
f 2315/3146/1821 2296/3147/1821 2295/3127/1821
f 2317/3148/1820 2298/3129/1820 2297/3149/1820
f 2319/3150/1819 2300/3151/1819 2299/3129/1819
f 2301/3131/1818 2322/3152/1818 2302/3153/1818
f 2324/3154/1827 2303/3134/1827 2323/3155/1827
f 2325/3156/1826 2306/3157/1826 2305/3136/1826
f 2327/3158/1825 2308/3159/1825 2307/3138/1825
f 2329/3160/1824 2310/3139/1824 2309/3159/1824
f 2331/3161/1823 2312/3162/1823 2311/3141/1823
f 2333/3163/1822 2314/3164/1822 2313/3143/1822
f 2335/3165/1831 2316/3166/1831 2315/3146/1831
f 2317/3148/1830 2338/3167/1830 2318/3150/1830
f 2319/3150/1829 2340/3168/1829 2320/3169/1829
f 2341/3170/1828 2322/3152/1828 2321/3171/1828
f 2324/3154/1837 2343/3172/1837 2344/3173/1837
f 2325/3174/1836 2346/3175/1836 2326/3176/1836
f 2347/3177/1835 2328/3160/1835 2327/3158/1835
f 2349/3178/1834 2330/3179/1834 2329/3160/1834
f 2351/3180/1833 2332/3181/1833 2331/3161/1833
f 2353/3182/1832 2334/3183/1832 2333/3163/1832
f 2355/3184/1841 2336/3185/1841 2335/3186/1841
f 2337/3187/1840 2358/3188/1840 2338/3167/1840
f 2359/3188/1839 2340/3168/1839 2339/3167/1839
f 2361/3189/1838 2342/3190/1838 2341/3170/1838
f 2344/3173/1847 2363/3191/1847 2364/3192/1847
f 2365/3193/1846 2346/3175/1846 2345/3194/1846
f 2367/3195/1845 2348/3178/1845 2347/3177/1845
f 2349/3178/1844 2370/3196/1844 2350/3197/1844
f 2371/3198/1843 2352/3199/1843 2351/3180/1843
f 2373/3200/1842 2354/3201/1842 2353/3182/1842
f 2375/3202/1851 2356/3203/1851 2355/3184/1851
f 2377/3204/1850 2358/3188/1850 2357/3205/1850
f 2379/3206/1849 2360/3207/1849 2359/3188/1849
f 2361/3189/1848 2382/3208/1848 2362/3209/1848
f 2364/3210/1857 2383/3211/1857 2384/3212/1857
f 2385/3213/1856 2366/3214/1856 2365/3193/1856
f 2367/3195/1855 2388/3215/1855 2368/3216/1855
f 2369/3216/1854 2390/3217/1854 2370/3196/1854
f 2391/3218/1853 2372/3219/1853 2371/3198/1853
f 2393/3220/1852 2374/3221/1852 2373/3222/1852
f 2395/3223/1861 2376/3224/1861 2375/3202/1861
f 2397/3225/1860 2378/3206/1860 2377/3204/1860
f 2399/3226/1859 2380/3227/1859 2379/3206/1859
f 2401/3228/1858 2382/3208/1858 2381/3229/1858
f 2384/3212/1867 2403/3230/1867 2404/3231/1867
f 2405/3232/1866 2386/3233/1866 2385/3213/1866
f 2407/3234/1865 2388/3215/1865 2387/3235/1865
f 2409/3236/1864 2390/3217/1864 2389/3215/1864
f 2411/3237/1863 2392/3238/1863 2391/3218/1863
f 2413/3239/1862 2394/3240/1862 2393/3220/1862
f 2415/3241/1871 2396/3242/1871 2395/3223/1871
f 2397/3225/1870 2418/3243/1870 2398/3226/1870
f 2419/3243/1869 2400/3244/1869 2399/3226/1869
f 2421/3245/1868 2402/3246/1868 2401/3228/1868
f 2404/3231/1877 2423/3247/1877 2424/3248/1877
f 2425/3249/1876 2406/3250/1876 2405/3232/1876
f 2427/3251/1875 2408/3252/1875 2407/3234/1875
f 2409/3236/1874 2430/3253/1874 2410/3254/1874
f 2431/3255/1873 2412/3256/1873 2411/3237/1873
f 2433/3257/1872 2414/3258/1872 2413/3239/1872
f 2435/3259/1881 2416/3260/1881 2415/3241/1881
f 2437/3261/1880 2418/3243/1880 2417/3262/1880
f 2439/3263/1879 2420/3264/1879 2419/3243/1879
f 2421/3245/1878 2442/3265/1878 2422/3266/1878
f 2444/3267/1887 2423/3268/1887 2443/3269/1887
f 2445/3270/1886 2426/3271/1886 2425/3249/1886
f 2447/3272/1885 2428/3273/1885 2427/3251/1885
f 2449/3274/1884 2430/3253/1884 2429/3273/1884
f 2451/3275/1883 2432/3276/1883 2431/3277/1883
f 2453/3278/1882 2434/3279/1882 2433/3280/1882
f 2455/3281/1891 2436/3282/1891 2435/3259/1891
f 2437/3261/1890 2458/3283/1890 2438/3263/1890
f 2439/3263/1889 2460/3284/1889 2440/3285/1889
f 2461/3286/1888 2442/3265/1888 2441/3287/1888
f 2444/3267/1897 2463/3288/1897 2464/3289/1897
f 2445/3290/1896 2466/3291/1896 2446/3292/1896
f 2467/3293/1895 2448/3294/1895 2447/3272/1895
f 2469/3295/1894 2450/3296/1894 2449/3297/1894
f 2471/3298/1893 2452/3299/1893 2451/3275/1893
f 2473/3300/1892 2454/3301/1892 2453/3278/1892
f 2475/3302/1901 2456/3303/1901 2455/3304/1901
f 2457/3305/1900 2478/3306/1900 2458/3283/1900
f 2479/3306/1899 2460/3284/1899 2459/3283/1899
f 2481/3307/1898 2462/3308/1898 2461/3309/1898
f 2464/3289/1907 2483/3310/1907 2484/3311/1907
f 2485/3312/1906 2466/3291/1906 2465/3313/1906
f 2487/3314/1905 2468/3315/1905 2467/3293/1905
f 2469/3295/1904 2490/3316/1904 2470/3317/1904
f 2491/3318/1903 2472/3319/1903 2471/3298/1903
f 2493/3320/1902 2474/3321/1902 2473/3300/1902
f 2495/3322/1911 2476/3323/1911 2475/3302/1911
f 2497/3324/1910 2478/3306/1910 2477/3325/1910
f 2499/3326/1909 2480/3327/1909 2479/3306/1909
f 2481/3307/1908 2502/3328/1908 2482/3329/1908
f 2484/3311/1917 2503/3330/1917 2504/3331/1917
f 2505/3332/1916 2486/3333/1916 2485/3312/1916
f 2487/3314/1915 2508/3334/1915 2488/3335/1915
f 2489/3336/1914 2510/3337/1914 2490/3316/1914
f 2511/3338/1913 2492/3339/1913 2491/3318/1913
f 2513/3340/1912 2494/3341/1912 2493/3320/1912
f 2515/3342/1921 2496/3343/1921 2495/3322/1921
f 2517/3344/1920 2498/3326/1920 2497/3324/1920
f 2519/3345/1919 2500/3346/1919 2499/3326/1919
f 2521/3347/1918 2502/3328/1918 2501/3348/1918
f 2504/3331/1927 2044/3349/1927 2043/3350/1927
f 2046/2899/1926 2506/3351/1926 2505/3332/1926
f 2048/2902/1925 2508/3334/1925 2507/3352/1925
f 2050/2903/1924 2510/3337/1924 2509/3353/1924
f 2052/2908/1923 2512/3354/1923 2511/3338/1923
f 2054/3355/1922 2514/3356/1922 2513/3340/1922
f 2056/2914/1931 2516/3357/1931 2515/3342/1931
f 2517/3344/1930 2057/2916/1930 2518/3345/1930
f 2060/2916/1929 2520/3358/1929 2519/3345/1929
f 2062/2920/1928 2522/3359/1928 2521/3347/1928
f 2082/2921/1932 2044/3349/1932 2061/2922/1932
f 2061/2922/1933 2503/3330/1933 2522/3359/1933
f 2043/2894/1934 2065/2897/1934 2046/2899/1934
f 2504/3331/1935 2046/3360/1935 2505/3361/1935
f 2066/2926/1936 2048/2902/1936 2045/2898/1936
f 2045/2898/1937 2507/3352/1937 2506/3351/1937
f 2047/2901/1938 2069/2928/1938 2050/3362/1938
f 2508/3334/1938 2050/3362/1938 2509/3334/1938
f 2070/2904/1939 2052/2908/1939 2049/2905/1939
f 2049/2905/1940 2511/3338/1940 2510/3337/1940
f 2072/2932/1941 2054/3355/1941 2051/2907/1941
f 2051/2907/1942 2513/3340/1942 2512/3354/1942
f 2053/2910/1943 2075/2912/1943 2056/2914/1943
f 2053/3363/1944 2515/3364/1944 2514/3356/1944
f 2076/2936/1945 2058/2917/1945 2055/2913/1945
f 2055/2913/1946 2517/3344/1946 2516/3357/1946
f 2057/2916/1947 2079/2918/1947 2060/2916/1947
f 2518/3345/1938 2060/2916/1938 2519/3345/1938
f 2080/3365/1948 2062/2920/1948 2059/3366/1948
f 2059/3366/1949 2521/3347/1949 2520/3367/1949
f 2082/2921/1950 2083/3368/1950 2063/3369/1950
f 2084/2923/1951 2065/2897/1951 2064/2896/1951
f 2086/2945/1952 2067/2900/1952 2066/2926/1952
f 2068/2928/1938 2089/2950/1938 2069/2928/1938
f 2090/3370/1953 2071/2906/1953 2070/2904/1953
f 2092/3371/1954 2073/3372/1954 2072/2932/1954
f 2074/2934/1955 2095/2935/1955 2075/2912/1955
f 2076/2936/1956 2097/2958/1956 2077/2915/1956
f 2078/2918/1938 2099/2937/1938 2079/2918/1938
f 2100/3373/1957 2081/2941/1957 2080/3365/1957
f 2102/2961/1958 2103/3374/1958 2083/3375/1958
f 2104/2943/1959 2085/2925/1959 2084/2923/1959
f 2106/2944/1960 2087/2927/1960 2086/2945/1960
f 2088/2947/1938 2109/2948/1938 2089/2950/1938
f 2110/3376/1961 2091/2953/1961 2090/3377/1961
f 2112/2971/1962 2093/3378/1962 2092/2952/1962
f 2114/2973/1963 2095/2935/1963 2094/2955/1963
f 2116/2975/1964 2097/2958/1964 2096/2957/1964
f 2098/2937/1947 2119/2959/1947 2099/2937/1947
f 2100/3379/1965 2121/2960/1965 2101/2962/1965
f 2142/2980/1966 2103/3374/1966 2122/2981/1966
f 2104/2943/1967 2125/2965/1967 2105/2966/1967
f 2106/2944/1968 2127/2967/1968 2107/2946/1968
f 2108/2948/1938 2129/2988/1938 2109/2948/1938
f 2130/3380/1969 2111/2951/1969 2110/3376/1969
f 2112/2971/1970 2133/2994/1970 2113/3381/1970
f 2134/3382/1971 2115/2956/1971 2114/2973/1971
f 2136/2996/1972 2117/2977/1972 2116/2975/1972
f 2118/2959/1947 2139/2978/1947 2119/2959/1947
f 2140/3383/1973 2121/2960/1973 2120/3384/1973
f 2162/3018/1974 2123/3385/1974 2142/2980/1974
f 2124/2982/1975 2145/3386/1975 2125/3387/1975
f 2126/2986/1976 2147/3007/1976 2127/2967/1976
f 2128/2988/1947 2149/2987/1947 2129/2988/1947
f 2130/3380/1977 2151/2990/1977 2131/2970/1977
f 2132/2991/1978 2153/2992/1978 2133/2994/1978
f 2154/3012/1979 2135/3388/1979 2134/2993/1979
f 2156/3014/1980 2137/2976/1980 2136/2996/1980
f 2138/2978/1938 2159/2998/1938 2139/2978/1938
f 2160/3389/1981 2141/3001/1981 2140/3383/1981
f 2182/3037/1982 2143/2983/1982 2162/3018/1982
f 2144/2984/1983 2165/3390/1983 2145/3386/1983
f 2166/3022/1984 2147/3007/1984 2146/3005/1984
f 2148/2987/1938 2169/3008/1938 2149/2987/1938
f 2170/3391/1985 2151/2990/1985 2150/3392/1985
f 2172/3027/1986 2153/2992/1986 2152/3010/1986
f 2174/3029/1987 2155/3393/1987 2154/3012/1987
f 2176/3031/1988 2157/2997/1988 2156/3014/1988
f 2158/2998/1938 2179/3015/1938 2159/2998/1938
f 2180/3394/1989 2161/3000/1989 2160/3389/1989
f 2202/3036/1990 2163/3002/1990 2182/3037/1990
f 2164/3003/1991 2185/3395/1991 2165/3390/1991
f 2186/3041/1992 2167/3006/1992 2166/3022/1992
f 2168/3008/1938 2189/3043/1938 2169/3008/1938
f 2190/3396/1993 2171/3009/1993 2170/3391/1993
f 2192/3046/1994 2173/3011/1994 2172/3027/1994
f 2174/3029/1995 2195/3397/1995 2175/3398/1995
f 2196/3050/1996 2177/3033/1996 2176/3031/1996
f 2178/3015/1938 2199/3034/1938 2179/3015/1938
f 2200/3399/1997 2181/3017/1997 2180/3394/1997
f 2202/3036/1998 2203/3039/1998 2183/3019/1998
f 2204/3400/1999 2185/3401/1999 2184/3402/1999
f 2206/3403/2000 2187/3023/2000 2186/3041/2000
f 2188/3043/1938 2209/3044/1938 2189/3043/1938
f 2210/3404/2001 2191/3026/2001 2190/3396/2001
f 2212/3405/2002 2193/3028/2002 2192/3046/2002
f 2194/3406/2003 2215/3071/2003 2195/3407/2003
f 2196/3050/2004 2217/3072/2004 2197/3032/2004
f 2198/3034/1938 2219/3051/1938 2199/3034/1938
f 2220/3408/2005 2201/3055/2005 2200/3399/2005
f 2222/3409/2006 2223/3056/2006 2203/3039/2006
f 2224/3077/2007 2205/3058/2007 2204/3400/2007
f 2226/3059/2008 2207/3410/2008 2206/3060/2008
f 2208/3044/1938 2229/3062/1938 2209/3044/1938
f 2230/3084/2009 2211/3066/2009 2210/3063/2009
f 2232/3411/2010 2213/3047/2010 2212/3405/2010
f 2234/3088/2011 2215/3071/2011 2214/3412/2011
f 2236/3091/2012 2217/3413/2012 2216/3070/2012
f 2218/3051/1947 2239/3073/1947 2219/3051/1947
f 2220/3052/2013 2241/3074/2013 2221/3076/2013
f 2262/3414/2014 2223/3415/2014 2242/3416/2014
f 2224/3077/2015 2245/3080/2015 2225/3081/2015
f 2226/3059/2016 2247/3417/2016 2227/3418/2016
f 2228/3062/1938 2249/3103/1938 2229/3062/1938
f 2250/3083/2017 2231/3064/2017 2230/3084/2017
f 2232/3419/2018 2253/3087/2018 2233/3089/2018
f 2254/3108/2019 2235/3069/2019 2234/3088/2019
f 2256/3110/2020 2237/3420/2020 2236/3091/2020
f 2238/3073/1947 2259/3094/1947 2239/3073/1947
f 2260/3113/2021 2241/3074/2021 2240/3095/2021
f 2282/3421/2022 2243/3078/2022 2262/3414/2022
f 2244/3079/2023 2265/3100/2023 2245/3080/2023
f 2246/3101/2024 2267/3422/2024 2247/3417/2024
f 2248/3103/1938 2269/3102/1938 2249/3103/1938
f 2250/3083/2025 2271/3105/2025 2251/3085/2025
f 2252/3423/2026 2273/3107/2026 2253/3087/2026
f 2274/3126/2027 2255/3090/2027 2254/3108/2027
f 2276/3128/2028 2257/3424/2028 2256/3110/2028
f 2258/3094/1938 2279/3112/1938 2259/3094/1938
f 2280/3130/2029 2261/3115/2029 2260/3113/2029
f 2302/3425/2030 2263/3098/2030 2282/3421/2030
f 2264/3099/2031 2285/3118/2031 2265/3100/2031
f 2286/3137/2032 2267/3422/2032 2266/3119/2032
f 2268/3102/1938 2289/3122/1938 2269/3102/1938
f 2290/3140/2033 2271/3105/2033 2270/3104/2033
f 2292/3426/2034 2273/3107/2034 2272/3427/2034
f 2294/3428/2035 2275/3109/2035 2274/3126/2035
f 2296/3147/2036 2277/3429/2036 2276/3128/2036
f 2278/3112/1938 2299/3129/1938 2279/3112/1938
f 2300/3151/2037 2281/3114/2037 2280/3130/2037
f 2322/3152/1943 2283/3430/1943 2302/3153/1943
f 2284/3117/1941 2305/3136/1941 2285/3118/1941
f 2306/3157/2038 2287/3431/2038 2286/3137/2038
f 2288/3122/1938 2309/3159/1938 2289/3122/1938
f 2310/3139/2039 2291/3123/2039 2290/3140/2039
f 2312/3162/1934 2293/3145/1934 2292/3142/1934
f 2294/3428/1932 2315/3146/1932 2295/3127/1932
f 2316/3166/2040 2297/3432/2040 2296/3147/2040
f 2298/3129/1947 2319/3150/1947 2299/3129/1947
f 2320/3169/2041 2301/3131/2041 2300/3151/2041
f 2322/3152/2042 2323/3155/2042 2303/3134/2042
f 2324/3433/2043 2305/3136/2043 2304/3434/2043
f 2326/3435/2044 2307/3436/2044 2306/3157/2044
f 2308/3159/1938 2329/3160/1938 2309/3159/1938
f 2330/3179/2045 2311/3141/2045 2310/3139/2045
f 2332/3181/2046 2313/3143/2046 2312/3162/2046
f 2314/3437/2047 2335/3165/2047 2315/3146/2047
f 2316/3166/2048 2337/3438/2048 2317/3439/2048
f 2318/3150/1938 2339/3167/1938 2319/3150/1938
f 2340/3168/2049 2321/3171/2049 2320/3169/2049
f 2342/3190/2050 2343/3172/2050 2323/3155/2050
f 2344/3440/2051 2325/3174/2051 2324/3441/2051
f 2346/3175/2052 2327/3442/2052 2326/3176/2052
f 2328/3160/1938 2349/3178/1938 2329/3160/1938
f 2350/3197/2053 2331/3161/2053 2330/3179/2053
f 2352/3199/2054 2333/3163/2054 2332/3181/2054
f 2354/3443/2055 2335/3186/2055 2334/3444/2055
f 2356/3203/2056 2337/3445/2056 2336/3185/2056
f 2338/3167/1947 2359/3188/1947 2339/3167/1947
f 2340/3168/2057 2361/3189/2057 2341/3170/2057
f 2382/3208/2058 2343/3172/2058 2362/3209/2058
f 2344/3440/2059 2365/3193/2059 2345/3194/2059
f 2346/3175/2060 2367/3446/2060 2347/3447/2060
f 2348/3178/1938 2369/3216/1938 2349/3178/1938
f 2370/3196/2061 2351/3180/2061 2350/3197/2061
f 2352/3199/2062 2373/3200/2062 2353/3182/2062
f 2374/3221/2063 2355/3184/2063 2354/3443/2063
f 2376/3224/2064 2357/3448/2064 2356/3203/2064
f 2358/3188/1947 2379/3206/1947 2359/3188/1947
f 2380/3227/2065 2361/3189/2065 2360/3207/2065
f 2402/3449/1979 2363/3450/1979 2382/3451/1979
f 2364/3210/2066 2385/3213/2066 2365/3193/2066
f 2366/3214/1977 2387/3452/1977 2367/3446/1977
f 2368/3216/1947 2389/3215/1947 2369/3216/1947
f 2370/3196/1976 2391/3218/1976 2371/3198/1976
f 2372/3453/2067 2393/3220/2067 2373/3222/2067
f 2394/3240/1974 2375/3202/1974 2374/3221/1974
f 2396/3242/2068 2377/3454/2068 2376/3224/2068
f 2378/3206/1938 2399/3226/1938 2379/3206/1938
f 2400/3244/2069 2381/3229/2069 2380/3227/2069
f 2422/3455/2070 2383/3211/2070 2402/3449/2070
f 2384/3212/2071 2405/3232/2071 2385/3213/2071
f 2406/3250/2072 2387/3452/2072 2386/3233/2072
f 2388/3215/1938 2409/3236/1938 2389/3215/1938
f 2410/3254/2073 2391/3218/2073 2390/3217/2073
f 2412/3456/2074 2393/3220/2074 2392/3457/2074
f 2414/3258/2075 2395/3223/2075 2394/3240/2075
f 2416/3260/2076 2397/3458/2076 2396/3242/2076
f 2398/3226/1938 2419/3243/1938 2399/3226/1938
f 2420/3264/2077 2401/3228/2077 2400/3244/2077
f 2442/3459/1995 2403/3230/1995 2422/3455/1995
f 2404/3231/1994 2425/3249/1994 2405/3232/1994
f 2426/3271/2078 2407/3460/2078 2406/3250/2078
f 2408/3252/1938 2429/3273/1938 2409/3236/1938
f 2430/3253/2079 2411/3237/2079 2410/3254/2079
f 2432/3461/1991 2413/3239/1991 2412/3456/1991
f 2414/3258/1990 2435/3259/1990 2415/3241/1990
f 2436/3282/2080 2417/3462/2080 2416/3260/2080
f 2418/3243/1938 2439/3263/1938 2419/3243/1938
f 2440/3285/2081 2421/3245/2081 2420/3264/2081
f 2442/3463/2082 2443/3269/2082 2423/3268/2082
f 2444/3464/2083 2425/3249/2083 2424/3248/2083
f 2446/3465/2084 2427/3466/2084 2426/3271/2084
f 2428/3273/1938 2449/3274/1938 2429/3273/1938
f 2450/3467/2085 2431/3255/2085 2430/3253/2085
f 2452/3299/2086 2433/3280/2086 2432/3276/2086
f 2434/3468/2087 2455/3281/2087 2435/3259/2087
f 2436/3282/2088 2457/3469/2088 2437/3470/2088
f 2438/3263/1938 2459/3283/1938 2439/3263/1938
f 2460/3284/2089 2441/3287/2089 2440/3285/2089
f 2462/3308/2090 2463/3288/2090 2443/3269/2090
f 2464/3471/2091 2445/3270/2091 2444/3464/2091
f 2466/3291/2092 2447/3272/2092 2446/3292/2092
f 2448/3294/1938 2469/3315/1938 2449/3274/1938
f 2470/3317/2093 2451/3275/2093 2450/3296/2093
f 2472/3319/2094 2453/3278/2094 2452/3299/2094
f 2474/3472/2095 2455/3281/2095 2454/3473/2095
f 2476/3323/2096 2457/3305/2096 2456/3303/2096
f 2458/3283/1947 2479/3306/1947 2459/3283/1947
f 2460/3474/2097 2481/3307/2097 2461/3309/2097
f 2502/3328/2098 2463/3288/2098 2482/3329/2098
f 2464/3289/2018 2485/3475/2018 2465/3476/2018
f 2466/3291/2099 2487/3314/2099 2467/3293/2099
f 2468/3315/1938 2489/3335/1938 2469/3315/1938
f 2490/3316/2100 2471/3298/2100 2470/3317/2100
f 2472/3319/2015 2493/3320/2015 2473/3300/2015
f 2494/3341/2101 2475/3477/2101 2474/3321/2101
f 2496/3343/2102 2477/3325/2102 2476/3323/2102
f 2478/3306/1947 2499/3326/1947 2479/3306/1947
f 2500/3478/2103 2481/3307/2103 2480/3479/2103
f 2522/3359/2104 2483/3310/2104 2502/3328/2104
f 2484/3311/2105 2505/3361/2105 2485/3475/2105
f 2486/3333/2106 2507/3352/2106 2487/3314/2106
f 2488/3335/1938 2509/3334/1938 2489/3335/1938
f 2490/3316/2107 2511/3338/2107 2491/3318/2107
f 2492/3339/2108 2513/3340/2108 2493/3320/2108
f 2514/3356/2109 2495/3480/2109 2494/3341/2109
f 2516/3357/2110 2497/3324/2110 2496/3343/2110
f 2498/3326/1938 2519/3345/1938 2499/3326/1938
f 2520/3367/2111 2501/3348/2111 2500/3478/2111
f 2043/2894/1812 2044/3481/1812 2063/2895/1812
f 2065/2897/1813 2066/2926/1813 2045/2898/1813
f 2067/2900/1814 2068/2928/1814 2047/2901/1814
f 2050/2903/1815 2069/2930/1815 2070/2904/1815
f 2071/2906/1816 2072/2932/1816 2051/2907/1816
f 2073/2909/1817 2074/2934/1817 2053/2910/1817
f 2075/2912/1818 2076/2936/1818 2055/2913/1818
f 2077/2915/1819 2078/2918/1819 2057/2916/1819
f 2079/2918/1820 2080/2939/1820 2059/2919/1820
f 2062/2920/1821 2081/2941/1821 2082/2921/1821
f 2084/2923/1822 2064/2896/1822 2063/2895/1822
f 2085/2925/1823 2086/2945/1823 2066/2926/1823
f 2087/2927/1824 2088/2947/1824 2068/2928/1824
f 2089/2929/1825 2090/3370/1825 2070/2904/1825
f 2091/2931/1826 2092/3371/1826 2072/2932/1826
f 2093/2933/1827 2094/2955/1827 2074/2934/1827
f 2095/2935/1828 2096/2957/1828 2076/2936/1828
f 2077/2915/1829 2097/2958/1829 2098/2937/1829
f 2079/2918/1830 2099/2937/1830 2100/2938/1830
f 2101/2940/1831 2102/3482/1831 2082/2921/1831
f 2084/2923/1832 2083/2924/1832 2103/2942/1832
f 2085/2925/1833 2105/2966/1833 2106/2944/1833
f 2107/2946/1834 2108/2948/1834 2088/2947/1834
f 2109/2948/1835 2110/2969/1835 2090/2949/1835
f 2111/2951/1836 2112/2971/1836 2092/2952/1836
f 2113/2954/1837 2114/2973/1837 2094/2955/1837
f 2115/2956/1838 2116/2975/1838 2096/2957/1838
f 2097/2958/1839 2117/2977/1839 2118/2959/1839
f 2119/2959/1840 2120/2979/1840 2100/2938/1840
f 2121/2960/1841 2122/2981/1841 2102/2961/1841
f 2104/2943/1842 2103/2942/1842 2123/2963/1842
f 2125/2965/1843 2126/2986/1843 2106/2944/1843
f 2127/2967/1844 2128/2988/1844 2108/2948/1844
f 2109/2948/1845 2129/2988/1845 2130/2968/1845
f 2131/2970/1846 2132/2991/1846 2112/2971/1846
f 2133/2972/1847 2134/3382/1847 2114/2973/1847
f 2135/2974/1848 2136/2996/1848 2116/2975/1848
f 2137/2976/1849 2138/2978/1849 2118/2959/1849
f 2139/2978/1850 2140/2999/1850 2120/2979/1850
f 2121/2960/1851 2141/3001/1851 2142/2980/1851
f 2124/2982/1852 2123/3385/1852 2143/2983/1852
f 2145/2985/1853 2146/3005/1853 2126/2986/1853
f 2127/2967/1854 2147/3007/1854 2148/2987/1854
f 2129/2988/1855 2149/2987/1855 2150/2989/1855
f 2151/2990/1856 2152/3010/1856 2132/2991/1856
f 2153/2992/1857 2154/3012/1857 2134/2993/1857
f 2155/2995/1858 2156/3014/1858 2136/2996/1858
f 2157/2997/1859 2158/2998/1859 2138/2978/1859
f 2159/2998/1860 2160/3016/1860 2140/2999/1860
f 2161/3000/1861 2162/3018/1861 2142/2980/1861
f 2144/2984/1862 2143/2983/1862 2163/3002/1862
f 2165/3004/1863 2166/3022/1863 2146/3005/1863
f 2167/3006/1864 2168/3008/1864 2148/2987/1864
f 2169/3008/1865 2170/3025/1865 2150/2989/1865
f 2171/3009/1866 2172/3027/1866 2152/3010/1866
f 2173/3011/1867 2174/3029/1867 2154/3012/1867
f 2175/3013/1868 2176/3031/1868 2156/3014/1868
f 2157/2997/1869 2177/3033/1869 2178/3015/1869
f 2179/3015/1870 2180/3035/1870 2160/3016/1870
f 2181/3017/1871 2182/3037/1871 2162/3018/1871
f 2164/3003/1872 2163/3002/1872 2183/3019/1872
f 2185/3021/1873 2186/3041/1873 2166/3022/1873
f 2187/3023/1874 2188/3043/1874 2168/3008/1874
f 2169/3008/1875 2189/3043/1875 2190/3024/1875
f 2191/3026/1876 2192/3046/1876 2172/3027/1876
f 2193/3028/1877 2194/3048/1877 2174/3029/1877
f 2195/3030/1878 2196/3050/1878 2176/3031/1878
f 2197/3032/1879 2198/3034/1879 2178/3015/1879
f 2199/3034/1880 2200/3053/1880 2180/3035/1880
f 2181/3017/1881 2201/3055/1881 2202/3036/1881
f 2204/3038/1882 2184/3020/1882 2183/3019/1882
f 2205/3040/1883 2206/3403/1883 2186/3041/1883
f 2207/3042/1884 2208/3044/1884 2188/3043/1884
f 2209/3044/1885 2210/3063/1885 2190/3024/1885
f 2211/3045/1886 2212/3405/1886 2192/3046/1886
f 2213/3047/1887 2214/3068/1887 2194/3048/1887
f 2215/3049/1888 2216/3483/1888 2196/3050/1888
f 2197/3032/1889 2217/3072/1889 2218/3051/1889
f 2199/3034/1890 2219/3051/1890 2220/3052/1890
f 2221/3054/1891 2222/3409/1891 2202/3036/1891
f 2204/3038/1892 2203/3039/1892 2223/3056/1892
f 2205/3058/1893 2225/3081/1893 2226/3059/1893
f 2227/3061/1894 2228/3062/1894 2208/3044/1894
f 2229/3062/1895 2230/3084/1895 2210/3063/1895
f 2231/3064/1896 2232/3086/1896 2212/3065/1896
f 2233/3067/1897 2234/3484/1897 2214/3068/1897
f 2235/3069/1898 2236/3091/1898 2216/3070/1898
f 2217/3072/1899 2237/3093/1899 2238/3073/1899
f 2239/3073/1900 2240/3095/1900 2220/3052/1900
f 2241/3074/1901 2242/3097/1901 2222/3075/1901
f 2224/3077/1902 2223/3415/1902 2243/3078/1902
f 2245/3080/1903 2246/3101/1903 2226/3059/1903
f 2247/3082/1904 2248/3103/1904 2228/3062/1904
f 2229/3062/1905 2249/3103/1905 2250/3083/1905
f 2251/3085/1906 2252/3106/1906 2232/3086/1906
f 2253/3087/1907 2254/3108/1907 2234/3088/1907
f 2255/3090/1908 2256/3110/1908 2236/3091/1908
f 2257/3092/1909 2258/3094/1909 2238/3073/1909
f 2259/3094/1910 2260/3113/1910 2240/3095/1910
f 2241/3074/1911 2261/3115/1911 2262/3096/1911
f 2244/3079/1912 2243/3078/1912 2263/3098/1912
f 2265/3100/1913 2266/3119/1913 2246/3101/1913
f 2247/3082/1914 2267/3121/1914 2268/3102/1914
f 2249/3103/1915 2269/3102/1915 2270/3104/1915
f 2271/3105/1916 2272/3124/1916 2252/3106/1916
f 2273/3107/1917 2274/3126/1917 2254/3108/1917
f 2275/3109/1918 2276/3128/1918 2256/3110/1918
f 2277/3111/1919 2278/3112/1919 2258/3094/1919
f 2279/3112/1920 2280/3130/1920 2260/3113/1920
f 2281/3114/1921 2282/3132/1921 2262/3096/1921
f 2264/3099/1922 2263/3098/1922 2283/3116/1922
f 2285/3118/1923 2286/3137/1923 2266/3119/1923
f 2287/3120/1924 2288/3122/1924 2268/3102/1924
f 2289/3122/1925 2290/3140/1925 2270/3104/1925
f 2291/3123/1926 2292/3142/1926 2272/3124/1926
f 2293/3125/1927 2294/3428/1927 2274/3126/1927
f 2295/3127/1928 2296/3147/1928 2276/3128/1928
f 2277/3111/1929 2297/3149/1929 2298/3129/1929
f 2299/3129/1930 2300/3151/1930 2280/3130/1930
f 2301/3131/1931 2302/3153/1931 2282/3132/1931
f 2284/3133/1817 2283/3430/1817 2303/3134/1817
f 2305/3136/1816 2306/3157/1816 2286/3137/1816
f 2307/3138/1815 2308/3159/1815 2288/3122/1815
f 2289/3122/1814 2309/3159/1814 2310/3139/1814
f 2311/3141/1813 2312/3162/1813 2292/3142/1813
f 2313/3143/1812 2314/3164/1812 2294/3144/1812
f 2315/3146/1821 2316/3166/1821 2296/3147/1821
f 2317/3148/1820 2318/3150/1820 2298/3129/1820
f 2319/3150/1819 2320/3169/1819 2300/3151/1819
f 2301/3131/1818 2321/3171/1818 2322/3152/1818
f 2324/3154/1827 2304/3135/1827 2303/3134/1827
f 2325/3156/1826 2326/3435/1826 2306/3157/1826
f 2327/3158/1825 2328/3160/1825 2308/3159/1825
f 2329/3160/1824 2330/3179/1824 2310/3139/1824
f 2331/3161/1823 2332/3181/1823 2312/3162/1823
f 2333/3163/1822 2334/3183/1822 2314/3164/1822
f 2335/3165/1831 2336/3485/1831 2316/3166/1831
f 2317/3148/1830 2337/3187/1830 2338/3167/1830
f 2319/3150/1829 2339/3167/1829 2340/3168/1829
f 2341/3170/1828 2342/3190/1828 2322/3152/1828
f 2324/3154/1837 2323/3155/1837 2343/3172/1837
f 2325/3174/1836 2345/3194/1836 2346/3175/1836
f 2347/3177/1835 2348/3178/1835 2328/3160/1835
f 2349/3178/1834 2350/3197/1834 2330/3179/1834
f 2351/3180/1833 2352/3199/1833 2332/3181/1833
f 2353/3182/1832 2354/3201/1832 2334/3183/1832
f 2355/3184/1841 2356/3203/1841 2336/3185/1841
f 2337/3187/1840 2357/3205/1840 2358/3188/1840
f 2359/3188/1839 2360/3207/1839 2340/3168/1839
f 2361/3189/1838 2362/3209/1838 2342/3190/1838
f 2344/3173/1847 2343/3172/1847 2363/3191/1847
f 2365/3193/1846 2366/3214/1846 2346/3175/1846
f 2367/3195/1845 2368/3216/1845 2348/3178/1845
f 2349/3178/1844 2369/3216/1844 2370/3196/1844
f 2371/3198/1843 2372/3219/1843 2352/3199/1843
f 2373/3200/1842 2374/3486/1842 2354/3201/1842
f 2375/3202/1851 2376/3224/1851 2356/3203/1851
f 2377/3204/1850 2378/3206/1850 2358/3188/1850
f 2379/3206/1849 2380/3227/1849 2360/3207/1849
f 2361/3189/1848 2381/3229/1848 2382/3208/1848
f 2364/3210/1857 2363/3450/1857 2383/3211/1857
f 2385/3213/1856 2386/3233/1856 2366/3214/1856
f 2367/3195/1855 2387/3235/1855 2388/3215/1855
f 2369/3216/1854 2389/3215/1854 2390/3217/1854
f 2391/3218/1853 2392/3238/1853 2372/3219/1853
f 2393/3220/1852 2394/3240/1852 2374/3221/1852
f 2395/3223/1861 2396/3242/1861 2376/3224/1861
f 2397/3225/1860 2398/3226/1860 2378/3206/1860
f 2399/3226/1859 2400/3244/1859 2380/3227/1859
f 2401/3228/1858 2402/3246/1858 2382/3208/1858
f 2384/3212/1867 2383/3211/1867 2403/3230/1867
f 2405/3232/1866 2406/3250/1866 2386/3233/1866
f 2407/3234/1865 2408/3252/1865 2388/3215/1865
f 2409/3236/1864 2410/3254/1864 2390/3217/1864
f 2411/3237/1863 2412/3256/1863 2392/3238/1863
f 2413/3239/1862 2414/3258/1862 2394/3240/1862
f 2415/3241/1871 2416/3260/1871 2396/3242/1871
f 2397/3225/1870 2417/3262/1870 2418/3243/1870
f 2419/3243/1869 2420/3264/1869 2400/3244/1869
f 2421/3245/1868 2422/3266/1868 2402/3246/1868
f 2404/3231/1877 2403/3230/1877 2423/3247/1877
f 2425/3249/1876 2426/3271/1876 2406/3250/1876
f 2427/3251/1875 2428/3273/1875 2408/3252/1875
f 2409/3236/1874 2429/3273/1874 2430/3253/1874
f 2431/3255/1873 2432/3487/1873 2412/3256/1873
f 2433/3257/1872 2434/3468/1872 2414/3258/1872
f 2435/3259/1881 2436/3282/1881 2416/3260/1881
f 2437/3261/1880 2438/3263/1880 2418/3243/1880
f 2439/3263/1879 2440/3285/1879 2420/3264/1879
f 2421/3245/1878 2441/3287/1878 2442/3265/1878
f 2444/3267/1887 2424/3488/1887 2423/3268/1887
f 2445/3270/1886 2446/3465/1886 2426/3271/1886
f 2447/3272/1885 2448/3294/1885 2428/3273/1885
f 2449/3274/1884 2450/3467/1884 2430/3253/1884
f 2451/3275/1883 2452/3299/1883 2432/3276/1883
f 2453/3278/1882 2454/3301/1882 2434/3279/1882
f 2455/3281/1891 2456/3489/1891 2436/3282/1891
f 2437/3261/1890 2457/3305/1890 2458/3283/1890
f 2439/3263/1889 2459/3283/1889 2460/3284/1889
f 2461/3286/1888 2462/3490/1888 2442/3265/1888
f 2444/3267/1897 2443/3269/1897 2463/3288/1897
f 2445/3290/1896 2465/3313/1896 2466/3291/1896
f 2467/3293/1895 2468/3315/1895 2448/3294/1895
f 2469/3295/1894 2470/3317/1894 2450/3296/1894
f 2471/3298/1893 2472/3319/1893 2452/3299/1893
f 2473/3300/1892 2474/3321/1892 2454/3301/1892
f 2475/3302/1901 2476/3323/1901 2456/3303/1901
f 2457/3305/1900 2477/3325/1900 2478/3306/1900
f 2479/3306/1899 2480/3327/1899 2460/3284/1899
f 2481/3307/1898 2482/3329/1898 2462/3308/1898
f 2464/3289/1907 2463/3288/1907 2483/3310/1907
f 2485/3312/1906 2486/3333/1906 2466/3291/1906
f 2487/3314/1905 2488/3335/1905 2468/3315/1905
f 2469/3295/1904 2489/3336/1904 2490/3316/1904
f 2491/3318/1903 2492/3339/1903 2472/3319/1903
f 2493/3320/1902 2494/3341/1902 2474/3321/1902
f 2495/3322/1911 2496/3343/1911 2476/3323/1911
f 2497/3324/1910 2498/3326/1910 2478/3306/1910
f 2499/3326/1909 2500/3346/1909 2480/3327/1909
f 2481/3307/1908 2501/3348/1908 2502/3328/1908
f 2484/3311/1917 2483/3310/1917 2503/3330/1917
f 2505/3332/1916 2506/3351/1916 2486/3333/1916
f 2487/3314/1915 2507/3352/1915 2508/3334/1915
f 2489/3336/1914 2509/3353/1914 2510/3337/1914
f 2511/3338/1913 2512/3354/1913 2492/3339/1913
f 2513/3340/1912 2514/3356/1912 2494/3341/1912
f 2515/3342/1921 2516/3357/1921 2496/3343/1921
f 2517/3344/1920 2518/3345/1920 2498/3326/1920
f 2519/3345/1919 2520/3358/1919 2500/3346/1919
f 2521/3347/1918 2522/3359/1918 2502/3328/1918
f 2504/3331/1927 2503/3330/1927 2044/3349/1927
f 2046/2899/1926 2045/2898/1926 2506/3351/1926
f 2048/2902/1925 2047/2901/1925 2508/3334/1925
f 2050/2903/1924 2049/2905/1924 2510/3337/1924
f 2052/2908/1923 2051/2907/1923 2512/3354/1923
f 2054/3355/1922 2053/3363/1922 2514/3356/1922
f 2056/2914/1931 2055/2913/1931 2516/3357/1931
f 2517/3344/1930 2058/2917/1930 2057/2916/1930
f 2060/2916/1929 2059/2919/1929 2520/3358/1929
f 2062/2920/1928 2061/2922/1928 2522/3359/1928
f 2082/2921/1932 2063/3369/1932 2044/3349/1932
f 2061/2922/1933 2044/3349/1933 2503/3330/1933
f 2043/2894/1934 2064/2896/1934 2065/2897/1934
f 2504/3331/1935 2043/3350/1935 2046/3360/1935
f 2066/2926/2039 2067/2900/2039 2048/2902/2039
f 2045/2898/2112 2048/2902/2112 2507/3352/2112
f 2047/2901/1938 2068/2928/1938 2069/2928/1938
f 2508/3334/1938 2047/2901/1938 2050/3362/1938
f 2070/2904/2113 2071/2906/2113 2052/2908/2113
f 2049/2905/2032 2052/2908/2032 2511/3338/2032
f 2072/2932/2114 2073/3372/2114 2054/3355/2114
f 2051/2907/2031 2054/3355/2031 2513/3340/2031
f 2053/2910/2115 2074/2934/2115 2075/2912/2115
f 2053/3363/2030 2056/3491/2030 2515/3364/2030
f 2076/2936/2116 2077/2915/2116 2058/2917/2116
f 2055/2913/2037 2058/2917/2037 2517/3344/2037
f 2057/2916/1938 2078/2918/1938 2079/2918/1938
f 2518/3345/1947 2057/2916/1947 2060/2916/1947
f 2080/3365/2040 2081/2941/2040 2062/2920/2040
f 2059/3366/2117 2062/2920/2117 2521/3347/2117
f 2082/2921/2118 2102/3482/2118 2083/3368/2118
f 2084/2923/2119 2085/2925/2119 2065/2897/2119
f 2086/2945/2045 2087/2927/2045 2067/2900/2045
f 2068/2928/2120 2088/2947/2120 2089/2950/2120
f 2090/3370/2044 2091/2931/2044 2071/2906/2044
f 2092/3371/2043 2093/3492/2043 2073/3372/2043
f 2074/2934/2042 2094/2955/2042 2095/2935/2042
f 2076/2936/2049 2096/2957/2049 2097/2958/2049
f 2078/2918/2120 2098/2937/2120 2099/2937/2120
f 2100/3373/2121 2101/2940/2121 2081/2941/2121
f 2102/2961/1958 2122/2981/1958 2103/3374/1958
f 2104/2943/2054 2105/2966/2054 2085/2925/2054
f 2106/2944/2122 2107/2946/2122 2087/2927/2122
f 2088/2947/2123 2108/2948/2123 2109/2948/2123
f 2110/3376/2124 2111/2951/2124 2091/2953/2124
f 2112/2971/1962 2113/3381/1962 2093/3378/1962
f 2114/2973/1963 2115/2956/1963 2095/2935/1963
f 2116/2975/2125 2117/2977/2125 2097/2958/2125
f 2098/2937/2126 2118/2959/2126 2119/2959/2126
f 2100/3379/2127 2120/3384/2127 2121/2960/2127
f 2142/2980/2128 2123/3385/2128 2103/3374/2128
f 2104/2943/2062 2124/2964/2062 2125/2965/2062
f 2106/2944/2129 2126/2986/2129 2127/2967/2129
f 2108/2948/1938 2128/2988/1938 2129/2988/1938
f 2130/3380/2130 2131/2970/2130 2111/2951/2130
f 2112/2971/2059 2132/2991/2059 2133/2994/2059
f 2134/3382/2058 2135/2974/2058 2115/2956/2058
f 2136/2996/2131 2137/2976/2131 2117/2977/2131
f 2118/2959/1947 2138/2978/1947 2139/2978/1947
f 2140/3383/2132 2141/3001/2132 2121/2960/2132
f 2162/3018/2133 2143/2983/2133 2123/3385/2133
f 2124/2982/2134 2144/2984/2134 2145/3386/2134
f 2126/2986/1976 2146/3005/1976 2147/3007/1976
f 2128/2988/1938 2148/2987/1938 2149/2987/1938
f 2130/3380/2135 2150/3392/2135 2151/2990/2135
f 2132/2991/1978 2152/3010/1978 2153/2992/1978
f 2154/3012/1979 2155/3393/1979 2135/3388/1979
f 2156/3014/1980 2157/2997/1980 2137/2976/1980
f 2138/2978/1938 2158/2998/1938 2159/2998/1938
f 2160/3389/2136 2161/3000/2136 2141/3001/2136
f 2182/3037/2075 2163/3002/2075 2143/2983/2075
f 2144/2984/2137 2164/3003/2137 2165/3390/2137
f 2166/3022/2138 2167/3006/2138 2147/3007/2138
f 2148/2987/2120 2168/3008/2120 2169/3008/2120
f 2170/3391/2139 2171/3009/2139 2151/2990/2139
f 2172/3027/2140 2173/3011/2140 2153/2992/2140
f 2174/3029/2070 2175/3398/2070 2155/3393/2070
f 2176/3031/2141 2177/3033/2141 2157/2997/2141
f 2158/2998/2120 2178/3015/2120 2179/3015/2120
f 2180/3394/2076 2181/3017/2076 2161/3000/2076
f 2202/3036/2142 2183/3019/2142 2163/3002/2142
f 2164/3003/2143 2184/3020/2143 2185/3395/2143
f 2186/3041/2144 2187/3023/2144 2167/3006/2144
f 2168/3008/1938 2188/3043/1938 2189/3043/1938
f 2190/3396/2145 2191/3026/2145 2171/3009/2145
f 2192/3046/1994 2193/3028/1994 2173/3011/1994
f 2174/3029/2146 2194/3048/2146 2195/3397/2146
f 2196/3050/2147 2197/3032/2147 2177/3033/2147
f 2178/3015/1938 2198/3034/1938 2199/3034/1938
f 2200/3399/2080 2201/3055/2080 2181/3017/2080
f 2202/3036/2087 2222/3409/2087 2203/3039/2087
f 2204/3400/2148 2205/3058/2148 2185/3401/2148
f 2206/3403/2149 2207/3042/2149 2187/3023/2149
f 2188/3043/1947 2208/3044/1947 2209/3044/1947
f 2210/3404/2150 2211/3045/2150 2191/3026/2150
f 2212/3405/2002 2213/3047/2002 2193/3028/2002
f 2194/3406/2003 2214/3412/2003 2215/3071/2003
f 2196/3050/2004 2216/3483/2004 2217/3072/2004
f 2198/3034/1938 2218/3051/1938 2219/3051/1938
f 2220/3408/2151 2221/3054/2151 2201/3055/2151
f 2222/3409/2095 2242/3493/2095 2223/3056/2095
f 2224/3077/2094 2225/3081/2094 2205/3058/2094
f 2226/3059/2152 2227/3418/2152 2207/3410/2152
f 2208/3044/2153 2228/3062/2153 2229/3062/2153
f 2230/3084/2092 2231/3064/2092 2211/3066/2092
f 2232/3411/2091 2233/3067/2091 2213/3047/2091
f 2234/3088/2154 2235/3069/2154 2215/3071/2154
f 2236/3091/2155 2237/3420/2155 2217/3413/2155
f 2218/3051/2156 2238/3073/2156 2239/3073/2156
f 2220/3052/2157 2240/3095/2157 2241/3074/2157
f 2262/3414/2014 2243/3078/2014 2223/3415/2014
f 2224/3077/2158 2244/3079/2158 2245/3080/2158
f 2226/3059/2100 2246/3101/2100 2247/3417/2100
f 2228/3062/2159 2248/3103/2159 2249/3103/2159
f 2250/3083/2160 2251/3085/2160 2231/3064/2160
f 2232/3419/2018 2252/3423/2018 2253/3087/2018
f 2254/3108/2019 2255/3090/2019 2235/3069/2019
f 2256/3110/2161 2257/3424/2161 2237/3420/2161
f 2238/3073/2120 2258/3094/2120 2259/3094/2120
f 2260/3113/2162 2261/3115/2162 2241/3074/2162
f 2282/3421/2109 2263/3098/2109 2243/3078/2109
f 2244/3079/2108 2264/3099/2108 2265/3100/2108
f 2246/3101/2163 2266/3119/2163 2267/3422/2163
f 2248/3103/1938 2268/3102/1938 2269/3102/1938
f 2250/3083/2164 2270/3104/2164 2271/3105/2164
f 2252/3423/2165 2272/3427/2165 2273/3107/2165
f 2274/3126/2166 2275/3109/2166 2255/3090/2166
f 2276/3128/2111 2277/3429/2111 2257/3424/2111
f 2258/3094/1938 2278/3112/1938 2279/3112/1938
f 2280/3130/2110 2281/3114/2110 2261/3115/2110
f 2302/3425/2030 2283/3116/2030 2263/3098/2030
f 2264/3099/2031 2284/3117/2031 2285/3118/2031
f 2286/3137/2167 2287/3431/2167 2267/3422/2167
f 2268/3102/1938 2288/3122/1938 2289/3122/1938
f 2290/3140/1937 2291/3123/1937 2271/3105/1937
f 2292/3426/1935 2293/3125/1935 2273/3107/1935
f 2294/3428/1933 2295/3127/1933 2275/3109/1933
f 2296/3147/1949 2297/3432/1949 2277/3429/1949
f 2278/3112/1947 2298/3129/1947 2299/3129/1947
f 2300/3151/2168 2301/3131/2168 2281/3114/2168
f 2322/3152/1943 2303/3134/1943 2283/3430/1943
f 2284/3117/1941 2304/3434/1941 2305/3136/1941
f 2306/3157/1939 2307/3436/1939 2287/3431/1939
f 2288/3122/1938 2308/3159/1938 2309/3159/1938
f 2310/3139/2169 2311/3141/2169 2291/3123/2169
f 2312/3162/2170 2313/3143/2170 2293/3145/2170
f 2294/3428/2171 2314/3437/2171 2315/3146/2171
f 2316/3166/2172 2317/3439/2172 2297/3432/2172
f 2298/3129/1938 2318/3150/1938 2319/3150/1938
f 2320/3169/1945 2321/3171/1945 2301/3131/1945
f 2322/3152/2173 2342/3190/2173 2323/3155/2173
f 2324/3433/2174 2325/3156/2174 2305/3136/2174
f 2326/3435/1953 2327/3494/1953 2307/3436/1953
f 2308/3159/2175 2328/3160/2175 2329/3160/2175
f 2330/3179/1952 2331/3161/1952 2311/3141/1952
f 2332/3181/1951 2333/3163/1951 2313/3143/1951
f 2314/3437/1950 2334/3495/1950 2335/3165/1950
f 2316/3166/1957 2336/3485/1957 2337/3438/1957
f 2318/3150/2175 2338/3167/2175 2339/3167/2175
f 2340/3168/2176 2341/3170/2176 2321/3171/2176
f 2342/3190/2050 2362/3209/2050 2343/3172/2050
f 2344/3440/1962 2345/3194/1962 2325/3174/1962
f 2346/3175/2124 2347/3447/2124 2327/3442/2124
f 2328/3160/2177 2348/3178/2177 2349/3178/2177
f 2350/3197/2122 2351/3180/2122 2331/3161/2122
f 2352/3199/2054 2353/3182/2054 2333/3163/2054
f 2354/3443/2055 2355/3184/2055 2335/3186/2055
f 2356/3203/2178 2357/3448/2178 2337/3445/2178
f 2338/3167/2179 2358/3188/2179 2359/3188/2179
f 2340/3168/2180 2360/3207/2180 2361/3189/2180
f 2382/3208/2181 2363/3191/2181 2343/3172/2181
f 2344/3440/1970 2364/3210/1970 2365/3193/1970
f 2346/3175/2130 2366/3214/2130 2367/3446/2130
f 2348/3178/1938 2368/3216/1938 2369/3216/1938
f 2370/3196/2129 2371/3198/2129 2351/3180/2129
f 2352/3199/1967 2372/3219/1967 2373/3200/1967
f 2374/3221/1966 2375/3202/1966 2355/3184/1966
f 2376/3224/2182 2377/3454/2182 2357/3448/2182
f 2358/3188/1947 2378/3206/1947 2379/3206/1947
f 2380/3227/2183 2381/3229/2183 2361/3189/2183
f 2402/3449/2184 2383/3211/2184 2363/3450/2184
f 2364/3210/2185 2384/3212/2185 2385/3213/2185
f 2366/3214/1977 2386/3233/1977 2387/3452/1977
f 2368/3216/1938 2388/3215/1938 2389/3215/1938
f 2370/3196/2186 2390/3217/2186 2391/3218/2186
f 2372/3453/2067 2392/3457/2067 2393/3220/2067
f 2394/3240/1974 2395/3223/1974 2375/3202/1974
f 2396/3242/2068 2397/3458/2068 2377/3454/2068
f 2378/3206/1938 2398/3226/1938 2399/3226/1938
f 2400/3244/2187 2401/3228/2187 2381/3229/2187
f 2422/3455/1987 2403/3230/1987 2383/3211/1987
f 2384/3212/2188 2404/3231/2188 2405/3232/2188
f 2406/3250/2189 2407/3460/2189 2387/3452/2189
f 2388/3215/2175 2408/3252/2175 2409/3236/2175
f 2410/3254/2190 2411/3237/2190 2391/3218/2190
f 2412/3456/2191 2413/3239/2191 2393/3220/2191
f 2414/3258/1982 2415/3241/1982 2395/3223/1982
f 2416/3260/2192 2417/3462/2192 2397/3458/2192
f 2398/3226/2175 2418/3243/2175 2419/3243/2175
f 2420/3264/1988 2421/3245/1988 2401/3228/1988
f 2442/3459/2146 2423/3247/2146 2403/3230/2146
f 2404/3231/2193 2424/3248/2193 2425/3249/2193
f 2426/3271/2194 2427/3466/2194 2407/3460/2194
f 2408/3252/1938 2428/3273/1938 2429/3273/1938
f 2430/3253/2195 2431/3255/2195 2411/3237/2195
f 2432/3461/1991 2433/3257/1991 2413/3239/1991
f 2414/3258/2142 2434/3468/2142 2435/3259/2142
f 2436/3282/2196 2437/3470/2196 2417/3462/2196
f 2418/3243/1938 2438/3263/1938 2439/3263/1938
f 2440/3285/1996 2441/3287/1996 2421/3245/1996
f 2442/3463/2003 2462/3308/2003 2443/3269/2003
f 2444/3464/2197 2445/3270/2197 2425/3249/2197
f 2446/3465/2198 2447/3496/2198 2427/3466/2198
f 2428/3273/1947 2448/3294/1947 2449/3274/1947
f 2450/3467/2199 2451/3497/2199 2431/3255/2199
f 2452/3299/2086 2453/3278/2086 2433/3280/2086
f 2434/3468/2087 2454/3473/2087 2455/3281/2087
f 2436/3282/2088 2456/3489/2088 2457/3469/2088
f 2438/3263/1938 2458/3283/1938 2459/3283/1938
f 2460/3284/2200 2461/3286/2200 2441/3287/2200
f 2462/3308/2011 2482/3329/2011 2463/3288/2011
f 2464/3471/2010 2465/3498/2010 2445/3270/2010
f 2466/3291/2201 2467/3293/2201 2447/3272/2201
f 2448/3294/2202 2468/3315/2202 2469/3315/2202
f 2470/3317/2008 2471/3298/2008 2451/3275/2008
f 2472/3319/2007 2473/3300/2007 2453/3278/2007
f 2474/3472/2203 2475/3499/2203 2455/3281/2203
f 2476/3323/2204 2477/3325/2204 2457/3305/2204
f 2458/3283/2205 2478/3306/2205 2479/3306/2205
f 2460/3474/2206 2480/3479/2206 2481/3307/2206
f 2502/3328/2098 2483/3310/2098 2463/3288/2098
f 2464/3289/2207 2484/3311/2207 2485/3475/2207
f 2466/3291/2017 2486/3333/2017 2487/3314/2017
f 2468/3315/2208 2488/3335/2208 2489/3335/2208
f 2490/3316/2209 2491/3318/2209 2471/3298/2209
f 2472/3319/2015 2492/3339/2015 2493/3320/2015
f 2494/3341/2101 2495/3480/2101 2475/3477/2101
f 2496/3343/2162 2497/3324/2162 2477/3325/2162
f 2478/3306/2175 2498/3326/2175 2499/3326/2175
f 2500/3478/2161 2501/3348/2161 2481/3307/2161
f 2522/3359/2027 2503/3330/2027 2483/3310/2027
f 2484/3311/2026 2504/3331/2026 2505/3361/2026
f 2486/3333/2210 2506/3351/2210 2507/3352/2210
f 2488/3335/1938 2508/3334/1938 2509/3334/1938
f 2490/3316/2211 2510/3337/2211 2511/3338/2211
f 2492/3339/2212 2512/3354/2212 2513/3340/2212
f 2514/3356/2213 2515/3364/2213 2495/3480/2213
f 2516/3357/2029 2517/3344/2029 2497/3324/2029
f 2498/3326/1938 2518/3345/1938 2519/3345/1938
f 2520/3367/2028 2521/3347/2028 2501/3348/2028
o AK_magazine_main
v -0.017000 -0.030000 -0.015000
v -0.017000 -0.030000 -0.005000
v -0.017000 -0.030000 0.005000
v -0.017000 -0.030000 0.015000
v -0.039000 -0.030000 -0.015000
v -0.039000 -0.030000 -0.005000
v -0.039000 -0.030000 0.005000
v -0.039000 -0.030000 0.015000
v -0.061000 -0.030000 -0.015000
v -0.061000 -0.030000 -0.005000
v -0.061000 -0.030000 0.005000
v -0.061000 -0.030000 0.015000
v -0.083000 -0.030000 -0.015000
v -0.083000 -0.030000 -0.005000
v -0.083000 -0.030000 0.005000
v -0.083000 -0.030000 0.015000
v -0.023000 -0.180000 -0.015000
v -0.023000 -0.180000 -0.005000
v -0.023000 -0.180000 0.005000
v -0.023000 -0.180000 0.015000
v -0.001000 -0.180000 -0.015000
v -0.001000 -0.180000 -0.005000
v -0.001000 -0.180000 0.005000
v -0.001000 -0.180000 0.015000
v 0.021000 -0.180000 -0.015000
v 0.021000 -0.180000 -0.005000
v 0.021000 -0.180000 0.005000
v 0.021000 -0.180000 0.015000
v 0.043000 -0.180000 -0.015000
v 0.043000 -0.180000 -0.005000
v 0.043000 -0.180000 0.005000
v 0.043000 -0.180000 0.015000
v 0.004600 -0.150000 0.027000
v -0.017400 -0.150000 0.027000
v -0.039400 -0.150000 0.027000
v -0.061400 -0.150000 0.027000
v -0.014600 -0.120000 0.025000
v -0.036600 -0.120000 0.025000
v -0.058600 -0.120000 0.025000
v -0.080600 -0.120000 0.025000
v -0.017000 -0.090000 0.025000
v -0.039000 -0.090000 0.025000
v -0.061000 -0.090000 0.025000
v -0.083000 -0.090000 0.025000
v -0.017000 -0.060000 0.027000
v -0.039000 -0.060000 0.027000
v -0.061000 -0.060000 0.027000
v -0.083000 -0.060000 0.027000
v 0.026600 -0.150000 -0.015000
v 0.026600 -0.150000 -0.005000
v 0.026600 -0.150000 0.005000
v 0.026600 -0.150000 0.015000
v 0.007400 -0.120000 -0.015000
v 0.007400 -0.120000 -0.005000
v 0.007400 -0.120000 0.005000
v 0.007400 -0.120000 0.015000
v 0.005000 -0.090000 -0.015000
v 0.005000 -0.090000 -0.005000
v 0.005000 -0.090000 0.005000
v 0.005000 -0.090000 0.015000
v 0.005000 -0.060000 -0.015000
v 0.005000 -0.060000 -0.005000
v 0.005000 -0.060000 0.005000
v 0.005000 -0.060000 0.015000
v -0.061400 -0.150000 -0.027000
v -0.039400 -0.150000 -0.027000
v -0.017400 -0.150000 -0.027000
v 0.004600 -0.150000 -0.027000
v -0.080600 -0.120000 -0.025000
v -0.058600 -0.120000 -0.025000
v -0.036600 -0.120000 -0.025000
v -0.014600 -0.120000 -0.025000
v -0.083000 -0.090000 -0.025000
v -0.061000 -0.090000 -0.025000
v -0.039000 -0.090000 -0.025000
v -0.017000 -0.090000 -0.025000
v -0.083000 -0.060000 -0.027000
v -0.061000 -0.060000 -0.027000
v -0.039000 -0.060000 -0.027000
v -0.017000 -0.060000 -0.027000
v -0.083400 -0.150000 0.015000
v -0.083400 -0.150000 0.005000
v -0.083400 -0.150000 -0.005000
v -0.083400 -0.150000 -0.015000
v -0.102600 -0.120000 0.015000
v -0.102600 -0.120000 0.005000
v -0.102600 -0.120000 -0.005000
v -0.102600 -0.120000 -0.015000
v -0.105000 -0.090000 0.015000
v -0.105000 -0.090000 0.005000
v -0.105000 -0.090000 -0.005000
v -0.105000 -0.090000 -0.015000
v -0.105000 -0.060000 0.015000
v -0.105000 -0.060000 0.005000
v -0.105000 -0.060000 -0.005000
v -0.105000 -0.060000 -0.015000
v -0.043500 -0.180000 0.023500
v -0.045203 -0.178503 0.025100
v -0.046182 -0.179077 0.023560
v -0.044352 -0.179562 0.024590
v -0.045007 -0.179529 0.024400
v -0.045794 -0.178981 0.024633
v -0.044907 -0.179730 0.023530
v -0.105000 -0.031500 0.023598
v -0.103392 -0.031497 0.025100
v -0.103500 -0.030000 0.023500
v -0.104530 -0.031476 0.024657
v -0.104343 -0.030629 0.024412
v -0.103446 -0.030438 0.024590
v -0.104561 -0.030439 0.023549
v -0.046182 -0.179077 -0.023560
v -0.045203 -0.178503 -0.025100
v -0.043500 -0.180000 -0.023500
v -0.045794 -0.178981 -0.024633
v -0.045007 -0.179529 -0.024400
v -0.044352 -0.179562 -0.024590
v -0.044907 -0.179730 -0.023530
v -0.103500 -0.030000 -0.023500
v -0.103392 -0.031497 -0.025100
v -0.105000 -0.031500 -0.023598
v -0.103446 -0.030438 -0.024590
v -0.104343 -0.030629 -0.024412
v -0.104530 -0.031476 -0.024657
v -0.104561 -0.030439 -0.023549
v 0.063818 -0.179077 0.023560
v 0.061372 -0.178503 0.025100
v 0.063500 -0.180000 0.023500
v 0.062597 -0.178519 0.024662
v 0.063512 -0.179433 0.024406
v 0.062436 -0.179562 0.024590
v 0.064214 -0.179730 0.023530
v 0.003500 -0.030000 0.023500
v 0.003392 -0.031497 0.025100
v 0.005000 -0.031500 0.023598
v 0.003446 -0.030438 0.024590
v 0.004343 -0.030629 0.024412
v 0.004530 -0.031476 0.024657
v 0.004561 -0.030439 0.023549
v 0.061372 -0.178503 -0.025100
v 0.063818 -0.179077 -0.023560
v 0.063500 -0.180000 -0.023500
v 0.062597 -0.178519 -0.024662
v 0.063512 -0.179433 -0.024406
v 0.064214 -0.179730 -0.023530
v 0.062436 -0.179562 -0.024590
v 0.003500 -0.030000 -0.023500
v 0.005000 -0.031500 -0.023598
v 0.003392 -0.031497 -0.025100
v 0.004561 -0.030439 -0.023549
v 0.004343 -0.030629 -0.024412
v 0.004530 -0.031476 -0.024657
v 0.003446 -0.030438 -0.024590
v -0.043500 -0.180000 -0.015000
v -0.046182 -0.179077 -0.015000
v -0.044907 -0.179730 -0.015000
v -0.043500 -0.180000 -0.005000
v -0.046182 -0.179077 -0.005000
v -0.044907 -0.179730 -0.005000
v -0.043500 -0.180000 0.005000
v -0.046182 -0.179077 0.005000
v -0.044907 -0.179730 0.005000
v -0.046182 -0.179077 0.015000
v -0.043500 -0.180000 0.015000
v -0.044907 -0.179730 0.015000
v -0.081716 -0.150000 0.027000
v -0.083400 -0.150000 0.025498
v -0.082907 -0.150000 0.026560
v -0.100951 -0.120000 0.025000
v -0.102600 -0.120000 0.023498
v -0.102117 -0.120000 0.024560
v -0.103375 -0.090000 0.025000
v -0.105000 -0.090000 0.023498
v -0.104524 -0.090000 0.024560
v -0.105000 -0.060000 0.025498
v -0.103388 -0.060000 0.027000
v -0.104528 -0.060000 0.026560
v -0.103500 -0.030000 0.015000
v -0.105000 -0.031500 0.015000
v -0.104561 -0.030439 0.015000
v -0.103500 -0.030000 0.005000
v -0.105000 -0.031500 0.005000
v -0.104561 -0.030439 0.005000
v -0.103500 -0.030000 -0.005000
v -0.105000 -0.031500 -0.005000
v -0.104561 -0.030439 -0.005000
v -0.105000 -0.031500 -0.015000
v -0.103500 -0.030000 -0.015000
v -0.104561 -0.030439 -0.015000
v -0.103388 -0.060000 -0.027000
v -0.105000 -0.060000 -0.025498
v -0.104528 -0.060000 -0.026560
v -0.103375 -0.090000 -0.025000
v -0.105000 -0.090000 -0.023498
v -0.104524 -0.090000 -0.024560
v -0.100951 -0.120000 -0.025000
v -0.102600 -0.120000 -0.023498
v -0.102117 -0.120000 -0.024560
v -0.083400 -0.150000 -0.025498
v -0.081716 -0.150000 -0.027000
v -0.082907 -0.150000 -0.026560
v 0.043000 -0.180000 -0.023500
v 0.041084 -0.178503 -0.025100
v 0.042439 -0.179562 -0.024590
v 0.021000 -0.180000 -0.023500
v 0.019084 -0.178503 -0.025100
v 0.020439 -0.179562 -0.024590
v -0.001000 -0.180000 -0.023500
v -0.002916 -0.178503 -0.025100
v -0.001561 -0.179562 -0.024590
v -0.024916 -0.178503 -0.025100
v -0.023000 -0.180000 -0.023500
v -0.023561 -0.179562 -0.024590
v -0.083000 -0.030000 -0.023500
v -0.083000 -0.031497 -0.025100
v -0.083000 -0.030438 -0.024590
v -0.061000 -0.030000 -0.023500
v -0.061000 -0.031497 -0.025100
v -0.061000 -0.030438 -0.024590
v -0.039000 -0.030000 -0.023500
v -0.039000 -0.031497 -0.025100
v -0.039000 -0.030438 -0.024590
v -0.017000 -0.031497 -0.025100
v -0.017000 -0.030000 -0.023500
v -0.017000 -0.030438 -0.024590
v 0.005000 -0.060000 -0.025498
v 0.003388 -0.060000 -0.027000
v 0.004528 -0.060000 -0.026560
v 0.005000 -0.090000 -0.023498
v 0.003375 -0.090000 -0.025000
v 0.004524 -0.090000 -0.024560
v 0.007400 -0.120000 -0.023498
v 0.005751 -0.120000 -0.025000
v 0.006917 -0.120000 -0.024560
v 0.024916 -0.150000 -0.027000
v 0.026600 -0.150000 -0.025498
v 0.026107 -0.150000 -0.026560
v 0.063500 -0.180000 0.015000
v 0.063818 -0.179077 0.015000
v 0.064214 -0.179730 0.015000
v 0.063500 -0.180000 0.005000
v 0.063818 -0.179077 0.005000
v 0.064214 -0.179730 0.005000
v 0.063500 -0.180000 -0.005000
v 0.063818 -0.179077 -0.005000
v 0.064214 -0.179730 -0.005000
v 0.063818 -0.179077 -0.015000
v 0.063500 -0.180000 -0.015000
v 0.064214 -0.179730 -0.015000
v 0.003500 -0.030000 -0.015000
v 0.005000 -0.031500 -0.015000
v 0.004561 -0.030439 -0.015000
v 0.003500 -0.030000 -0.005000
v 0.005000 -0.031500 -0.005000
v 0.004561 -0.030439 -0.005000
v 0.003500 -0.030000 0.005000
v 0.005000 -0.031500 0.005000
v 0.004561 -0.030439 0.005000
v 0.005000 -0.031500 0.015000
v 0.003500 -0.030000 0.015000
v 0.004561 -0.030439 0.015000
v 0.003388 -0.060000 0.027000
v 0.005000 -0.060000 0.025498
v 0.004528 -0.060000 0.026560
v 0.003375 -0.090000 0.025000
v 0.005000 -0.090000 0.023498
v 0.004524 -0.090000 0.024560
v 0.005751 -0.120000 0.025000
v 0.007400 -0.120000 0.023498
v 0.006917 -0.120000 0.024560
v 0.026600 -0.150000 0.025498
v 0.024916 -0.150000 0.027000
v 0.026107 -0.150000 0.026560
v -0.023000 -0.180000 0.023500
v -0.024916 -0.178503 0.025100
v -0.023561 -0.179562 0.024590
v -0.001000 -0.180000 0.023500
v -0.002916 -0.178503 0.025100
v -0.001561 -0.179562 0.024590
v 0.021000 -0.180000 0.023500
v 0.019084 -0.178503 0.025100
v 0.020439 -0.179562 0.024590
v 0.041084 -0.178503 0.025100
v 0.043000 -0.180000 0.023500
v 0.042439 -0.179562 0.024590
v -0.017000 -0.030000 0.023500
v -0.017000 -0.031497 0.025100
v -0.017000 -0.030438 0.024590
v -0.039000 -0.030000 0.023500
v -0.039000 -0.031497 0.025100
v -0.039000 -0.030438 0.024590
v -0.061000 -0.030000 0.023500
v -0.061000 -0.031497 0.025100
v -0.061000 -0.030438 0.024590
v -0.083000 -0.031497 0.025100
v -0.083000 -0.030000 0.023500
v -0.083000 -0.030438 0.024590
v -0.046000 -0.191000 0.028500
v -0.046000 -0.189500 0.030000
v -0.047500 -0.189500 0.028500
v -0.046000 -0.190561 0.029561
v -0.046866 -0.190366 0.029366
v -0.047061 -0.189500 0.029561
v -0.047061 -0.190561 0.028500
v -0.046000 -0.180500 0.030000
v -0.046000 -0.179000 0.028500
v -0.047500 -0.180500 0.028500
v -0.046000 -0.179439 0.029561
v -0.046866 -0.179634 0.029366
v -0.047061 -0.179439 0.028500
v -0.047061 -0.180500 0.029561
v -0.046000 -0.191000 -0.028500
v -0.047500 -0.189500 -0.028500
v -0.046000 -0.189500 -0.030000
v -0.047061 -0.190561 -0.028500
v -0.046866 -0.190366 -0.029366
v -0.047061 -0.189500 -0.029561
v -0.046000 -0.190561 -0.029561
v -0.046000 -0.179000 -0.028500
v -0.046000 -0.180500 -0.030000
v -0.047500 -0.180500 -0.028500
v -0.046000 -0.179439 -0.029561
v -0.046866 -0.179634 -0.029366
v -0.047061 -0.180500 -0.029561
v -0.047061 -0.179439 -0.028500
v 0.066000 -0.191000 0.028500
v 0.067500 -0.189500 0.028500
v 0.066000 -0.189500 0.030000
v 0.067061 -0.190561 0.028500
v 0.066866 -0.190366 0.029366
v 0.067061 -0.189500 0.029561
v 0.066000 -0.190561 0.029561
v 0.066000 -0.179000 0.028500
v 0.066000 -0.180500 0.030000
v 0.067500 -0.180500 0.028500
v 0.066000 -0.179439 0.029561
v 0.066866 -0.179634 0.029366
v 0.067061 -0.180500 0.029561
v 0.067061 -0.179439 0.028500
v 0.066000 -0.191000 -0.028500
v 0.066000 -0.189500 -0.030000
v 0.067500 -0.189500 -0.028500
v 0.066000 -0.190561 -0.029561
v 0.066866 -0.190366 -0.029366
v 0.067061 -0.189500 -0.029561
v 0.067061 -0.190561 -0.028500
v 0.066000 -0.179000 -0.028500
v 0.067500 -0.180500 -0.028500
v 0.066000 -0.180500 -0.030000
v 0.067061 -0.179439 -0.028500
v 0.066866 -0.179634 -0.029366
v 0.067061 -0.180500 -0.029561
v 0.066000 -0.179439 -0.029561
vn -0.0000 1.0000 -0.0000
vn -0.0000 -1.0000 -0.0000
vn -0.0000 0.0665 0.9978
vn -0.0000 -0.0000 1.0000
vn -0.0000 -0.0665 0.9978
vn 0.8423 0.5391 -0.0000
vn 0.9968 0.0797 -0.0000
vn 1.0000 -0.0000 -0.0000
vn -0.0000 0.0665 -0.9978
vn -0.0000 -0.0000 -1.0000
vn -0.0000 -0.0665 -0.9978
vn -0.8423 -0.5391 -0.0000
vn -0.9968 -0.0797 -0.0000
vn -1.0000 -0.0000 -0.0000
vn -0.1781 -0.9532 0.2443
vn -0.2541 -0.5780 0.7755
vn -0.5005 -0.8274 0.2548
vn -0.8754 0.3766 0.3032
vn -0.3375 0.3292 0.8819
vn -0.2626 0.8906 0.3712
vn -0.4477 -0.8812 -0.1519
vn -0.1646 -0.5774 -0.7997
vn -0.1781 -0.9532 -0.2443
vn -0.3556 0.8902 -0.2849
vn -0.2603 0.4083 -0.8750
vn -0.8737 0.3028 -0.3807
vn 0.7666 0.4443 0.4637
vn 0.3326 -0.1164 0.9358
vn 0.1886 -0.8334 0.5194
vn 0.3556 0.8902 0.2849
vn 0.2603 0.4083 0.8750
vn 0.8737 0.3028 0.3807
vn 0.3326 -0.1164 -0.9358
vn 0.6837 0.5510 -0.4786
vn 0.2869 -0.8136 -0.5057
vn 0.2626 0.8906 -0.3712
vn 0.8754 0.3766 -0.3032
vn 0.3375 0.3292 -0.8819
vn -0.3672 -0.8865 0.2818
vn -0.2817 -0.3672 0.8864
vn -0.8865 -0.2817 0.3672
vn -0.3672 0.2817 0.8865
vn -0.2817 0.8865 0.3672
vn -0.8865 0.3672 0.2817
vn -0.2818 -0.8864 -0.3672
vn -0.8865 -0.3672 -0.2817
vn -0.3672 -0.2817 -0.8865
vn -0.3672 0.8864 -0.2818
vn -0.2818 0.3672 -0.8864
vn -0.8865 0.2817 -0.3672
vn 0.2818 -0.8864 0.3672
vn 0.8865 -0.3672 0.2817
vn 0.3672 -0.2817 0.8865
vn 0.3672 0.8864 0.2818
vn 0.2817 0.3672 0.8865
vn 0.8864 0.2818 0.3672
vn 0.3672 -0.8865 -0.2818
vn 0.2817 -0.3672 -0.8865
vn 0.8864 -0.2818 -0.3672
vn 0.2817 0.8865 -0.3672
vn 0.8865 0.3672 -0.2817
vn 0.3672 0.2817 -0.8865
vn -0.1888 -0.9820 -0.0000
vn -0.4558 -0.8901 -0.0000
vn -0.3594 0.0620 0.9311
vn -0.9135 0.0270 0.4060
vn -0.3827 0.9239 -0.0000
vn -0.9239 0.3827 -0.0000
vn -0.3092 -0.4516 -0.8369
vn -0.5838 -0.7653 -0.2711
vn -0.0000 -0.9278 -0.3732
vn -0.0000 -0.4340 -0.9009
vn -0.0000 0.9278 -0.3732
vn -0.0000 0.4340 -0.9009
vn 0.6003 0.7496 -0.2788
vn 0.3239 0.3558 -0.8766
vn 0.3541 -0.9352 -0.0000
vn 0.8548 0.5190 -0.0000
vn 0.3827 0.9239 -0.0000
vn 0.9239 0.3827 -0.0000
vn 0.3239 0.3558 0.8766
vn 0.6003 0.7496 0.2788
vn -0.0000 -0.9278 0.3732
vn -0.0000 -0.4340 0.9009
vn -0.0000 0.9278 0.3732
vn -0.0000 0.4340 0.9009
vn -0.3042 -0.4458 0.8418
vn -0.5821 -0.7639 0.2786
vn -0.3422 -0.1577 0.9263
vn -0.7938 -0.4837 0.3686
vn -0.3529 -0.0285 0.9352
vn -0.9079 -0.0728 0.4128
vn -0.3568 -0.0622 0.9321
vn -0.9122 -0.0273 0.4089
vn -0.3612 0.0621 -0.9304
vn -0.9140 0.0270 -0.4048
vn -0.3594 -0.0622 -0.9311
vn -0.9135 -0.0272 -0.4060
vn -0.3574 -0.0287 -0.9335
vn -0.9101 -0.0728 -0.4079
vn -0.3484 -0.1616 -0.9233
vn -0.7960 -0.4853 -0.3619
vn 0.9140 0.0270 -0.4048
vn 0.3612 0.0621 -0.9304
vn 0.9135 -0.0272 -0.4060
vn 0.3594 -0.0622 -0.9311
vn 0.9101 0.0726 -0.4079
vn 0.3574 0.0283 -0.9335
vn 0.7772 0.5207 -0.3533
vn 0.3393 0.2767 -0.8991
vn 0.3612 0.0621 0.9304
vn 0.9140 0.0270 0.4048
vn 0.3594 -0.0622 0.9311
vn 0.9135 -0.0272 0.4060
vn 0.3574 0.0283 0.9335
vn 0.9101 0.0726 0.4079
vn 0.3393 0.2767 0.8991
vn 0.7772 0.5207 0.3533
vn -0.3827 -0.9239 -0.0000
vn -0.9239 -0.3827 -0.0000
vn -0.3827 -0.0000 0.9239
vn -0.9239 -0.0000 0.3827
vn -0.3827 -0.0000 -0.9239
vn -0.9239 -0.0000 -0.3827
vn -0.0000 -0.9239 -0.3827
vn -0.0000 -0.3827 -0.9239
vn -0.0000 0.9239 -0.3827
vn -0.0000 0.3827 -0.9239
vn 0.9239 -0.0000 -0.3827
vn 0.3827 -0.0000 -0.9239
vn 0.3827 -0.9239 -0.0000
vn 0.9239 -0.3827 -0.0000
vn 0.3827 -0.0000 0.9239
vn 0.9239 -0.0000 0.3827
vn -0.0000 -0.9239 0.3827
vn -0.0000 -0.3827 0.9239
vn -0.0000 0.9239 0.3827
vn -0.0000 0.3827 0.9239
vn -0.6156 -0.7880 -0.0000
vn 0.6156 0.7880 -0.0000
vn -0.1099 -0.9712 0.2114
vn -0.1646 -0.5774 0.7997
vn -0.4477 -0.8812 0.1519
vn -0.8737 0.3028 0.3807
vn -0.2603 0.4083 0.8750
vn -0.3556 0.8902 0.2849
vn -0.5005 -0.8274 -0.2548
vn -0.2541 -0.5780 -0.7755
vn -0.1099 -0.9712 -0.2114
vn -0.2626 0.8906 -0.3712
vn -0.3375 0.3292 -0.8819
vn -0.8754 0.3766 -0.3032
vn 0.6837 0.5510 0.4786
vn 0.1786 -0.0956 0.9793
vn 0.2869 -0.8136 0.5057
vn 0.2626 0.8906 0.3712
vn 0.3375 0.3292 0.8819
vn 0.8754 0.3766 0.3032
vn 0.1786 -0.0956 -0.9793
vn 0.7666 0.4443 -0.4636
vn 0.1886 -0.8334 -0.5194
vn 0.3556 0.8902 -0.2849
vn 0.8737 0.3028 -0.3807
vn 0.2603 0.4083 -0.8750
vn -0.2818 -0.8864 0.3672
vn -0.3672 -0.2817 0.8865
vn -0.8865 -0.3672 0.2817
vn -0.2818 0.3672 0.8864
vn -0.3672 0.8864 0.2818
vn -0.8865 0.2817 0.3672
vn -0.3672 -0.8865 -0.2818
vn -0.8865 -0.2817 -0.3672
vn -0.2817 -0.3672 -0.8864
vn -0.2817 0.8865 -0.3672
vn -0.3672 0.2817 -0.8865
vn -0.8865 0.3672 -0.2817
vn 0.3672 -0.8865 0.2818
vn 0.8864 -0.2818 0.3672
vn 0.2817 -0.3672 0.8865
vn 0.2817 0.8865 0.3672
vn 0.3672 0.2817 0.8865
vn 0.8865 0.3672 0.2817
vn 0.2818 -0.8864 -0.3672
vn 0.3672 -0.2817 -0.8865
vn 0.8865 -0.3672 -0.2817
vn 0.3672 0.8864 -0.2818
vn 0.8864 0.2818 -0.3672
vn 0.2817 0.3672 -0.8865
vn -0.3612 0.0621 0.9304
vn -0.9140 0.0270 0.4048
vn -0.3042 -0.4458 -0.8418
vn -0.5821 -0.7639 -0.2786
vn 0.5992 0.7480 -0.2855
vn 0.3190 0.3496 -0.8809
vn 0.3540 -0.9352 -0.0000
vn 0.3190 0.3496 0.8809
vn 0.5992 0.7480 0.2854
vn -0.3092 -0.4516 0.8369
vn -0.5838 -0.7653 0.2711
vn -0.3484 -0.1616 0.9233
vn -0.7960 -0.4853 0.3619
vn -0.3574 -0.0287 0.9335
vn -0.9101 -0.0728 0.4079
vn -0.3594 -0.0622 0.9311
vn -0.9135 -0.0272 0.4060
vn -0.3594 0.0620 -0.9311
vn -0.9135 0.0270 -0.4060
vn -0.3568 -0.0622 -0.9321
vn -0.9122 -0.0273 -0.4089
vn -0.3529 -0.0285 -0.9352
vn -0.9079 -0.0728 -0.4128
vn -0.3422 -0.1577 -0.9263
vn -0.7938 -0.4837 -0.3686
vn 0.9135 0.0270 -0.4060
vn 0.3594 0.0620 -0.9311
vn 0.9122 -0.0273 -0.4089
vn 0.3568 -0.0622 -0.9321
vn 0.9079 0.0726 -0.4128
vn 0.3529 0.0282 -0.9352
vn 0.7748 0.5199 -0.3598
vn 0.3334 0.2734 -0.9023
vn 0.3594 0.0620 0.9311
vn 0.9135 0.0270 0.4060
vn 0.3568 -0.0622 0.9321
vn 0.9122 -0.0273 0.4089
vn 0.3529 0.0282 0.9352
vn 0.9079 0.0726 0.4128
vn 0.3334 0.2734 0.9023
vn 0.7748 0.5199 0.3598
vt 0.368140 0.371621
vt 0.368110 0.371554
vt 0.368115 0.371561
vt 0.368138 0.371617
vt 0.368102 0.371545
vt 0.368133 0.371612
vt 0.368093 0.371533
vt 0.368168 0.371684
vt 0.368172 0.371685
vt 0.368176 0.371687
vt 0.368126 0.371605
vt 0.368195 0.371743
vt 0.368208 0.371754
vt 0.368223 0.371768
vt 0.368179 0.371688
vt 0.367661 0.372546
vt 0.367524 0.372028
vt 0.367719 0.372080
vt 0.367245 0.372485
vt 0.367347 0.371945
vt 0.366888 0.372317
vt 0.367207 0.371829
vt 0.367674 0.373887
vt 0.366575 0.373911
vt 0.365784 0.373434
vt 0.366619 0.372009
vt 0.368879 0.378952
vt 0.364998 0.380432
vt 0.361833 0.377583
vt 0.365121 0.372518
vt 0.367366 0.371045
vt 0.366677 0.371225
vt 0.365675 0.370473
vt 0.367491 0.371381
vt 0.367200 0.371529
vt 0.367645 0.371586
vt 0.367490 0.371679
vt 0.367793 0.371303
vt 0.367811 0.371475
vt 0.367887 0.371634
vt 0.367777 0.371722
vt 0.367981 0.371457
vt 0.368005 0.371569
vt 0.368074 0.371713
vt 0.367987 0.371774
vt 0.368346 0.371007
vt 0.371230 0.366460
vt 0.372818 0.368966
vt 0.368232 0.370864
vt 0.368656 0.365391
vt 0.368077 0.370703
vt 0.365955 0.365996
vt 0.368122 0.371299
vt 0.368055 0.371236
vt 0.367985 0.371195
vt 0.367801 0.370551
vt 0.368084 0.371443
vt 0.368062 0.371413
vt 0.368040 0.371392
vt 0.367924 0.371168
vt 0.368091 0.371869
vt 0.368175 0.371769
vt 0.368222 0.371960
vt 0.368277 0.371728
vt 0.368567 0.372137
vt 0.368432 0.371586
vt 0.369502 0.372408
vt 0.368116 0.371781
vt 0.368174 0.371707
vt 0.368202 0.371640
vt 0.368217 0.371533
vt 0.368179 0.371733
vt 0.368153 0.371750
vt 0.368171 0.371682
vt 0.368162 0.371621
vt 0.367923 0.371823
vt 0.367820 0.371816
vt 0.367746 0.371803
vt 0.367969 0.371821
vt 0.367892 0.371823
vt 0.368011 0.371814
vt 0.367961 0.371826
vt 0.368104 0.371883
vt 0.368117 0.371865
vt 0.368127 0.371840
vt 0.368049 0.371802
vt 0.368380 0.372010
vt 0.368309 0.371924
vt 0.368259 0.371863
vt 0.368136 0.371811
vt 0.367408 0.371720
vt 0.367426 0.371726
vt 0.367406 0.371726
vt 0.367409 0.371719
vt 0.367419 0.371721
vt 0.367435 0.371728
vt 0.367423 0.371722
vt 0.368309 0.371930
vt 0.368305 0.371926
vt 0.368301 0.371920
vt 0.368308 0.371927
vt 0.368314 0.371938
vt 0.368298 0.371911
vt 0.368302 0.371917
vt 0.367863 0.371909
vt 0.367872 0.371916
vt 0.367858 0.371911
vt 0.367885 0.371923
vt 0.367877 0.371914
vt 0.367874 0.371922
vt 0.367859 0.371924
vt 0.368198 0.371770
vt 0.368196 0.371770
vt 0.368199 0.371773
vt 0.368195 0.371768
vt 0.368195 0.371768
vt 0.368199 0.371773
vt 0.368196 0.371771
vt 0.037371 0.491113
vt 0.045499 0.515318
vt 0.044454 0.522884
vt 0.068810 0.498329
vt 0.049477 0.506827
vt 0.072055 0.496900
vt 0.080955 0.537483
vt 0.368067 0.371474
vt 0.368064 0.371469
vt 0.368066 0.371470
vt 0.368062 0.371468
vt 0.368065 0.371472
vt 0.368063 0.371466
vt 0.368061 0.371465
vt 0.364235 0.026801
vt 0.364718 0.049082
vt 0.364790 0.052282
vt 0.345908 0.023517
vt 0.361444 0.018871
vt 0.409372 0.044634
vt 0.379535 0.016828
vt 0.368103 0.371524
vt 0.368103 0.371522
vt 0.368104 0.371525
vt 0.368102 0.371518
vt 0.368102 0.371520
vt 0.368105 0.371524
vt 0.368104 0.371520
vt 0.161726 0.990316
vt 0.165718 0.992620
vt 0.161726 0.994307
vt 0.852283 0.596945
vt 0.853220 0.590112
vt 0.855532 0.593490
vt 0.847845 0.593044
vt 0.851544 0.592883
vt 0.832937 0.618110
vt 0.829167 0.617783
vt 0.832234 0.614157
vt 0.826552 0.621789
vt 0.829689 0.621565
vt 0.829034 0.614371
vt 0.826194 0.617957
vt 0.010048 0.990316
vt 0.007743 0.994307
vt 0.006056 0.990316
vt 0.698441 0.598216
vt 0.692139 0.595914
vt 0.695763 0.594045
vt 0.693895 0.602336
vt 0.694743 0.598377
vt 0.718577 0.631363
vt 0.716009 0.627753
vt 0.718962 0.627603
vt 0.712317 0.627479
vt 0.715440 0.631586
vt 0.716284 0.623431
vt 0.713084 0.623645
vt 0.161726 0.692280
vt 0.164031 0.688289
vt 0.165718 0.692280
vt 0.873524 0.565762
vt 0.877516 0.568067
vt 0.873524 0.569754
vt 0.908924 0.904362
vt 0.913490 0.905899
vt 0.909664 0.908424
vt 0.874788 0.909984
vt 0.881335 0.912837
vt 0.875146 0.913816
vt 0.884049 0.909093
vt 0.879927 0.909953
vt 0.873524 0.541813
vt 0.875829 0.537822
vt 0.877516 0.541813
vt 0.010048 0.692280
vt 0.006056 0.689976
vt 0.010048 0.688289
vt 0.627556 0.902711
vt 0.623761 0.906081
vt 0.622518 0.901587
vt 0.721845 0.565762
vt 0.719541 0.569754
vt 0.717854 0.565762
vt 0.668276 0.910056
vt 0.663737 0.913028
vt 0.663137 0.910086
vt 0.721845 0.541813
vt 0.717854 0.539509
vt 0.721845 0.537822
vt 0.658100 0.908961
vt 0.657333 0.912795
vt 0.367483 0.371760
vt 0.367464 0.371765
vt 0.367491 0.371762
vt 0.368491 0.372159
vt 0.368471 0.372140
vt 0.368477 0.372140
vt 0.368216 0.371786
vt 0.368214 0.371783
vt 0.368216 0.371788
vt 0.368039 0.371832
vt 0.368034 0.371829
vt 0.368025 0.371828
vt 0.367908 0.372099
vt 0.367880 0.372098
vt 0.367918 0.372090
vt 0.368119 0.371566
vt 0.368119 0.371567
vt 0.368121 0.371566
vt 0.372061 0.371890
vt 0.371939 0.372304
vt 0.371765 0.372316
vt 0.709143 0.108874
vt 0.685944 0.127288
vt 0.237198 0.062010
vt 0.232891 0.052261
vt 0.368074 0.371480
vt 0.368075 0.371483
vt 0.368071 0.371475
vt 0.363922 0.368344
vt 0.364043 0.368499
vt 0.364164 0.368043
vt 0.359844 0.370843
vt 0.359981 0.370256
vt 0.360204 0.370251
vt 0.368261 0.371786
vt 0.368265 0.371787
vt 0.368262 0.371793
vt 0.367770 0.371882
vt 0.367776 0.371880
vt 0.367655 0.371856
vt 0.367766 0.371895
vt 0.367665 0.371843
vt 0.367552 0.371811
vt 0.367567 0.371802
vt 0.367672 0.371843
vt 0.367575 0.371802
vt 0.367662 0.371770
vt 0.367675 0.371777
vt 0.367863 0.371810
vt 0.367870 0.371817
vt 0.367685 0.371780
vt 0.368064 0.371882
vt 0.368070 0.371891
vt 0.367878 0.371818
vt 0.368075 0.371890
vt 0.368276 0.371882
vt 0.368281 0.371888
vt 0.368252 0.371838
vt 0.368274 0.371875
vt 0.368254 0.371843
vt 0.368232 0.371809
vt 0.368234 0.371813
vt 0.368257 0.371847
vt 0.368235 0.371815
vt 0.368197 0.371775
vt 0.368200 0.371780
vt 0.368146 0.371779
vt 0.368196 0.371772
vt 0.368145 0.371781
vt 0.368081 0.371781
vt 0.368076 0.371784
vt 0.368144 0.371786
vt 0.368084 0.371781
vt 0.371469 0.377145
vt 0.371884 0.376784
vt 0.368497 0.373575
vt 0.368635 0.373508
vt 0.371805 0.376606
vt 0.368001 0.372522
vt 0.368059 0.372512
vt 0.368639 0.373451
vt 0.368069 0.372489
vt 0.368185 0.371735
vt 0.368183 0.371733
vt 0.368165 0.371683
vt 0.368164 0.371683
vt 0.368183 0.371733
vt 0.368142 0.371623
vt 0.368142 0.371624
vt 0.368164 0.371683
vt 0.368143 0.371624
vt 0.368114 0.371480
vt 0.368119 0.371485
vt 0.368172 0.371380
vt 0.368175 0.371391
vt 0.368121 0.371490
vt 0.368164 0.371368
vt 0.368511 0.371141
vt 0.368505 0.371174
vt 0.368486 0.371121
vt 0.245511 0.760724
vt 0.017504 0.373631
vt 0.585849 0.734601
vt 0.253278 0.734375
vt 0.037568 0.237013
vt 0.006438 0.373874
vt 0.720507 0.442371
vt 0.602241 0.760724
vt 0.117159 0.124193
vt 0.047760 0.240965
vt 0.746520 0.446903
vt 0.124980 0.131651
vt 0.368097 0.371512
vt 0.368097 0.371508
vt 0.368091 0.371504
vt 0.368098 0.371515
vt 0.368090 0.371500
vt 0.368083 0.371493
vt 0.368082 0.371489
vt 0.368088 0.371496
vt 0.368079 0.371484
vt 0.368003 0.371385
vt 0.368006 0.371384
vt 0.367872 0.371167
vt 0.368002 0.371390
vt 0.367878 0.371156
vt 0.367485 0.370531
vt 0.367494 0.370490
vt 0.367885 0.371158
vt 0.367540 0.370499
vt 0.367114 0.371688
vt 0.367129 0.371688
vt 0.367125 0.371709
vt 0.366467 0.371659
vt 0.366496 0.371652
vt 0.366483 0.371711
vt 0.364971 0.371537
vt 0.365038 0.371520
vt 0.364977 0.371683
vt 0.368081 0.371522
vt 0.368079 0.371520
vt 0.368117 0.371597
vt 0.368115 0.371596
vt 0.368074 0.371517
vt 0.368179 0.371687
vt 0.368178 0.371687
vt 0.368110 0.371594
vt 0.368173 0.371689
vt 0.010048 0.994307
vt 0.850685 0.589458
vt 0.006056 0.692280
vt 0.690772 0.598228
vt 0.717854 0.541813
vt 0.626708 0.906670
vt 0.161726 0.688289
vt 0.721845 0.569754
vt 0.667891 0.913816
vt 0.873524 0.537822
vt 0.884752 0.913046
vt 0.877516 0.565762
vt 0.165718 0.990316
vt 0.913046 0.903502
vt 0.368207 0.371901
vt 0.368242 0.371780
vt 0.368223 0.371815
vt 0.359435 0.374266
vt 0.368023 0.371379
vt 0.368147 0.371552
s 0
usemtl MAT_metal_black_magazine
f 2527/3500/2214 2524/3501/2214 2523/3502/2214
f 2528/3503/2214 2525/3504/2214 2524/3501/2214
f 2529/3505/2214 2526/3506/2214 2525/3504/2214
f 2531/3507/2214 2528/3503/2214 2527/3500/2214
f 2532/3508/2214 2529/3505/2214 2528/3503/2214
f 2533/3509/2214 2530/3510/2214 2529/3505/2214
f 2535/3511/2214 2532/3508/2214 2531/3507/2214
f 2536/3512/2214 2533/3509/2214 2532/3508/2214
f 2537/3513/2214 2534/3514/2214 2533/3509/2214
f 2543/3515/2215 2540/3516/2215 2539/3517/2215
f 2544/3518/2215 2541/3519/2215 2540/3516/2215
f 2545/3520/2215 2542/3521/2215 2541/3519/2215
f 2547/3522/2215 2544/3518/2215 2543/3515/2215
f 2548/3523/2215 2545/3520/2215 2544/3518/2215
f 2549/3524/2215 2546/3525/2215 2545/3520/2215
f 2551/3526/2215 2548/3523/2215 2547/3522/2215
f 2552/3527/2215 2549/3524/2215 2548/3523/2215
f 2553/3528/2215 2550/3529/2215 2549/3524/2215
f 2559/3530/2216 2556/3531/2216 2555/3532/2216
f 2560/3533/2216 2557/3534/2216 2556/3531/2216
f 2561/3535/2216 2558/3536/2216 2557/3534/2216
f 2563/3537/2217 2560/3533/2217 2559/3530/2217
f 2564/3538/2217 2561/3535/2217 2560/3533/2217
f 2565/3539/2217 2562/3540/2217 2561/3535/2217
f 2567/3541/2218 2564/3538/2218 2563/3537/2218
f 2568/3542/2218 2565/3539/2218 2564/3538/2218
f 2569/3543/2218 2566/3544/2218 2565/3539/2218
f 2575/3545/2219 2572/3546/2219 2571/3547/2219
f 2576/3548/2219 2573/3549/2219 2572/3546/2219
f 2577/3550/2219 2574/3551/2219 2573/3549/2219
f 2579/3552/2220 2576/3548/2220 2575/3545/2220
f 2580/3553/2220 2577/3550/2220 2576/3548/2220
f 2581/3554/2220 2578/3555/2220 2577/3550/2220
f 2583/3556/2221 2580/3553/2221 2579/3552/2221
f 2584/3557/2221 2581/3554/2221 2580/3553/2221
f 2585/3558/2221 2582/3559/2221 2581/3554/2221
f 2587/3560/2222 2592/3561/2222 2588/3562/2222
f 2588/3562/2222 2593/3563/2222 2589/3564/2222
f 2589/3564/2222 2594/3565/2222 2590/3566/2222
f 2591/3567/2223 2596/3568/2223 2592/3561/2223
f 2592/3561/2223 2597/3569/2223 2593/3563/2223
f 2593/3563/2223 2598/3570/2223 2594/3565/2223
f 2599/3571/2224 2596/3568/2224 2595/3572/2224
f 2600/3573/2224 2597/3569/2224 2596/3568/2224
f 2601/3574/2224 2598/3570/2224 2597/3569/2224
f 2607/3575/2225 2604/3576/2225 2603/3577/2225
f 2608/3578/2225 2605/3579/2225 2604/3576/2225
f 2609/3580/2225 2606/3581/2225 2605/3579/2225
f 2611/3582/2226 2608/3578/2226 2607/3575/2226
f 2612/3583/2226 2609/3580/2226 2608/3578/2226
f 2613/3584/2226 2610/3585/2226 2609/3580/2226
f 2615/3586/2227 2612/3583/2227 2611/3582/2227
f 2616/3587/2227 2613/3584/2227 2612/3583/2227
f 2617/3588/2227 2614/3589/2227 2613/3584/2227
f 2622/3590/2228 2625/3591/2228 2619/3592/2228
f 2620/3593/2229 2623/3594/2229 2622/3590/2229
f 2621/3595/2230 2623/3594/2230 2624/3596/2230
f 2626/3597/2231 2630/3598/2231 2632/3599/2231
f 2627/3600/2232 2630/3598/2232 2629/3601/2232
f 2628/3602/2233 2630/3598/2233 2631/3603/2233
f 2633/3604/2234 2637/3605/2234 2639/3606/2234
f 2634/3607/2235 2637/3605/2235 2636/3608/2235
f 2639/3606/2236 2638/3609/2236 2635/3610/2236
f 2640/3611/2237 2644/3612/2237 2646/3613/2237
f 2641/3614/2238 2644/3612/2238 2643/3615/2238
f 2642/3616/2239 2644/3612/2239 2645/3617/2239
f 2647/3618/2240 2651/3619/2240 2653/3620/2240
f 2652/3621/2241 2650/3622/2241 2648/3623/2241
f 2649/3624/2242 2651/3619/2242 2652/3621/2242
f 2654/3625/2243 2658/3626/2243 2660/3627/2243
f 2655/3628/2244 2658/3626/2244 2657/3629/2244
f 2656/3630/2245 2658/3626/2245 2659/3631/2245
f 2664/3632/2246 2667/3633/2246 2661/3634/2246
f 2662/3635/2247 2665/3636/2247 2664/3632/2247
f 2663/3637/2248 2665/3636/2248 2666/3638/2248
f 2668/3639/2249 2672/3640/2249 2674/3641/2249
f 2669/3642/2250 2672/3640/2250 2671/3643/2250
f 2670/3644/2251 2672/3640/2251 2673/3645/2251
f 2819/3646/2252 2823/3647/2252 2825/3648/2252
f 2820/3649/2253 2823/3650/2253 2822/3651/2253
f 2821/3652/2254 2823/3650/2254 2824/3653/2254
f 2826/3654/2255 2830/3655/2255 2832/3656/2255
f 2827/3657/2256 2830/3655/2256 2829/3658/2256
f 2828/3659/2257 2830/3655/2257 2831/3660/2257
f 2833/3661/2258 2837/3662/2258 2839/3663/2258
f 2834/3664/2259 2837/3665/2259 2836/3666/2259
f 2835/3667/2260 2837/3665/2260 2838/3668/2260
f 2840/3669/2261 2844/3670/2261 2846/3671/2261
f 2841/3672/2262 2844/3670/2262 2843/3673/2262
f 2842/3674/2263 2844/3670/2263 2845/3675/2263
f 2847/3676/2264 2851/3677/2264 2853/3678/2264
f 2848/3679/2265 2851/3680/2265 2850/3681/2265
f 2849/3682/2266 2851/3683/2266 2852/3684/2266
f 2854/3685/2267 2858/3686/2267 2860/3687/2267
f 2855/3688/2268 2858/3686/2268 2857/3689/2268
f 2856/3690/2269 2858/3691/2269 2859/3692/2269
f 2861/3693/2270 2865/3694/2270 2867/3695/2270
f 2862/3696/2271 2865/3697/2271 2864/3698/2271
f 2863/3699/2272 2865/3700/2272 2866/3701/2272
f 2868/3702/2273 2872/3703/2273 2874/3704/2273
f 2869/3705/2274 2872/3706/2274 2871/3707/2274
f 2870/3708/2275 2872/3703/2275 2873/3709/2275
f 2619/3592/2276 2686/3710/2276 2685/3711/2276
f 2625/3591/2277 2684/3712/2277 2686/3710/2277
f 2627/3600/2278 2698/3713/2278 2697/3714/2278
f 2629/3601/2279 2696/3715/2279 2698/3713/2279
f 2640/3611/2280 2710/3716/2280 2709/3717/2280
f 2646/3613/2281 2708/3718/2281 2710/3716/2281
f 2721/3719/2282 2636/3608/2282 2722/3720/2282
f 2722/3720/2283 2633/3604/2283 2720/3721/2283
f 2635/3610/2284 2734/3722/2284 2733/3723/2284
f 2638/3609/2285 2732/3724/2285 2734/3722/2285
f 2745/3725/2286 2674/3641/2286 2746/3726/2286
f 2746/3726/2287 2670/3644/2287 2744/3727/2287
f 2757/3728/2288 2664/3632/2288 2758/3729/2288
f 2758/3729/2289 2661/3634/2289 2756/3730/2289
f 2663/3637/2290 2770/3731/2290 2769/3732/2290
f 2666/3638/2291 2768/3733/2291 2770/3734/2291
f 2654/3625/2292 2782/3735/2292 2781/3736/2292
f 2660/3627/2293 2780/3737/2293 2782/3735/2293
f 2648/3623/2294 2794/3738/2294 2793/3739/2294
f 2650/3622/2295 2792/3740/2295 2794/3738/2295
f 2805/3741/2296 2652/3621/2296 2806/3742/2296
f 2806/3742/2297 2648/3623/2297 2804/3743/2297
f 2817/3744/2298 2631/3603/2298 2818/3745/2298
f 2818/3745/2299 2627/3600/2299 2816/3746/2299
f 2635/3610/2276 2677/3747/2276 2639/3606/2276
f 2639/3606/2277 2676/3748/2277 2633/3604/2277
f 2678/3749/2276 2677/3747/2276 2675/3750/2276
f 2680/3751/2277 2676/3748/2277 2677/3747/2277
f 2681/3752/2276 2680/3751/2276 2678/3749/2276
f 2683/3753/2277 2679/3754/2277 2680/3751/2277
f 2685/3711/2276 2683/3753/2276 2681/3752/2276
f 2686/3710/2277 2682/3755/2277 2683/3753/2277
f 2687/3756/2300 2624/3596/2300 2620/3593/2300
f 2689/3757/2301 2621/3595/2301 2624/3596/2301
f 2690/3758/2302 2689/3757/2302 2687/3756/2302
f 2692/3759/2303 2688/3760/2303 2689/3757/2303
f 2693/3761/2304 2692/3759/2304 2690/3758/2304
f 2695/3762/2305 2691/3763/2305 2692/3759/2305
f 2693/3761/2306 2698/3713/2306 2695/3762/2306
f 2695/3762/2307 2696/3715/2307 2694/3764/2307
f 2628/3602/2280 2701/3765/2280 2632/3599/2280
f 2632/3599/2281 2700/3766/2281 2626/3597/2281
f 2702/3767/2280 2701/3765/2280 2699/3768/2280
f 2704/3769/2281 2700/3766/2281 2701/3765/2281
f 2705/3770/2280 2704/3769/2280 2702/3767/2280
f 2707/3771/2281 2703/3772/2281 2704/3769/2281
f 2709/3717/2280 2707/3771/2280 2705/3770/2280
f 2710/3716/2281 2706/3773/2281 2707/3771/2281
f 2641/3614/2308 2713/3774/2308 2645/3617/2308
f 2645/3617/2309 2712/3775/2309 2642/3616/2309
f 2714/3776/2310 2713/3774/2310 2711/3777/2310
f 2716/3778/2311 2712/3775/2311 2713/3774/2311
f 2714/3776/2312 2719/3779/2312 2716/3778/2312
f 2716/3778/2313 2718/3780/2313 2715/3781/2313
f 2717/3782/2314 2722/3720/2314 2719/3779/2314
f 2719/3779/2315 2720/3721/2315 2718/3780/2315
f 2723/3783/2284 2667/3633/2284 2663/3637/2284
f 2725/3784/2285 2661/3634/2285 2667/3633/2285
f 2726/3785/2284 2725/3784/2284 2723/3783/2284
f 2728/3786/2285 2724/3787/2285 2725/3784/2285
f 2729/3788/2284 2728/3786/2284 2726/3785/2284
f 2731/3789/2285 2727/3790/2285 2728/3786/2285
f 2733/3723/2284 2731/3789/2284 2729/3788/2284
f 2734/3722/2285 2730/3791/2285 2731/3789/2285
f 2735/3792/2286 2643/3615/2286 2640/3611/2286
f 2737/3793/2287 2641/3614/2287 2643/3615/2287
f 2738/3794/2286 2737/3793/2286 2735/3792/2286
f 2740/3795/2287 2736/3796/2287 2737/3793/2287
f 2741/3797/2286 2740/3795/2286 2738/3794/2286
f 2743/3798/2287 2739/3799/2287 2740/3795/2287
f 2745/3725/2286 2743/3798/2286 2741/3797/2286
f 2746/3726/2287 2742/3800/2287 2743/3798/2287
f 2747/3801/2316 2673/3645/2316 2669/3642/2316
f 2749/3802/2317 2670/3644/2317 2673/3645/2317
f 2747/3801/2318 2752/3803/2318 2749/3802/2318
f 2749/3802/2319 2751/3804/2319 2748/3805/2319
f 2750/3806/2320 2755/3807/2320 2752/3803/2320
f 2752/3803/2321 2754/3808/2321 2751/3804/2321
f 2753/3809/2322 2758/3729/2322 2755/3807/2322
f 2755/3807/2323 2756/3730/2323 2754/3808/2323
f 2649/3624/2290 2761/3810/2290 2653/3620/2290
f 2653/3620/2291 2760/3811/2291 2647/3618/2291
f 2762/3812/2290 2761/3810/2290 2759/3813/2290
f 2764/3814/2291 2760/3811/2291 2761/3815/2291
f 2765/3816/2290 2764/3817/2290 2762/3812/2290
f 2767/3818/2291 2763/3819/2291 2764/3814/2291
f 2769/3732/2290 2767/3820/2290 2765/3816/2290
f 2770/3734/2291 2766/3821/2291 2767/3818/2291
f 2668/3639/2292 2773/3822/2292 2671/3643/2292
f 2671/3643/2293 2772/3823/2293 2669/3642/2293
f 2774/3824/2292 2773/3822/2292 2771/3825/2292
f 2776/3826/2293 2772/3823/2293 2773/3822/2293
f 2777/3827/2292 2776/3826/2292 2774/3824/2292
f 2779/3828/2293 2775/3829/2293 2776/3826/2293
f 2781/3736/2292 2779/3828/2292 2777/3827/2292
f 2782/3735/2293 2778/3830/2293 2779/3828/2293
f 2655/3628/2324 2785/3831/2324 2659/3631/2324
f 2659/3631/2325 2784/3832/2325 2656/3630/2325
f 2786/3833/2326 2785/3831/2326 2783/3834/2326
f 2788/3835/2327 2784/3832/2327 2785/3831/2327
f 2789/3836/2328 2788/3835/2328 2786/3833/2328
f 2791/3837/2329 2787/3838/2329 2788/3835/2329
f 2793/3739/2330 2791/3837/2330 2789/3836/2330
f 2794/3738/2331 2790/3839/2331 2791/3837/2331
f 2619/3592/2296 2797/3840/2296 2622/3590/2296
f 2622/3590/2297 2796/3841/2297 2620/3593/2297
f 2795/3842/2296 2800/3843/2296 2797/3840/2296
f 2797/3840/2297 2799/3844/2297 2796/3841/2297
f 2798/3845/2296 2803/3846/2296 2800/3843/2296
f 2800/3843/2297 2802/3847/2297 2799/3844/2297
f 2801/3848/2296 2806/3742/2296 2803/3846/2296
f 2803/3846/2297 2804/3743/2297 2802/3847/2297
f 2807/3849/2298 2657/3629/2298 2654/3625/2298
f 2809/3850/2299 2655/3628/2299 2657/3629/2299
f 2810/3851/2298 2809/3850/2298 2807/3849/2298
f 2812/3852/2299 2808/3853/2299 2809/3850/2299
f 2813/3854/2298 2812/3852/2298 2810/3851/2298
f 2815/3855/2299 2811/3856/2299 2812/3852/2299
f 2817/3744/2298 2815/3855/2298 2813/3854/2298
f 2818/3745/2299 2814/3857/2299 2815/3855/2299
f 2833/3661/2332 2825/3648/2332 2836/3858/2332
f 2825/3859/2333 2834/3664/2333 2836/3666/2333
f 2820/3649/2334 2832/3656/2334 2824/3653/2334
f 2832/3656/2335 2821/3652/2335 2824/3653/2335
f 2827/3657/2280 2846/3671/2280 2831/3660/2280
f 2846/3671/2281 2828/3659/2281 2831/3660/2281
f 2841/3672/2336 2838/3668/2336 2845/3675/2336
f 2838/3668/2337 2842/3674/2337 2845/3675/2337
f 2833/3661/2338 2864/3860/2338 2861/3693/2338
f 2839/3861/2339 2862/3696/2339 2864/3698/2339
f 2868/3702/2340 2843/3673/2340 2840/3669/2340
f 2874/3704/2341 2841/3672/2341 2843/3673/2341
f 2863/3699/2342 2873/3862/2342 2869/3705/2342
f 2866/3863/2343 2870/3708/2343 2873/3709/2343
f 2861/3693/2344 2850/3864/2344 2847/3676/2344
f 2867/3865/2345 2848/3679/2345 2850/3681/2345
f 2854/3685/2292 2871/3866/2292 2868/3702/2292
f 2860/3867/2293 2869/3705/2293 2871/3707/2293
f 2849/3682/2346 2859/3868/2346 2855/3688/2346
f 2852/3869/2347 2856/3690/2347 2859/3692/2347
f 2847/3676/2348 2822/3870/2348 2819/3646/2348
f 2853/3871/2349 2820/3649/2349 2822/3651/2349
f 2827/3657/2350 2857/3689/2350 2854/3685/2350
f 2829/3658/2351 2855/3688/2351 2857/3689/2351
f 2621/3595/2352 2603/3577/2352 2684/3712/2352
f 2558/3536/2218 2620/3593/2218 2796/3841/2218
f 2542/3521/2215 2619/3592/2215 2685/3711/2215
f 2626/3597/2227 2615/3586/2227 2696/3715/2227
f 2816/3746/2216 2697/3714/2216 2570/3872/2216
f 2699/3768/2214 2817/3744/2214 2538/3873/2214
f 2606/3581/2352 2633/3604/2352 2676/3748/2352
f 2634/3607/2224 2587/3560/2224 2732/3724/2224
f 2733/3723/2215 2675/3750/2215 2635/3610/2215
f 2640/3611/2214 2535/3511/2214 2735/3792/2214
f 2618/3874/2227 2642/3616/2227 2712/3775/2227
f 2711/3777/2222 2736/3796/2222 2599/3571/2222
f 2574/3551/2353 2647/3618/2353 2760/3811/2353
f 2793/3739/2218 2804/3743/2218 2648/3623/2218
f 2759/3813/2215 2805/3741/2215 2554/3875/2215
f 2526/3506/2214 2654/3625/2214 2781/3736/2214
f 2586/3876/2221 2656/3630/2221 2784/3832/2221
f 2783/3834/2216 2808/3853/2216 2567/3541/2216
f 2724/3787/2224 2756/3730/2224 2661/3634/2224
f 2662/3635/2353 2571/3547/2353 2768/3733/2353
f 2663/3637/2215 2551/3526/2215 2723/3783/2215
f 2745/3725/2214 2771/3825/2214 2668/3639/2214
f 2744/3727/2222 2748/3805/2222 2602/3877/2222
f 2669/3642/2221 2583/3556/2221 2747/3801/2221
f 2605/3579/2352 2676/3748/2352 2679/3754/2352
f 2539/3517/2215 2678/3749/2215 2675/3750/2215
f 2604/3576/2352 2679/3754/2352 2682/3755/2352
f 2540/3516/2215 2681/3752/2215 2678/3749/2215
f 2603/3577/2352 2682/3755/2352 2684/3712/2352
f 2541/3519/2215 2685/3711/2215 2681/3752/2215
f 2691/3763/2225 2603/3577/2225 2688/3760/2225
f 2562/3540/2216 2687/3756/2216 2558/3536/2216
f 2694/3764/2226 2607/3575/2226 2691/3763/2226
f 2566/3544/2217 2690/3758/2217 2562/3540/2217
f 2694/3764/2227 2615/3586/2227 2611/3582/2227
f 2570/3872/2218 2693/3761/2218 2566/3544/2218
f 2700/3766/2227 2616/3587/2227 2615/3586/2227
f 2537/3513/2214 2699/3768/2214 2538/3873/2214
f 2703/3772/2227 2617/3588/2227 2616/3587/2227
f 2705/3770/2214 2537/3513/2214 2536/3512/2214
f 2706/3773/2227 2618/3874/2227 2617/3588/2227
f 2535/3511/2214 2705/3770/2214 2536/3512/2214
f 2618/3874/2227 2715/3781/2227 2614/3589/2227
f 2714/3776/2224 2599/3571/2224 2595/3572/2224
f 2610/3585/2226 2715/3781/2226 2718/3780/2226
f 2717/3782/2223 2595/3572/2223 2591/3567/2223
f 2606/3581/2225 2718/3780/2225 2720/3721/2225
f 2721/3719/2222 2591/3567/2222 2587/3560/2222
f 2727/3790/2224 2590/3566/2224 2724/3787/2224
f 2723/3783/2215 2547/3522/2215 2726/3785/2215
f 2730/3791/2224 2589/3564/2224 2727/3790/2224
f 2726/3785/2215 2543/3515/2215 2729/3788/2215
f 2732/3724/2224 2588/3562/2224 2730/3791/2224
f 2729/3788/2215 2539/3517/2215 2733/3723/2215
f 2736/3796/2222 2600/3573/2222 2599/3571/2222
f 2735/3792/2214 2531/3507/2214 2738/3794/2214
f 2739/3799/2222 2601/3574/2222 2600/3573/2222
f 2738/3794/2214 2527/3500/2214 2741/3797/2214
f 2742/3800/2222 2602/3877/2222 2601/3574/2222
f 2741/3797/2214 2523/3502/2214 2745/3725/2214
f 2602/3877/2224 2751/3804/2224 2598/3570/2224
f 2750/3806/2221 2583/3556/2221 2579/3552/2221
f 2594/3565/2223 2751/3804/2223 2754/3808/2223
f 2750/3806/2220 2575/3545/2220 2753/3809/2220
f 2590/3566/2222 2754/3808/2222 2756/3730/2222
f 2753/3809/2219 2571/3547/2219 2757/3728/2219
f 2573/3549/2353 2760/3811/2353 2763/3819/2353
f 2553/3528/2215 2759/3813/2215 2554/3875/2215
f 2572/3546/2353 2763/3819/2353 2766/3821/2353
f 2765/3816/2215 2553/3528/2215 2552/3527/2215
f 2571/3547/2353 2766/3821/2353 2768/3733/2353
f 2551/3526/2215 2765/3816/2215 2552/3527/2215
f 2772/3823/2221 2584/3557/2221 2583/3556/2221
f 2523/3502/2214 2774/3824/2214 2771/3825/2214
f 2775/3829/2221 2585/3558/2221 2584/3557/2221
f 2524/3501/2214 2777/3827/2214 2774/3824/2214
f 2778/3830/2221 2586/3876/2221 2585/3558/2221
f 2525/3504/2214 2781/3736/2214 2777/3827/2214
f 2586/3876/2221 2787/3838/2221 2582/3559/2221
f 2786/3833/2218 2567/3541/2218 2563/3537/2218
f 2578/3555/2220 2787/3838/2220 2790/3839/2220
f 2786/3833/2217 2559/3530/2217 2789/3836/2217
f 2574/3551/2219 2790/3839/2219 2792/3740/2219
f 2789/3836/2216 2555/3532/2216 2793/3739/2216
f 2557/3534/2218 2796/3841/2218 2799/3844/2218
f 2546/3525/2215 2795/3842/2215 2542/3521/2215
f 2556/3531/2218 2799/3844/2218 2802/3847/2218
f 2550/3529/2215 2798/3845/2215 2546/3525/2215
f 2555/3532/2218 2802/3847/2218 2804/3743/2218
f 2554/3875/2215 2801/3848/2215 2550/3529/2215
f 2808/3853/2216 2568/3542/2216 2567/3541/2216
f 2530/3510/2214 2807/3849/2214 2526/3506/2214
f 2811/3856/2216 2569/3543/2216 2568/3542/2216
f 2534/3514/2214 2810/3851/2214 2530/3510/2214
f 2814/3857/2216 2570/3872/2216 2569/3543/2216
f 2538/3873/2214 2813/3854/2214 2534/3514/2214
f 2861/3693/2215 2819/3646/2215 2833/3661/2215
f 2828/3659/2227 2834/3664/2227 2821/3652/2227
f 2855/3688/2217 2820/3649/2217 2849/3682/2217
f 2840/3669/2214 2854/3685/2214 2868/3702/2214
f 2841/3672/2223 2862/3696/2223 2835/3667/2223
f 2869/3705/2221 2848/3679/2221 2863/3699/2221
f 2527/3500/2214 2528/3503/2214 2524/3501/2214
f 2528/3503/2214 2529/3505/2214 2525/3504/2214
f 2529/3505/2214 2530/3510/2214 2526/3506/2214
f 2531/3507/2214 2532/3508/2214 2528/3503/2214
f 2532/3508/2214 2533/3509/2214 2529/3505/2214
f 2533/3509/2214 2534/3514/2214 2530/3510/2214
f 2535/3511/2214 2536/3512/2214 2532/3508/2214
f 2536/3512/2214 2537/3513/2214 2533/3509/2214
f 2537/3513/2214 2538/3873/2214 2534/3514/2214
f 2543/3515/2215 2544/3518/2215 2540/3516/2215
f 2544/3518/2215 2545/3520/2215 2541/3519/2215
f 2545/3520/2215 2546/3525/2215 2542/3521/2215
f 2547/3522/2215 2548/3523/2215 2544/3518/2215
f 2548/3523/2215 2549/3524/2215 2545/3520/2215
f 2549/3524/2215 2550/3529/2215 2546/3525/2215
f 2551/3526/2215 2552/3527/2215 2548/3523/2215
f 2552/3527/2215 2553/3528/2215 2549/3524/2215
f 2553/3528/2215 2554/3875/2215 2550/3529/2215
f 2559/3530/2216 2560/3533/2216 2556/3531/2216
f 2560/3533/2216 2561/3535/2216 2557/3534/2216
f 2561/3535/2216 2562/3540/2216 2558/3536/2216
f 2563/3537/2217 2564/3538/2217 2560/3533/2217
f 2564/3538/2217 2565/3539/2217 2561/3535/2217
f 2565/3539/2217 2566/3544/2217 2562/3540/2217
f 2567/3541/2218 2568/3542/2218 2564/3538/2218
f 2568/3542/2218 2569/3543/2218 2565/3539/2218
f 2569/3543/2218 2570/3872/2218 2566/3544/2218
f 2575/3545/2219 2576/3548/2219 2572/3546/2219
f 2576/3548/2219 2577/3550/2219 2573/3549/2219
f 2577/3550/2219 2578/3555/2219 2574/3551/2219
f 2579/3552/2220 2580/3553/2220 2576/3548/2220
f 2580/3553/2220 2581/3554/2220 2577/3550/2220
f 2581/3554/2220 2582/3559/2220 2578/3555/2220
f 2583/3556/2221 2584/3557/2221 2580/3553/2221
f 2584/3557/2221 2585/3558/2221 2581/3554/2221
f 2585/3558/2221 2586/3876/2221 2582/3559/2221
f 2587/3560/2222 2591/3567/2222 2592/3561/2222
f 2588/3562/2222 2592/3561/2222 2593/3563/2222
f 2589/3564/2222 2593/3563/2222 2594/3565/2222
f 2591/3567/2223 2595/3572/2223 2596/3568/2223
f 2592/3561/2223 2596/3568/2223 2597/3569/2223
f 2593/3563/2223 2597/3569/2223 2598/3570/2223
f 2599/3571/2224 2600/3573/2224 2596/3568/2224
f 2600/3573/2224 2601/3574/2224 2597/3569/2224
f 2601/3574/2224 2602/3877/2224 2598/3570/2224
f 2607/3575/2225 2608/3578/2225 2604/3576/2225
f 2608/3578/2225 2609/3580/2225 2605/3579/2225
f 2609/3580/2225 2610/3585/2225 2606/3581/2225
f 2611/3582/2226 2612/3583/2226 2608/3578/2226
f 2612/3583/2226 2613/3584/2226 2609/3580/2226
f 2613/3584/2226 2614/3589/2226 2610/3585/2226
f 2615/3586/2227 2616/3587/2227 2612/3583/2227
f 2616/3587/2227 2617/3588/2227 2613/3584/2227
f 2617/3588/2227 2618/3874/2227 2614/3589/2227
f 2622/3590/2354 2623/3594/2354 2625/3591/2354
f 2620/3593/2355 2624/3596/2355 2623/3594/2355
f 2621/3595/2356 2625/3591/2356 2623/3594/2356
f 2626/3597/2357 2629/3601/2357 2630/3598/2357
f 2627/3600/2358 2631/3603/2358 2630/3598/2358
f 2628/3602/2359 2632/3599/2359 2630/3598/2359
f 2633/3604/2360 2636/3608/2360 2637/3605/2360
f 2634/3607/2361 2638/3609/2361 2637/3605/2361
f 2639/3606/2362 2637/3605/2362 2638/3609/2362
f 2640/3611/2363 2643/3615/2363 2644/3612/2363
f 2641/3614/2364 2645/3617/2364 2644/3612/2364
f 2642/3616/2365 2646/3613/2365 2644/3612/2365
f 2647/3618/2366 2650/3622/2366 2651/3619/2366
f 2652/3621/2367 2651/3619/2367 2650/3622/2367
f 2649/3624/2368 2653/3620/2368 2651/3619/2368
f 2654/3625/2369 2657/3629/2369 2658/3626/2369
f 2655/3628/2370 2659/3631/2370 2658/3626/2370
f 2656/3630/2371 2660/3627/2371 2658/3626/2371
f 2664/3632/2372 2665/3636/2372 2667/3633/2372
f 2662/3635/2373 2666/3638/2373 2665/3636/2373
f 2663/3637/2374 2667/3633/2374 2665/3636/2374
f 2668/3639/2375 2671/3643/2375 2672/3640/2375
f 2669/3642/2376 2673/3645/2376 2672/3640/2376
f 2670/3644/2377 2674/3641/2377 2672/3640/2377
f 2819/3646/2378 2822/3870/2378 2823/3647/2378
f 2820/3649/2379 2824/3653/2379 2823/3650/2379
f 2821/3652/2380 2825/3859/2380 2823/3650/2380
f 2826/3654/2381 2829/3658/2381 2830/3655/2381
f 2827/3657/2382 2831/3660/2382 2830/3655/2382
f 2828/3659/2383 2832/3656/2383 2830/3655/2383
f 2833/3661/2384 2836/3858/2384 2837/3662/2384
f 2834/3664/2385 2838/3668/2385 2837/3665/2385
f 2835/3667/2386 2839/3861/2386 2837/3665/2386
f 2840/3669/2387 2843/3673/2387 2844/3670/2387
f 2841/3672/2388 2845/3675/2388 2844/3670/2388
f 2842/3674/2389 2846/3671/2389 2844/3670/2389
f 2847/3676/2390 2850/3864/2390 2851/3677/2390
f 2848/3679/2391 2852/3869/2391 2851/3680/2391
f 2849/3682/2392 2853/3871/2392 2851/3683/2392
f 2854/3685/2393 2857/3689/2393 2858/3686/2393
f 2855/3688/2394 2859/3868/2394 2858/3686/2394
f 2856/3690/2395 2860/3867/2395 2858/3691/2395
f 2861/3693/2396 2864/3860/2396 2865/3694/2396
f 2862/3696/2397 2866/3863/2397 2865/3697/2397
f 2863/3699/2398 2867/3865/2398 2865/3700/2398
f 2868/3702/2399 2871/3866/2399 2872/3703/2399
f 2869/3705/2400 2873/3862/2400 2872/3706/2400
f 2870/3708/2401 2874/3704/2401 2872/3703/2401
f 2619/3592/2276 2625/3591/2276 2686/3710/2276
f 2625/3591/2277 2621/3595/2277 2684/3712/2277
f 2627/3600/2402 2629/3601/2402 2698/3713/2402
f 2629/3601/2403 2626/3597/2403 2696/3715/2403
f 2640/3611/2280 2646/3613/2280 2710/3716/2280
f 2646/3613/2281 2642/3616/2281 2708/3718/2281
f 2721/3719/2404 2634/3607/2404 2636/3608/2404
f 2722/3720/2405 2636/3608/2405 2633/3604/2405
f 2635/3610/2284 2638/3609/2284 2734/3722/2284
f 2638/3609/2285 2634/3607/2285 2732/3724/2285
f 2745/3725/2286 2668/3639/2286 2674/3641/2286
f 2746/3726/2287 2674/3641/2287 2670/3644/2287
f 2757/3728/2406 2662/3635/2406 2664/3632/2406
f 2758/3729/2407 2664/3632/2407 2661/3634/2407
f 2663/3637/2408 2666/3638/2408 2770/3731/2408
f 2666/3638/2291 2662/3635/2291 2768/3733/2291
f 2654/3625/2292 2660/3627/2292 2782/3735/2292
f 2660/3627/2293 2656/3630/2293 2780/3737/2293
f 2648/3623/2409 2650/3622/2409 2794/3738/2409
f 2650/3622/2410 2647/3618/2410 2792/3740/2410
f 2805/3741/2296 2649/3624/2296 2652/3621/2296
f 2806/3742/2297 2652/3621/2297 2648/3623/2297
f 2817/3744/2298 2628/3602/2298 2631/3603/2298
f 2818/3745/2299 2631/3603/2299 2627/3600/2299
f 2635/3610/2276 2675/3750/2276 2677/3747/2276
f 2639/3606/2277 2677/3747/2277 2676/3748/2277
f 2678/3749/2276 2680/3751/2276 2677/3747/2276
f 2680/3751/2277 2679/3754/2277 2676/3748/2277
f 2681/3752/2276 2683/3753/2276 2680/3751/2276
f 2683/3753/2277 2682/3755/2277 2679/3754/2277
f 2685/3711/2276 2686/3710/2276 2683/3753/2276
f 2686/3710/2277 2684/3712/2277 2682/3755/2277
f 2687/3756/2411 2689/3757/2411 2624/3596/2411
f 2689/3757/2412 2688/3760/2412 2621/3595/2412
f 2690/3758/2413 2692/3759/2413 2689/3757/2413
f 2692/3759/2414 2691/3763/2414 2688/3760/2414
f 2693/3761/2415 2695/3762/2415 2692/3759/2415
f 2695/3762/2416 2694/3764/2416 2691/3763/2416
f 2693/3761/2417 2697/3714/2417 2698/3713/2417
f 2695/3762/2418 2698/3713/2418 2696/3715/2418
f 2628/3602/2280 2699/3768/2280 2701/3765/2280
f 2632/3599/2281 2701/3765/2281 2700/3766/2281
f 2702/3767/2280 2704/3769/2280 2701/3765/2280
f 2704/3769/2281 2703/3772/2281 2700/3766/2281
f 2705/3770/2280 2707/3771/2280 2704/3769/2280
f 2707/3771/2281 2706/3773/2281 2703/3772/2281
f 2709/3717/2280 2710/3716/2280 2707/3771/2280
f 2710/3716/2281 2708/3718/2281 2706/3773/2281
f 2641/3614/2419 2711/3777/2419 2713/3774/2419
f 2645/3617/2420 2713/3774/2420 2712/3775/2420
f 2714/3776/2421 2716/3778/2421 2713/3774/2421
f 2716/3778/2422 2715/3781/2422 2712/3775/2422
f 2714/3776/2423 2717/3782/2423 2719/3779/2423
f 2716/3778/2424 2719/3779/2424 2718/3780/2424
f 2717/3782/2425 2721/3719/2425 2722/3720/2425
f 2719/3779/2426 2722/3720/2426 2720/3721/2426
f 2723/3783/2284 2725/3784/2284 2667/3633/2284
f 2725/3784/2285 2724/3787/2285 2661/3634/2285
f 2726/3785/2284 2728/3786/2284 2725/3784/2284
f 2728/3786/2285 2727/3790/2285 2724/3787/2285
f 2729/3788/2284 2731/3789/2284 2728/3786/2284
f 2731/3789/2285 2730/3791/2285 2727/3790/2285
f 2733/3723/2284 2734/3722/2284 2731/3789/2284
f 2734/3722/2285 2732/3724/2285 2730/3791/2285
f 2735/3792/2286 2737/3793/2286 2643/3615/2286
f 2737/3793/2287 2736/3796/2287 2641/3614/2287
f 2738/3794/2286 2740/3795/2286 2737/3793/2286
f 2740/3795/2287 2739/3799/2287 2736/3796/2287
f 2741/3797/2286 2743/3798/2286 2740/3795/2286
f 2743/3798/2287 2742/3800/2287 2739/3799/2287
f 2745/3725/2286 2746/3726/2286 2743/3798/2286
f 2746/3726/2287 2744/3727/2287 2742/3800/2287
f 2747/3801/2427 2749/3802/2427 2673/3645/2427
f 2749/3802/2428 2748/3805/2428 2670/3644/2428
f 2747/3801/2429 2750/3806/2429 2752/3803/2429
f 2749/3802/2430 2752/3803/2430 2751/3804/2430
f 2750/3806/2431 2753/3809/2431 2755/3807/2431
f 2752/3803/2432 2755/3807/2432 2754/3808/2432
f 2753/3809/2433 2757/3728/2433 2758/3729/2433
f 2755/3807/2434 2758/3729/2434 2756/3730/2434
f 2649/3624/2290 2759/3813/2290 2761/3810/2290
f 2653/3620/2291 2761/3815/2291 2760/3811/2291
f 2762/3812/2290 2764/3817/2290 2761/3810/2290
f 2764/3814/2291 2763/3819/2291 2760/3811/2291
f 2765/3816/2290 2767/3820/2290 2764/3817/2290
f 2767/3818/2291 2766/3821/2291 2763/3819/2291
f 2769/3732/2290 2770/3731/2290 2767/3820/2290
f 2770/3734/2291 2768/3733/2291 2766/3821/2291
f 2668/3639/2292 2771/3825/2292 2773/3822/2292
f 2671/3643/2293 2773/3822/2293 2772/3823/2293
f 2774/3824/2292 2776/3826/2292 2773/3822/2292
f 2776/3826/2293 2775/3829/2293 2772/3823/2293
f 2777/3827/2292 2779/3828/2292 2776/3826/2292
f 2779/3828/2293 2778/3830/2293 2775/3829/2293
f 2781/3736/2292 2782/3735/2292 2779/3828/2292
f 2782/3735/2293 2780/3737/2293 2778/3830/2293
f 2655/3628/2435 2783/3834/2435 2785/3831/2435
f 2659/3631/2436 2785/3831/2436 2784/3832/2436
f 2786/3833/2437 2788/3835/2437 2785/3831/2437
f 2788/3835/2438 2787/3838/2438 2784/3832/2438
f 2789/3836/2439 2791/3837/2439 2788/3835/2439
f 2791/3837/2440 2790/3839/2440 2787/3838/2440
f 2793/3739/2441 2794/3738/2441 2791/3837/2441
f 2794/3738/2442 2792/3740/2442 2790/3839/2442
f 2619/3592/2296 2795/3842/2296 2797/3840/2296
f 2622/3590/2297 2797/3840/2297 2796/3841/2297
f 2795/3842/2296 2798/3845/2296 2800/3843/2296
f 2797/3840/2297 2800/3843/2297 2799/3844/2297
f 2798/3845/2296 2801/3848/2296 2803/3846/2296
f 2800/3843/2297 2803/3846/2297 2802/3847/2297
f 2801/3848/2296 2805/3741/2296 2806/3742/2296
f 2803/3846/2297 2806/3742/2297 2804/3743/2297
f 2807/3849/2298 2809/3850/2298 2657/3629/2298
f 2809/3850/2299 2808/3853/2299 2655/3628/2299
f 2810/3851/2298 2812/3852/2298 2809/3850/2298
f 2812/3852/2299 2811/3856/2299 2808/3853/2299
f 2813/3854/2298 2815/3855/2298 2812/3852/2298
f 2815/3855/2299 2814/3857/2299 2811/3856/2299
f 2817/3744/2298 2818/3745/2298 2815/3855/2298
f 2818/3745/2299 2816/3746/2299 2814/3857/2299
f 2833/3661/2332 2819/3646/2332 2825/3648/2332
f 2825/3859/2333 2821/3652/2333 2834/3664/2333
f 2820/3649/2334 2826/3654/2334 2832/3656/2334
f 2832/3656/2335 2828/3659/2335 2821/3652/2335
f 2827/3657/2280 2840/3669/2280 2846/3671/2280
f 2846/3671/2281 2842/3674/2281 2828/3659/2281
f 2841/3672/2336 2835/3667/2336 2838/3668/2336
f 2838/3668/2337 2834/3664/2337 2842/3674/2337
f 2833/3661/2338 2839/3663/2338 2864/3860/2338
f 2839/3861/2339 2835/3667/2339 2862/3696/2339
f 2868/3702/2340 2874/3704/2340 2843/3673/2340
f 2874/3704/2341 2870/3708/2341 2841/3672/2341
f 2863/3699/2342 2866/3701/2342 2873/3862/2342
f 2866/3863/2343 2862/3696/2343 2870/3708/2343
f 2861/3693/2344 2867/3695/2344 2850/3864/2344
f 2867/3865/2345 2863/3699/2345 2848/3679/2345
f 2854/3685/2292 2860/3687/2292 2871/3866/2292
f 2860/3867/2293 2856/3690/2293 2869/3705/2293
f 2849/3682/2346 2852/3684/2346 2859/3868/2346
f 2852/3869/2347 2848/3679/2347 2856/3690/2347
f 2847/3676/2348 2853/3678/2348 2822/3870/2348
f 2853/3871/2349 2849/3682/2349 2820/3649/2349
f 2827/3657/2350 2829/3658/2350 2857/3689/2350
f 2829/3658/2351 2826/3654/2351 2855/3688/2351
f 2621/3595/2352 2688/3760/2352 2603/3577/2352
f 2558/3536/2218 2687/3756/2218 2620/3593/2218
f 2542/3521/2215 2795/3842/2215 2619/3592/2215
f 2626/3597/2227 2700/3766/2227 2615/3586/2227
f 2816/3746/2216 2627/3600/2216 2697/3714/2216
f 2699/3768/2214 2628/3602/2214 2817/3744/2214
f 2606/3581/2352 2720/3721/2352 2633/3604/2352
f 2634/3607/2224 2721/3719/2224 2587/3560/2224
f 2733/3723/2215 2539/3517/2215 2675/3750/2215
f 2640/3611/2214 2709/3717/2214 2535/3511/2214
f 2618/3874/2227 2708/3718/2227 2642/3616/2227
f 2711/3777/2222 2641/3614/2222 2736/3796/2222
f 2574/3551/2353 2792/3740/2353 2647/3618/2353
f 2793/3739/2218 2555/3532/2218 2804/3743/2218
f 2759/3813/2215 2649/3624/2215 2805/3741/2215
f 2526/3506/2214 2807/3849/2214 2654/3625/2214
f 2586/3876/2221 2780/3737/2221 2656/3630/2221
f 2783/3834/2216 2655/3628/2216 2808/3853/2216
f 2724/3787/2224 2590/3566/2224 2756/3730/2224
f 2662/3635/2353 2757/3728/2353 2571/3547/2353
f 2663/3637/2215 2769/3732/2215 2551/3526/2215
f 2745/3725/2214 2523/3502/2214 2771/3825/2214
f 2744/3727/2222 2670/3644/2222 2748/3805/2222
f 2669/3642/2221 2772/3823/2221 2583/3556/2221
f 2605/3579/2352 2606/3581/2352 2676/3748/2352
f 2539/3517/2215 2540/3516/2215 2678/3749/2215
f 2604/3576/2352 2605/3579/2352 2679/3754/2352
f 2540/3516/2215 2541/3519/2215 2681/3752/2215
f 2603/3577/2352 2604/3576/2352 2682/3755/2352
f 2541/3519/2215 2542/3521/2215 2685/3711/2215
f 2691/3763/2225 2607/3575/2225 2603/3577/2225
f 2562/3540/2216 2690/3758/2216 2687/3756/2216
f 2694/3764/2226 2611/3582/2226 2607/3575/2226
f 2566/3544/2217 2693/3761/2217 2690/3758/2217
f 2694/3764/2227 2696/3715/2227 2615/3586/2227
f 2570/3872/2218 2697/3714/2218 2693/3761/2218
f 2700/3766/2227 2703/3772/2227 2616/3587/2227
f 2537/3513/2214 2702/3767/2214 2699/3768/2214
f 2703/3772/2227 2706/3773/2227 2617/3588/2227
f 2705/3770/2214 2702/3767/2214 2537/3513/2214
f 2706/3773/2227 2708/3718/2227 2618/3874/2227
f 2535/3511/2214 2709/3717/2214 2705/3770/2214
f 2618/3874/2227 2712/3775/2227 2715/3781/2227
f 2714/3776/2224 2711/3777/2224 2599/3571/2224
f 2610/3585/2226 2614/3589/2226 2715/3781/2226
f 2717/3782/2223 2714/3776/2223 2595/3572/2223
f 2606/3581/2225 2610/3585/2225 2718/3780/2225
f 2721/3719/2222 2717/3782/2222 2591/3567/2222
f 2727/3790/2224 2589/3564/2224 2590/3566/2224
f 2723/3783/2215 2551/3526/2215 2547/3522/2215
f 2730/3791/2224 2588/3562/2224 2589/3564/2224
f 2726/3785/2215 2547/3522/2215 2543/3515/2215
f 2732/3724/2224 2587/3560/2224 2588/3562/2224
f 2729/3788/2215 2543/3515/2215 2539/3517/2215
f 2736/3796/2222 2739/3799/2222 2600/3573/2222
f 2735/3792/2214 2535/3511/2214 2531/3507/2214
f 2739/3799/2222 2742/3800/2222 2601/3574/2222
f 2738/3794/2214 2531/3507/2214 2527/3500/2214
f 2742/3800/2222 2744/3727/2222 2602/3877/2222
f 2741/3797/2214 2527/3500/2214 2523/3502/2214
f 2602/3877/2224 2748/3805/2224 2751/3804/2224
f 2750/3806/2221 2747/3801/2221 2583/3556/2221
f 2594/3565/2223 2598/3570/2223 2751/3804/2223
f 2750/3806/2220 2579/3552/2220 2575/3545/2220
f 2590/3566/2222 2594/3565/2222 2754/3808/2222
f 2753/3809/2219 2575/3545/2219 2571/3547/2219
f 2573/3549/2353 2574/3551/2353 2760/3811/2353
f 2553/3528/2215 2762/3812/2215 2759/3813/2215
f 2572/3546/2353 2573/3549/2353 2763/3819/2353
f 2765/3816/2215 2762/3812/2215 2553/3528/2215
f 2571/3547/2353 2572/3546/2353 2766/3821/2353
f 2551/3526/2215 2769/3732/2215 2765/3816/2215
f 2772/3823/2221 2775/3829/2221 2584/3557/2221
f 2523/3502/2214 2524/3501/2214 2774/3824/2214
f 2775/3829/2221 2778/3830/2221 2585/3558/2221
f 2524/3501/2214 2525/3504/2214 2777/3827/2214
f 2778/3830/2221 2780/3737/2221 2586/3876/2221
f 2525/3504/2214 2526/3506/2214 2781/3736/2214
f 2586/3876/2221 2784/3832/2221 2787/3838/2221
f 2786/3833/2218 2783/3834/2218 2567/3541/2218
f 2578/3555/2220 2582/3559/2220 2787/3838/2220
f 2786/3833/2217 2563/3537/2217 2559/3530/2217
f 2574/3551/2219 2578/3555/2219 2790/3839/2219
f 2789/3836/2216 2559/3530/2216 2555/3532/2216
f 2557/3534/2218 2558/3536/2218 2796/3841/2218
f 2546/3525/2215 2798/3845/2215 2795/3842/2215
f 2556/3531/2218 2557/3534/2218 2799/3844/2218
f 2550/3529/2215 2801/3848/2215 2798/3845/2215
f 2555/3532/2218 2556/3531/2218 2802/3847/2218
f 2554/3875/2215 2805/3741/2215 2801/3848/2215
f 2808/3853/2216 2811/3856/2216 2568/3542/2216
f 2530/3510/2214 2810/3851/2214 2807/3849/2214
f 2811/3856/2216 2814/3857/2216 2569/3543/2216
f 2534/3514/2214 2813/3854/2214 2810/3851/2214
f 2814/3857/2216 2816/3746/2216 2570/3872/2216
f 2538/3873/2214 2817/3744/2214 2813/3854/2214
f 2861/3693/2215 2847/3676/2215 2819/3646/2215
f 2828/3659/2227 2842/3674/2227 2834/3664/2227
f 2855/3688/2217 2826/3654/2217 2820/3649/2217
f 2840/3669/2214 2827/3657/2214 2854/3685/2214
f 2841/3672/2223 2870/3708/2223 2862/3696/2223
f 2869/3705/2221 2856/3690/2221 2848/3679/2221
o AK_panel_receiver_side_001
v -0.049500 -0.006000 -0.021000
v -0.049500 -0.005500 -0.020500
v -0.050000 -0.005500 -0.021000
v -0.049500 0.005500 -0.020500
v -0.049500 0.006000 -0.021000
v -0.050000 0.005500 -0.021000
v -0.049500 -0.006000 -0.021000
v -0.050000 -0.005500 -0.021000
v -0.049500 -0.005500 -0.021500
v -0.049500 0.006000 -0.021000
v -0.049500 0.005500 -0.021500
v -0.050000 0.005500 -0.021000
v -0.010500 -0.006000 -0.021000
v -0.010000 -0.005500 -0.021000
v -0.010500 -0.005500 -0.020500
v -0.010500 0.006000 -0.021000
v -0.010500 0.005500 -0.020500
v -0.010000 0.005500 -0.021000
v -0.010500 -0.006000 -0.021000
v -0.010500 -0.005500 -0.021500
v -0.010000 -0.005500 -0.021000
v -0.010500 0.006000 -0.021000
v -0.010000 0.005500 -0.021000
v -0.010500 0.005500 -0.021500
vn -0.5774 -0.5773 0.5774
vn -0.5774 0.5773 0.5774
vn -0.5774 -0.5773 -0.5774
vn -0.5774 0.5773 -0.5774
vn 0.5774 -0.5773 0.5774
vn 0.5774 0.5773 0.5774
vn 0.5774 -0.5773 -0.5774
vn 0.5774 0.5773 -0.5774
vn -0.7071 -0.7071 -0.0000
vn -0.7071 -0.0000 0.7071
vn -0.7071 0.7071 -0.0000
vn -0.7071 -0.0000 -0.7071
vn -0.0000 -0.7071 -0.7071
vn -0.0000 0.7071 -0.7071
vn 0.7071 -0.0000 -0.7071
vn 0.7071 -0.7071 -0.0000
vn 0.7071 0.7071 -0.0000
vn 0.7071 -0.0000 0.7071
vn -0.0000 -0.7071 0.7071
vn -0.0000 0.7071 0.7071
vn -0.0000 -1.0000 -0.0000
vn -1.0000 -0.0000 -0.0000
vn -0.0000 -0.0000 1.0000
vn -0.0000 1.0000 -0.0000
vn -0.0000 -0.0000 -1.0000
vn 1.0000 -0.0000 -0.0000
vt 0.505654 0.015903
vt 0.500601 0.015903
vt 0.505654 0.010850
vt 0.449281 0.015903
vt 0.444228 0.015903
vt 0.444228 0.010850
vt 0.510706 0.015903
vt 0.439176 0.015903
vt 0.505654 0.410006
vt 0.505654 0.415058
vt 0.500601 0.410006
vt 0.444228 0.410006
vt 0.449281 0.410006
vt 0.444228 0.415058
vt 0.510706 0.410006
vt 0.444228 0.410006
vt 0.439176 0.410006
vt 0.158448 0.015903
vt 0.269606 0.010850
vt 0.269606 0.015903
vt 0.126573 0.410006
vt 0.015415 0.415058
vt 0.015415 0.410006
vt 0.444228 0.556549
vt 0.439176 0.445392
vt 0.444228 0.445392
vt 0.449281 0.556549
vt 0.449281 0.445392
vt 0.507409 0.445391
vt 0.507409 0.556549
vt 0.158448 0.410006
vt 0.269605 0.410006
vt 0.126573 0.015903
vt 0.444228 0.556549
vt 0.158448 0.010850
vt 0.126573 0.415058
vt 0.439176 0.556549
vt 0.507409 0.445391
vt 0.015415 0.015903
s 0
usemtl MAT_detail_dark_metal
f 2875/3878/2443 2876/3879/2443 2877/3880/2443
f 2878/3881/2444 2879/3882/2444 2880/3883/2444
f 2881/3878/2445 2882/3880/2445 2883/3884/2445
f 2884/3882/2446 2885/3885/2446 2886/3883/2446
f 2887/3886/2447 2888/3887/2447 2889/3888/2447
f 2890/3889/2448 2891/3890/2448 2892/3891/2448
f 2893/3886/2449 2894/3892/2449 2895/3887/2449
f 2896/3893/2450 2897/3891/2450 2898/3894/2450
f 2881/3878/2451 2877/3880/2451 2882/3880/2451
f 2878/3895/2452 2877/3896/2452 2876/3897/2452
f 2879/3882/2453 2886/3883/2453 2880/3883/2453
f 2883/3898/2454 2886/3899/2454 2885/3900/2454
f 2881/3878/2455 2894/3892/2455 2893/3886/2455
f 2896/3893/2456 2885/3885/2456 2884/3882/2456
f 2895/3901/2457 2898/3902/2457 2897/3903/2457
f 2887/3886/2458 2895/3887/2458 2888/3887/2458
f 2896/3893/2459 2892/3891/2459 2897/3891/2459
f 2889/3904/2460 2892/3903/2460 2891/3905/2460
f 2887/3886/2461 2876/3879/2461 2875/3878/2461
f 2879/3882/2462 2891/3890/2462 2890/3889/2462
f 2893/3886/2463 2875/3878/2463 2881/3878/2463
f 2880/3906/2464 2882/3907/2464 2877/3907/2464
f 2891/3908/2465 2876/3897/2465 2889/3909/2465
f 2884/3882/2466 2890/3889/2466 2896/3893/2466
f 2885/3900/2467 2894/3910/2467 2883/3898/2467
f 2897/3903/2468 2888/3911/2468 2895/3901/2468
f 2881/3878/2451 2875/3878/2451 2877/3880/2451
f 2878/3895/2452 2880/3912/2452 2877/3896/2452
f 2879/3882/2453 2884/3882/2453 2886/3883/2453
f 2883/3898/2454 2882/3913/2454 2886/3899/2454
f 2881/3878/2455 2883/3884/2455 2894/3892/2455
f 2896/3893/2456 2898/3894/2456 2885/3885/2456
f 2895/3901/2457 2894/3914/2457 2898/3902/2457
f 2887/3886/2458 2893/3886/2458 2895/3887/2458
f 2896/3893/2459 2890/3889/2459 2892/3891/2459
f 2889/3904/2460 2888/3911/2460 2892/3903/2460
f 2887/3886/2461 2889/3888/2461 2876/3879/2461
f 2879/3882/2462 2878/3881/2462 2891/3890/2462
f 2893/3886/2463 2887/3886/2463 2875/3878/2463
f 2880/3906/2464 2886/3915/2464 2882/3907/2464
f 2891/3908/2465 2878/3895/2465 2876/3897/2465
f 2884/3882/2466 2879/3882/2466 2890/3889/2466
f 2885/3900/2467 2898/3916/2467 2894/3910/2467
f 2897/3903/2468 2892/3903/2468 2888/3911/2468
o AK_panel_receiver_side_002
v -0.129500 -0.006000 -0.021000
v -0.129500 -0.005500 -0.020500
v -0.130000 -0.005500 -0.021000
v -0.129500 0.005500 -0.020500
v -0.129500 0.006000 -0.021000
v -0.130000 0.005500 -0.021000
v -0.129500 -0.006000 -0.021000
v -0.130000 -0.005500 -0.021000
v -0.129500 -0.005500 -0.021500
v -0.129500 0.006000 -0.021000
v -0.129500 0.005500 -0.021500
v -0.130000 0.005500 -0.021000
v -0.090500 -0.006000 -0.021000
v -0.090000 -0.005500 -0.021000
v -0.090500 -0.005500 -0.020500
v -0.090500 0.006000 -0.021000
v -0.090500 0.005500 -0.020500
v -0.090000 0.005500 -0.021000
v -0.090500 -0.006000 -0.021000
v -0.090500 -0.005500 -0.021500
v -0.090000 -0.005500 -0.021000
v -0.090500 0.006000 -0.021000
v -0.090000 0.005500 -0.021000
v -0.090500 0.005500 -0.021500
vn -0.5774 -0.5773 0.5774
vn -0.5774 0.5773 0.5774
vn -0.5774 -0.5773 -0.5774
vn -0.5774 0.5773 -0.5774
vn 0.5774 -0.5773 0.5774
vn 0.5774 0.5773 0.5774
vn 0.5774 -0.5773 -0.5774
vn 0.5774 0.5773 -0.5774
vn -0.7071 -0.7071 -0.0000
vn -0.7071 -0.0000 0.7071
vn -0.7071 0.7071 -0.0000
vn -0.7071 -0.0000 -0.7071
vn -0.0000 -0.7071 -0.7071
vn -0.0000 0.7071 -0.7071
vn 0.7071 -0.0000 -0.7071
vn 0.7071 -0.7071 -0.0000
vn 0.7071 0.7071 -0.0000
vn 0.7071 -0.0000 0.7071
vn -0.0000 -0.7071 0.7071
vn -0.0000 0.7071 0.7071
vn -0.0000 -1.0000 -0.0000
vn -1.0000 -0.0000 -0.0000
vn -0.0000 -0.0000 1.0000
vn -0.0000 1.0000 -0.0000
vn -0.0000 -0.0000 -1.0000
vn 1.0000 -0.0000 -0.0000
vt 0.536366 0.015903
vt 0.531314 0.015903
vt 0.536366 0.010850
vt 0.469888 0.410006
vt 0.474941 0.410006
vt 0.474941 0.415058
vt 0.536366 0.015903
vt 0.541419 0.015903
vt 0.479994 0.410006
vt 0.536366 0.410006
vt 0.536366 0.415058
vt 0.531314 0.410006
vt 0.474941 0.015903
vt 0.469888 0.015903
vt 0.474941 0.010850
vt 0.541419 0.410006
vt 0.479994 0.015903
vt 0.015903 0.553916
vt 0.010850 0.442759
vt 0.015903 0.442759
vt 0.412638 0.410006
vt 0.301481 0.415058
vt 0.301481 0.410006
vt 0.475819 0.556549
vt 0.470766 0.445392
vt 0.475819 0.445392
vt 0.480871 0.556549
vt 0.480871 0.445392
vt 0.347111 0.591649
vt 0.458268 0.591649
vt 0.458268 0.591649
vt 0.410006 0.553916
vt 0.410006 0.442759
vt 0.412638 0.015903
vt 0.010850 0.553916
vt 0.412638 0.415058
vt 0.470766 0.556549
vt 0.301481 0.015903
s 0
usemtl MAT_detail_dark_metal
f 2899/3917/2469 2900/3918/2469 2901/3919/2469
f 2902/3920/2470 2903/3921/2470 2904/3922/2470
f 2905/3923/2471 2906/3919/2471 2907/3924/2471
f 2908/3921/2472 2909/3925/2472 2910/3922/2472
f 2911/3926/2473 2912/3927/2473 2913/3928/2473
f 2914/3929/2474 2915/3930/2474 2916/3931/2474
f 2917/3926/2475 2918/3932/2475 2919/3927/2475
f 2920/3929/2476 2921/3931/2476 2922/3933/2476
f 2905/3923/2477 2901/3919/2477 2906/3919/2477
f 2902/3934/2478 2901/3935/2478 2900/3936/2478
f 2903/3921/2479 2910/3922/2479 2904/3922/2479
f 2907/3937/2480 2910/3938/2480 2909/3939/2480
f 2905/3923/2481 2918/3932/2481 2917/3926/2481
f 2920/3929/2482 2909/3925/2482 2908/3921/2482
f 2919/3940/2483 2922/3941/2483 2921/3942/2483
f 2911/3926/2484 2919/3927/2484 2912/3927/2484
f 2920/3929/2485 2916/3931/2485 2921/3931/2485
f 2913/3943/2486 2916/3942/2486 2915/3944/2486
f 2911/3926/2487 2900/3918/2487 2899/3917/2487
f 2903/3921/2488 2915/3930/2488 2914/3929/2488
f 2917/3926/2489 2899/3917/2489 2905/3923/2489
f 2904/3945/2490 2906/3946/2490 2901/3947/2490
f 2915/3948/2491 2900/3936/2491 2913/3949/2491
f 2908/3921/2492 2914/3929/2492 2920/3929/2492
f 2909/3939/2493 2918/3950/2493 2907/3937/2493
f 2921/3942/2494 2912/3940/2494 2919/3940/2494
f 2905/3923/2477 2899/3917/2477 2901/3919/2477
f 2902/3934/2478 2904/3951/2478 2901/3935/2478
f 2903/3921/2479 2908/3921/2479 2910/3922/2479
f 2907/3937/2480 2906/3952/2480 2910/3938/2480
f 2905/3923/2481 2907/3924/2481 2918/3932/2481
f 2920/3929/2482 2922/3933/2482 2909/3925/2482
f 2919/3940/2483 2918/3953/2483 2922/3941/2483
f 2911/3926/2484 2917/3926/2484 2919/3927/2484
f 2920/3929/2485 2914/3929/2485 2916/3931/2485
f 2913/3943/2486 2912/3940/2486 2916/3942/2486
f 2911/3926/2487 2913/3928/2487 2900/3918/2487
f 2903/3921/2488 2902/3920/2488 2915/3930/2488
f 2917/3926/2489 2911/3926/2489 2899/3917/2489
f 2904/3945/2490 2910/3945/2490 2906/3946/2490
f 2915/3948/2491 2902/3934/2491 2900/3936/2491
f 2908/3921/2492 2903/3921/2492 2914/3929/2492
f 2909/3939/2493 2922/3954/2493 2918/3950/2493
f 2921/3942/2494 2916/3942/2494 2912/3940/2494
o AK_receiver_main
v -0.026667 0.040000 -0.006667
v -0.026667 0.040000 0.006667
v -0.103333 0.040000 -0.006667
v -0.103333 0.040000 0.006667
v -0.103333 -0.033000 -0.006667
v -0.103333 -0.033000 0.006667
v -0.026667 -0.040000 -0.006667
v -0.026667 -0.040000 0.006667
v -0.026667 -0.013333 0.020000
v -0.103333 -0.013333 0.020000
v -0.026667 0.013333 0.020000
v -0.103333 0.013333 0.020000
v 0.050000 -0.013333 -0.006667
v 0.050000 -0.013333 0.006667
v 0.050000 0.013333 -0.006667
v 0.050000 0.013333 0.006667
v -0.103333 -0.013333 -0.017000
v -0.026667 -0.013333 -0.020000
v -0.103333 0.013333 -0.017000
v -0.026667 0.013333 -0.020000
v -0.180000 -0.013333 0.006667
v -0.180000 -0.013333 -0.006667
v -0.180000 0.013333 0.006667
v -0.180000 0.013333 -0.006667
v -0.178008 -0.039818 0.018000
v -0.178000 -0.037812 0.020000
v -0.180000 -0.038000 0.018000
v -0.178004 -0.039229 0.019414
v -0.179156 -0.039076 0.019155
v -0.179412 -0.037943 0.019414
v -0.179418 -0.039362 0.018000
v -0.180000 0.033000 0.018000
v -0.178000 0.033129 0.020000
v -0.178004 0.035130 0.018000
v -0.179414 0.033064 0.019414
v -0.179161 0.034215 0.019155
v -0.178029 0.034542 0.019414
v -0.179415 0.034452 0.018000
v -0.180000 -0.038000 -0.018000
v -0.178000 -0.037812 -0.020000
v -0.178008 -0.039818 -0.018000
v -0.179414 -0.037906 -0.019414
v -0.179149 -0.039068 -0.019155
v -0.177966 -0.039227 -0.019414
v -0.179417 -0.039361 -0.018000
v -0.178004 0.035130 -0.018000
v -0.178000 0.033129 -0.020000
v -0.180000 0.033000 -0.018000
v -0.178002 0.034544 -0.019414
v -0.179156 0.034209 -0.019155
v -0.179413 0.033037 -0.019414
v -0.179416 0.034453 -0.018000
v 0.050000 -0.038000 0.018000
v 0.048000 -0.037995 0.020000
v 0.048000 -0.040000 0.018000
v 0.049414 -0.037997 0.019414
v 0.049155 -0.039154 0.019155
v 0.048000 -0.039413 0.019414
v 0.049414 -0.039414 0.018000
v 0.048000 0.040000 0.018000
v 0.048000 0.037999 0.020000
v 0.050000 0.038000 0.018000
v 0.048000 0.039414 0.019414
v 0.049155 0.039154 0.019155
v 0.049414 0.037999 0.019414
v 0.049414 0.039414 0.018000
v 0.048000 -0.037995 -0.020000
v 0.050000 -0.038000 -0.018000
v 0.048000 -0.040000 -0.018000
v 0.049414 -0.037997 -0.019414
v 0.049155 -0.039154 -0.019155
v 0.049414 -0.039415 -0.018000
v 0.048000 -0.039412 -0.019414
v 0.048000 0.040000 -0.018000
v 0.050000 0.038000 -0.018000
v 0.048000 0.037999 -0.020000
v 0.049414 0.039414 -0.018000
v 0.049155 0.039154 -0.019155
v 0.049414 0.037999 -0.019414
v 0.048000 0.039414 -0.019414
v -0.178008 -0.039818 -0.006667
v -0.180000 -0.038000 -0.006667
v -0.179417 -0.039361 -0.006667
v -0.180000 -0.038000 0.006667
v -0.178008 -0.039818 0.006667
v -0.179417 -0.039361 0.006667
v -0.178000 -0.013333 0.020000
v -0.180000 -0.013333 0.018000
v -0.179414 -0.013333 0.019414
v -0.180000 0.013333 0.018000
v -0.178000 0.013333 0.020000
v -0.179414 0.013333 0.019414
v -0.178004 0.035130 0.006667
v -0.180000 0.033000 0.006667
v -0.179415 0.034452 0.006667
v -0.180000 0.033000 -0.006667
v -0.178004 0.035130 -0.006667
v -0.179415 0.034452 -0.006667
v -0.178002 0.013333 -0.019922
v -0.180000 0.013333 -0.018000
v -0.179415 0.013333 -0.019391
v -0.180000 -0.013333 -0.018000
v -0.178002 -0.013333 -0.019922
v -0.179415 -0.013333 -0.019391
v -0.026667 -0.040000 -0.018000
v -0.026667 -0.037995 -0.020000
v -0.026667 -0.039413 -0.019414
v -0.103333 -0.031017 -0.019698
v -0.103333 -0.033000 -0.018000
v -0.103333 -0.032419 -0.019326
v -0.103333 0.040000 -0.018000
v -0.103333 0.038011 -0.019776
v -0.103333 0.039417 -0.019349
v -0.026667 0.037999 -0.020000
v -0.026667 0.040000 -0.018000
v -0.026667 0.039414 -0.019414
v 0.050000 0.013333 -0.018000
v 0.048000 0.013333 -0.020000
v 0.049414 0.013333 -0.019414
v 0.048000 -0.013333 -0.020000
v 0.050000 -0.013333 -0.018000
v 0.049414 -0.013333 -0.019414
v 0.048000 -0.040000 0.006667
v 0.050000 -0.038000 0.006667
v 0.049414 -0.039414 0.006667
v 0.050000 -0.038000 -0.006667
v 0.048000 -0.040000 -0.006667
v 0.049414 -0.039414 -0.006667
v 0.048000 0.040000 -0.006667
v 0.050000 0.038000 -0.006667
v 0.049414 0.039414 -0.006667
v 0.050000 0.038000 0.006667
v 0.048000 0.040000 0.006667
v 0.049414 0.039414 0.006667
v 0.048000 0.013333 0.020000
v 0.050000 0.013333 0.018000
v 0.049414 0.013333 0.019414
v 0.050000 -0.013333 0.018000
v 0.048000 -0.013333 0.020000
v 0.049414 -0.013333 0.019414
v -0.103333 -0.033000 0.018000
v -0.103333 -0.030994 0.020000
v -0.103333 -0.032413 0.019414
v -0.026667 -0.037995 0.020000
v -0.026667 -0.040000 0.018000
v -0.026667 -0.039413 0.019414
v -0.026667 0.040000 0.018000
v -0.026667 0.037999 0.020000
v -0.026667 0.039414 0.019414
v -0.103333 0.037999 0.020000
v -0.103333 0.040000 0.018000
v -0.103333 0.039414 0.019414
v -0.113000 0.005000 -0.022000
v -0.113000 0.007000 -0.020000
v -0.115000 0.007000 -0.022000
v -0.113000 0.005586 -0.020586
v -0.114155 0.005845 -0.020845
v -0.114414 0.007000 -0.020586
v -0.114414 0.005586 -0.022000
v -0.113000 0.023000 -0.020000
v -0.113000 0.025000 -0.022000
v -0.115000 0.023000 -0.022000
v -0.113000 0.024414 -0.020586
v -0.114155 0.024155 -0.020845
v -0.114414 0.024414 -0.022000
v -0.114414 0.023000 -0.020586
v -0.113000 0.005000 -0.022000
v -0.115000 0.007000 -0.022000
v -0.113000 0.007000 -0.024000
v -0.114414 0.005586 -0.022000
v -0.114155 0.005845 -0.023155
v -0.114414 0.007000 -0.023414
v -0.113000 0.005586 -0.023414
v -0.113000 0.025000 -0.022000
v -0.113000 0.023000 -0.024000
v -0.115000 0.023000 -0.022000
v -0.113000 0.024414 -0.023414
v -0.114155 0.024155 -0.023155
v -0.114414 0.023000 -0.023414
v -0.114414 0.024414 -0.022000
v -0.097000 0.005000 -0.022000
v -0.095000 0.007000 -0.022000
v -0.097000 0.007000 -0.020000
v -0.095586 0.005586 -0.022000
v -0.095845 0.005845 -0.020845
v -0.095586 0.007000 -0.020586
v -0.097000 0.005586 -0.020586
v -0.097000 0.025000 -0.022000
v -0.097000 0.023000 -0.020000
v -0.095000 0.023000 -0.022000
v -0.097000 0.024414 -0.020586
v -0.095845 0.024155 -0.020845
v -0.095586 0.023000 -0.020586
v -0.095586 0.024414 -0.022000
v -0.097000 0.005000 -0.022000
v -0.097000 0.007000 -0.024000
v -0.095000 0.007000 -0.022000
v -0.097000 0.005586 -0.023414
v -0.095845 0.005845 -0.023155
v -0.095586 0.007000 -0.023414
v -0.095586 0.005586 -0.022000
v -0.097000 0.025000 -0.022000
v -0.095000 0.023000 -0.022000
v -0.097000 0.023000 -0.024000
v -0.095586 0.024414 -0.022000
v -0.095845 0.024155 -0.023155
v -0.095586 0.023000 -0.023414
v -0.097000 0.024414 -0.023414
vn -0.0000 1.0000 -0.0000
vn -0.0909 -0.9959 -0.0000
vn -0.0000 -0.0000 1.0000
vn 1.0000 -0.0000 -0.0000
vn -0.0391 -0.0000 -0.9992
vn -1.0000 -0.0000 -0.0000
vn -0.2942 -0.9100 0.2920
vn -0.2505 -0.3691 0.8950
vn -0.8809 -0.2855 0.3774
vn -0.8931 0.3594 0.2706
vn -0.3781 0.2821 0.8818
vn -0.3342 0.8724 0.3568
vn -0.8771 -0.3760 -0.2990
vn -0.3514 -0.2798 -0.8934
vn -0.2051 -0.9008 -0.3827
vn -0.4158 0.8665 -0.2764
vn -0.3036 0.3641 -0.8805
vn -0.8904 0.2760 -0.3621
vn 0.8864 -0.3671 0.2820
vn 0.3668 -0.2813 0.8868
vn 0.2815 -0.8862 0.3680
vn 0.3670 0.8864 0.2821
vn 0.2816 0.3671 0.8865
vn 0.8864 0.2817 0.3673
vn 0.2812 -0.3667 -0.8868
vn 0.8863 -0.2815 -0.3677
vn 0.3664 -0.8863 -0.2832
vn 0.2817 0.8864 -0.3674
vn 0.8864 0.3672 -0.2818
vn 0.3671 0.2816 -0.8865
vn -0.3672 -0.8865 0.2817
vn -0.2817 -0.3672 0.8865
vn -0.8865 -0.2817 0.3672
vn -0.3672 0.2817 0.8865
vn -0.2817 0.8865 0.3672
vn -0.8865 0.3672 0.2817
vn -0.2817 -0.8865 -0.3672
vn -0.8865 -0.3672 -0.2817
vn -0.3672 -0.2817 -0.8865
vn -0.3672 0.8865 -0.2817
vn -0.2817 0.3672 -0.8865
vn -0.8865 0.2817 -0.3672
vn 0.2817 -0.8865 0.3672
vn 0.8865 -0.3672 0.2817
vn 0.3672 -0.2817 0.8865
vn 0.3672 0.8865 0.2817
vn 0.2817 0.3672 0.8865
vn 0.8865 0.2817 0.3672
vn 0.3672 -0.8865 -0.2817
vn 0.2817 -0.3672 -0.8865
vn 0.8865 -0.2817 -0.3672
vn 0.2817 0.8865 -0.3672
vn 0.8865 0.3672 -0.2817
vn 0.3672 0.2817 -0.8865
vn -0.3088 -0.9511 -0.0000
vn -0.9191 -0.3940 -0.0000
vn -0.3827 -0.0000 0.9239
vn -0.9239 -0.0000 0.3827
vn -0.4330 0.9014 -0.0000
vn -0.9277 0.3734 0.0001
vn -0.3514 0.0030 -0.9362
vn -0.9217 0.0003 -0.3878
vn 0.0837 -0.9128 -0.3998
vn 0.0272 -0.2563 -0.9662
vn -0.0000 0.9238 -0.3829
vn -0.0000 0.3825 -0.9240
vn 0.9239 -0.0000 -0.3827
vn 0.3827 -0.0000 -0.9239
vn 0.3827 -0.9239 0.0001
vn 0.9239 -0.3827 -0.0000
vn 0.3827 0.9239 -0.0000
vn 0.9239 0.3827 -0.0000
vn 0.3827 -0.0000 0.9239
vn 0.9239 -0.0000 0.3827
vn -0.0000 -0.9235 0.3836
vn -0.0000 -0.3818 0.9242
vn -0.0601 0.9221 0.3822
vn -0.0249 0.3823 0.9237
vn -0.3831 -0.0000 0.9237
vn -0.9235 -0.0000 0.3836
vn -0.9277 0.3734 -0.0000
vn -0.3827 -0.0036 -0.9239
vn -0.9237 -0.0004 -0.3832
vn -0.3515 -0.0000 -0.9362
vn -0.9217 -0.0000 -0.3878
vn -0.0000 -0.9233 -0.3841
vn -0.0000 -0.3821 -0.9241
vn -0.0840 -0.9202 -0.3822
vn -0.0359 -0.3816 -0.9236
vn -0.0598 0.9220 -0.3825
vn -0.0222 0.3824 -0.9237
vn -0.0000 0.9180 -0.3965
vn -0.0008 0.2909 -0.9568
vn 0.3827 -0.9239 -0.0000
vn 0.0840 -0.9199 0.3829
vn 0.0349 -0.3818 0.9236
vn -0.0840 -0.9202 0.3823
vn -0.0348 -0.3815 0.9237
vn -0.0000 0.9237 0.3830
vn -0.0000 0.3825 0.9239
vn -0.0000 0.9238 0.3829
vn -0.0000 0.3825 0.9240
vn -0.5120 -0.0956 -0.8536
vn -0.3827 -0.0000 -0.9239
vn -0.9239 -0.0000 -0.3827
vn -0.0000 -0.9239 -0.3827
vn -0.0000 -0.3827 -0.9239
vn -0.0000 0.9239 -0.3827
vn -0.0000 0.3827 -0.9239
vn -0.0000 -0.9239 0.3827
vn -0.0000 -0.3827 0.9239
vn -0.0000 0.9239 0.3827
vn -0.0000 0.3827 0.9239
vn 0.0909 -0.9959 -0.0000
vn -0.0651 0.9979 -0.0000
vn 0.0038 0.0032 -1.0000
vn 0.0391 -0.0040 -0.9992
vn -0.0000 -1.0000 -0.0000
vn -0.0000 -0.0000 -1.0000
vn 0.0391 -0.0000 -0.9992
vn -0.0039 -0.0000 -1.0000
vn -0.0389 -0.1117 -0.9930
vn -0.0000 -0.0000 -0.0000
vn -0.2045 -0.9034 0.3769
vn -0.3448 -0.2829 0.8950
vn -0.8795 -0.3755 0.2924
vn -0.8922 0.2768 0.3569
vn -0.3060 0.3591 0.8817
vn -0.4168 0.8678 0.2704
vn -0.8783 -0.2862 -0.3829
vn -0.2466 -0.3756 -0.8934
vn -0.2947 -0.9077 -0.2987
vn -0.3336 0.8706 -0.3615
vn -0.3830 0.2792 -0.8805
vn -0.8916 0.3583 -0.2768
vn 0.8864 -0.2814 0.3676
vn 0.2815 -0.3664 0.8869
vn 0.3671 -0.8863 0.2825
vn 0.2815 0.8864 0.3675
vn 0.3671 0.2816 0.8865
vn 0.8864 0.3671 0.2819
vn 0.3668 -0.2814 -0.8867
vn 0.8864 -0.3669 -0.2823
vn 0.2809 -0.8861 -0.3687
vn 0.3672 0.8864 -0.2819
vn 0.8864 0.2816 -0.3673
vn 0.2817 0.3670 -0.8866
vn -0.2817 -0.8865 0.3672
vn -0.3672 -0.2817 0.8865
vn -0.8865 -0.3672 0.2817
vn -0.2817 0.3672 0.8865
vn -0.3672 0.8865 0.2817
vn -0.8865 0.2817 0.3672
vn -0.3672 -0.8865 -0.2817
vn -0.8865 -0.2817 -0.3672
vn -0.2817 -0.3672 -0.8865
vn -0.2817 0.8865 -0.3672
vn -0.3672 0.2817 -0.8865
vn -0.8865 0.3672 -0.2817
vn 0.3672 -0.8865 0.2817
vn 0.8865 -0.2817 0.3672
vn 0.2817 -0.3672 0.8865
vn 0.2817 0.8865 0.3672
vn 0.3672 0.2817 0.8865
vn 0.8865 0.3672 0.2817
vn 0.2817 -0.8865 -0.3672
vn 0.3672 -0.2817 -0.8865
vn 0.8865 -0.3672 -0.2817
vn 0.3672 0.8865 -0.2817
vn 0.8865 0.2817 -0.3672
vn 0.2817 0.3672 -0.8865
vn -0.3076 -0.9515 -0.0002
vn -0.9197 -0.3927 -0.0002
vn -0.4326 0.9016 0.0001
vn -0.9279 0.3728 -0.0000
vn -0.3827 0.0009 -0.9239
vn 0.0840 -0.9202 -0.3823
vn 0.0359 -0.3815 -0.9237
vn 0.3821 -0.9241 -0.0000
vn 0.9240 -0.3824 -0.0000
vn 0.3825 0.9239 -0.0000
vn 0.9239 0.3826 -0.0000
vn -0.0000 -0.9235 0.3835
vn -0.0000 -0.3819 0.9242
vn -0.0601 0.9221 0.3823
vn -0.9239 -0.0001 0.3827
vn -0.3515 -0.0011 -0.9362
vn -0.0000 -0.9235 -0.3836
vn -0.0000 -0.3818 -0.9242
vn -0.0837 -0.9128 -0.3998
vn -0.0271 -0.2563 -0.9662
vn -0.0598 0.9164 -0.3958
vn -0.0181 0.2908 -0.9566
vn -0.0003 0.9238 -0.3829
vn -0.0026 0.3825 -0.9240
vn 0.0840 -0.9202 0.3823
vn 0.0348 -0.3815 0.9237
vn -0.0840 -0.9202 0.3822
vn -0.0348 -0.3816 0.9237
vn -0.0000 0.3824 0.9240
vn -0.3381 -0.1167 -0.9338
vn 0.0387 0.1507 -0.9878
vn 0.0103 -0.1118 -0.9937
vn -0.0387 0.1507 -0.9878
vn -0.0029 -0.0000 -1.0000
vt 0.228608 0.475507
vt 0.231235 0.505145
vt 0.223503 0.504545
vt 0.160446 0.009551
vt 0.232386 0.473512
vt 0.231574 0.471762
vt 0.261640 0.496080
vt 0.231743 0.476023
vt 0.296508 0.464486
vt 0.223016 0.579214
vt 0.260740 0.651870
vt 0.208772 0.654588
vt 0.227876 0.473107
vt 0.140887 0.449978
vt 0.228739 0.471570
vt 0.229967 0.474193
vt 0.229913 0.473940
vt 0.229992 0.474087
vt 0.229889 0.474026
vt 0.229850 0.474030
vt 0.229832 0.473999
vt 0.229916 0.474086
vt 0.229903 0.474065
vt 0.229858 0.474015
vt 0.229857 0.474045
vt 0.229952 0.474398
vt 0.229954 0.474432
vt 0.229945 0.474408
vt 0.229960 0.474472
vt 0.229962 0.474420
vt 0.229930 0.474456
vt 0.229945 0.474478
vt 0.229796 0.473700
vt 0.229782 0.473709
vt 0.229781 0.473698
vt 0.229786 0.473656
vt 0.229788 0.473734
vt 0.229793 0.473643
vt 0.229788 0.473634
vt 0.229842 0.474037
vt 0.229879 0.473994
vt 0.229882 0.474010
vt 0.229840 0.473995
vt 0.229842 0.474010
vt 0.229885 0.474006
vt 0.229887 0.473985
vt 0.421576 0.794946
vt 0.449202 0.793340
vt 0.430501 0.808557
vt 0.440501 0.772131
vt 0.440582 0.787120
vt 0.683345 0.432292
vt 0.680518 0.437188
vt 0.678448 0.432292
vt 0.241854 0.544906
vt 0.243090 0.545743
vt 0.241952 0.545991
vt 0.244367 0.546098
vt 0.242978 0.544514
vt 0.243087 0.547924
vt 0.244430 0.547393
vt 0.053610 0.768476
vt 0.051582 0.795368
vt 0.044881 0.776684
vt 0.071457 0.791772
vt 0.054428 0.784020
vt 0.757944 0.432292
vt 0.762840 0.435119
vt 0.757944 0.437188
vt 0.220670 0.547127
vt 0.219561 0.548267
vt 0.219486 0.546992
vt 0.219733 0.550182
vt 0.220778 0.548300
vt 0.218109 0.548497
vt 0.218274 0.549905
vt 0.205673 0.962364
vt 0.206937 0.951415
vt 0.207863 0.962364
vt 0.934160 0.536843
vt 0.929264 0.534016
vt 0.934160 0.531946
vt 0.238707 0.962364
vt 0.236517 0.956043
vt 0.238707 0.951415
vt 0.934160 0.576017
vt 0.931333 0.580914
vt 0.929264 0.576017
vt 0.320710 0.962364
vt 0.318520 0.956043
vt 0.320710 0.951415
vt 0.256226 0.962364
vt 0.257491 0.951415
vt 0.258416 0.962364
vt 0.207863 0.968686
vt 0.205673 0.973314
vt 0.237443 0.973314
vt 0.236517 0.962364
vt 0.934160 0.461187
vt 0.929264 0.458360
vt 0.934160 0.456291
vt 0.319445 0.973314
vt 0.318520 0.962364
vt 0.973334 0.461187
vt 0.976162 0.456291
vt 0.978231 0.461187
vt 0.258416 0.968686
vt 0.256226 0.973314
vt 0.188154 0.962364
vt 0.185964 0.956043
vt 0.188154 0.951415
vt 0.279708 0.962364
vt 0.278444 0.973314
vt 0.277519 0.962364
vt 0.973334 0.536843
vt 0.976162 0.531946
vt 0.978231 0.536843
vt 0.338229 0.962364
vt 0.339493 0.951415
vt 0.340419 0.962364
vt 0.973334 0.576017
vt 0.978231 0.578844
vt 0.973334 0.580914
vt 0.297228 0.962364
vt 0.299417 0.968686
vt 0.297228 0.973314
vt 0.186889 0.973314
vt 0.185964 0.962364
vt 0.934160 0.500361
vt 0.931333 0.505258
vt 0.929264 0.500361
vt 0.277519 0.956043
vt 0.279708 0.951415
vt 0.340419 0.968686
vt 0.338229 0.973314
vt 0.298492 0.951415
vt 0.299417 0.962364
vt 0.973334 0.500361
vt 0.978231 0.503188
vt 0.973334 0.505258
vt 0.229747 0.473876
vt 0.229815 0.473867
vt 0.229867 0.473826
vt 0.229876 0.473845
vt 0.230047 0.474373
vt 0.230026 0.474318
vt 0.230017 0.474299
vt 0.229870 0.474134
vt 0.229837 0.474170
vt 0.229875 0.474128
vt 0.229880 0.473891
vt 0.229850 0.473831
vt 0.229885 0.473899
vt 0.230278 0.470715
vt 0.230049 0.470530
vt 0.229917 0.470635
vt 0.216598 0.503219
vt 0.215380 0.502985
vt 0.213466 0.502251
vt 0.167615 0.637850
vt 0.160352 0.634896
vt 0.159844 0.630072
vt 0.730195 0.432292
vt 0.730195 0.437188
vt 0.170036 0.852896
vt 0.172942 0.838023
vt 0.235513 0.547190
vt 0.235627 0.548317
vt 0.236182 0.550561
vt 0.305964 0.627643
vt 0.305717 0.623387
vt 0.299180 0.631277
vt 0.678448 0.249480
vt 0.683345 0.249480
vt 0.451410 0.076089
vt 0.439855 0.105126
vt 0.229509 0.476333
vt 0.229434 0.476282
vt 0.229608 0.476342
vt 0.229781 0.473634
vt 0.229835 0.473454
vt 0.229733 0.473684
vt 0.229841 0.473491
vt 0.230106 0.474291
vt 0.230089 0.474260
vt 0.230148 0.474336
vt 0.229863 0.474328
vt 0.229886 0.474283
vt 0.229893 0.474275
vt 0.229857 0.473931
vt 0.229910 0.473953
vt 0.229912 0.473970
vt 0.762840 0.249480
vt 0.762840 0.432292
vt 0.019428 0.080819
vt 0.009653 0.050994
vt 0.032185 0.044613
vt 0.228209 0.474841
vt 0.228184 0.474712
vt 0.228268 0.474941
vt 0.205131 0.572475
vt 0.201975 0.571285
vt 0.201660 0.569249
vt 0.711093 0.432292
vt 0.683345 0.437188
vt 0.311441 0.856657
vt 0.711093 0.639102
vt 0.678448 0.643999
vt 0.678448 0.639102
vt 0.307639 0.841298
vt 0.227376 0.547871
vt 0.227479 0.549031
vt 0.227145 0.551295
vt 0.261213 0.569734
vt 0.258485 0.571010
vt 0.261224 0.567813
vt 0.232349 0.475227
vt 0.232343 0.475529
vt 0.232282 0.475579
vt 0.238344 0.504770
vt 0.239599 0.504703
vt 0.241253 0.504056
vt 0.929264 0.536843
vt 0.256226 0.951415
vt 0.318520 0.962364
vt 0.973334 0.456291
vt 0.238707 0.973314
vt 0.188154 0.973314
vt 0.929264 0.461187
vt 0.320710 0.973314
vt 0.978231 0.500361
vt 0.297228 0.951415
vt 0.934160 0.505258
vt 0.185964 0.962364
vt 0.340419 0.962364
vt 0.978231 0.576017
vt 0.279708 0.973314
vt 0.205673 0.951415
vt 0.973334 0.531946
vt 0.338229 0.951415
vt 0.230823 0.476449
vt 0.229012 0.475993
vt 0.229927 0.474066
vt 0.711093 0.249480
vt 0.243026 0.578241
vt 0.730195 0.249480
vt 0.757944 0.249480
vt 0.189877 0.493211
vt 0.711093 0.456291
vt 0.678448 0.456291
vt 0.313771 0.019262
vt 0.451512 0.781177
vt 0.064459 0.804643
vt 0.236517 0.962364
vt 0.934160 0.580914
vt 0.277519 0.962364
vt 0.711093 0.437188
vt 0.711093 0.643999
vt 0.430851 0.067407
s 0
usemtl MAT_metal_dark_blued
f 2925/3955/2495 2924/3956/2495 2923/3957/2495
f 2929/3958/2496 2928/3959/2496 2927/3960/2496
f 2933/3961/2497 2932/3962/2497 2931/3963/2497
f 2937/3964/2498 2936/3965/2498 2935/3966/2498
f 2941/3967/2499 2940/3968/2499 2939/3969/2499
f 2945/3970/2500 2944/3971/2500 2943/3972/2500
f 2947/3973/2501 2951/3974/2501 2953/3975/2501
f 2948/3976/2502 2951/3974/2502 2950/3977/2502
f 2949/3978/2503 2951/3974/2503 2952/3979/2503
f 2954/3980/2504 2958/3981/2504 2960/3982/2504
f 2955/3983/2505 2958/3981/2505 2957/3984/2505
f 2956/3985/2506 2958/3981/2506 2959/3986/2506
f 2961/3987/2507 2965/3988/2507 2967/3989/2507
f 2962/3990/2508 2965/3988/2508 2964/3991/2508
f 2963/3992/2509 2965/3988/2509 2966/3993/2509
f 2968/3994/2510 2972/3995/2510 2974/3996/2510
f 2969/3997/2511 2972/3995/2511 2971/3998/2511
f 2970/3999/2512 2972/3995/2512 2973/4000/2512
f 2975/4001/2513 2979/4002/2513 2981/4003/2513
f 2976/4004/2514 2979/4002/2514 2978/4005/2514
f 2977/4006/2515 2979/4007/2515 2980/4008/2515
f 2982/4009/2516 2986/4010/2516 2988/4011/2516
f 2983/4012/2517 2986/4010/2517 2985/4013/2517
f 2984/4014/2518 2986/4010/2518 2987/4015/2518
f 2989/4016/2519 2993/4017/2519 2995/4018/2519
f 2990/4019/2520 2993/4017/2520 2992/4020/2520
f 2991/4021/2521 2993/4022/2521 2994/4023/2521
f 2996/4024/2522 3000/4025/2522 3002/4026/2522
f 2997/4027/2523 3000/4025/2523 2999/4028/2523
f 2998/4029/2524 3000/4025/2524 3001/4030/2524
f 3075/4031/2525 3079/4032/2525 3081/4033/2525
f 3076/4034/2526 3079/4035/2526 3078/4036/2526
f 3077/4037/2527 3079/4038/2527 3080/4039/2527
f 3082/4040/2528 3086/4041/2528 3088/4042/2528
f 3083/4043/2529 3086/4044/2529 3085/4045/2529
f 3084/4046/2530 3086/4047/2530 3087/4048/2530
f 3089/4031/2531 3093/4049/2531 3095/4050/2531
f 3090/4037/2532 3093/4051/2532 3092/4052/2532
f 3091/4053/2533 3093/4054/2533 3094/4055/2533
f 3096/4043/2534 3100/4056/2534 3102/4057/2534
f 3097/4058/2535 3100/4059/2535 3099/4060/2535
f 3098/4046/2536 3100/4061/2536 3101/4062/2536
f 3103/4063/2537 3107/4064/2537 3109/4065/2537
f 3104/4066/2538 3107/4067/2538 3106/4068/2538
f 3105/4069/2539 3107/4070/2539 3108/4071/2539
f 3110/4072/2540 3114/4073/2540 3116/4074/2540
f 3111/4075/2541 3114/4076/2541 3113/4077/2541
f 3112/4078/2542 3114/4079/2542 3115/4080/2542
f 3117/4063/2543 3121/4081/2543 3123/4082/2543
f 3118/4083/2544 3121/4084/2544 3120/4085/2544
f 3119/4066/2545 3121/4086/2545 3122/4087/2545
f 3124/4072/2546 3128/4088/2546 3130/4089/2546
f 3125/4078/2547 3128/4090/2547 3127/4091/2547
f 3126/4092/2548 3128/4093/2548 3129/4094/2548
f 2947/3973/2549 3008/4095/2549 3007/4096/2549
f 3008/4097/2550 2949/3978/2550 3006/4098/2550
f 3013/4099/2551 2957/3984/2551 3014/4100/2551
f 3014/4100/2552 2954/3980/2552 3012/4101/2552
f 2968/3994/2553 3020/4102/2553 3019/4103/2553
f 2974/3996/2554 3018/4104/2554 3020/4102/2554
f 2962/3990/2555 3026/4105/2555 3025/4106/2555
f 2964/3991/2556 3024/4107/2556 3026/4105/2556
f 3031/4108/2557 2966/3993/2557 3032/4109/2557
f 3032/4109/2558 2962/3990/2558 3030/4110/2558
f 3037/4111/2559 3002/4026/2559 3038/4112/2559
f 3002/4026/2560 3036/4113/2560 3038/4112/2560
f 3043/4114/2561 2992/4020/2561 3044/4115/2561
f 3044/4115/2562 2989/4016/2562 3042/4116/2562
f 3049/4117/2563 2994/4023/2563 3050/4118/2563
f 3050/4119/2564 2990/4019/2564 3048/4120/2564
f 3055/4121/2565 2988/4011/2565 3056/4122/2565
f 3056/4122/2566 2984/4014/2566 3054/4123/2566
f 2976/4004/2567 3062/4124/2567 3061/4125/2567
f 2978/4005/2568 3060/4126/2568 3062/4124/2568
f 2977/4006/2569 3068/4127/2569 3067/4128/2569
f 3068/4129/2570 2976/4004/2570 3066/4130/2570
f 2956/3985/2571 3074/4131/2571 3073/4132/2571
f 2959/3986/2572 3072/4133/2572 3074/4131/2572
f 3003/4134/2549 2967/3989/2549 2963/3992/2549
f 3005/4135/2550 2961/3987/2550 2967/3989/2550
f 3007/4096/2549 3005/4136/2549 3003/4134/2549
f 3008/4097/2550 3004/4137/2550 3005/4135/2550
f 2948/3976/2573 3011/4138/2573 2952/3979/2573
f 2952/3979/2574 3010/4139/2574 2949/3978/2574
f 3013/4099/2551 3011/4138/2551 3009/4140/2551
f 3014/4100/2552 3010/4139/2552 3011/4138/2552
f 3015/4141/2553 2960/3982/2553 2956/3985/2553
f 3017/4142/2575 2954/3980/2575 2960/3982/2575
f 3019/4103/2553 3017/4142/2553 3015/4141/2553
f 3020/4102/2575 3016/4143/2575 3017/4142/2575
f 3021/4144/2576 2973/4000/2576 2969/3997/2576
f 3023/4145/2577 2970/3999/2577 2973/4000/2577
f 3025/4106/2578 3023/4145/2578 3021/4144/2578
f 3026/4105/2579 3022/4146/2579 3023/4145/2579
f 2991/4021/2580 3029/4147/2580 2995/4148/2580
f 2995/4018/2581 3028/4149/2581 2989/4016/2581
f 3031/4108/2582 3029/4150/2582 3027/4151/2582
f 3032/4109/2583 3028/4149/2583 3029/4150/2583
f 2968/3994/2584 3035/4152/2584 2971/3998/2584
f 2971/3998/2585 3034/4153/2585 2969/3997/2585
f 3037/4111/2586 3035/4152/2586 3033/4154/2586
f 3038/4112/2587 3034/4153/2587 3035/4152/2587
f 3039/4155/2561 3001/4030/2561 2997/4027/2561
f 3041/4156/2562 2998/4029/2562 3001/4030/2562
f 3043/4114/2561 3041/4156/2561 3039/4155/2561
f 3044/4115/2562 3040/4157/2562 3041/4156/2562
f 3045/4158/2588 2981/4159/2588 2977/4006/2588
f 3047/4160/2564 2975/4001/2564 2981/4003/2564
f 3049/4161/2588 3047/4162/2588 3045/4163/2588
f 3050/4119/2564 3046/4164/2564 3047/4160/2564
f 3051/4165/2565 2999/4028/2565 2996/4024/2565
f 3053/4166/2566 2997/4027/2566 2999/4028/2566
f 3055/4121/2565 3053/4166/2565 3051/4165/2565
f 3056/4122/2566 3052/4167/2566 3053/4166/2566
f 2983/4012/2567 3059/4168/2567 2987/4015/2567
f 2987/4015/2568 3058/4169/2568 2984/4014/2568
f 3061/4125/2567 3059/4168/2567 3057/4170/2567
f 3062/4124/2568 3058/4169/2568 3059/4168/2568
f 3063/4171/2589 2950/3977/2589 2947/3973/2589
f 3065/4172/2590 2948/3976/2590 2950/3977/2590
f 3063/4171/2591 3068/4129/2591 3065/4172/2591
f 3065/4172/2592 3066/4130/2592 3064/4173/2592
f 3069/4174/2593 2985/4013/2593 2982/4009/2593
f 3071/4175/2594 2983/4012/2594 2985/4013/2594
f 3073/4132/2595 3071/4175/2595 3069/4174/2595
f 3074/4131/2596 3070/4176/2596 3071/4175/2596
f 3089/4031/2597 3081/4033/2597 3092/4033/2597
f 3092/4052/2495 3077/4037/2495 3090/4037/2495
f 3082/4040/2551 3080/4177/2551 3076/4034/2551
f 3088/4178/2552 3077/4037/2552 3080/4039/2552
f 3083/4043/2500 3102/4057/2500 3087/4179/2500
f 3087/4048/2495 3098/4046/2495 3084/4046/2495
f 3091/4053/2598 3101/4180/2598 3097/4058/2598
f 3094/4181/2599 3098/4046/2599 3101/4062/2599
f 3117/4063/2600 3095/4050/2600 3120/4182/2600
f 3095/4183/2601 3118/4083/2601 3120/4085/2601
f 3096/4043/2602 3130/4089/2602 3099/4184/2602
f 3130/4185/2603 3097/4058/2603 3099/4060/2603
f 3125/4078/2561 3122/4087/2561 3129/4186/2561
f 3122/4187/2562 3126/4092/2562 3129/4094/2562
f 3103/4063/2498 3123/4082/2498 3106/4188/2498
f 3106/4068/2495 3119/4066/2495 3104/4066/2495
f 3124/4072/2498 3116/4074/2498 3127/4189/2498
f 3127/4091/2495 3112/4078/2495 3125/4078/2495
f 3105/4069/2567 3115/4190/2567 3111/4075/2567
f 3108/4191/2568 3112/4078/2568 3115/4080/2568
f 3075/4031/2604 3109/4065/2604 3078/4192/2604
f 3109/4193/2605 3076/4034/2605 3078/4036/2605
f 3083/4043/2606 3113/4194/2606 3110/4072/2606
f 3113/4077/2607 3082/4040/2607 3111/4075/2607
f 3010/4139/2500 3006/4098/2500 2949/3978/2500
f 3064/4173/2497 3009/4140/2497 2948/3976/2497
f 2928/3959/2608 2947/3973/2608 3007/4096/2608
f 2954/3980/2500 2945/3970/2500 3012/4101/2500
f 2934/4195/2497 2955/3983/2497 3013/4099/2497
f 3015/4141/2609 3073/4132/2609 2926/4196/2609
f 2944/3971/2500 2961/3987/2500 3004/4137/2500
f 3025/4106/2610 3030/4110/2610 2962/3990/2610
f 3031/4108/2608 3003/4134/2608 2963/3992/2608
f 2968/3994/2609 2925/3955/2609 3033/4154/2609
f 3018/4104/2500 3022/4146/2500 2946/4197/2500
f 2969/3997/2611 2941/3967/2611 3021/4144/2611
f 2936/3965/2498 2975/4001/2498 3046/4164/2498
f 3061/4125/2497 3066/4130/2497 2976/4004/2497
f 3045/4158/2612 3067/4128/2612 2930/4198/2612
f 2924/3956/2495 2982/4009/2495 3055/4121/2495
f 3054/4123/2498 3058/4169/2498 2938/4199/2498
f 2983/4012/2497 2933/3961/2497 3057/4170/2497
f 3028/4149/2613 3042/4116/2613 2989/4016/2613
f 3043/4114/2498 3048/4120/2498 2990/4019/2498
f 2991/4021/2612 2929/4200/2612 3027/4201/2612
f 3037/4111/2495 3051/4165/2495 2996/4024/2495
f 3036/4113/2613 3040/4157/2613 2942/4202/2613
f 2997/4027/2498 2937/3964/2498 3039/4155/2498
f 2943/3972/2500 3004/4137/2500 3006/4098/2500
f 2927/3960/2608 3007/4096/2608 3003/4134/2608
f 3010/4139/2500 2945/3970/2500 2943/3972/2500
f 2934/4195/2497 3009/4140/2497 2932/3962/2497
f 3016/4143/2500 2946/4197/2500 2945/3970/2500
f 3019/4103/2609 2926/4196/2609 2925/3955/2609
f 2946/4197/2500 3024/4107/2500 2944/3971/2500
f 3021/4144/2614 2939/3969/2614 3025/4106/2614
f 3030/4110/2615 2940/3968/2615 3028/4149/2615
f 3027/4151/2496 2927/3960/2496 3031/4108/2496
f 3034/4153/2616 2942/4202/2616 2941/3967/2616
f 3033/4154/2495 2923/3957/2495 3037/4111/2495
f 2942/4202/2613 3042/4116/2613 2940/3968/2613
f 3039/4155/2498 2935/3966/2498 3043/4114/2498
f 2935/3966/2498 3046/4164/2498 3048/4120/2498
f 2929/4203/2612 3045/4163/2612 2930/4204/2612
f 3052/4167/2498 2938/4199/2498 2937/3964/2498
f 2923/3957/2495 3055/4121/2495 3051/4165/2495
f 2938/4199/2498 3060/4126/2498 2936/3965/2498
f 3057/4170/2497 2931/3963/2497 3061/4125/2497
f 2931/3963/2497 3064/4173/2497 3066/4130/2497
f 2930/4205/2496 3063/4171/2496 2928/3959/2496
f 2933/3961/2497 3072/4133/2497 2934/4195/2497
f 2926/4196/2495 3069/4174/2495 2924/3956/2495
f 3089/4031/2495 3103/4063/2495 3075/4031/2495
f 3077/4037/2617 3098/4046/2617 3090/4037/2617
f 3111/4075/2497 3076/4034/2497 3105/4069/2497
f 3124/4072/2495 3083/4043/2495 3110/4072/2495
f 3097/4058/2613 3118/4083/2613 3091/4053/2613
f 3119/4066/2617 3112/4078/2617 3104/4066/2617
f 2925/3955/2495 2926/4196/2495 2924/3956/2495
f 2929/3958/2496 2930/4205/2496 2928/3959/2496
f 2933/3961/2497 2934/4195/2497 2932/3962/2497
f 2937/3964/2498 2938/4199/2498 2936/3965/2498
f 2941/3967/2499 2942/4202/2499 2940/3968/2499
f 2945/3970/2500 2946/4197/2500 2944/3971/2500
f 2947/3973/2618 2950/3977/2618 2951/3974/2618
f 2948/3976/2619 2952/3979/2619 2951/3974/2619
f 2949/3978/2620 2953/3975/2620 2951/3974/2620
f 2954/3980/2621 2957/3984/2621 2958/3981/2621
f 2955/3983/2622 2959/3986/2622 2958/3981/2622
f 2956/3985/2623 2960/3982/2623 2958/3981/2623
f 2961/3987/2624 2964/3991/2624 2965/3988/2624
f 2962/3990/2625 2966/3993/2625 2965/3988/2625
f 2963/3992/2626 2967/3989/2626 2965/3988/2626
f 2968/3994/2627 2971/3998/2627 2972/3995/2627
f 2969/3997/2628 2973/4000/2628 2972/3995/2628
f 2970/3999/2629 2974/3996/2629 2972/3995/2629
f 2975/4001/2630 2978/4005/2630 2979/4002/2630
f 2976/4004/2631 2980/4206/2631 2979/4002/2631
f 2977/4006/2632 2981/4159/2632 2979/4007/2632
f 2982/4009/2633 2985/4013/2633 2986/4010/2633
f 2983/4012/2634 2987/4015/2634 2986/4010/2634
f 2984/4014/2635 2988/4011/2635 2986/4010/2635
f 2989/4016/2636 2992/4020/2636 2993/4017/2636
f 2990/4019/2637 2994/4207/2637 2993/4017/2637
f 2991/4021/2638 2995/4148/2638 2993/4022/2638
f 2996/4024/2639 2999/4028/2639 3000/4025/2639
f 2997/4027/2640 3001/4030/2640 3000/4025/2640
f 2998/4029/2641 3002/4026/2641 3000/4025/2641
f 3075/4031/2642 3078/4192/2642 3079/4032/2642
f 3076/4034/2643 3080/4177/2643 3079/4035/2643
f 3077/4037/2644 3081/4208/2644 3079/4038/2644
f 3082/4040/2645 3085/4209/2645 3086/4041/2645
f 3083/4043/2646 3087/4179/2646 3086/4044/2646
f 3084/4046/2647 3088/4178/2647 3086/4047/2647
f 3089/4031/2648 3092/4033/2648 3093/4049/2648
f 3090/4037/2649 3094/4181/2649 3093/4051/2649
f 3091/4053/2650 3095/4183/2650 3093/4054/2650
f 3096/4043/2651 3099/4184/2651 3100/4056/2651
f 3097/4058/2652 3101/4180/2652 3100/4059/2652
f 3098/4046/2653 3102/4048/2653 3100/4061/2653
f 3103/4063/2654 3106/4188/2654 3107/4064/2654
f 3104/4066/2655 3108/4191/2655 3107/4067/2655
f 3105/4069/2656 3109/4193/2656 3107/4070/2656
f 3110/4072/2657 3113/4194/2657 3114/4073/2657
f 3111/4075/2658 3115/4190/2658 3114/4076/2658
f 3112/4078/2659 3116/4091/2659 3114/4079/2659
f 3117/4063/2660 3120/4182/2660 3121/4081/2660
f 3118/4083/2661 3122/4187/2661 3121/4084/2661
f 3119/4066/2662 3123/4210/2662 3121/4086/2662
f 3124/4072/2663 3127/4189/2663 3128/4088/2663
f 3125/4078/2664 3129/4186/2664 3128/4090/2664
f 3126/4092/2665 3130/4185/2665 3128/4093/2665
f 2947/3973/2666 2953/3975/2666 3008/4095/2666
f 3008/4097/2667 2953/3975/2667 2949/3978/2667
f 3013/4099/2551 2955/3983/2551 2957/3984/2551
f 3014/4100/2552 2957/3984/2552 2954/3980/2552
f 2968/3994/2668 2974/3996/2668 3020/4102/2668
f 2974/3996/2669 2970/3999/2669 3018/4104/2669
f 2962/3990/2670 2964/3991/2670 3026/4105/2670
f 2964/3991/2599 2961/3987/2599 3024/4107/2599
f 3031/4108/2671 2963/3992/2671 2966/3993/2671
f 3032/4109/2672 2966/3993/2672 2962/3990/2672
f 3037/4111/2559 2996/4024/2559 3002/4026/2559
f 3002/4026/2560 2998/4029/2560 3036/4113/2560
f 3043/4114/2561 2990/4019/2561 2992/4020/2561
f 3044/4115/2562 2992/4020/2562 2989/4016/2562
f 3049/4117/2673 2991/4021/2673 2994/4023/2673
f 3050/4119/2674 2994/4207/2674 2990/4019/2674
f 3055/4121/2675 2982/4009/2675 2988/4011/2675
f 3056/4122/2676 2988/4011/2676 2984/4014/2676
f 2976/4004/2567 2978/4005/2567 3062/4124/2567
f 2978/4005/2568 2975/4001/2568 3060/4126/2568
f 2977/4006/2677 2980/4008/2677 3068/4127/2677
f 3068/4129/2678 2980/4206/2678 2976/4004/2678
f 2956/3985/2679 2959/3986/2679 3074/4131/2679
f 2959/3986/2572 2955/3983/2572 3072/4133/2572
f 3003/4134/2549 3005/4136/2549 2967/3989/2549
f 3005/4135/2550 3004/4137/2550 2961/3987/2550
f 3007/4096/2549 3008/4095/2549 3005/4136/2549
f 3008/4097/2550 3006/4098/2550 3004/4137/2550
f 2948/3976/2551 3009/4140/2551 3011/4138/2551
f 2952/3979/2680 3011/4138/2680 3010/4139/2680
f 3013/4099/2551 3014/4100/2551 3011/4138/2551
f 3014/4100/2552 3012/4101/2552 3010/4139/2552
f 3015/4141/2553 3017/4142/2553 2960/3982/2553
f 3017/4142/2575 3016/4143/2575 2954/3980/2575
f 3019/4103/2553 3020/4102/2553 3017/4142/2553
f 3020/4102/2575 3018/4104/2575 3016/4143/2575
f 3021/4144/2681 3023/4145/2681 2973/4000/2681
f 3023/4145/2579 3022/4146/2579 2970/3999/2579
f 3025/4106/2578 3026/4105/2578 3023/4145/2578
f 3026/4105/2579 3024/4107/2579 3022/4146/2579
f 2991/4021/2682 3027/4201/2682 3029/4147/2682
f 2995/4018/2683 3029/4150/2683 3028/4149/2683
f 3031/4108/2684 3032/4109/2684 3029/4150/2684
f 3032/4109/2685 3030/4110/2685 3028/4149/2685
f 2968/3994/2686 3033/4154/2686 3035/4152/2686
f 2971/3998/2687 3035/4152/2687 3034/4153/2687
f 3037/4111/2688 3038/4112/2688 3035/4152/2688
f 3038/4112/2689 3036/4113/2689 3034/4153/2689
f 3039/4155/2561 3041/4156/2561 3001/4030/2561
f 3041/4156/2562 3040/4157/2562 2998/4029/2562
f 3043/4114/2561 3044/4115/2561 3041/4156/2561
f 3044/4115/2562 3042/4116/2562 3040/4157/2562
f 3045/4158/2588 3047/4211/2588 2981/4159/2588
f 3047/4160/2564 3046/4164/2564 2975/4001/2564
f 3049/4161/2588 3050/4212/2588 3047/4162/2588
f 3050/4119/2564 3048/4120/2564 3046/4164/2564
f 3051/4165/2565 3053/4166/2565 2999/4028/2565
f 3053/4166/2566 3052/4167/2566 2997/4027/2566
f 3055/4121/2565 3056/4122/2565 3053/4166/2565
f 3056/4122/2566 3054/4123/2566 3052/4167/2566
f 2983/4012/2567 3057/4170/2567 3059/4168/2567
f 2987/4015/2568 3059/4168/2568 3058/4169/2568
f 3061/4125/2567 3062/4124/2567 3059/4168/2567
f 3062/4124/2568 3060/4126/2568 3058/4169/2568
f 3063/4171/2690 3065/4172/2690 2950/3977/2690
f 3065/4172/2691 3064/4173/2691 2948/3976/2691
f 3063/4171/2692 3067/4213/2692 3068/4129/2692
f 3065/4172/2693 3068/4129/2693 3066/4130/2693
f 3069/4174/2595 3071/4175/2595 2985/4013/2595
f 3071/4175/2596 3070/4176/2596 2983/4012/2596
f 3073/4132/2595 3074/4131/2595 3071/4175/2595
f 3074/4131/2694 3072/4133/2694 3070/4176/2694
f 3089/4031/2495 3075/4031/2495 3081/4033/2495
f 3092/4052/2695 3081/4208/2695 3077/4037/2695
f 3082/4040/2551 3088/4042/2551 3080/4177/2551
f 3088/4178/2552 3084/4046/2552 3077/4037/2552
f 3083/4043/2495 3096/4043/2495 3102/4057/2495
f 3087/4048/2500 3102/4048/2500 3098/4046/2500
f 3091/4053/2598 3094/4055/2598 3101/4180/2598
f 3094/4181/2599 3090/4037/2599 3098/4046/2599
f 3117/4063/2600 3089/4031/2600 3095/4050/2600
f 3095/4183/2601 3091/4053/2601 3118/4083/2601
f 3096/4043/2602 3124/4072/2602 3130/4089/2602
f 3130/4185/2603 3126/4092/2603 3097/4058/2603
f 3125/4078/2561 3119/4066/2561 3122/4087/2561
f 3122/4187/2562 3118/4083/2562 3126/4092/2562
f 3103/4063/2495 3117/4063/2495 3123/4082/2495
f 3106/4068/2498 3123/4210/2498 3119/4066/2498
f 3124/4072/2495 3110/4072/2495 3116/4074/2495
f 3127/4091/2498 3116/4091/2498 3112/4078/2498
f 3105/4069/2567 3108/4071/2567 3115/4190/2567
f 3108/4191/2568 3104/4066/2568 3112/4078/2568
f 3075/4031/2604 3103/4063/2604 3109/4065/2604
f 3109/4193/2605 3105/4069/2605 3076/4034/2605
f 3083/4043/2606 3085/4045/2606 3113/4194/2606
f 3113/4077/2607 3085/4209/2607 3082/4040/2607
f 3010/4139/2500 2943/3972/2500 3006/4098/2500
f 3064/4173/2497 2932/3962/2497 3009/4140/2497
f 2928/3959/2608 3063/4171/2608 2947/3973/2608
f 2954/3980/2500 3016/4143/2500 2945/3970/2500
f 2934/4195/2497 3072/4133/2497 2955/3983/2497
f 3015/4141/2609 2956/3985/2609 3073/4132/2609
f 2944/3971/2500 3024/4107/2500 2961/3987/2500
f 3025/4106/2696 2939/3969/2696 3030/4110/2696
f 3031/4108/2608 2927/3960/2608 3003/4134/2608
f 2968/3994/2609 3019/4103/2609 2925/3955/2609
f 3018/4104/2500 2970/3999/2500 3022/4146/2500
f 2969/3997/2697 3034/4153/2697 2941/3967/2697
f 2936/3965/2498 3060/4126/2498 2975/4001/2498
f 3061/4125/2497 2931/3963/2497 3066/4130/2497
f 3045/4158/2612 2977/4006/2612 3067/4128/2612
f 2924/3956/2495 3069/4174/2495 2982/4009/2495
f 3054/4123/2498 2984/4014/2498 3058/4169/2498
f 2983/4012/2497 3070/4176/2497 2933/3961/2497
f 3028/4149/2613 2940/3968/2613 3042/4116/2613
f 3043/4114/2498 2935/3966/2498 3048/4120/2498
f 2991/4021/2612 3049/4117/2612 2929/4200/2612
f 3037/4111/2495 2923/3957/2495 3051/4165/2495
f 3036/4113/2613 2998/4029/2613 3040/4157/2613
f 2997/4027/2498 3052/4167/2498 2937/3964/2498
f 2943/3972/2500 2944/3971/2500 3004/4137/2500
f 2927/3960/2608 2928/3959/2608 3007/4096/2608
f 3010/4139/2500 3012/4101/2500 2945/3970/2500
f 2934/4195/2497 3013/4099/2497 3009/4140/2497
f 3016/4143/2500 3018/4104/2500 2946/4197/2500
f 3019/4103/2609 3015/4141/2609 2926/4196/2609
f 2946/4197/2500 3022/4146/2500 3024/4107/2500
f 3021/4144/2614 2941/3967/2614 2939/3969/2614
f 3030/4110/2698 2939/3969/2698 2940/3968/2698
f 3027/4151/2496 2929/3958/2496 2927/3960/2496
f 3034/4153/2699 3036/4113/2699 2942/4202/2699
f 3033/4154/2495 2925/3955/2495 2923/3957/2495
f 2942/4202/2613 3040/4157/2613 3042/4116/2613
f 3039/4155/2498 2937/3964/2498 2935/3966/2498
f 2935/3966/2498 2936/3965/2498 3046/4164/2498
f 2929/4203/2612 3049/4161/2612 3045/4163/2612
f 3052/4167/2498 3054/4123/2498 2938/4199/2498
f 2923/3957/2495 2924/3956/2495 3055/4121/2495
f 2938/4199/2498 3058/4169/2498 3060/4126/2498
f 3057/4170/2497 2933/3961/2497 2931/3963/2497
f 2931/3963/2497 2932/3962/2497 3064/4173/2497
f 2930/4205/2496 3067/4213/2496 3063/4171/2496
f 2933/3961/2497 3070/4176/2497 3072/4133/2497
f 2926/4196/2495 3073/4132/2495 3069/4174/2495
f 3089/4031/2495 3117/4063/2495 3103/4063/2495
f 3077/4037/2617 3084/4046/2617 3098/4046/2617
f 3111/4075/2497 3082/4040/2497 3076/4034/2497
f 3124/4072/2495 3096/4043/2495 3083/4043/2495
f 3097/4058/2613 3126/4092/2613 3118/4083/2613
f 3119/4066/2617 3125/4078/2617 3112/4078/2617
o AK_rib_dustcover_001
v -0.121000 0.054000 0.014500
v -0.121000 0.054500 0.015000
v -0.121500 0.054500 0.014500
v -0.121000 0.055500 0.015000
v -0.121000 0.056000 0.014500
v -0.121500 0.055500 0.014500
v -0.121000 0.054000 -0.014500
v -0.121500 0.054500 -0.014500
v -0.121000 0.054500 -0.015000
v -0.121000 0.056000 -0.014500
v -0.121000 0.055500 -0.015000
v -0.121500 0.055500 -0.014500
v -0.119000 0.054000 0.014500
v -0.118500 0.054500 0.014500
v -0.119000 0.054500 0.015000
v -0.119000 0.056000 0.014500
v -0.119000 0.055500 0.015000
v -0.118500 0.055500 0.014500
v -0.119000 0.054000 -0.014500
v -0.119000 0.054500 -0.015000
v -0.118500 0.054500 -0.014500
v -0.119000 0.056000 -0.014500
v -0.118500 0.055500 -0.014500
v -0.119000 0.055500 -0.015000
vn -0.5774 -0.5774 0.5774
vn -0.5774 0.5774 0.5774
vn -0.5774 -0.5774 -0.5774
vn -0.5774 0.5774 -0.5774
vn 0.5774 -0.5774 0.5774
vn 0.5774 0.5774 0.5774
vn 0.5774 -0.5774 -0.5774
vn 0.5774 0.5774 -0.5774
vn -0.7071 -0.7071 -0.0000
vn -0.7071 -0.0000 0.7071
vn -0.7071 0.7071 -0.0000
vn -0.7071 -0.0000 -0.7071
vn -0.0000 -0.7071 -0.7071
vn -0.0000 0.7071 -0.7071
vn 0.7071 -0.0000 -0.7071
vn 0.7071 -0.7071 -0.0000
vn 0.7071 0.7071 -0.0000
vn 0.7071 -0.0000 0.7071
vn -0.0000 -0.7071 0.7071
vn -0.0000 0.7071 0.7071
vn -0.0000 -1.0000 -0.0000
vn -1.0000 -0.0000 -0.0000
vn -0.0000 -0.0000 1.0000
vn -0.0000 1.0000 -0.0000
vn -0.0000 -0.0000 -1.0000
vn 1.0000 -0.0000 -0.0000
vt 0.639034 0.016042
vt 0.639034 0.010990
vt 0.644087 0.016042
vt 0.567051 0.010990
vt 0.567051 0.016042
vt 0.561998 0.016042
vt 0.639034 0.309093
vt 0.644087 0.309093
vt 0.639034 0.314146
vt 0.567051 0.309093
vt 0.567051 0.314146
vt 0.561998 0.309093
vt 0.618824 0.016042
vt 0.613771 0.016042
vt 0.618824 0.010990
vt 0.587261 0.016042
vt 0.587261 0.010990
vt 0.592314 0.016042
vt 0.618824 0.309093
vt 0.618823 0.314146
vt 0.613771 0.309093
vt 0.587261 0.309093
vt 0.592314 0.309093
vt 0.587261 0.314146
vt 0.925525 0.429283
vt 0.935630 0.424230
vt 0.935630 0.429283
vt 0.925100 0.393333
vt 0.914994 0.398386
vt 0.914994 0.393333
vt 0.713169 0.725029
vt 0.723274 0.730082
vt 0.713169 0.730082
vt 0.723274 0.426926
vt 0.713169 0.431978
vt 0.713169 0.426926
vt 0.671049 0.309093
vt 0.681154 0.016042
vt 0.681154 0.309093
vt 0.925524 0.449493
vt 0.935630 0.449493
vt 0.925100 0.373123
vt 0.723274 0.431978
vt 0.723274 0.725029
vt 0.925524 0.424230
vt 0.925100 0.398386
vt 0.671049 0.016042
vt 0.914994 0.373123
s 0
usemtl MAT_detail_dark_metal
f 3131/4214/2700 3132/4215/2700 3133/4216/2700
f 3134/4217/2701 3135/4218/2701 3136/4219/2701
f 3137/4220/2702 3138/4221/2702 3139/4222/2702
f 3140/4223/2703 3141/4224/2703 3142/4225/2703
f 3143/4226/2704 3144/4227/2704 3145/4228/2704
f 3146/4229/2705 3147/4230/2705 3148/4231/2705
f 3149/4232/2706 3150/4233/2706 3151/4234/2706
f 3152/4235/2707 3153/4236/2707 3154/4237/2707
f 3131/4214/2708 3138/4221/2708 3137/4220/2708
f 3134/4238/2709 3133/4239/2709 3132/4240/2709
f 3140/4223/2710 3136/4219/2710 3135/4218/2710
f 3139/4241/2711 3142/4242/2711 3141/4243/2711
f 3137/4220/2712 3150/4233/2712 3149/4232/2712
f 3152/4235/2713 3141/4224/2713 3140/4223/2713
f 3153/4244/2714 3150/4245/2714 3154/4246/2714
f 3149/4232/2715 3144/4227/2715 3143/4226/2715
f 3146/4229/2716 3153/4236/2716 3152/4235/2716
f 3145/4247/2717 3148/4248/2717 3147/4249/2717
f 3143/4226/2718 3132/4215/2718 3131/4214/2718
f 3135/4218/2719 3147/4230/2719 3146/4229/2719
f 3149/4232/2720 3131/4214/2720 3137/4220/2720
f 3136/4250/2721 3138/4251/2721 3133/4252/2721
f 3147/4253/2722 3132/4240/2722 3145/4254/2722
f 3140/4223/2723 3146/4229/2723 3152/4235/2723
f 3141/4243/2724 3150/4255/2724 3139/4241/2724
f 3153/4244/2725 3144/4256/2725 3151/4257/2725
f 3131/4214/2708 3133/4216/2708 3138/4221/2708
f 3134/4238/2709 3136/4258/2709 3133/4239/2709
f 3140/4223/2710 3142/4225/2710 3136/4219/2710
f 3139/4241/2711 3138/4259/2711 3142/4242/2711
f 3137/4220/2712 3139/4222/2712 3150/4233/2712
f 3152/4235/2713 3154/4237/2713 3141/4224/2713
f 3153/4244/2714 3151/4257/2714 3150/4245/2714
f 3149/4232/2715 3151/4234/2715 3144/4227/2715
f 3146/4229/2716 3148/4231/2716 3153/4236/2716
f 3145/4247/2717 3144/4256/2717 3148/4248/2717
f 3143/4226/2718 3145/4228/2718 3132/4215/2718
f 3135/4218/2719 3134/4217/2719 3147/4230/2719
f 3149/4232/2720 3143/4226/2720 3131/4214/2720
f 3136/4250/2721 3142/4260/2721 3138/4251/2721
f 3147/4253/2722 3134/4238/2722 3132/4240/2722
f 3140/4223/2723 3135/4218/2723 3146/4229/2723
f 3141/4243/2724 3154/4261/2724 3150/4255/2724
f 3153/4244/2725 3148/4248/2725 3144/4256/2725
o AK_rib_dustcover_002
v -0.066000 0.054000 0.014500
v -0.066000 0.054500 0.015000
v -0.066500 0.054500 0.014500
v -0.066000 0.055500 0.015000
v -0.066000 0.056000 0.014500
v -0.066500 0.055500 0.014500
v -0.066000 0.054000 -0.014500
v -0.066500 0.054500 -0.014500
v -0.066000 0.054500 -0.015000
v -0.066000 0.056000 -0.014500
v -0.066000 0.055500 -0.015000
v -0.066500 0.055500 -0.014500
v -0.064000 0.054000 0.014500
v -0.063500 0.054500 0.014500
v -0.064000 0.054500 0.015000
v -0.064000 0.056000 0.014500
v -0.064000 0.055500 0.015000
v -0.063500 0.055500 0.014500
v -0.064000 0.054000 -0.014500
v -0.064000 0.054500 -0.015000
v -0.063500 0.054500 -0.014500
v -0.064000 0.056000 -0.014500
v -0.063500 0.055500 -0.014500
v -0.064000 0.055500 -0.015000
vn -0.5774 -0.5774 0.5774
vn -0.5774 0.5774 0.5774
vn -0.5774 -0.5774 -0.5774
vn -0.5774 0.5774 -0.5774
vn 0.5774 -0.5774 0.5774
vn 0.5774 0.5774 0.5774
vn 0.5774 -0.5774 -0.5774
vn 0.5774 0.5774 -0.5774
vn -0.7071 -0.7071 -0.0000
vn -0.7071 -0.0000 0.7071
vn -0.7071 0.7071 -0.0000
vn -0.7071 -0.0000 -0.7071
vn -0.0000 -0.7071 -0.7071
vn -0.0000 0.7071 -0.7071
vn 0.7071 -0.0000 -0.7071
vn 0.7071 -0.7071 -0.0000
vn 0.7071 0.7071 -0.0000
vn 0.7071 -0.0000 0.7071
vn -0.0000 -0.7071 0.7071
vn -0.0000 0.7071 0.7071
vn -0.0000 -1.0000 -0.0000
vn -1.0000 -0.0000 -0.0000
vn -0.0000 -0.0000 1.0000
vn -0.0000 1.0000 -0.0000
vn -0.0000 -0.0000 -1.0000
vn 1.0000 -0.0000 -0.0000
vt 0.639034 0.347738
vt 0.639034 0.342686
vt 0.644087 0.347738
vt 0.013622 0.604811
vt 0.018675 0.604811
vt 0.018675 0.609864
vt 0.639034 0.640789
vt 0.644087 0.640789
vt 0.639034 0.645842
vt 0.311726 0.604811
vt 0.316778 0.604811
vt 0.311726 0.609864
vt 0.618824 0.347738
vt 0.613771 0.347738
vt 0.618824 0.342686
vt 0.018675 0.584601
vt 0.013622 0.584601
vt 0.018675 0.579548
vt 0.618824 0.640789
vt 0.618823 0.645842
vt 0.613771 0.640789
vt 0.311726 0.584601
vt 0.311726 0.579548
vt 0.316778 0.584601
vt 0.125243 0.918929
vt 0.135348 0.913877
vt 0.135348 0.918929
vt 0.928610 0.295053
vt 0.918504 0.300106
vt 0.918504 0.295053
vt 0.714924 0.309093
vt 0.725029 0.314146
vt 0.714924 0.314146
vt 0.725029 0.010990
vt 0.714924 0.016042
vt 0.714924 0.010990
vt 0.671049 0.652196
vt 0.681154 0.359146
vt 0.681154 0.652196
vt 0.125243 0.939140
vt 0.135348 0.939140
vt 0.928610 0.274843
vt 0.725029 0.016042
vt 0.725029 0.309093
vt 0.125243 0.913877
vt 0.928610 0.300106
vt 0.671049 0.359146
vt 0.918505 0.274843
s 0
usemtl MAT_detail_dark_metal
f 3155/4262/2726 3156/4263/2726 3157/4264/2726
f 3158/4265/2727 3159/4266/2727 3160/4267/2727
f 3161/4268/2728 3162/4269/2728 3163/4270/2728
f 3164/4271/2729 3165/4272/2729 3166/4273/2729
f 3167/4274/2730 3168/4275/2730 3169/4276/2730
f 3170/4277/2731 3171/4278/2731 3172/4279/2731
f 3173/4280/2732 3174/4281/2732 3175/4282/2732
f 3176/4283/2733 3177/4284/2733 3178/4285/2733
f 3155/4262/2734 3162/4269/2734 3161/4268/2734
f 3158/4286/2735 3157/4287/2735 3156/4288/2735
f 3164/4271/2736 3160/4267/2736 3159/4266/2736
f 3163/4289/2737 3166/4290/2737 3165/4291/2737
f 3161/4268/2738 3174/4281/2738 3173/4280/2738
f 3176/4283/2739 3165/4272/2739 3164/4271/2739
f 3177/4292/2740 3174/4293/2740 3178/4294/2740
f 3173/4280/2741 3168/4275/2741 3167/4274/2741
f 3170/4277/2742 3177/4284/2742 3176/4283/2742
f 3169/4295/2743 3172/4296/2743 3171/4297/2743
f 3167/4274/2744 3156/4263/2744 3155/4262/2744
f 3159/4266/2745 3171/4278/2745 3170/4277/2745
f 3173/4280/2746 3155/4262/2746 3161/4268/2746
f 3160/4298/2747 3162/4299/2747 3157/4300/2747
f 3171/4301/2748 3156/4288/2748 3169/4302/2748
f 3164/4271/2749 3170/4277/2749 3176/4283/2749
f 3165/4291/2750 3174/4303/2750 3163/4289/2750
f 3177/4292/2751 3168/4304/2751 3175/4305/2751
f 3155/4262/2734 3157/4264/2734 3162/4269/2734
f 3158/4286/2735 3160/4306/2735 3157/4287/2735
f 3164/4271/2736 3166/4273/2736 3160/4267/2736
f 3163/4289/2737 3162/4307/2737 3166/4290/2737
f 3161/4268/2738 3163/4270/2738 3174/4281/2738
f 3176/4283/2739 3178/4285/2739 3165/4272/2739
f 3177/4292/2740 3175/4305/2740 3174/4293/2740
f 3173/4280/2741 3175/4282/2741 3168/4275/2741
f 3170/4277/2742 3172/4279/2742 3177/4284/2742
f 3169/4295/2743 3168/4304/2743 3172/4296/2743
f 3167/4274/2744 3169/4276/2744 3156/4263/2744
f 3159/4266/2745 3158/4265/2745 3171/4278/2745
f 3173/4280/2746 3167/4274/2746 3155/4262/2746
f 3160/4298/2747 3166/4308/2747 3162/4299/2747
f 3171/4301/2748 3158/4286/2748 3156/4288/2748
f 3164/4271/2749 3159/4266/2749 3170/4277/2749
f 3165/4291/2750 3178/4309/2750 3174/4303/2750
f 3177/4292/2751 3172/4296/2751 3168/4304/2751
o AK_rib_dustcover_003
v -0.011000 0.054000 0.014500
v -0.011000 0.054500 0.015000
v -0.011500 0.054500 0.014500
v -0.011000 0.055500 0.015000
v -0.011000 0.056000 0.014500
v -0.011500 0.055500 0.014500
v -0.011000 0.054000 -0.014500
v -0.011500 0.054500 -0.014500
v -0.011000 0.054500 -0.015000
v -0.011000 0.056000 -0.014500
v -0.011000 0.055500 -0.015000
v -0.011500 0.055500 -0.014500
v -0.009000 0.054000 0.014500
v -0.008500 0.054500 0.014500
v -0.009000 0.054500 0.015000
v -0.009000 0.056000 0.014500
v -0.009000 0.055500 0.015000
v -0.008500 0.055500 0.014500
v -0.009000 0.054000 -0.014500
v -0.009000 0.054500 -0.015000
v -0.008500 0.054500 -0.014500
v -0.009000 0.056000 -0.014500
v -0.008500 0.055500 -0.014500
v -0.009000 0.055500 -0.015000
vn -0.5774 -0.5774 0.5774
vn -0.5774 0.5774 0.5774
vn -0.5774 -0.5774 -0.5774
vn -0.5774 0.5774 -0.5774
vn 0.5774 -0.5774 0.5774
vn 0.5774 0.5774 0.5774
vn 0.5774 -0.5774 -0.5774
vn 0.5774 0.5774 -0.5774
vn -0.7071 -0.7071 -0.0000
vn -0.7071 -0.0000 0.7071
vn -0.7071 0.7071 -0.0000
vn -0.7071 -0.0000 -0.7071
vn -0.0000 -0.7071 -0.7071
vn -0.0000 0.7071 -0.7071
vn 0.7071 -0.0000 -0.7071
vn 0.7071 -0.7071 -0.0000
vn 0.7071 0.7071 -0.0000
vn 0.7071 -0.0000 0.7071
vn -0.0000 -0.7071 0.7071
vn -0.0000 0.7071 0.7071
vn -0.0000 -1.0000 -0.0000
vn -1.0000 -0.0000 -0.0000
vn -0.0000 -0.0000 1.0000
vn -0.0000 1.0000 -0.0000
vn -0.0000 -0.0000 -1.0000
vn 1.0000 -0.0000 -0.0000
vt 0.016042 0.636374
vt 0.010990 0.636374
vt 0.016042 0.631321
vt 0.567051 0.337420
vt 0.567051 0.342473
vt 0.561998 0.342473
vt 0.309093 0.636374
vt 0.309093 0.631321
vt 0.314146 0.636374
vt 0.567051 0.635524
vt 0.567051 0.640576
vt 0.561998 0.635524
vt 0.016042 0.656584
vt 0.016042 0.661637
vt 0.010990 0.656584
vt 0.587261 0.342473
vt 0.587261 0.337420
vt 0.592314 0.342473
vt 0.309093 0.656584
vt 0.314146 0.656584
vt 0.309093 0.661637
vt 0.587261 0.635524
vt 0.592314 0.635524
vt 0.587261 0.640576
vt 0.026962 0.922439
vt 0.037067 0.917387
vt 0.037067 0.922439
vt 0.928610 0.505654
vt 0.918504 0.510706
vt 0.918504 0.505654
vt 0.309093 0.728539
vt 0.314146 0.718434
vt 0.314146 0.728539
vt 0.010990 0.718434
vt 0.016042 0.728539
vt 0.010990 0.728539
vt 0.632891 0.684664
vt 0.339841 0.674559
vt 0.632891 0.674559
vt 0.026962 0.942650
vt 0.037067 0.942650
vt 0.928610 0.485443
vt 0.016042 0.718434
vt 0.309093 0.718434
vt 0.026962 0.917387
vt 0.928610 0.510706
vt 0.339841 0.684664
vt 0.918505 0.485443
s 0
usemtl MAT_detail_dark_metal
f 3179/4310/2752 3180/4311/2752 3181/4312/2752
f 3182/4313/2753 3183/4314/2753 3184/4315/2753
f 3185/4316/2754 3186/4317/2754 3187/4318/2754
f 3188/4319/2755 3189/4320/2755 3190/4321/2755
f 3191/4322/2756 3192/4323/2756 3193/4324/2756
f 3194/4325/2757 3195/4326/2757 3196/4327/2757
f 3197/4328/2758 3198/4329/2758 3199/4330/2758
f 3200/4331/2759 3201/4332/2759 3202/4333/2759
f 3179/4310/2760 3186/4317/2760 3185/4316/2760
f 3182/4334/2761 3181/4335/2761 3180/4336/2761
f 3188/4319/2762 3184/4315/2762 3183/4314/2762
f 3187/4337/2763 3190/4338/2763 3189/4339/2763
f 3185/4316/2764 3198/4329/2764 3197/4328/2764
f 3200/4331/2765 3189/4320/2765 3188/4319/2765
f 3201/4340/2766 3198/4341/2766 3202/4342/2766
f 3197/4328/2767 3192/4323/2767 3191/4322/2767
f 3194/4325/2768 3201/4332/2768 3200/4331/2768
f 3193/4343/2769 3196/4344/2769 3195/4345/2769
f 3191/4322/2770 3180/4311/2770 3179/4310/2770
f 3183/4314/2771 3195/4326/2771 3194/4325/2771
f 3197/4328/2772 3179/4310/2772 3185/4316/2772
f 3184/4346/2773 3186/4347/2773 3181/4348/2773
f 3195/4349/2774 3180/4336/2774 3193/4350/2774
f 3188/4319/2775 3194/4325/2775 3200/4331/2775
f 3189/4339/2776 3198/4351/2776 3187/4337/2776
f 3201/4340/2777 3192/4352/2777 3199/4353/2777
f 3179/4310/2760 3181/4312/2760 3186/4317/2760
f 3182/4334/2761 3184/4354/2761 3181/4335/2761
f 3188/4319/2762 3190/4321/2762 3184/4315/2762
f 3187/4337/2763 3186/4355/2763 3190/4338/2763
f 3185/4316/2764 3187/4318/2764 3198/4329/2764
f 3200/4331/2765 3202/4333/2765 3189/4320/2765
f 3201/4340/2766 3199/4353/2766 3198/4341/2766
f 3197/4328/2767 3199/4330/2767 3192/4323/2767
f 3194/4325/2768 3196/4327/2768 3201/4332/2768
f 3193/4343/2769 3192/4352/2769 3196/4344/2769
f 3191/4322/2770 3193/4324/2770 3180/4311/2770
f 3183/4314/2771 3182/4313/2771 3195/4326/2771
f 3197/4328/2772 3191/4322/2772 3179/4310/2772
f 3184/4346/2773 3190/4356/2773 3186/4347/2773
f 3195/4349/2774 3182/4334/2774 3180/4336/2774
f 3188/4319/2775 3183/4314/2775 3194/4325/2775
f 3189/4339/2776 3202/4357/2776 3198/4351/2776
f 3201/4340/2777 3196/4344/2777 3192/4352/2777
o AK_ring_front_001
v 0.395437 0.005642 0.000000
v 0.394563 0.005642 0.000000
v 0.396153 0.006160 0.000000
v 0.395444 0.005644 0.000000
v 0.396427 0.007000 0.000000
v 0.396155 0.006163 0.000000
v 0.396155 0.007837 0.000000
v 0.396427 0.007000 0.000000
v 0.395444 0.008356 0.000000
v 0.396153 0.007840 0.000000
v 0.394563 0.008358 0.000000
v 0.395437 0.008358 0.000000
v 0.393847 0.007840 0.000000
v 0.394556 0.008356 0.000000
v 0.393573 0.007000 0.000000
v 0.393845 0.007837 0.000000
v 0.393845 0.006163 0.000000
v 0.393573 0.007000 0.000000
v 0.394556 0.005644 0.000000
v 0.393847 0.006160 0.000000
v 0.394563 0.006131 -0.003716
v 0.395437 0.006131 -0.003716
v 0.395444 0.006134 -0.003716
v 0.396153 0.006632 -0.003582
v 0.396155 0.006634 -0.003581
v 0.396427 0.007443 -0.003365
v 0.396427 0.007443 -0.003365
v 0.396155 0.008252 -0.003148
v 0.396153 0.008254 -0.003147
v 0.395444 0.008752 -0.003014
v 0.395437 0.008755 -0.003013
v 0.394563 0.008755 -0.003013
v 0.394556 0.008752 -0.003014
v 0.393847 0.008254 -0.003147
v 0.393845 0.008252 -0.003148
v 0.393573 0.007443 -0.003365
v 0.393573 0.007443 -0.003365
v 0.393845 0.006634 -0.003581
v 0.393847 0.006632 -0.003582
v 0.394556 0.006134 -0.003716
v 0.394563 0.007566 -0.007179
v 0.395437 0.007566 -0.007179
v 0.395444 0.007568 -0.007178
v 0.396153 0.008015 -0.006920
v 0.396155 0.008016 -0.006919
v 0.396427 0.008742 -0.006500
v 0.396427 0.008742 -0.006500
v 0.396155 0.009467 -0.006081
v 0.396153 0.009469 -0.006080
v 0.395444 0.009916 -0.005822
v 0.395437 0.009918 -0.005821
v 0.394563 0.009918 -0.005821
v 0.394556 0.009916 -0.005822
v 0.393847 0.009469 -0.006080
v 0.393845 0.009467 -0.006081
v 0.393573 0.008742 -0.006500
v 0.393573 0.008742 -0.006500
v 0.393845 0.008016 -0.006919
v 0.393847 0.008015 -0.006920
v 0.394556 0.007568 -0.007178
v 0.394563 0.009847 -0.010153
v 0.395437 0.009847 -0.010153
v 0.395444 0.009849 -0.010151
v 0.396153 0.010214 -0.009786
v 0.396155 0.010215 -0.009785
v 0.396427 0.010808 -0.009192
v 0.396427 0.010808 -0.009192
v 0.396155 0.011400 -0.008600
v 0.396153 0.011401 -0.008599
v 0.395444 0.011766 -0.008234
v 0.395437 0.011768 -0.008232
v 0.394563 0.011768 -0.008232
v 0.394556 0.011766 -0.008234
v 0.393847 0.011401 -0.008599
v 0.393845 0.011400 -0.008600
v 0.393573 0.010808 -0.009192
v 0.393573 0.010808 -0.009192
v 0.393845 0.010215 -0.009785
v 0.393847 0.010214 -0.009786
v 0.394556 0.009849 -0.010151
v 0.394563 0.012821 -0.012434
v 0.395437 0.012821 -0.012434
v 0.395444 0.012822 -0.012432
v 0.396153 0.013080 -0.011985
v 0.396155 0.013081 -0.011984
v 0.396427 0.013500 -0.011258
v 0.396427 0.013500 -0.011258
v 0.396155 0.013919 -0.010533
v 0.396153 0.013920 -0.010531
v 0.395444 0.014178 -0.010084
v 0.395437 0.014179 -0.010082
v 0.394563 0.014179 -0.010082
v 0.394556 0.014178 -0.010084
v 0.393847 0.013920 -0.010531
v 0.393845 0.013919 -0.010533
v 0.393573 0.013500 -0.011258
v 0.393573 0.013500 -0.011258
v 0.393845 0.013081 -0.011984
v 0.393847 0.013080 -0.011985
v 0.394556 0.012822 -0.012432
v 0.394563 0.016284 -0.013869
v 0.395437 0.016284 -0.013869
v 0.395444 0.016284 -0.013866
v 0.396153 0.016418 -0.013368
v 0.396155 0.016419 -0.013366
v 0.396427 0.016635 -0.012557
v 0.396427 0.016635 -0.012557
v 0.396155 0.016852 -0.011748
v 0.396153 0.016853 -0.011746
v 0.395444 0.016986 -0.011248
v 0.395437 0.016987 -0.011245
v 0.394563 0.016987 -0.011245
v 0.394556 0.016986 -0.011248
v 0.393847 0.016853 -0.011746
v 0.393845 0.016852 -0.011748
v 0.393573 0.016635 -0.012557
v 0.393573 0.016635 -0.012557
v 0.393845 0.016419 -0.013366
v 0.393847 0.016418 -0.013368
v 0.394556 0.016284 -0.013866
v 0.394563 0.020000 -0.014358
v 0.395437 0.020000 -0.014358
v 0.395444 0.020000 -0.014356
v 0.396153 0.020000 -0.013840
v 0.396155 0.020000 -0.013837
v 0.396427 0.020000 -0.013000
v 0.396427 0.020000 -0.013000
v 0.396155 0.020000 -0.012163
v 0.396153 0.020000 -0.012160
v 0.395444 0.020000 -0.011644
v 0.395437 0.020000 -0.011642
v 0.394563 0.020000 -0.011642
v 0.394556 0.020000 -0.011644
v 0.393847 0.020000 -0.012160
v 0.393845 0.020000 -0.012163
v 0.393573 0.020000 -0.013000
v 0.393573 0.020000 -0.013000
v 0.393845 0.020000 -0.013837
v 0.393847 0.020000 -0.013840
v 0.394556 0.020000 -0.014356
v 0.394563 0.023716 -0.013869
v 0.395437 0.023716 -0.013869
v 0.395444 0.023716 -0.013866
v 0.396153 0.023582 -0.013368
v 0.396155 0.023581 -0.013366
v 0.396427 0.023365 -0.012557
v 0.396427 0.023365 -0.012557
v 0.396155 0.023148 -0.011748
v 0.396153 0.023147 -0.011746
v 0.395444 0.023014 -0.011248
v 0.395437 0.023013 -0.011245
v 0.394563 0.023013 -0.011245
v 0.394556 0.023014 -0.011248
v 0.393847 0.023147 -0.011746
v 0.393845 0.023148 -0.011748
v 0.393573 0.023365 -0.012557
v 0.393573 0.023365 -0.012557
v 0.393845 0.023581 -0.013366
v 0.393847 0.023582 -0.013368
v 0.394556 0.023716 -0.013866
v 0.394563 0.027179 -0.012434
v 0.395437 0.027179 -0.012434
v 0.395444 0.027178 -0.012432
v 0.396153 0.026920 -0.011985
v 0.396155 0.026919 -0.011984
v 0.396427 0.026500 -0.011258
v 0.396427 0.026500 -0.011258
v 0.396155 0.026081 -0.010533
v 0.396153 0.026080 -0.010531
v 0.395444 0.025822 -0.010084
v 0.395437 0.025821 -0.010082
v 0.394563 0.025821 -0.010082
v 0.394556 0.025822 -0.010084
v 0.393847 0.026080 -0.010531
v 0.393845 0.026081 -0.010533
v 0.393573 0.026500 -0.011258
v 0.393573 0.026500 -0.011258
v 0.393845 0.026919 -0.011984
v 0.393847 0.026920 -0.011985
v 0.394556 0.027178 -0.012432
v 0.394563 0.030153 -0.010153
v 0.395437 0.030153 -0.010153
v 0.395444 0.030151 -0.010151
v 0.396153 0.029786 -0.009786
v 0.396155 0.029785 -0.009785
v 0.396427 0.029192 -0.009192
v 0.396427 0.029192 -0.009192
v 0.396155 0.028600 -0.008600
v 0.396153 0.028599 -0.008599
v 0.395444 0.028234 -0.008234
v 0.395437 0.028232 -0.008232
v 0.394563 0.028232 -0.008232
v 0.394556 0.028234 -0.008234
v 0.393847 0.028599 -0.008599
v 0.393845 0.028600 -0.008600
v 0.393573 0.029192 -0.009192
v 0.393573 0.029192 -0.009192
v 0.393845 0.029785 -0.009785
v 0.393847 0.029786 -0.009786
v 0.394556 0.030151 -0.010151
v 0.394563 0.032434 -0.007179
v 0.395437 0.032434 -0.007179
v 0.395444 0.032432 -0.007178
v 0.396153 0.031985 -0.006920
v 0.396155 0.031984 -0.006919
v 0.396427 0.031258 -0.006500
v 0.396427 0.031258 -0.006500
v 0.396155 0.030533 -0.006081
v 0.396153 0.030531 -0.006080
v 0.395444 0.030084 -0.005822
v 0.395437 0.030082 -0.005821
v 0.394563 0.030082 -0.005821
v 0.394556 0.030084 -0.005822
v 0.393847 0.030531 -0.006080
v 0.393845 0.030533 -0.006081
v 0.393573 0.031258 -0.006500
v 0.393573 0.031258 -0.006500
v 0.393845 0.031984 -0.006919
v 0.393847 0.031985 -0.006920
v 0.394556 0.032432 -0.007178
v 0.394563 0.033869 -0.003716
v 0.395437 0.033869 -0.003716
v 0.395444 0.033866 -0.003716
v 0.396153 0.033368 -0.003582
v 0.396155 0.033366 -0.003581
v 0.396427 0.032557 -0.003365
v 0.396427 0.032557 -0.003365
v 0.396155 0.031748 -0.003148
v 0.396153 0.031746 -0.003147
v 0.395444 0.031248 -0.003014
v 0.395437 0.031245 -0.003013
v 0.394563 0.031245 -0.003013
v 0.394556 0.031248 -0.003014
v 0.393847 0.031746 -0.003147
v 0.393845 0.031748 -0.003148
v 0.393573 0.032557 -0.003365
v 0.393573 0.032557 -0.003365
v 0.393845 0.033366 -0.003581
v 0.393847 0.033368 -0.003582
v 0.394556 0.033866 -0.003716
v 0.394563 0.034358 -0.000000
v 0.395437 0.034358 -0.000000
v 0.395444 0.034356 -0.000000
v 0.396153 0.033840 -0.000000
v 0.396155 0.033837 -0.000000
v 0.396427 0.033000 -0.000000
v 0.396427 0.033000 -0.000000
v 0.396155 0.032163 -0.000000
v 0.396153 0.032160 -0.000000
v 0.395444 0.031644 -0.000000
v 0.395437 0.031642 -0.000000
v 0.394563 0.031642 -0.000000
v 0.394556 0.031644 -0.000000
v 0.393847 0.032160 -0.000000
v 0.393845 0.032163 -0.000000
v 0.393573 0.033000 -0.000000
v 0.393573 0.033000 -0.000000
v 0.393845 0.033837 -0.000000
v 0.393847 0.033840 -0.000000
v 0.394556 0.034356 -0.000000
v 0.394563 0.033869 0.003716
v 0.395437 0.033869 0.003716
v 0.395444 0.033866 0.003716
v 0.396153 0.033368 0.003582
v 0.396155 0.033366 0.003581
v 0.396427 0.032557 0.003365
v 0.396427 0.032557 0.003365
v 0.396155 0.031748 0.003148
v 0.396153 0.031746 0.003147
v 0.395444 0.031248 0.003014
v 0.395437 0.031245 0.003013
v 0.394563 0.031245 0.003013
v 0.394556 0.031248 0.003014
v 0.393847 0.031746 0.003147
v 0.393845 0.031748 0.003148
v 0.393573 0.032557 0.003365
v 0.393573 0.032557 0.003365
v 0.393845 0.033366 0.003581
v 0.393847 0.033368 0.003582
v 0.394556 0.033866 0.003716
v 0.394563 0.032434 0.007179
v 0.395437 0.032434 0.007179
v 0.395444 0.032432 0.007178
v 0.396153 0.031985 0.006920
v 0.396155 0.031984 0.006919
v 0.396427 0.031258 0.006500
v 0.396427 0.031258 0.006500
v 0.396155 0.030533 0.006081
v 0.396153 0.030531 0.006080
v 0.395444 0.030084 0.005822
v 0.395437 0.030082 0.005821
v 0.394563 0.030082 0.005821
v 0.394556 0.030084 0.005822
v 0.393847 0.030531 0.006080
v 0.393845 0.030533 0.006081
v 0.393573 0.031258 0.006500
v 0.393573 0.031258 0.006500
v 0.393845 0.031984 0.006919
v 0.393847 0.031985 0.006920
v 0.394556 0.032432 0.007178
v 0.394563 0.030153 0.010153
v 0.395437 0.030153 0.010153
v 0.395444 0.030151 0.010151
v 0.396153 0.029786 0.009786
v 0.396155 0.029785 0.009785
v 0.396427 0.029192 0.009192
v 0.396427 0.029192 0.009192
v 0.396155 0.028600 0.008600
v 0.396153 0.028599 0.008599
v 0.395444 0.028234 0.008234
v 0.395437 0.028232 0.008232
v 0.394563 0.028232 0.008232
v 0.394556 0.028234 0.008234
v 0.393847 0.028599 0.008599
v 0.393845 0.028600 0.008600
v 0.393573 0.029192 0.009192
v 0.393573 0.029192 0.009192
v 0.393845 0.029785 0.009785
v 0.393847 0.029786 0.009786
v 0.394556 0.030151 0.010151
v 0.394563 0.027179 0.012434
v 0.395437 0.027179 0.012434
v 0.395444 0.027178 0.012432
v 0.396153 0.026920 0.011985
v 0.396155 0.026919 0.011984
v 0.396427 0.026500 0.011258
v 0.396427 0.026500 0.011258
v 0.396155 0.026081 0.010533
v 0.396153 0.026080 0.010531
v 0.395444 0.025822 0.010084
v 0.395437 0.025821 0.010082
v 0.394563 0.025821 0.010082
v 0.394556 0.025822 0.010084
v 0.393847 0.026080 0.010531
v 0.393845 0.026081 0.010533
v 0.393573 0.026500 0.011258
v 0.393573 0.026500 0.011258
v 0.393845 0.026919 0.011984
v 0.393847 0.026920 0.011985
v 0.394556 0.027178 0.012432
v 0.394563 0.023716 0.013869
v 0.395437 0.023716 0.013869
v 0.395444 0.023716 0.013866
v 0.396153 0.023582 0.013368
v 0.396155 0.023581 0.013366
v 0.396427 0.023365 0.012557
v 0.396427 0.023365 0.012557
v 0.396155 0.023148 0.011748
v 0.396153 0.023147 0.011746
v 0.395444 0.023014 0.011248
v 0.395437 0.023013 0.011245
v 0.394563 0.023013 0.011245
v 0.394556 0.023014 0.011248
v 0.393847 0.023147 0.011746
v 0.393845 0.023148 0.011748
v 0.393573 0.023365 0.012557
v 0.393573 0.023365 0.012557
v 0.393845 0.023581 0.013366
v 0.393847 0.023582 0.013368
v 0.394556 0.023716 0.013866
v 0.394563 0.020000 0.014358
v 0.395437 0.020000 0.014358
v 0.395444 0.020000 0.014356
v 0.396153 0.020000 0.013840
v 0.396155 0.020000 0.013837
v 0.396427 0.020000 0.013000
v 0.396427 0.020000 0.013000
v 0.396155 0.020000 0.012163
v 0.396153 0.020000 0.012160
v 0.395444 0.020000 0.011644
v 0.395437 0.020000 0.011642
v 0.394563 0.020000 0.011642
v 0.394556 0.020000 0.011644
v 0.393847 0.020000 0.012160
v 0.393845 0.020000 0.012163
v 0.393573 0.020000 0.013000
v 0.393573 0.020000 0.013000
v 0.393845 0.020000 0.013837
v 0.393847 0.020000 0.013840
v 0.394556 0.020000 0.014356
v 0.394563 0.016284 0.013869
v 0.395437 0.016284 0.013869
v 0.395444 0.016284 0.013866
v 0.396153 0.016418 0.013368
v 0.396155 0.016419 0.013366
v 0.396427 0.016635 0.012557
v 0.396427 0.016635 0.012557
v 0.396155 0.016852 0.011748
v 0.396153 0.016853 0.011746
v 0.395444 0.016986 0.011248
v 0.395437 0.016987 0.011245
v 0.394563 0.016987 0.011245
v 0.394556 0.016986 0.011248
v 0.393847 0.016853 0.011746
v 0.393845 0.016852 0.011748
v 0.393573 0.016635 0.012557
v 0.393573 0.016635 0.012557
v 0.393845 0.016419 0.013366
v 0.393847 0.016418 0.013368
v 0.394556 0.016284 0.013866
v 0.394563 0.012821 0.012434
v 0.395437 0.012821 0.012434
v 0.395444 0.012822 0.012432
v 0.396153 0.013080 0.011985
v 0.396155 0.013081 0.011984
v 0.396427 0.013500 0.011258
v 0.396427 0.013500 0.011258
v 0.396155 0.013919 0.010533
v 0.396153 0.013920 0.010531
v 0.395444 0.014178 0.010084
v 0.395437 0.014179 0.010082
v 0.394563 0.014179 0.010082
v 0.394556 0.014178 0.010084
v 0.393847 0.013920 0.010531
v 0.393845 0.013919 0.010533
v 0.393573 0.013500 0.011258
v 0.393573 0.013500 0.011258
v 0.393845 0.013081 0.011984
v 0.393847 0.013080 0.011985
v 0.394556 0.012822 0.012432
v 0.394563 0.009847 0.010153
v 0.395437 0.009847 0.010153
v 0.395444 0.009849 0.010151
v 0.396153 0.010214 0.009786
v 0.396155 0.010215 0.009785
v 0.396427 0.010808 0.009192
v 0.396427 0.010808 0.009192
v 0.396155 0.011400 0.008600
v 0.396153 0.011401 0.008599
v 0.395444 0.011766 0.008234
v 0.395437 0.011768 0.008232
v 0.394563 0.011768 0.008232
v 0.394556 0.011766 0.008234
v 0.393847 0.011401 0.008599
v 0.393845 0.011400 0.008600
v 0.393573 0.010808 0.009192
v 0.393573 0.010808 0.009192
v 0.393845 0.010215 0.009785
v 0.393847 0.010214 0.009786
v 0.394556 0.009849 0.010151
v 0.394563 0.007566 0.007179
v 0.395437 0.007566 0.007179
v 0.395444 0.007568 0.007178
v 0.396153 0.008015 0.006920
v 0.396155 0.008016 0.006919
v 0.396427 0.008742 0.006500
v 0.396427 0.008742 0.006500
v 0.396155 0.009467 0.006081
v 0.396153 0.009469 0.006080
v 0.395444 0.009916 0.005822
v 0.395437 0.009918 0.005821
v 0.394563 0.009918 0.005821
v 0.394556 0.009916 0.005822
v 0.393847 0.009469 0.006080
v 0.393845 0.009467 0.006081
v 0.393573 0.008742 0.006500
v 0.393573 0.008742 0.006500
v 0.393845 0.008016 0.006919
v 0.393847 0.008015 0.006920
v 0.394556 0.007568 0.007178
v 0.394563 0.006131 0.003716
v 0.395437 0.006131 0.003716
v 0.395444 0.006134 0.003716
v 0.396153 0.006632 0.003582
v 0.396155 0.006634 0.003581
v 0.396427 0.007443 0.003365
v 0.396427 0.007443 0.003365
v 0.396155 0.008252 0.003148
v 0.396153 0.008254 0.003147
v 0.395444 0.008752 0.003014
v 0.395437 0.008755 0.003013
v 0.394563 0.008755 0.003013
v 0.394556 0.008752 0.003014
v 0.393847 0.008254 0.003147
v 0.393845 0.008252 0.003148
v 0.393573 0.007443 0.003365
v 0.393573 0.007443 0.003365
v 0.393845 0.006634 0.003581
v 0.393847 0.006632 0.003582
v 0.394556 0.006134 0.003716
vn -0.0000 -0.9914 -0.1305
vn 0.5851 -0.8040 -0.1059
vn 0.9504 -0.3083 -0.0406
vn 0.9504 0.3083 0.0406
vn 0.5851 0.8040 0.1059
vn -0.0000 0.9914 0.1305
vn -0.5851 0.8040 0.1059
vn -0.9504 0.3083 0.0406
vn -0.9504 -0.3083 -0.0406
vn -0.5851 -0.8040 -0.1059
vn -0.0000 -0.9239 -0.3827
vn 0.5851 -0.7492 -0.3103
vn 0.9504 -0.2873 -0.1190
vn 0.9504 0.2873 0.1190
vn 0.5851 0.7492 0.3103
vn -0.0000 0.9239 0.3827
vn -0.5851 0.7492 0.3103
vn -0.9504 0.2873 0.1190
vn -0.9504 -0.2873 -0.1190
vn -0.5851 -0.7492 -0.3103
vn -0.0000 -0.7934 -0.6088
vn 0.5851 -0.6434 -0.4937
vn 0.9504 -0.2467 -0.1893
vn 0.9504 0.2467 0.1893
vn 0.5851 0.6434 0.4937
vn -0.0000 0.7934 0.6088
vn -0.5851 0.6434 0.4937
vn -0.9504 0.2467 0.1893
vn -0.9504 -0.2467 -0.1893
vn -0.5851 -0.6434 -0.4937
vn -0.0000 -0.6088 -0.7934
vn 0.5851 -0.4937 -0.6434
vn 0.9504 -0.1893 -0.2467
vn 0.9504 0.1893 0.2467
vn 0.5851 0.4937 0.6434
vn -0.0000 0.6088 0.7934
vn -0.5851 0.4937 0.6434
vn -0.9504 0.1893 0.2467
vn -0.9504 -0.1893 -0.2467
vn -0.5851 -0.4937 -0.6434
vn -0.0000 -0.3827 -0.9239
vn 0.5851 -0.3103 -0.7492
vn 0.9504 -0.1190 -0.2873
vn 0.9504 0.1190 0.2873
vn 0.5851 0.3103 0.7492
vn -0.0000 0.3827 0.9239
vn -0.5851 0.3103 0.7492
vn -0.9504 0.1190 0.2873
vn -0.9504 -0.1190 -0.2873
vn -0.5851 -0.3103 -0.7492
vn -0.0000 -0.1305 -0.9914
vn 0.5851 -0.1059 -0.8040
vn 0.9504 -0.0406 -0.3083
vn 0.9504 0.0406 0.3083
vn 0.5851 0.1059 0.8040
vn -0.0000 0.1305 0.9914
vn -0.5851 0.1059 0.8040
vn -0.9504 0.0406 0.3083
vn -0.9504 -0.0406 -0.3083
vn -0.5851 -0.1059 -0.8040
vn -0.0000 0.1305 -0.9914
vn 0.5851 0.1059 -0.8040
vn 0.9504 0.0406 -0.3083
vn 0.9504 -0.0406 0.3083
vn 0.5851 -0.1059 0.8040
vn -0.0000 -0.1305 0.9914
vn -0.5851 -0.1059 0.8040
vn -0.9504 -0.0406 0.3083
vn -0.9504 0.0406 -0.3083
vn -0.5851 0.1059 -0.8040
vn -0.0000 0.3827 -0.9239
vn 0.5851 0.3103 -0.7492
vn 0.9504 0.1190 -0.2873
vn 0.9504 -0.1190 0.2873
vn 0.5851 -0.3103 0.7492
vn -0.0000 -0.3827 0.9239
vn -0.5851 -0.3103 0.7492
vn -0.9504 -0.1190 0.2873
vn -0.9504 0.1190 -0.2873
vn -0.5851 0.3103 -0.7492
vn -0.0000 0.6088 -0.7934
vn 0.5851 0.4937 -0.6434
vn 0.9504 0.1893 -0.2467
vn 0.9504 -0.1893 0.2467
vn 0.5851 -0.4937 0.6434
vn -0.0000 -0.6088 0.7934
vn -0.5851 -0.4937 0.6434
vn -0.9504 -0.1893 0.2467
vn -0.9504 0.1893 -0.2467
vn -0.5851 0.4937 -0.6434
vn -0.0000 0.7934 -0.6088
vn 0.5851 0.6434 -0.4937
vn 0.9504 0.2467 -0.1893
vn 0.9504 -0.2467 0.1893
vn 0.5851 -0.6434 0.4937
vn -0.0000 -0.7934 0.6088
vn -0.5851 -0.6434 0.4937
vn -0.9504 -0.2467 0.1893
vn -0.9504 0.2467 -0.1893
vn -0.5851 0.6434 -0.4937
vn -0.0000 0.9239 -0.3827
vn 0.5851 0.7492 -0.3103
vn 0.9504 0.2873 -0.1190
vn 0.9504 -0.2873 0.1190
vn 0.5851 -0.7492 0.3103
vn -0.0000 -0.9239 0.3827
vn -0.5851 -0.7492 0.3103
vn -0.9504 -0.2873 0.1190
vn -0.9504 0.2873 -0.1190
vn -0.5851 0.7492 -0.3103
vn -0.0000 0.9914 -0.1305
vn 0.5851 0.8040 -0.1059
vn 0.9504 0.3083 -0.0406
vn 0.9504 -0.3083 0.0406
vn 0.5851 -0.8040 0.1059
vn -0.0000 -0.9914 0.1305
vn -0.5851 -0.8040 0.1059
vn -0.9504 -0.3083 0.0406
vn -0.9504 0.3083 -0.0406
vn -0.5851 0.8040 -0.1059
vn -0.3066 -0.9437 -0.1242
vn -0.3067 -0.9437 0.1242
vn 0.3066 -0.9437 -0.1242
vn 0.3067 -0.9437 0.1242
vn 0.8065 -0.5862 -0.0772
vn 0.8067 -0.5859 0.0771
vn 1.0000 -0.0000 -0.0000
vn 0.8065 0.5862 0.0772
vn 0.8065 0.5862 -0.0772
vn 0.3067 0.9437 0.1242
vn 0.3066 0.9437 -0.1242
vn -0.3067 0.9437 0.1242
vn -0.3066 0.9437 -0.1242
vn -0.8065 0.5862 0.0772
vn -0.8065 0.5861 -0.0772
vn -1.0000 -0.0000 -0.0000
vn -0.8065 -0.5862 -0.0772
vn -0.8067 -0.5859 0.0771
vn -0.3067 -0.8793 -0.3642
vn 0.3067 -0.8794 -0.3642
vn 0.8067 -0.5460 -0.2261
vn 0.8065 0.5462 0.2263
vn 0.3066 0.8794 0.3643
vn -0.3066 0.8794 0.3643
vn -0.8065 0.5463 0.2263
vn -0.8067 -0.5460 -0.2262
vn -0.3064 -0.7552 -0.5795
vn 0.3065 -0.7552 -0.5795
vn 0.8065 -0.4690 -0.3599
vn 0.9963 0.0854 -0.0000
vn 0.8066 0.4690 0.3599
vn 0.3068 0.7551 0.5794
vn -0.3068 0.7551 0.5794
vn -0.8066 0.4689 0.3598
vn -0.9950 -0.0998 -0.0000
vn -0.8067 -0.4688 -0.3598
vn -0.3067 -0.5794 -0.7551
vn 0.3067 -0.5794 -0.7551
vn 0.8065 -0.3600 -0.4691
vn 0.9999 -0.0151 -0.0000
vn 0.8067 0.3597 0.4689
vn 0.3070 0.5794 0.7550
vn -0.3070 0.5794 0.7550
vn -0.8066 0.3599 0.4689
vn -0.9999 -0.0151 -0.0000
vn -0.8063 -0.3601 -0.4692
vn -0.3066 -0.3643 -0.8794
vn 0.3067 -0.3642 -0.8793
vn 0.8065 -0.2262 -0.5463
vn 0.9998 0.0209 -0.0000
vn 0.8064 0.2263 0.5464
vn 0.3068 0.3642 0.8793
vn -0.3069 0.3642 0.8793
vn -0.8065 0.2263 0.5462
vn -1.0000 0.0075 -0.0000
vn -0.8064 -0.2263 -0.5463
vn -0.3069 -0.1242 -0.9436
vn 0.3068 -0.1242 -0.9436
vn 0.8067 -0.0771 -0.5860
vn 0.8065 0.0772 0.5862
vn 0.3069 0.1242 0.9436
vn -0.3069 0.1242 0.9436
vn -0.8064 0.0772 0.5863
vn -1.0000 0.0058 -0.0000
vn -0.8067 -0.0771 -0.5859
vn -0.3067 0.1242 -0.9437
vn 0.3067 0.1242 -0.9437
vn 0.8066 0.0772 -0.5861
vn 1.0000 0.0058 -0.0000
vn 0.8065 -0.0772 0.5862
vn 0.3065 -0.1242 0.9437
vn -0.3065 -0.1242 0.9437
vn -0.8066 -0.0772 0.5861
vn -0.8066 0.0772 -0.5860
vn -0.3068 0.3642 -0.8793
vn 0.3068 0.3642 -0.8793
vn 0.8069 0.2261 -0.5458
vn -0.0000 -1.0000 -0.0000
vn 0.8064 -0.2263 0.5463
vn 0.3065 -0.3643 0.8794
vn -0.3065 -0.3643 0.8794
vn -0.8067 -0.2261 0.5459
vn -1.0000 -0.0098 -0.0000
vn -0.8067 0.2262 -0.5460
vn -0.3064 0.5795 -0.7552
vn 0.3066 0.5795 -0.7552
vn 0.8065 0.3600 -0.4691
vn 0.9990 -0.0444 -0.0000
vn 0.8067 -0.3598 0.4689
vn 0.3066 -0.5794 0.7551
vn -0.3066 -0.5794 0.7551
vn -0.8065 -0.3599 0.4690
vn -0.9990 -0.0444 -0.0000
vn -0.8068 0.3597 -0.4688
vn -0.3066 0.7552 -0.5794
vn 0.3067 0.7551 -0.5794
vn 0.8065 0.4691 -0.3599
vn 0.9999 -0.0115 -0.0000
vn 0.8066 -0.4689 0.3598
vn 0.3067 -0.7551 0.5794
vn -0.3067 -0.7551 0.5794
vn -0.8067 -0.4689 0.3598
vn -0.9910 0.1338 -0.0000
vn -0.8065 0.4691 -0.3599
vn -0.3066 0.8794 -0.3643
vn 0.3066 0.8794 -0.3643
vn 0.8066 0.5461 -0.2262
vn 0.9982 0.0603 -0.0000
vn 0.8066 -0.5461 0.2262
vn 0.3067 -0.8793 0.3642
vn -0.3067 -0.8793 0.3642
vn -0.8066 -0.5461 0.2262
vn -0.9982 0.0603 -0.0000
vn -0.8066 0.5461 -0.2262
vn -0.3067 0.9437 -0.1242
vn 0.3067 0.9437 -0.1242
vn 0.8067 0.5859 -0.0771
vn 0.8065 -0.5862 0.0772
vn 0.3066 -0.9437 0.1242
vn -0.3066 -0.9437 0.1242
vn -0.8065 -0.5861 0.0772
vn -0.8067 0.5859 -0.0771
vn -0.3066 0.9437 0.1242
vn 0.3066 0.9437 0.1242
vn 0.3067 -0.9437 -0.1242
vn -0.3067 -0.9437 -0.1242
vn -0.3067 0.8793 0.3642
vn 0.3067 0.8794 0.3642
vn 0.8067 0.5460 0.2261
vn 0.8065 -0.5462 -0.2263
vn 0.3066 -0.8794 -0.3643
vn -0.3066 -0.8794 -0.3643
vn -0.8065 -0.5463 -0.2263
vn -0.8067 0.5460 0.2262
vn -0.3064 0.7552 0.5795
vn 0.3065 0.7552 0.5795
vn 0.8065 0.4690 0.3599
vn 0.9963 -0.0854 -0.0000
vn 0.8066 -0.4690 -0.3599
vn 0.3068 -0.7551 -0.5794
vn -0.3068 -0.7551 -0.5794
vn -0.8066 -0.4689 -0.3598
vn -0.9950 0.0998 -0.0000
vn -0.8067 0.4688 0.3598
vn -0.3067 0.5794 0.7551
vn 0.3067 0.5794 0.7551
vn 0.8065 0.3600 0.4691
vn 0.9999 0.0151 -0.0000
vn 0.8067 -0.3597 -0.4689
vn 0.3070 -0.5794 -0.7550
vn -0.3070 -0.5794 -0.7550
vn -0.8066 -0.3599 -0.4689
vn -0.9999 0.0151 -0.0000
vn -0.8063 0.3601 0.4692
vn -0.3066 0.3643 0.8794
vn 0.3067 0.3642 0.8793
vn 0.8065 0.2262 0.5463
vn 0.9998 -0.0209 -0.0000
vn 0.8064 -0.2263 -0.5464
vn 0.3068 -0.3642 -0.8793
vn -0.3069 -0.3642 -0.8793
vn -0.8065 -0.2263 -0.5462
vn -1.0000 -0.0075 -0.0000
vn -0.8064 0.2263 0.5463
vn 0.3068 0.1242 0.9436
vn 0.8067 0.0771 0.5860
vn 0.8065 -0.0772 -0.5862
vn 0.3069 -0.1242 -0.9436
vn -0.8064 -0.0772 -0.5863
vn -1.0000 -0.0058 -0.0000
vn -0.8067 0.0771 0.5859
vn -0.3067 -0.1242 0.9437
vn 0.3067 -0.1242 0.9437
vn 0.8066 -0.0772 0.5861
vn 1.0000 -0.0058 -0.0000
vn 0.8065 0.0772 -0.5862
vn 0.3065 0.1242 -0.9437
vn -0.3065 0.1242 -0.9437
vn -0.8066 0.0772 -0.5861
vn -0.8066 -0.0772 0.5860
vn -0.3068 -0.3642 0.8793
vn 0.3068 -0.3642 0.8793
vn 0.8069 -0.2261 0.5458
vn -0.0000 1.0000 -0.0000
vn 0.8064 0.2263 -0.5463
vn 0.3065 0.3643 -0.8794
vn -0.3065 0.3643 -0.8794
vn -0.8067 0.2261 -0.5459
vn -1.0000 0.0098 -0.0000
vn -0.8067 -0.2262 0.5460
vn -0.3064 -0.5795 0.7552
vn 0.3066 -0.5795 0.7552
vn 0.8065 -0.3600 0.4691
vn 0.9990 0.0444 -0.0000
vn 0.8067 0.3598 -0.4689
vn 0.3066 0.5794 -0.7551
vn -0.3066 0.5794 -0.7551
vn -0.8065 0.3599 -0.4690
vn -0.9990 0.0444 -0.0000
vn -0.8068 -0.3597 0.4688
vn -0.3066 -0.7552 0.5794
vn 0.8065 -0.4691 0.3599
vn 0.9999 0.0115 -0.0000
vn 0.8066 0.4689 -0.3598
vn -0.3067 0.7551 -0.5794
vn -0.8067 0.4689 -0.3598
vn -0.9910 -0.1338 -0.0000
vn -0.8065 -0.4691 0.3599
vn -0.3066 -0.8794 0.3643
vn 0.3066 -0.8794 0.3643
vn 0.9982 -0.0603 -0.0000
vn 0.3067 0.8793 -0.3642
vn -0.3067 0.8793 -0.3642
vn -0.9982 -0.0603 -0.0000
vn 0.8067 -0.5859 -0.0771
vn -0.8065 0.5861 0.0772
vn -0.8065 0.5862 -0.0772
vn -0.8067 -0.5859 -0.0771
vn -0.8065 -0.5862 0.0772
vn 0.8066 -0.5461 -0.2262
vn 0.8066 0.5462 0.2262
vn 0.3067 0.8793 0.3642
vn -0.8066 0.5461 0.2262
vn -0.8066 -0.5461 -0.2262
vn 0.3067 -0.7551 -0.5794
vn 0.8066 -0.4689 -0.3598
vn 0.9923 -0.1240 -0.0000
vn 0.8066 0.4689 0.3598
vn 0.3067 0.7551 0.5794
vn -0.3067 0.7551 0.5794
vn -0.8066 0.4689 0.3599
vn -0.8065 -0.4691 -0.3599
vn -0.3066 -0.5794 -0.7551
vn 0.3066 -0.5794 -0.7552
vn 0.8067 -0.3597 -0.4688
vn 0.8065 0.3599 0.4690
vn 0.3066 0.5794 0.7551
vn -0.3066 0.5794 0.7551
vn -0.8067 0.3598 0.4689
vn -0.8068 -0.3597 -0.4688
vn -0.3067 -0.3642 -0.8794
vn 0.8069 -0.2261 -0.5458
vn 0.8067 0.2261 0.5459
vn 0.3065 0.3643 0.8794
vn -0.3065 0.3643 0.8794
vn -0.8067 0.2261 0.5459
vn -0.8069 -0.2261 -0.5457
vn -0.3067 -0.1242 -0.9437
vn 0.3067 -0.1242 -0.9437
vn 0.8066 -0.0772 -0.5860
vn 0.3065 0.1242 0.9437
vn -0.3065 0.1242 0.9437
vn -0.8066 0.0772 0.5861
vn -0.8066 -0.0772 -0.5861
vn -0.3069 0.1242 -0.9436
vn 0.3070 0.1242 -0.9436
vn 0.8067 0.0771 -0.5859
vn 0.3068 -0.1242 0.9436
vn -0.3069 -0.1242 0.9436
vn -0.8064 -0.0772 0.5863
vn -0.8066 0.0771 -0.5860
vn -0.3067 0.3642 -0.8794
vn 0.3067 0.3642 -0.8793
vn 0.8065 0.2262 -0.5463
vn 0.8068 -0.2261 0.5458
vn -0.3069 -0.3642 0.8793
vn -0.8065 -0.2263 0.5462
vn -0.8067 0.2261 -0.5460
vn -0.3068 0.5794 -0.7551
vn 0.3067 0.5794 -0.7551
vn 0.8066 0.3598 -0.4689
vn 0.8066 -0.3598 0.4689
vn 0.3070 -0.5794 0.7550
vn -0.3070 -0.5794 0.7550
vn -0.8067 -0.3597 0.4688
vn -0.8063 0.3601 -0.4692
vn -0.3066 0.7551 -0.5794
vn 0.3065 0.7552 -0.5795
vn 0.8067 0.4688 -0.3597
vn 0.9701 0.2425 -0.0000
vn 0.3068 -0.7551 0.5794
vn -0.3068 -0.7551 0.5794
vn -0.8066 -0.4690 0.3599
vn -0.8067 0.4688 -0.3598
vn -0.3067 0.8794 -0.3642
vn 0.3067 0.8794 -0.3642
vn 0.8067 0.5460 -0.2261
vn 0.8065 -0.5463 0.2263
vn -0.8065 -0.5463 0.2263
vn -0.8067 0.5460 -0.2261
vn 0.8067 0.5859 0.0771
vn -0.8065 -0.5861 -0.0772
vn -0.8067 0.5859 0.0771
vn 0.8066 0.5461 0.2262
vn 0.8066 -0.5462 -0.2262
vn 0.3067 -0.8793 -0.3642
vn 0.9923 0.1240 -0.0000
vn -0.3067 -0.7551 -0.5794
vn -0.8066 -0.4689 -0.3599
vn -0.8065 0.4691 0.3599
vn 0.3066 0.5794 0.7552
vn 0.8067 0.3597 0.4688
vn 0.8065 -0.3599 -0.4690
vn 0.3066 -0.5794 -0.7551
vn -0.8067 -0.3598 -0.4689
vn -0.8068 0.3597 0.4688
vn -0.3067 0.3642 0.8794
vn 0.8069 0.2261 0.5458
vn 0.8067 -0.2261 -0.5459
vn 0.3065 -0.3643 -0.8794
vn -0.3065 -0.3643 -0.8794
vn -0.8067 -0.2261 -0.5459
vn -0.8069 0.2261 0.5457
vn -0.3067 0.1242 0.9437
vn 0.3067 0.1242 0.9437
vn 0.8066 0.0772 0.5860
vn 0.3065 -0.1242 -0.9437
vn -0.3065 -0.1242 -0.9437
vn 0.3070 -0.1242 0.9436
vn 0.8067 -0.0771 0.5859
vn 0.3068 0.1242 -0.9436
vn -0.8064 0.0772 -0.5863
vn -0.8066 -0.0771 0.5860
vn -0.3067 -0.3642 0.8794
vn 0.3067 -0.3642 0.8793
vn 0.8065 -0.2262 0.5463
vn 0.8068 0.2261 -0.5458
vn -0.3069 0.3642 -0.8793
vn -0.8065 0.2263 -0.5462
vn -0.8067 -0.2261 0.5460
vn -0.3068 -0.5794 0.7551
vn 0.3067 -0.5794 0.7551
vn 0.3070 0.5794 -0.7550
vn -0.3070 0.5794 -0.7550
vn -0.8067 0.3597 -0.4688
vn -0.8063 -0.3601 0.4692
vn -0.3066 -0.7551 0.5794
vn 0.3065 -0.7552 0.5795
vn 0.8067 -0.4688 0.3597
vn 0.9701 -0.2425 -0.0000
vn 0.3068 0.7551 -0.5794
vn -0.3068 0.7551 -0.5794
vn -0.8066 0.4690 -0.3599
vn -0.8067 -0.4688 0.3598
vn -0.3067 -0.8794 0.3642
vn 0.3067 -0.8794 0.3642
vn 0.8067 -0.5460 0.2261
vn 0.8065 0.5463 -0.2263
vn -0.8065 0.5463 -0.2263
vn -0.8067 -0.5460 0.2261
vt 0.832522 0.221435
vt 0.840487 0.263552
vt 0.831257 0.263273
vt 0.831177 0.263268
vt 0.823074 0.221905
vt 0.832442 0.221435
vt 0.842771 0.708849
vt 0.877103 0.713455
vt 0.842599 0.713455
vt 0.843323 0.723001
vt 0.875604 0.723030
vt 0.844223 0.727994
vt 0.843328 0.723030
vt 0.098226 0.886611
vt 0.132201 0.877367
vt 0.132201 0.886611
vt 0.132204 0.877286
vt 0.097470 0.867927
vt 0.132957 0.867927
vt 0.497627 0.970638
vt 0.464544 0.975307
vt 0.464370 0.970638
vt 0.499048 0.975307
vt 0.463821 0.984853
vt 0.463815 0.984882
vt 0.500645 0.989822
vt 0.462920 0.989822
vt 0.834332 0.304078
vt 0.826500 0.303579
vt 0.826420 0.303567
vt 0.821854 0.262233
vt 0.911465 0.717966
vt 0.878505 0.708849
vt 0.908928 0.722258
vt 0.875604 0.723001
vt 0.904347 0.735973
vt 0.875499 0.727994
vt 0.065612 0.888100
vt 0.098226 0.877367
vt 0.065400 0.880157
vt 0.098223 0.877286
vt 0.528302 0.962154
vt 0.530873 0.966504
vt 0.500547 0.984853
vt 0.500548 0.984882
vt 0.535441 0.980198
vt 0.823565 0.340707
vt 0.818575 0.339606
vt 0.818497 0.339588
vt 0.817269 0.301084
vt 0.941973 0.734413
vt 0.908928 0.722258
vt 0.935905 0.739263
vt 0.905379 0.731236
vt 0.930607 0.747172
vt 0.905373 0.731264
vt 0.036954 0.890816
vt 0.065409 0.880237
vt 0.032460 0.876718
vt 0.063192 0.870925
vt 0.551652 0.944730
vt 0.557850 0.949499
vt 0.534422 0.975483
vt 0.563147 0.957407
vt 0.534428 0.975511
vt 0.812967 0.370161
vt 0.808023 0.368898
vt 0.969321 0.758367
vt 0.943282 0.733820
vt 0.947137 0.732072
vt 0.964856 0.759429
vt 0.956195 0.763313
vt 0.931311 0.745863
vt 0.053520 0.824067
vt 0.086460 0.827507
vt 0.057032 0.833054
vt 0.013224 0.898562
vt 0.035987 0.885782
vt 0.564992 0.920488
vt 0.550473 0.944055
vt 0.546729 0.942176
vt 0.569479 0.921565
vt 0.578140 0.925449
vt 0.562540 0.955983
vt 0.809630 0.616611
vt 0.826420 0.584368
vt 0.818497 0.620389
vt 0.835730 0.584659
vt 0.831257 0.544074
vt 0.840487 0.544353
vt 0.982683 0.790571
vt 0.964882 0.759423
vt 0.977864 0.790781
vt 0.968416 0.792768
vt 0.951915 0.766180
vt 0.118530 0.815277
vt 0.084252 0.818275
vt 0.119286 0.824716
vt 0.086469 0.836831
vt 0.086469 0.827587
vt 0.576070 0.893788
vt 0.569453 0.921559
vt 0.580913 0.894008
vt 0.590361 0.895994
vt 0.582362 0.928277
vt 0.821854 0.543034
vt 0.817268 0.581885
vt 0.832522 0.502235
vt 0.841752 0.502514
vt 0.981427 0.825754
vt 0.977893 0.790780
vt 0.981397 0.825750
vt 0.968416 0.792768
vt 0.966894 0.826235
vt 0.963695 0.794570
vt 0.153264 0.824636
vt 0.119283 0.824636
vt 0.153261 0.824716
vt 0.119286 0.833960
vt 0.579079 0.864008
vt 0.580885 0.894006
vt 0.593681 0.863142
vt 0.590361 0.895994
vt 0.598456 0.863748
vt 0.595019 0.897772
vt 0.823074 0.502705
vt 0.831177 0.544068
vt 0.830209 0.461715
vt 0.839440 0.461995
vt 0.982004 0.865115
vt 0.986312 0.826490
vt 0.965927 0.859632
vt 0.971736 0.825620
vt 0.971736 0.825620
vt 0.188294 0.818275
vt 0.154017 0.815277
vt 0.186078 0.827587
vt 0.153261 0.833960
vt 0.578556 0.831461
vt 0.583990 0.863276
vt 0.578584 0.831451
vt 0.584019 0.863271
vt 0.587872 0.829130
vt 0.593681 0.863142
vt 0.830130 0.461722
vt 0.832442 0.502236
vt 0.983074 0.865869
vt 0.969899 0.904661
vt 0.967014 0.902153
vt 0.966968 0.902113
vt 0.975242 0.861962
vt 0.959736 0.896921
vt 0.975214 0.861952
vt 0.951385 0.892484
vt 0.961295 0.859017
vt 0.215515 0.833054
vt 0.186087 0.827507
vt 0.554796 0.808464
vt 0.570724 0.835367
vt 0.567659 0.837525
vt 0.557747 0.805907
vt 0.571804 0.834676
vt 0.564979 0.800714
vt 0.573330 0.796278
vt 0.592440 0.828524
vt 0.820845 0.463648
vt 0.824398 0.425288
vt 0.945049 0.937509
vt 0.942404 0.934684
vt 0.942362 0.934639
vt 0.959762 0.896937
vt 0.936018 0.928273
vt 0.951385 0.892484
vt 0.929103 0.921939
vt 0.947279 0.890682
vt 0.244120 0.832259
vt 0.219027 0.824067
vt 0.535084 0.782407
vt 0.557702 0.805946
vt 0.544110 0.773178
vt 0.564954 0.800730
vt 0.544132 0.773157
vt 0.551047 0.766823
vt 0.577381 0.794500
vt 0.806872 0.399725
vt 0.815318 0.428523
vt 0.913260 0.964329
vt 0.910921 0.961246
vt 0.910884 0.961197
vt 0.936040 0.928294
vt 0.905676 0.953872
vt 0.900597 0.945989
vt 0.925802 0.919072
vt 0.772588 0.223060
vt 0.773383 0.194455
vt 0.781227 0.218484
vt 0.509868 0.761133
vt 0.537747 0.779568
vt 0.512255 0.757982
vt 0.537788 0.779524
vt 0.517463 0.750657
vt 0.522542 0.742773
vt 0.554303 0.763995
vt 0.263080 0.796464
vt 0.237517 0.778938
vt 0.267389 0.787700
vt 0.876882 0.983223
vt 0.874710 0.980028
vt 0.874015 0.978880
vt 0.905693 0.953897
vt 0.870779 0.971973
vt 0.867811 0.962994
vt 0.898327 0.942253
vt 0.758605 0.167234
vt 0.764397 0.197967
vt 0.480865 0.746089
vt 0.512218 0.758030
vt 0.483489 0.741637
vt 0.517446 0.750682
vt 0.486789 0.734746
vt 0.522542 0.742773
vt 0.489756 0.725768
vt 0.524781 0.739088
vt 0.199157 0.782491
vt 0.234282 0.788017
vt 0.200811 0.763896
vt 0.160570 0.770814
vt 0.160291 0.761583
vt 0.833708 0.981372
vt 0.870790 0.972001
vt 0.833703 0.981343
vt 0.833153 0.967128
vt 0.866726 0.958644
vt 0.764966 0.132204
vt 0.767837 0.165027
vt 0.765046 0.132201
vt 0.777161 0.165018
vt 0.767917 0.165017
vt 0.453301 0.731504
vt 0.486777 0.734774
vt 0.454924 0.716965
vt 0.454753 0.712359
vt 0.490827 0.721476
vt 0.160100 0.780262
vt 0.201083 0.773206
vt 0.118732 0.772079
vt 0.118452 0.762849
vt 0.796879 0.986312
vt 0.834604 0.986312
vt 0.798476 0.971797
vt 0.832980 0.971797
vt 0.755607 0.097470
vt 0.755607 0.132957
vt 0.765046 0.098226
vt 0.774290 0.132201
vt 0.421920 0.726540
vt 0.454195 0.726540
vt 0.421920 0.726511
vt 0.454201 0.726511
vt 0.420420 0.716965
vt 0.454924 0.716965
vt 0.118737 0.772159
vt 0.160569 0.770894
vt 0.078426 0.776836
vt 0.077926 0.769004
vt 0.762083 0.976688
vt 0.796976 0.981372
vt 0.763102 0.971973
vt 0.796977 0.981343
vt 0.766651 0.962994
vt 0.799897 0.967128
vt 0.767837 0.065400
vt 0.764966 0.098223
vt 0.767917 0.065409
vt 0.774290 0.098226
vt 0.393177 0.739483
vt 0.422025 0.731504
vt 0.392145 0.734746
vt 0.420420 0.716965
vt 0.388596 0.725768
vt 0.419019 0.712359
vt 0.119772 0.781482
vt 0.078437 0.776916
vt 0.042399 0.784761
vt 0.041298 0.779770
vt 0.732588 0.958095
vt 0.763096 0.972001
vt 0.734983 0.952473
vt 0.739674 0.945989
vt 0.769222 0.958644
vt 0.764397 0.032460
vt 0.758605 0.063192
vt 0.773462 0.035987
vt 0.775780 0.065612
vt 0.366916 0.750682
vt 0.392151 0.734774
vt 0.366212 0.749373
vt 0.388596 0.725768
vt 0.361619 0.742773
vt 0.386059 0.721476
vt 0.046194 0.793706
vt 0.080920 0.786067
vt 0.013107 0.795313
vt 0.011844 0.790368
vt 0.769896 0.442213
vt 0.786686 0.474456
vt 0.777819 0.478234
vt 0.715162 0.924767
vt 0.719384 0.921939
vt 0.745872 0.941220
vt 0.747051 0.940545
vt 0.732532 0.916978
vt 0.750795 0.938666
vt 0.781304 0.011963
vt 0.778495 0.036954
vt 0.876647 0.311100
vt 0.873208 0.278161
vt 0.882194 0.281672
vt 0.345608 0.769690
vt 0.361619 0.742773
vt 0.341329 0.766823
vt 0.355550 0.737923
vt 0.354242 0.737330
vt 0.328203 0.761877
vt 0.350387 0.735582
vt 0.769816 0.442225
vt 0.755829 0.402198
vt 0.765059 0.401918
vt 0.765139 0.401913
vt 0.779047 0.439730
vt 0.702505 0.894262
vt 0.719384 0.921939
vt 0.707162 0.892484
vt 0.728044 0.918055
vt 0.716639 0.890496
vt 0.728071 0.918049
vt 0.883101 0.343927
vt 0.876727 0.311110
vt 0.885971 0.311110
vt 0.873776 0.343924
vt 0.867415 0.308893
vt 0.333829 0.798080
vt 0.341329 0.766823
vt 0.329107 0.796278
vt 0.332668 0.762939
vt 0.319631 0.794290
vt 0.332641 0.762933
vt 0.754563 0.360359
vt 0.763794 0.360080
vt 0.773242 0.360550
vt 0.774462 0.400878
vt 0.699067 0.860238
vt 0.707162 0.892484
vt 0.713505 0.859761
vt 0.716610 0.890498
vt 0.718445 0.860498
vt 0.721454 0.890278
vt 0.883101 0.377901
vt 0.873857 0.343927
vt 0.873776 0.377905
vt 0.864417 0.343171
vt 0.325788 0.829130
vt 0.329107 0.796278
vt 0.316126 0.829260
vt 0.319660 0.794291
vt 0.316097 0.829264
vt 0.314841 0.794081
vt 0.756876 0.319839
vt 0.766106 0.319560
vt 0.766186 0.319567
vt 0.763874 0.360081
vt 0.709652 0.825620
vt 0.703843 0.859632
vt 0.718968 0.827951
vt 0.713534 0.859766
vt 0.885971 0.410718
vt 0.873857 0.377901
vt 0.867416 0.412935
vt 0.864417 0.378657
vt 0.336229 0.862527
vt 0.330630 0.829745
vt 0.331597 0.863142
vt 0.325788 0.829130
vt 0.315519 0.868625
vt 0.311212 0.830000
vt 0.311464 0.871716
vt 0.330510 0.905662
vt 0.327625 0.908171
vt 0.771918 0.283133
vt 0.775471 0.321493
vt 0.720143 0.790990
vt 0.705083 0.825014
vt 0.724194 0.792768
vt 0.718940 0.827941
vt 0.739777 0.802397
vt 0.725719 0.831166
vt 0.739822 0.802436
vt 0.729865 0.834015
vt 0.726800 0.831857
vt 0.882194 0.440156
vt 0.876647 0.410728
vt 0.350245 0.894192
vt 0.346139 0.895994
vt 0.322310 0.865462
vt 0.322281 0.865472
vt 0.330556 0.905623
vt 0.355120 0.938194
vt 0.352475 0.941019
vt 0.780679 0.253261
vt 0.780997 0.286368
vt 0.743221 0.760485
vt 0.746476 0.763313
vt 0.732544 0.797204
vt 0.753414 0.769668
vt 0.732570 0.797220
vt 0.759777 0.776058
vt 0.742728 0.804954
vt 0.881399 0.468760
vt 0.873208 0.443668
vt 0.371722 0.922582
vt 0.346139 0.895994
vt 0.368421 0.925449
vt 0.337788 0.900431
vt 0.361484 0.931804
vt 0.337762 0.900447
vt 0.386603 0.964756
vt 0.384264 0.967839
vt 0.824398 0.144488
vt 0.806872 0.118925
vt 0.815636 0.114616
vt 0.772742 0.735578
vt 0.774982 0.739263
vt 0.753392 0.769647
vt 0.785269 0.754472
vt 0.759736 0.776014
vt 0.785305 0.754520
vt 0.762440 0.778897
vt 0.194455 0.885704
vt 0.223060 0.884909
vt 0.218484 0.893547
vt 0.399197 0.945763
vt 0.396927 0.949499
vt 0.361506 0.931783
vt 0.386640 0.964707
vt 0.355162 0.938149
vt 0.422814 0.983538
vt 0.420642 0.986733
vt 0.830130 0.180922
vt 0.815318 0.147723
vt 0.806697 0.717966
vt 0.774982 0.739263
vt 0.807768 0.722258
vt 0.780061 0.747147
vt 0.810746 0.731264
vt 0.780078 0.747172
vt 0.814667 0.739291
vt 0.787656 0.757623
vt 0.165027 0.880157
vt 0.197967 0.876718
vt 0.430798 0.962154
vt 0.429713 0.966504
vt 0.391848 0.957382
vt 0.426734 0.975511
vt 0.391831 0.957407
vt 0.830209 0.180915
vt 0.841753 0.221714
vt 0.820845 0.182847
vt 0.807768 0.722258
vt 0.810735 0.731236
vt 0.814035 0.738127
vt 0.165018 0.880237
vt 0.165018 0.889481
vt 0.167234 0.870925
vt 0.426745 0.975483
vt 0.423509 0.982390
vt 0.840551 0.263551
vt 0.841816 0.221719
vt 0.839440 0.181194
vt 0.839504 0.181205
vt 0.823048 0.221907
vt 0.820820 0.182856
vt 0.098223 0.886675
vt 0.132204 0.886675
vt 0.165027 0.889546
vt 0.132960 0.867902
vt 0.167244 0.870901
vt 0.835795 0.303851
vt 0.821829 0.262229
vt 0.065400 0.889546
vt 0.097467 0.867902
vt 0.807946 0.649677
vt 0.818575 0.620407
vt 0.808023 0.649699
vt 0.809630 0.335811
vt 0.817244 0.301074
vt 0.033023 0.840974
vt 0.033003 0.840897
vt 0.035972 0.885704
vt 0.063183 0.870901
vt 0.826500 0.584380
vt 0.807946 0.368876
vt 0.084243 0.818251
vt 0.053505 0.824044
vt 0.057047 0.833132
vt 0.011963 0.893624
vt 0.809607 0.616595
vt 0.840551 0.544352
vt 0.835795 0.584651
vt 0.118527 0.815252
vt 0.086460 0.836896
vt 0.821829 0.543030
vt 0.817244 0.581875
vt 0.119283 0.834025
vt 0.823048 0.502708
vt 0.841816 0.502520
vt 0.188304 0.818251
vt 0.154020 0.815252
vt 0.186087 0.836896
vt 0.153264 0.834025
vt 0.820819 0.463657
vt 0.219042 0.824044
vt 0.815294 0.428538
vt 0.815714 0.395399
vt 0.824476 0.425276
vt 0.244140 0.832236
vt 0.239544 0.840897
vt 0.215500 0.833132
vt 0.806849 0.399745
vt 0.237530 0.778859
vt 0.267406 0.787622
vt 0.764374 0.197982
vt 0.772566 0.223080
vt 0.773462 0.194440
vt 0.781304 0.218464
vt 0.263061 0.796486
vt 0.758580 0.167244
vt 0.482857 0.742801
vt 0.199149 0.782516
vt 0.234267 0.788041
vt 0.201090 0.773126
vt 0.200799 0.763832
vt 0.777225 0.165027
vt 0.160098 0.780288
vt 0.160286 0.761519
vt 0.755582 0.097467
vt 0.755582 0.132960
vt 0.774354 0.098223
vt 0.774354 0.132204
vt 0.119776 0.781507
vt 0.118454 0.762785
vt 0.758580 0.063183
vt 0.777225 0.065400
vt 0.080931 0.786092
vt 0.777741 0.478251
vt 0.788369 0.507521
vt 0.788293 0.507543
vt 0.734377 0.953897
vt 0.764374 0.032445
vt 0.773383 0.035971
vt 0.890114 0.257664
vt 0.890037 0.257644
vt 0.046210 0.793729
vt 0.042416 0.784839
vt 0.786709 0.474440
vt 0.882272 0.281687
vt 0.873184 0.278145
vt 0.755764 0.402196
vt 0.760586 0.442504
vt 0.760521 0.442496
vt 0.774487 0.400874
vt 0.779072 0.439719
vt 0.886036 0.311100
vt 0.864392 0.343167
vt 0.867391 0.308883
vt 0.754499 0.360364
vt 0.883165 0.377905
vt 0.883165 0.343924
vt 0.864392 0.378661
vt 0.756812 0.319851
vt 0.773268 0.360552
vt 0.886036 0.410728
vt 0.314450 0.869378
vt 0.771839 0.283120
vt 0.775496 0.321501
vt 0.876727 0.410718
vt 0.867391 0.412945
vt 0.780602 0.253244
vt 0.789444 0.257570
vt 0.781021 0.286383
vt 0.882272 0.440141
vt 0.890037 0.464184
vt 0.873184 0.443683
vt 0.815714 0.114599
vt 0.806849 0.118944
vt 0.194440 0.885782
vt 0.218464 0.893624
vt 0.223080 0.884887
vt 0.824477 0.144475
vt 0.815295 0.147737
vt 0.197982 0.876694
vt 0.928672 0.751276
vt 0.564936 0.961605
vt 0.186078 0.836831
vt 0.986059 0.868206
vt 0.815636 0.395417
vt 0.368852 0.754786
vt 0.786242 0.013223
vt 0.816659 0.742579
vt 0.809607 0.335795
vt 0.032445 0.876694
vt 0.011943 0.893547
vt 0.839504 0.462006
vt 0.239524 0.840974
vt 0.078154 0.767541
vt 0.013129 0.795389
vt 0.781227 0.011943
vt 0.789466 0.257589
vt 0.890114 0.464164
vt 0.881377 0.468780
s 0
usemtl MAT_detail_dark_metal
f 3203/4358/2778 3223/4359/2778 3224/4360/2778
f 3225/4361/2779 3205/4362/2779 3206/4363/2779
f 3208/4364/2780 3228/4365/2780 3207/4366/2780
f 3229/4365/2781 3209/4367/2781 3210/4366/2781
f 3231/4368/2782 3211/4369/2782 3212/4370/2782
f 3233/4371/2783 3213/4372/2783 3214/4373/2783
f 3216/4374/2784 3236/4375/2784 3215/4376/2784
f 3237/4377/2785 3217/4378/2785 3218/4379/2785
f 3239/4380/2786 3219/4381/2786 3220/4378/2786
f 3222/4382/2787 3242/4383/2787 3221/4384/2787
f 3224/4360/2788 3243/4385/2788 3244/4386/2788
f 3245/4387/2789 3226/4388/2789 3225/4361/2789
f 3247/4389/2790 3228/4365/2790 3227/4390/2790
f 3249/4391/2791 3230/4392/2791 3229/4365/2791
f 3231/4368/2792 3252/4393/2792 3232/4394/2792
f 3253/4395/2793 3234/4396/2793 3233/4371/2793
f 3255/4397/2794 3236/4375/2794 3235/4398/2794
f 3257/4399/2795 3238/4380/2795 3237/4377/2795
f 3259/4400/2796 3240/4401/2796 3239/4380/2796
f 3241/4402/2797 3262/4403/2797 3242/4383/2797
f 3244/4386/2798 3263/4404/2798 3264/4405/2798
f 3265/4406/2799 3246/4407/2799 3245/4387/2799
f 3267/4408/2800 3248/4409/2800 3247/4389/2800
f 3269/4410/2801 3250/4411/2801 3249/4391/2801
f 3271/4412/2802 3252/4393/2802 3251/4413/2802
f 3273/4414/2803 3254/4415/2803 3253/4395/2803
f 3255/4397/2804 3276/4416/2804 3256/4417/2804
f 3277/4418/2805 3258/4400/2805 3257/4399/2805
f 3279/4419/2806 3260/4420/2806 3259/4400/2806
f 3281/4421/2807 3262/4403/2807 3261/4422/2807
f 3264/4405/2808 3283/4423/2808 3284/4424/2808
f 3285/4425/2809 3266/4426/2809 3265/4427/2809
f 3287/4428/2810 3268/4410/2810 3267/4408/2810
f 3289/4429/2811 3270/4430/2811 3269/4410/2811
f 3271/4431/2812 3292/4432/2812 3272/4433/2812
f 3293/4434/2813 3274/4435/2813 3273/4414/2813
f 3295/4436/2814 3276/4437/2814 3275/4438/2814
f 3297/4439/2815 3278/4419/2815 3277/4418/2815
f 3299/4440/2816 3280/4441/2816 3279/4419/2816
f 3281/4442/2817 3302/4443/2817 3282/4444/2817
f 3284/4445/2818 3303/4446/2818 3304/4447/2818
f 3305/4448/2819 3286/4449/2819 3285/4425/2819
f 3307/4450/2820 3288/4429/2820 3287/4428/2820
f 3309/4451/2821 3290/4452/2821 3289/4429/2821
f 3311/4453/2822 3292/4432/2822 3291/4454/2822
f 3313/4455/2823 3294/4456/2823 3293/4457/2823
f 3315/4458/2824 3296/4459/2824 3295/4436/2824
f 3317/4460/2825 3298/4440/2825 3297/4439/2825
f 3319/4461/2826 3300/4462/2826 3299/4440/2826
f 3321/4463/2827 3302/4443/2827 3301/4464/2827
f 3304/4447/2828 3323/4465/2828 3324/4466/2828
f 3305/4448/2829 3326/4467/2829 3306/4468/2829
f 3327/4469/2830 3308/4470/2830 3307/4450/2830
f 3309/4451/2831 3330/4471/2831 3310/4472/2831
f 3311/4453/2832 3332/4473/2832 3312/4474/2832
f 3333/4475/2833 3314/4476/2833 3313/4455/2833
f 3335/4477/2834 3316/4478/2834 3315/4458/2834
f 3317/4460/2835 3338/4479/2835 3318/4480/2835
f 3319/4461/2836 3340/4481/2836 3320/4482/2836
f 3341/4483/2837 3322/4484/2837 3321/4463/2837
f 3324/4466/2838 3343/4485/2838 3344/4486/2838
f 3345/4487/2839 3326/4467/2839 3325/4488/2839
f 3327/4469/2840 3348/4489/2840 3328/4490/2840
f 3349/4489/2841 3330/4471/2841 3329/4491/2841
f 3351/4492/2842 3332/4473/2842 3331/4493/2842
f 3353/4494/2843 3334/4495/2843 3333/4475/2843
f 3335/4477/2844 3356/4496/2844 3336/4497/2844
f 3357/4498/2845 3338/4479/2845 3337/4499/2845
f 3359/4500/2846 3340/4481/2846 3339/4501/2846
f 3341/4483/2847 3362/4502/2847 3342/4503/2847
f 3344/4504/2848 3363/4505/2848 3364/4506/2848
f 3365/4507/2849 3346/4508/2849 3345/4487/2849
f 3367/4509/2850 3348/4489/2850 3347/4510/2850
f 3369/4511/2851 3350/4512/2851 3349/4489/2851
f 3351/4492/2852 3372/4513/2852 3352/4514/2852
f 3373/4515/2853 3354/4516/2853 3353/4517/2853
f 3375/4518/2854 3356/4496/2854 3355/4519/2854
f 3377/4520/2855 3358/4500/2855 3357/4498/2855
f 3379/4521/2856 3360/4522/2856 3359/4500/2856
f 3361/4523/2857 3382/4524/2857 3362/4502/2857
f 3364/4506/2858 3383/4525/2858 3384/4526/2858
f 3385/4527/2859 3366/4528/2859 3365/4507/2859
f 3387/4529/2860 3368/4530/2860 3367/4509/2860
f 3389/4531/2861 3370/4532/2861 3369/4511/2861
f 3391/4533/2862 3372/4513/2862 3371/4534/2862
f 3393/4535/2863 3374/4536/2863 3373/4515/2863
f 3375/4518/2864 3396/4537/2864 3376/4538/2864
f 3397/4539/2865 3378/4521/2865 3377/4520/2865
f 3399/4540/2866 3380/4541/2866 3379/4521/2866
f 3401/4542/2867 3382/4524/2867 3381/4543/2867
f 3384/4526/2868 3403/4544/2868 3404/4545/2868
f 3405/4546/2869 3386/4547/2869 3385/4527/2869
f 3407/4548/2870 3388/4531/2870 3387/4529/2870
f 3409/4549/2871 3390/4550/2871 3389/4531/2871
f 3391/4551/2872 3412/4552/2872 3392/4553/2872
f 3413/4554/2873 3394/4555/2873 3393/4535/2873
f 3415/4556/2874 3396/4537/2874 3395/4557/2874
f 3417/4558/2875 3398/4540/2875 3397/4539/2875
f 3419/4559/2876 3400/4560/2876 3399/4540/2876
f 3401/4561/2877 3422/4562/2877 3402/4563/2877
f 3404/4545/2878 3423/4564/2878 3424/4565/2878
f 3425/4566/2879 3406/4567/2879 3405/4546/2879
f 3427/4568/2880 3408/4549/2880 3407/4548/2880
f 3429/4569/2881 3410/4570/2881 3409/4549/2881
f 3431/4571/2882 3412/4552/2882 3411/4572/2882
f 3433/4573/2883 3414/4574/2883 3413/4554/2883
f 3435/4575/2884 3416/4576/2884 3415/4556/2884
f 3437/4577/2885 3418/4578/2885 3417/4558/2885
f 3439/4579/2886 3420/4580/2886 3419/4559/2886
f 3441/4581/2887 3422/4562/2887 3421/4582/2887
f 3424/4583/2888 3443/4584/2888 3444/4585/2888
f 3425/4566/2889 3446/4586/2889 3426/4587/2889
f 3447/4588/2890 3428/4569/2890 3427/4568/2890
f 3429/4569/2891 3450/4589/2891 3430/4590/2891
f 3431/4571/2892 3452/4591/2892 3432/4592/2892
f 3453/4593/2893 3434/4594/2893 3433/4595/2893
f 3455/4596/2894 3436/4597/2894 3435/4575/2894
f 3437/4577/2895 3458/4598/2895 3438/4579/2895
f 3439/4579/2896 3460/4599/2896 3440/4600/2896
f 3461/4601/2897 3442/4602/2897 3441/4581/2897
f 3444/4585/2783 3463/4603/2783 3464/4604/2783
f 3465/4605/2782 3446/4586/2782 3445/4606/2782
f 3447/4588/2781 3468/4607/2781 3448/4608/2781
f 3469/4607/2780 3450/4589/2780 3449/4608/2780
f 3471/4609/2779 3452/4591/2779 3451/4610/2779
f 3473/4611/2778 3454/4612/2778 3453/4593/2778
f 3455/4596/2787 3476/4613/2787 3456/4614/2787
f 3477/4615/2786 3458/4598/2786 3457/4616/2786
f 3479/4617/2785 3460/4599/2785 3459/4618/2785
f 3461/4601/2784 3482/4619/2784 3462/4620/2784
f 3464/4604/2793 3483/4621/2793 3484/4622/2793
f 3485/4623/2792 3466/4624/2792 3465/4605/2792
f 3487/4625/2791 3468/4607/2791 3467/4626/2791
f 3489/4627/2790 3470/4628/2790 3469/4607/2790
f 3471/4609/2789 3492/4629/2789 3472/4630/2789
f 3493/4631/2788 3474/4632/2788 3473/4611/2788
f 3495/4633/2797 3476/4613/2797 3475/4634/2797
f 3497/4635/2796 3478/4636/2796 3477/4615/2796
f 3499/4637/2795 3480/4638/2795 3479/4617/2795
f 3481/4639/2794 3502/4640/2794 3482/4619/2794
f 3484/4622/2803 3503/4641/2803 3504/4642/2803
f 3505/4643/2802 3486/4644/2802 3485/4623/2802
f 3507/4645/2801 3488/4627/2801 3487/4625/2801
f 3509/4646/2800 3490/4647/2800 3489/4627/2800
f 3511/4648/2799 3492/4629/2799 3491/4649/2799
f 3513/4650/2798 3494/4651/2798 3493/4631/2798
f 3495/4633/2807 3516/4652/2807 3496/4653/2807
f 3517/4654/2806 3498/4655/2806 3497/4635/2806
f 3519/4656/2805 3500/4657/2805 3499/4637/2805
f 3521/4658/2804 3502/4640/2804 3501/4659/2804
f 3504/4642/2813 3523/4660/2813 3524/4661/2813
f 3525/4662/2812 3506/4663/2812 3505/4664/2812
f 3527/4665/2811 3508/4646/2811 3507/4645/2811
f 3529/4666/2810 3510/4667/2810 3509/4646/2810
f 3511/4668/2809 3532/4669/2809 3512/4670/2809
f 3533/4671/2808 3514/4672/2808 3513/4650/2808
f 3535/4673/2817 3516/4674/2817 3515/4675/2817
f 3537/4676/2816 3518/4677/2816 3517/4654/2816
f 3539/4678/2815 3520/4679/2815 3519/4656/2815
f 3521/4680/2814 3542/4681/2814 3522/4682/2814
f 3524/4683/2823 3543/4684/2823 3544/4685/2823
f 3545/4686/2822 3526/4687/2822 3525/4662/2822
f 3547/4688/2821 3528/4689/2821 3527/4665/2821
f 3549/4690/2820 3530/4691/2820 3529/4666/2820
f 3551/4692/2819 3532/4669/2819 3531/4693/2819
f 3553/4694/2818 3534/4695/2818 3533/4696/2818
f 3555/4697/2827 3536/4698/2827 3535/4673/2827
f 3557/4699/2826 3538/4700/2826 3537/4676/2826
f 3559/4701/2825 3540/4702/2825 3539/4678/2825
f 3561/4703/2824 3542/4681/2824 3541/4704/2824
f 3544/4685/2833 3563/4705/2833 3564/4706/2833
f 3545/4686/2832 3566/4707/2832 3546/4708/2832
f 3567/4709/2831 3548/4710/2831 3547/4688/2831
f 3549/4690/2830 3570/4711/2830 3550/4712/2830
f 3551/4692/2829 3572/4713/2829 3552/4714/2829
f 3573/4715/2828 3554/4716/2828 3553/4694/2828
f 3575/4717/2837 3556/4718/2837 3555/4697/2837
f 3557/4699/2836 3578/4719/2836 3558/4720/2836
f 3559/4701/2835 3580/4721/2835 3560/4722/2835
f 3581/4723/2834 3562/4724/2834 3561/4703/2834
f 3564/4706/2843 3583/4725/2843 3584/4726/2843
f 3585/4727/2842 3566/4707/2842 3565/4728/2842
f 3567/4709/2841 3588/4729/2841 3568/4730/2841
f 3589/4729/2840 3570/4711/2840 3569/4730/2840
f 3591/4731/2839 3572/4713/2839 3571/4732/2839
f 3593/4733/2838 3574/4734/2838 3573/4715/2838
f 3575/4717/2847 3596/4735/2847 3576/4736/2847
f 3597/4737/2846 3578/4719/2846 3577/4738/2846
f 3599/4739/2845 3580/4721/2845 3579/4740/2845
f 3581/4723/2844 3602/4741/2844 3582/4742/2844
f 3584/4743/2853 3603/4744/2853 3604/4745/2853
f 3605/4746/2852 3586/4747/2852 3585/4727/2852
f 3607/4748/2851 3588/4729/2851 3587/4749/2851
f 3609/4750/2850 3590/4751/2850 3589/4729/2850
f 3591/4731/2849 3612/4752/2849 3592/4753/2849
f 3613/4754/2848 3594/4755/2848 3593/4756/2848
f 3615/4757/2857 3596/4735/2857 3595/4758/2857
f 3617/4759/2856 3598/4739/2856 3597/4737/2856
f 3619/4760/2855 3600/4761/2855 3599/4739/2855
f 3601/4762/2854 3622/4763/2854 3602/4741/2854
f 3604/4745/2863 3623/4764/2863 3624/4765/2863
f 3625/4766/2862 3606/4767/2862 3605/4746/2862
f 3627/4768/2861 3608/4750/2861 3607/4748/2861
f 3629/4769/2860 3610/4770/2860 3609/4750/2860
f 3631/4771/2859 3612/4752/2859 3611/4772/2859
f 3633/4773/2858 3614/4774/2858 3613/4754/2858
f 3615/4757/2867 3636/4775/2867 3616/4776/2867
f 3637/4777/2866 3618/4778/2866 3617/4759/2866
f 3639/4779/2865 3620/4780/2865 3619/4760/2865
f 3641/4781/2864 3622/4763/2864 3621/4782/2864
f 3624/4765/2873 3643/4783/2873 3644/4784/2873
f 3645/4785/2872 3626/4786/2872 3625/4787/2872
f 3647/4788/2871 3628/4769/2871 3627/4768/2871
f 3649/4789/2870 3630/4790/2870 3629/4769/2870
f 3631/4771/2869 3652/4791/2869 3632/4792/2869
f 3653/4793/2868 3634/4794/2868 3633/4773/2868
f 3655/4795/2877 3636/4796/2877 3635/4797/2877
f 3657/4798/2876 3638/4779/2876 3637/4777/2876
f 3659/4799/2875 3640/4800/2875 3639/4779/2875
f 3641/4781/2874 3662/4801/2874 3642/4802/2874
f 3644/4784/2883 3663/4803/2883 3664/4804/2883
f 3665/4805/2882 3646/4806/2882 3645/4785/2882
f 3667/4807/2881 3648/4808/2881 3647/4788/2881
f 3669/4809/2880 3650/4810/2880 3649/4789/2880
f 3671/4811/2879 3652/4791/2879 3651/4812/2879
f 3673/4813/2878 3654/4814/2878 3653/4793/2878
f 3675/4815/2887 3656/4816/2887 3655/4795/2887
f 3677/4817/2886 3658/4799/2886 3657/4798/2886
f 3679/4818/2885 3660/4819/2885 3659/4799/2885
f 3681/4820/2884 3662/4801/2884 3661/4821/2884
f 3664/4822/2893 3204/4823/2893 3203/4358/2893
f 3665/4805/2892 3205/4362/2892 3666/4824/2892
f 3208/4364/2891 3668/4825/2891 3667/4807/2891
f 3669/4809/2890 3209/4367/2890 3670/4826/2890
f 3671/4811/2889 3211/4369/2889 3672/4827/2889
f 3214/4373/2888 3674/4828/2888 3673/4829/2888
f 3216/4374/2897 3676/4830/2897 3675/4815/2897
f 3677/4817/2896 3217/4378/2896 3678/4818/2896
f 3679/4818/2895 3219/4381/2895 3680/4831/2895
f 3222/4382/2894 3682/4832/2894 3681/4820/2894
f 3242/4833/2898 3204/4823/2898 3221/4834/2898
f 3221/4834/2899 3663/4835/2899 3682/4836/2899
f 3224/4360/2900 3206/4363/2900 3203/4358/2900
f 3203/4358/2901 3665/4805/2901 3664/4822/2901
f 3226/4388/2902 3208/4837/2902 3205/4362/2902
f 3205/4362/2903 3667/4838/2903 3666/4824/2903
f 3228/4365/2904 3210/4366/2904 3207/4366/2904
f 3668/4825/2904 3210/4366/2904 3669/4809/2904
f 3230/4392/2905 3212/4370/2905 3209/4367/2905
f 3670/4826/2906 3212/4370/2906 3671/4811/2906
f 3232/4839/2907 3214/4373/2907 3211/4840/2907
f 3211/4840/2908 3673/4829/2908 3672/4841/2908
f 3213/4372/2909 3235/4398/2909 3216/4374/2909
f 3213/4372/2910 3675/4815/2910 3674/4828/2910
f 3236/4375/2911 3218/4842/2911 3215/4376/2911
f 3676/4830/2912 3218/4842/2912 3677/4843/2912
f 3217/4378/2913 3239/4380/2913 3220/4378/2913
f 3217/4378/2913 3679/4818/2913 3678/4818/2913
f 3240/4401/2914 3222/4382/2914 3219/4381/2914
f 3219/4381/2915 3681/4820/2915 3680/4831/2915
f 3262/4844/2916 3223/4359/2916 3242/4833/2916
f 3244/4386/2917 3225/4361/2917 3224/4360/2917
f 3246/4407/2918 3227/4845/2918 3226/4388/2918
f 3248/4409/2904 3229/4365/2904 3228/4365/2904
f 3250/4411/2919 3231/4368/2919 3230/4392/2919
f 3252/4846/2920 3233/4371/2920 3232/4839/2920
f 3234/4396/2921 3255/4397/2921 3235/4398/2921
f 3256/4417/2922 3237/4847/2922 3236/4375/2922
f 3258/4400/2913 3239/4380/2913 3238/4380/2913
f 3260/4420/2923 3241/4402/2923 3240/4401/2923
f 3262/4848/2924 3263/4849/2924 3243/4850/2924
f 3264/4405/2925 3245/4387/2925 3244/4386/2925
f 3266/4851/2926 3247/4852/2926 3246/4407/2926
f 3268/4410/2927 3249/4391/2927 3248/4409/2927
f 3270/4430/2928 3251/4413/2928 3250/4411/2928
f 3272/4433/2929 3253/4853/2929 3252/4854/2929
f 3254/4415/2930 3275/4855/2930 3255/4397/2930
f 3276/4416/2931 3257/4856/2931 3256/4417/2931
f 3278/4419/2932 3259/4400/2932 3258/4400/2932
f 3280/4441/2933 3261/4422/2933 3260/4420/2933
f 3282/4444/2934 3283/4857/2934 3263/4849/2934
f 3264/4405/2935 3285/4858/2935 3265/4406/2935
f 3286/4449/2936 3267/4408/2936 3266/4426/2936
f 3288/4429/2937 3269/4410/2937 3268/4410/2937
f 3290/4859/2938 3271/4431/2938 3270/4860/2938
f 3272/4433/2939 3293/4457/2939 3273/4861/2939
f 3294/4862/2940 3275/4855/2940 3274/4435/2940
f 3296/4459/2941 3277/4418/2941 3276/4437/2941
f 3298/4440/2942 3279/4419/2942 3278/4419/2942
f 3280/4863/2943 3301/4464/2943 3281/4442/2943
f 3322/4484/2944 3283/4857/2944 3302/4443/2944
f 3284/4445/2945 3305/4864/2945 3285/4865/2945
f 3286/4449/2946 3307/4450/2946 3287/4428/2946
f 3308/4470/2947 3289/4429/2947 3288/4429/2947
f 3310/4866/2948 3291/4454/2948 3290/4859/2948
f 3292/4432/2949 3313/4455/2949 3293/4457/2949
f 3314/4476/2950 3295/4867/2950 3294/4456/2950
f 3296/4459/2951 3317/4460/2951 3297/4439/2951
f 3318/4480/2952 3299/4440/2952 3298/4440/2952
f 3320/4868/2953 3301/4464/2953 3300/4869/2953
f 3342/4503/2954 3303/4446/2954 3322/4484/2954
f 3324/4466/2955 3305/4864/2955 3304/4447/2955
f 3326/4467/2956 3307/4450/2956 3306/4468/2956
f 3308/4470/2904 3329/4491/2904 3309/4451/2904
f 3310/4866/2957 3331/4493/2957 3311/4453/2957
f 3332/4473/2958 3313/4455/2958 3312/4474/2958
f 3334/4495/2959 3315/4870/2959 3314/4476/2959
f 3316/4478/2960 3337/4499/2960 3317/4460/2960
f 3338/4479/2961 3319/4461/2961 3318/4480/2961
f 3340/4871/2962 3321/4463/2962 3320/4868/2962
f 3362/4502/2963 3323/4465/2963 3342/4503/2963
f 3344/4486/2964 3325/4872/2964 3324/4466/2964
f 3346/4508/2965 3327/4469/2965 3326/4467/2965
f 3348/4489/2966 3329/4491/2966 3328/4490/2966
f 3350/4873/2967 3331/4493/2967 3330/4874/2967
f 3352/4514/2968 3333/4475/2968 3332/4473/2968
f 3334/4495/2969 3355/4875/2969 3335/4876/2969
f 3356/4496/2970 3337/4499/2970 3336/4497/2970
f 3338/4479/2913 3359/4500/2913 3339/4501/2913
f 3360/4877/2971 3341/4483/2971 3340/4871/2971
f 3382/4524/2972 3343/4485/2972 3362/4502/2972
f 3364/4506/2973 3345/4487/2973 3344/4504/2973
f 3366/4528/2974 3347/4510/2974 3346/4508/2974
f 3368/4530/2975 3349/4489/2975 3348/4489/2975
f 3370/4878/2976 3351/4492/2976 3350/4873/2976
f 3372/4513/2977 3353/4494/2977 3352/4514/2977
f 3354/4516/2978 3375/4518/2978 3355/4519/2978
f 3376/4538/2979 3357/4498/2979 3356/4496/2979
f 3378/4521/2980 3359/4500/2980 3358/4500/2980
f 3380/4879/2981 3361/4523/2981 3360/4877/2981
f 3382/4524/2982 3383/4880/2982 3363/4881/2982
f 3384/4526/2983 3365/4507/2983 3364/4506/2983
f 3386/4547/2984 3367/4509/2984 3366/4528/2984
f 3388/4531/2985 3369/4511/2985 3368/4530/2985
f 3390/4882/2986 3371/4534/2986 3370/4878/2986
f 3392/4883/2987 3373/4884/2987 3372/4513/2987
f 3374/4536/2988 3395/4557/2988 3375/4518/2988
f 3396/4537/2989 3377/4520/2989 3376/4538/2989
f 3398/4540/2990 3379/4521/2990 3378/4521/2990
f 3400/4885/2991 3381/4543/2991 3380/4879/2991
f 3402/4563/2992 3403/4886/2992 3383/4887/2992
f 3384/4526/2993 3405/4546/2993 3385/4527/2993
f 3406/4567/2994 3387/4529/2994 3386/4547/2994
f 3408/4549/2995 3389/4531/2995 3388/4531/2995
f 3410/4888/2996 3391/4551/2996 3390/4889/2996
f 3392/4553/2997 3413/4890/2997 3393/4891/2997
f 3414/4574/2998 3395/4557/2998 3394/4555/2998
f 3416/4576/2999 3397/4539/2999 3396/4537/2999
f 3418/4578/3000 3399/4540/3000 3398/4540/3000
f 3400/4892/3001 3421/4582/3001 3401/4561/3001
f 3442/4602/3002 3403/4886/3002 3422/4562/3002
f 3404/4545/3003 3425/4566/3003 3405/4546/3003
f 3406/4567/3004 3427/4568/3004 3407/4548/3004
f 3428/4569/3005 3409/4549/3005 3408/4549/3005
f 3430/4893/3006 3411/4572/3006 3410/4888/3006
f 3412/4552/3007 3433/4595/3007 3413/4890/3007
f 3434/4894/3008 3415/4556/3008 3414/4574/3008
f 3416/4576/3009 3437/4577/3009 3417/4558/3009
f 3438/4579/3010 3419/4559/3010 3418/4578/3010
f 3440/4895/3011 3421/4582/3011 3420/4896/3011
f 3462/4620/3012 3423/4897/3012 3442/4602/3012
f 3444/4585/3013 3425/4898/3013 3424/4583/3013
f 3446/4586/3014 3427/4568/3014 3426/4587/3014
f 3428/4569/2904 3449/4608/2904 3429/4569/2904
f 3430/4893/3015 3451/4610/3015 3431/4571/3015
f 3452/4591/3016 3433/4595/3016 3432/4592/3016
f 3454/4612/3017 3435/4899/3017 3434/4594/3017
f 3436/4597/3018 3457/4616/3018 3437/4577/3018
f 3458/4598/2913 3439/4579/2913 3438/4579/2913
f 3460/4900/3019 3441/4581/3019 3440/4895/3019
f 3482/4619/3020 3443/4584/3020 3462/4620/3020
f 3464/4604/3021 3445/4901/3021 3444/4585/3021
f 3466/4624/2905 3447/4588/2905 3446/4586/2905
f 3468/4607/2904 3449/4608/2904 3448/4608/2904
f 3470/4902/2902 3451/4610/2902 3450/4903/2902
f 3472/4630/3022 3453/4593/3022 3452/4591/3022
f 3454/4612/3023 3475/4904/3023 3455/4905/3023
f 3476/4613/2914 3457/4616/2914 3456/4614/2914
f 3458/4598/2913 3479/4617/2913 3459/4618/2913
f 3480/4906/2911 3461/4601/2911 3460/4900/2911
f 3502/4640/3024 3463/4603/3024 3482/4619/3024
f 3484/4622/3025 3465/4907/3025 3464/4604/3025
f 3486/4644/3026 3467/4626/3026 3466/4624/3026
f 3488/4627/2904 3469/4607/2904 3468/4607/2904
f 3490/4908/3027 3471/4609/3027 3470/4902/3027
f 3492/4629/3028 3473/4611/3028 3472/4630/3028
f 3474/4632/3029 3495/4909/3029 3475/4904/3029
f 3496/4653/3030 3477/4615/3030 3476/4613/3030
f 3498/4655/2913 3479/4617/2913 3478/4636/2913
f 3500/4910/3031 3481/4639/3031 3480/4906/3031
f 3502/4640/3032 3503/4641/3032 3483/4621/3032
f 3504/4911/3033 3485/4912/3033 3484/4913/3033
f 3506/4914/3034 3487/4625/3034 3486/4644/3034
f 3508/4646/3035 3489/4627/3035 3488/4627/3035
f 3510/4915/3036 3491/4649/3036 3490/4908/3036
f 3512/4916/3037 3493/4631/3037 3492/4629/3037
f 3494/4917/3038 3515/4675/3038 3495/4918/3038
f 3516/4652/3039 3497/4635/3039 3496/4653/3039
f 3518/4677/3040 3499/4637/3040 3498/4655/3040
f 3520/4919/3041 3501/4659/3041 3500/4910/3041
f 3522/4920/3042 3523/4660/3042 3503/4641/3042
f 3504/4911/3043 3525/4662/3043 3505/4664/3043
f 3526/4687/3044 3507/4921/3044 3506/4663/3044
f 3528/4689/3045 3509/4646/3045 3508/4646/3045
f 3530/4691/3046 3511/4668/3046 3510/4667/3046
f 3512/4916/3047 3533/4671/3047 3513/4650/3047
f 3534/4695/3048 3515/4675/3048 3514/4922/3048
f 3536/4698/3049 3517/4923/3049 3516/4674/3049
f 3538/4700/3050 3519/4656/3050 3518/4677/3050
f 3520/4679/3051 3541/4704/3051 3521/4680/3051
f 3562/4924/3052 3523/4925/3052 3542/4926/3052
f 3524/4683/3053 3545/4686/3053 3525/4662/3053
f 3526/4687/3054 3547/4927/3054 3527/4928/3054
f 3548/4710/3055 3529/4666/3055 3528/4689/3055
f 3550/4712/3056 3531/4693/3056 3530/4691/3056
f 3532/4929/3057 3553/4694/3057 3533/4696/3057
f 3554/4716/3058 3535/4673/3058 3534/4695/3058
f 3536/4698/3059 3557/4930/3059 3537/4931/3059
f 3558/4720/3060 3539/4678/3060 3538/4700/3060
f 3560/4722/3061 3541/4704/3061 3540/4702/3061
f 3582/4932/2959 3543/4684/2959 3562/4924/2959
f 3564/4706/3062 3545/4686/3062 3544/4685/3062
f 3566/4707/3063 3547/4927/3063 3546/4708/3063
f 3548/4710/2904 3569/4730/2904 3549/4690/2904
f 3550/4712/3064 3571/4732/3064 3551/4692/3064
f 3572/4933/3065 3553/4694/3065 3552/4934/3065
f 3574/4734/2954 3555/4697/2954 3554/4716/2954
f 3556/4718/3066 3577/4935/3066 3557/4930/3066
f 3578/4719/3067 3559/4701/3067 3558/4720/3067
f 3580/4721/3068 3561/4703/3068 3560/4722/3068
f 3602/4936/3069 3563/4705/3069 3582/4932/3069
f 3584/4726/3070 3565/4728/3070 3564/4706/3070
f 3586/4747/3071 3567/4937/3071 3566/4707/3071
f 3588/4729/3072 3569/4730/3072 3568/4730/3072
f 3590/4751/3073 3571/4732/3073 3570/4711/3073
f 3592/4938/3074 3573/4715/3074 3572/4933/3074
f 3574/4734/3075 3595/4758/3075 3575/4717/3075
f 3596/4735/3076 3577/4935/3076 3576/4736/3076
f 3578/4719/2913 3599/4739/2913 3579/4740/2913
f 3600/4761/3077 3581/4723/3077 3580/4721/3077
f 3622/4763/3078 3583/4939/3078 3602/4741/3078
f 3604/4940/3079 3585/4727/3079 3584/4726/3079
f 3606/4767/3080 3587/4941/3080 3586/4747/3080
f 3608/4750/3081 3589/4729/3081 3588/4729/3081
f 3610/4770/3082 3591/4731/3082 3590/4751/3082
f 3612/4752/3083 3593/4756/3083 3592/4753/3083
f 3594/4942/3084 3615/4757/3084 3595/4758/3084
f 3616/4776/3085 3597/4943/3085 3596/4735/3085
f 3618/4778/3086 3599/4739/3086 3598/4739/3086
f 3620/4780/3087 3601/4762/3087 3600/4761/3087
f 3622/4763/3088 3623/4764/3088 3603/4744/3088
f 3624/4944/3089 3605/4746/3089 3604/4940/3089
f 3626/4945/3090 3607/4946/3090 3606/4767/3090
f 3628/4769/3091 3609/4750/3091 3608/4750/3091
f 3630/4790/3092 3611/4772/3092 3610/4770/3092
f 3632/4792/3093 3613/4754/3093 3612/4752/3093
f 3614/4947/3094 3635/4948/3094 3615/4757/3094
f 3636/4775/3095 3617/4949/3095 3616/4776/3095
f 3638/4779/3096 3619/4760/3096 3618/4778/3096
f 3640/4800/3097 3621/4782/3097 3620/4780/3097
f 3642/4802/3098 3643/4783/3098 3623/4764/3098
f 3624/4950/2997 3645/4785/2997 3625/4787/2997
f 3646/4806/3099 3627/4951/3099 3626/4786/3099
f 3648/4808/3100 3629/4769/3100 3628/4769/3100
f 3650/4810/3101 3631/4771/3101 3630/4790/3101
f 3632/4792/2993 3653/4793/2993 3633/4773/2993
f 3654/4952/3102 3635/4797/3102 3634/4953/3102
f 3656/4816/3103 3637/4954/3103 3636/4796/3103
f 3658/4799/3104 3639/4779/3104 3638/4779/3104
f 3640/4800/3105 3661/4821/3105 3641/4781/3105
f 3682/4832/3106 3643/4783/3106 3662/4801/3106
f 3644/4955/3107 3665/4805/3107 3645/4785/3107
f 3646/4806/3006 3667/4838/3006 3647/4956/3006
f 3668/4825/3108 3649/4789/3108 3648/4808/3108
f 3670/4826/3004 3651/4812/3004 3650/4810/3004
f 3652/4791/3109 3673/4813/3109 3653/4793/3109
f 3674/4828/3110 3655/4795/3110 3654/4952/3110
f 3656/4816/3011 3677/4843/3011 3657/4957/3011
f 3678/4818/3111 3659/4799/3111 3658/4799/3111
f 3680/4831/3009 3661/4821/3009 3660/4819/3009
f 3203/4358/2778 3204/4823/2778 3223/4359/2778
f 3225/4361/2779 3226/4388/2779 3205/4362/2779
f 3208/4364/2780 3227/4390/2780 3228/4365/2780
f 3229/4365/2781 3230/4392/2781 3209/4367/2781
f 3231/4368/2782 3232/4394/2782 3211/4369/2782
f 3233/4371/2783 3234/4396/2783 3213/4372/2783
f 3216/4374/2784 3235/4398/2784 3236/4375/2784
f 3237/4377/2785 3238/4380/2785 3217/4378/2785
f 3239/4380/2786 3240/4401/2786 3219/4381/2786
f 3222/4382/2787 3241/4402/2787 3242/4383/2787
f 3224/4360/2788 3223/4359/2788 3243/4385/2788
f 3245/4387/2789 3246/4407/2789 3226/4388/2789
f 3247/4389/2790 3248/4409/2790 3228/4365/2790
f 3249/4391/2791 3250/4411/2791 3230/4392/2791
f 3231/4368/2792 3251/4413/2792 3252/4393/2792
f 3253/4395/2793 3254/4415/2793 3234/4396/2793
f 3255/4397/2794 3256/4417/2794 3236/4375/2794
f 3257/4399/2795 3258/4400/2795 3238/4380/2795
f 3259/4400/2796 3260/4420/2796 3240/4401/2796
f 3241/4402/2797 3261/4422/2797 3262/4403/2797
f 3244/4386/2798 3243/4385/2798 3263/4404/2798
f 3265/4406/2799 3266/4851/2799 3246/4407/2799
f 3267/4408/2800 3268/4410/2800 3248/4409/2800
f 3269/4410/2801 3270/4430/2801 3250/4411/2801
f 3271/4412/2802 3272/4958/2802 3252/4393/2802
f 3273/4414/2803 3274/4435/2803 3254/4415/2803
f 3255/4397/2804 3275/4855/2804 3276/4416/2804
f 3277/4418/2805 3278/4419/2805 3258/4400/2805
f 3279/4419/2806 3280/4441/2806 3260/4420/2806
f 3281/4421/2807 3282/4959/2807 3262/4403/2807
f 3264/4405/2808 3263/4404/2808 3283/4423/2808
f 3285/4425/2809 3286/4449/2809 3266/4426/2809
f 3287/4428/2810 3288/4429/2810 3268/4410/2810
f 3289/4429/2811 3290/4452/2811 3270/4430/2811
f 3271/4431/2812 3291/4454/2812 3292/4432/2812
f 3293/4434/2813 3294/4862/2813 3274/4435/2813
f 3295/4436/2814 3296/4459/2814 3276/4437/2814
f 3297/4439/2815 3298/4440/2815 3278/4419/2815
f 3299/4440/2816 3300/4462/2816 3280/4441/2816
f 3281/4442/2817 3301/4464/2817 3302/4443/2817
f 3284/4445/2818 3283/4857/2818 3303/4446/2818
f 3305/4448/2819 3306/4468/2819 3286/4449/2819
f 3307/4450/2820 3308/4470/2820 3288/4429/2820
f 3309/4451/2821 3310/4472/2821 3290/4452/2821
f 3311/4453/2822 3312/4474/2822 3292/4432/2822
f 3313/4455/2823 3314/4476/2823 3294/4456/2823
f 3315/4458/2824 3316/4478/2824 3296/4459/2824
f 3317/4460/2825 3318/4480/2825 3298/4440/2825
f 3319/4461/2826 3320/4482/2826 3300/4462/2826
f 3321/4463/2827 3322/4484/2827 3302/4443/2827
f 3304/4447/2828 3303/4446/2828 3323/4465/2828
f 3305/4448/2829 3325/4488/2829 3326/4467/2829
f 3327/4469/2830 3328/4490/2830 3308/4470/2830
f 3309/4451/2831 3329/4491/2831 3330/4471/2831
f 3311/4453/2832 3331/4493/2832 3332/4473/2832
f 3333/4475/2833 3334/4495/2833 3314/4476/2833
f 3335/4477/2834 3336/4497/2834 3316/4478/2834
f 3317/4460/2835 3337/4499/2835 3338/4479/2835
f 3319/4461/2836 3339/4501/2836 3340/4481/2836
f 3341/4483/2837 3342/4503/2837 3322/4484/2837
f 3324/4466/2838 3323/4465/2838 3343/4485/2838
f 3345/4487/2839 3346/4508/2839 3326/4467/2839
f 3327/4469/2840 3347/4510/2840 3348/4489/2840
f 3349/4489/2841 3350/4512/2841 3330/4471/2841
f 3351/4492/2842 3352/4514/2842 3332/4473/2842
f 3353/4494/2843 3354/4960/2843 3334/4495/2843
f 3335/4477/2844 3355/4519/2844 3356/4496/2844
f 3357/4498/2845 3358/4500/2845 3338/4479/2845
f 3359/4500/2846 3360/4522/2846 3340/4481/2846
f 3341/4483/2847 3361/4523/2847 3362/4502/2847
f 3344/4504/2848 3343/4961/2848 3363/4505/2848
f 3365/4507/2849 3366/4528/2849 3346/4508/2849
f 3367/4509/2850 3368/4530/2850 3348/4489/2850
f 3369/4511/2851 3370/4532/2851 3350/4512/2851
f 3351/4492/2852 3371/4534/2852 3372/4513/2852
f 3373/4515/2853 3374/4536/2853 3354/4516/2853
f 3375/4518/2854 3376/4538/2854 3356/4496/2854
f 3377/4520/2855 3378/4521/2855 3358/4500/2855
f 3379/4521/2856 3380/4541/2856 3360/4522/2856
f 3361/4523/2857 3381/4543/2857 3382/4524/2857
f 3364/4506/2858 3363/4505/2858 3383/4525/2858
f 3385/4527/2859 3386/4547/2859 3366/4528/2859
f 3387/4529/2860 3388/4531/2860 3368/4530/2860
f 3389/4531/2861 3390/4550/2861 3370/4532/2861
f 3391/4533/2862 3392/4883/2862 3372/4513/2862
f 3393/4535/2863 3394/4555/2863 3374/4536/2863
f 3375/4518/2864 3395/4557/2864 3396/4537/2864
f 3397/4539/2865 3398/4540/2865 3378/4521/2865
f 3399/4540/2866 3400/4560/2866 3380/4541/2866
f 3401/4542/2867 3402/4962/2867 3382/4524/2867
f 3384/4526/2868 3383/4525/2868 3403/4544/2868
f 3405/4546/2869 3406/4567/2869 3386/4547/2869
f 3407/4548/2870 3408/4549/2870 3388/4531/2870
f 3409/4549/2871 3410/4570/2871 3390/4550/2871
f 3391/4551/2872 3411/4572/2872 3412/4552/2872
f 3413/4554/2873 3414/4574/2873 3394/4555/2873
f 3415/4556/2874 3416/4576/2874 3396/4537/2874
f 3417/4558/2875 3418/4578/2875 3398/4540/2875
f 3419/4559/2876 3420/4580/2876 3400/4560/2876
f 3401/4561/2877 3421/4582/2877 3422/4562/2877
f 3404/4545/2878 3403/4544/2878 3423/4564/2878
f 3425/4566/2879 3426/4587/2879 3406/4567/2879
f 3427/4568/2880 3428/4569/2880 3408/4549/2880
f 3429/4569/2881 3430/4590/2881 3410/4570/2881
f 3431/4571/2882 3432/4592/2882 3412/4552/2882
f 3433/4573/2883 3434/4894/2883 3414/4574/2883
f 3435/4575/2884 3436/4597/2884 3416/4576/2884
f 3437/4577/2885 3438/4579/2885 3418/4578/2885
f 3439/4579/2886 3440/4600/2886 3420/4580/2886
f 3441/4581/2887 3442/4602/2887 3422/4562/2887
f 3424/4583/2888 3423/4897/2888 3443/4584/2888
f 3425/4566/2889 3445/4606/2889 3446/4586/2889
f 3447/4588/2890 3448/4608/2890 3428/4569/2890
f 3429/4569/2891 3449/4608/2891 3450/4589/2891
f 3431/4571/2892 3451/4610/2892 3452/4591/2892
f 3453/4593/2893 3454/4612/2893 3434/4594/2893
f 3455/4596/2894 3456/4614/2894 3436/4597/2894
f 3437/4577/2895 3457/4616/2895 3458/4598/2895
f 3439/4579/2896 3459/4618/2896 3460/4599/2896
f 3461/4601/2897 3462/4620/2897 3442/4602/2897
f 3444/4585/2783 3443/4584/2783 3463/4603/2783
f 3465/4605/2782 3466/4624/2782 3446/4586/2782
f 3447/4588/2781 3467/4626/2781 3468/4607/2781
f 3469/4607/2780 3470/4628/2780 3450/4589/2780
f 3471/4609/2779 3472/4630/2779 3452/4591/2779
f 3473/4611/2778 3474/4632/2778 3454/4612/2778
f 3455/4596/2787 3475/4634/2787 3476/4613/2787
f 3477/4615/2786 3478/4636/2786 3458/4598/2786
f 3479/4617/2785 3480/4638/2785 3460/4599/2785
f 3461/4601/2784 3481/4639/2784 3482/4619/2784
f 3464/4604/2793 3463/4603/2793 3483/4621/2793
f 3485/4623/2792 3486/4644/2792 3466/4624/2792
f 3487/4625/2791 3488/4627/2791 3468/4607/2791
f 3489/4627/2790 3490/4647/2790 3470/4628/2790
f 3471/4609/2789 3491/4649/2789 3492/4629/2789
f 3493/4631/2788 3494/4651/2788 3474/4632/2788
f 3495/4633/2797 3496/4653/2797 3476/4613/2797
f 3497/4635/2796 3498/4655/2796 3478/4636/2796
f 3499/4637/2795 3500/4657/2795 3480/4638/2795
f 3481/4639/2794 3501/4659/2794 3502/4640/2794
f 3484/4622/2803 3483/4621/2803 3503/4641/2803
f 3505/4643/2802 3506/4914/2802 3486/4644/2802
f 3507/4645/2801 3508/4646/2801 3488/4627/2801
f 3509/4646/2800 3510/4667/2800 3490/4647/2800
f 3511/4648/2799 3512/4916/2799 3492/4629/2799
f 3513/4650/2798 3514/4672/2798 3494/4651/2798
f 3495/4633/2807 3515/4963/2807 3516/4652/2807
f 3517/4654/2806 3518/4677/2806 3498/4655/2806
f 3519/4656/2805 3520/4679/2805 3500/4657/2805
f 3521/4658/2804 3522/4920/2804 3502/4640/2804
f 3504/4642/2813 3503/4641/2813 3523/4660/2813
f 3525/4662/2812 3526/4687/2812 3506/4663/2812
f 3527/4665/2811 3528/4689/2811 3508/4646/2811
f 3529/4666/2810 3530/4691/2810 3510/4667/2810
f 3511/4668/2809 3531/4693/2809 3532/4669/2809
f 3533/4671/2808 3534/4964/2808 3514/4672/2808
f 3535/4673/2817 3536/4698/2817 3516/4674/2817
f 3537/4676/2816 3538/4700/2816 3518/4677/2816
f 3539/4678/2815 3540/4702/2815 3520/4679/2815
f 3521/4680/2814 3541/4704/2814 3542/4681/2814
f 3524/4683/2823 3523/4925/2823 3543/4684/2823
f 3545/4686/2822 3546/4708/2822 3526/4687/2822
f 3547/4688/2821 3548/4710/2821 3528/4689/2821
f 3549/4690/2820 3550/4712/2820 3530/4691/2820
f 3551/4692/2819 3552/4714/2819 3532/4669/2819
f 3553/4694/2818 3554/4716/2818 3534/4695/2818
f 3555/4697/2827 3556/4718/2827 3536/4698/2827
f 3557/4699/2826 3558/4720/2826 3538/4700/2826
f 3559/4701/2825 3560/4722/2825 3540/4702/2825
f 3561/4703/2824 3562/4724/2824 3542/4681/2824
f 3544/4685/2833 3543/4684/2833 3563/4705/2833
f 3545/4686/2832 3565/4728/2832 3566/4707/2832
f 3567/4709/2831 3568/4730/2831 3548/4710/2831
f 3549/4690/2830 3569/4730/2830 3570/4711/2830
f 3551/4692/2829 3571/4732/2829 3572/4713/2829
f 3573/4715/2828 3574/4734/2828 3554/4716/2828
f 3575/4717/2837 3576/4736/2837 3556/4718/2837
f 3557/4699/2836 3577/4738/2836 3578/4719/2836
f 3559/4701/2835 3579/4740/2835 3580/4721/2835
f 3581/4723/2834 3582/4742/2834 3562/4724/2834
f 3564/4706/2843 3563/4705/2843 3583/4725/2843
f 3585/4727/2842 3586/4747/2842 3566/4707/2842
f 3567/4709/2841 3587/4749/2841 3588/4729/2841
f 3589/4729/2840 3590/4751/2840 3570/4711/2840
f 3591/4731/2839 3592/4753/2839 3572/4713/2839
f 3593/4733/2838 3594/4942/2838 3574/4734/2838
f 3575/4717/2847 3595/4758/2847 3596/4735/2847
f 3597/4737/2846 3598/4739/2846 3578/4719/2846
f 3599/4739/2845 3600/4761/2845 3580/4721/2845
f 3581/4723/2844 3601/4762/2844 3602/4741/2844
f 3584/4743/2853 3583/4939/2853 3603/4744/2853
f 3605/4746/2852 3606/4767/2852 3586/4747/2852
f 3607/4748/2851 3608/4750/2851 3588/4729/2851
f 3609/4750/2850 3610/4770/2850 3590/4751/2850
f 3591/4731/2849 3611/4772/2849 3612/4752/2849
f 3613/4754/2848 3614/4774/2848 3594/4755/2848
f 3615/4757/2857 3616/4776/2857 3596/4735/2857
f 3617/4759/2856 3618/4778/2856 3598/4739/2856
f 3619/4760/2855 3620/4780/2855 3600/4761/2855
f 3601/4762/2854 3621/4782/2854 3622/4763/2854
f 3604/4745/2863 3603/4744/2863 3623/4764/2863
f 3625/4766/2862 3626/4945/2862 3606/4767/2862
f 3627/4768/2861 3628/4769/2861 3608/4750/2861
f 3629/4769/2860 3630/4790/2860 3610/4770/2860
f 3631/4771/2859 3632/4792/2859 3612/4752/2859
f 3633/4773/2858 3634/4794/2858 3614/4774/2858
f 3615/4757/2867 3635/4948/2867 3636/4775/2867
f 3637/4777/2866 3638/4779/2866 3618/4778/2866
f 3639/4779/2865 3640/4800/2865 3620/4780/2865
f 3641/4781/2864 3642/4802/2864 3622/4763/2864
f 3624/4765/2873 3623/4764/2873 3643/4783/2873
f 3645/4785/2872 3646/4806/2872 3626/4786/2872
f 3647/4788/2871 3648/4808/2871 3628/4769/2871
f 3649/4789/2870 3650/4810/2870 3630/4790/2870
f 3631/4771/2869 3651/4812/2869 3652/4791/2869
f 3653/4793/2868 3654/4814/2868 3634/4794/2868
f 3655/4795/2877 3656/4816/2877 3636/4796/2877
f 3657/4798/2876 3658/4799/2876 3638/4779/2876
f 3659/4799/2875 3660/4819/2875 3640/4800/2875
f 3641/4781/2874 3661/4821/2874 3662/4801/2874
f 3644/4784/2883 3643/4783/2883 3663/4803/2883
f 3665/4805/2882 3666/4824/2882 3646/4806/2882
f 3667/4807/2881 3668/4825/2881 3648/4808/2881
f 3669/4809/2880 3670/4826/2880 3650/4810/2880
f 3671/4811/2879 3672/4827/2879 3652/4791/2879
f 3673/4813/2878 3674/4965/2878 3654/4814/2878
f 3675/4815/2887 3676/4830/2887 3656/4816/2887
f 3677/4817/2886 3678/4818/2886 3658/4799/2886
f 3679/4818/2885 3680/4831/2885 3660/4819/2885
f 3681/4820/2884 3682/4832/2884 3662/4801/2884
f 3664/4822/2893 3663/4835/2893 3204/4823/2893
f 3665/4805/2892 3206/4363/2892 3205/4362/2892
f 3208/4364/2891 3207/4366/2891 3668/4825/2891
f 3669/4809/2890 3210/4366/2890 3209/4367/2890
f 3671/4811/2889 3212/4370/2889 3211/4369/2889
f 3214/4373/2888 3213/4372/2888 3674/4828/2888
f 3216/4374/2897 3215/4376/2897 3676/4830/2897
f 3677/4817/2896 3218/4379/2896 3217/4378/2896
f 3679/4818/2895 3220/4378/2895 3219/4381/2895
f 3222/4382/2894 3221/4384/2894 3682/4832/2894
f 3242/4833/3023 3223/4359/3023 3204/4823/3023
f 3221/4834/3017 3204/4823/3017 3663/4835/3017
f 3224/4360/3022 3225/4361/3022 3206/4363/3022
f 3203/4358/3016 3206/4363/3016 3665/4805/3016
f 3226/4388/3112 3227/4845/3112 3208/4837/3112
f 3205/4362/3015 3208/4837/3015 3667/4838/3015
f 3228/4365/2904 3229/4365/2904 3210/4366/2904
f 3668/4825/2904 3207/4366/2904 3210/4366/2904
f 3230/4392/2905 3231/4368/2905 3212/4370/2905
f 3670/4826/2906 3209/4367/2906 3212/4370/2906
f 3232/4839/3021 3233/4371/3021 3214/4373/3021
f 3211/4840/3013 3214/4373/3013 3673/4829/3013
f 3213/4372/3020 3234/4396/3020 3235/4398/3020
f 3213/4372/3012 3216/4374/3012 3675/4815/3012
f 3236/4375/3113 3237/4847/3113 3218/4842/3113
f 3676/4830/3114 3215/4376/3114 3218/4842/3114
f 3217/4378/2913 3238/4380/2913 3239/4380/2913
f 3217/4378/2913 3220/4378/2913 3679/4818/2913
f 3240/4401/3115 3241/4402/3115 3222/4382/3115
f 3219/4381/3116 3222/4382/3116 3681/4820/3116
f 3262/4844/3029 3243/4385/3029 3223/4359/3029
f 3244/4386/3028 3245/4387/3028 3225/4361/3028
f 3246/4407/3117 3247/4852/3117 3227/4845/3117
f 3248/4409/2904 3249/4391/2904 3229/4365/2904
f 3250/4411/3118 3251/4413/3118 3231/4368/3118
f 3252/4846/3119 3253/4395/3119 3233/4371/3119
f 3234/4396/3024 3254/4415/3024 3255/4397/3024
f 3256/4417/3120 3257/4856/3120 3237/4847/3120
f 3258/4400/2913 3259/4400/2913 3239/4380/2913
f 3260/4420/3121 3261/4422/3121 3241/4402/3121
f 3262/4848/3038 3282/4444/3038 3263/4849/3038
f 3264/4405/3122 3265/4406/3122 3245/4387/3122
f 3266/4851/3123 3267/4966/3123 3247/4852/3123
f 3268/4410/3124 3269/4410/3124 3249/4391/3124
f 3270/4430/3125 3271/4412/3125 3251/4413/3125
f 3272/4433/3126 3273/4861/3126 3253/4853/3126
f 3254/4415/3127 3274/4435/3127 3275/4855/3127
f 3276/4416/3128 3277/4967/3128 3257/4856/3128
f 3278/4419/2913 3279/4419/2913 3259/4400/2913
f 3280/4441/3129 3281/4421/3129 3261/4422/3129
f 3282/4444/3130 3302/4443/3130 3283/4857/3130
f 3264/4405/3131 3284/4424/3131 3285/4858/3131
f 3286/4449/3132 3287/4428/3132 3267/4408/3132
f 3288/4429/2904 3289/4429/2904 3269/4410/2904
f 3290/4859/3133 3291/4454/3133 3271/4431/3133
f 3272/4433/3134 3292/4432/3134 3293/4457/3134
f 3294/4862/3135 3295/4968/3135 3275/4855/3135
f 3296/4459/3136 3297/4439/3136 3277/4418/3136
f 3298/4440/2913 3299/4440/2913 3279/4419/2913
f 3280/4863/3137 3300/4869/3137 3301/4464/3137
f 3322/4484/3138 3303/4446/3138 3283/4857/3138
f 3284/4445/3057 3304/4447/3057 3305/4864/3057
f 3286/4449/3139 3306/4468/3139 3307/4450/3139
f 3308/4470/2904 3309/4451/2904 3289/4429/2904
f 3310/4866/3140 3311/4453/3140 3291/4454/3140
f 3292/4432/3141 3312/4474/3141 3313/4455/3141
f 3314/4476/3142 3315/4870/3142 3295/4867/3142
f 3296/4459/3143 3316/4478/3143 3317/4460/3143
f 3318/4480/2904 3319/4461/2904 3299/4440/2904
f 3320/4868/3144 3321/4463/3144 3301/4464/3144
f 3342/4503/3145 3323/4465/3145 3303/4446/3145
f 3324/4466/3146 3325/4872/3146 3305/4864/3146
f 3326/4467/3147 3327/4469/3147 3307/4450/3147
f 3308/4470/3072 3328/4490/3072 3329/4491/3072
f 3310/4866/2957 3330/4874/2957 3331/4493/2957
f 3332/4473/3148 3333/4475/3148 3313/4455/3148
f 3334/4495/3149 3335/4876/3149 3315/4870/3149
f 3316/4478/3150 3336/4497/3150 3337/4499/3150
f 3338/4479/2913 3339/4501/2913 3319/4461/2913
f 3340/4871/3151 3341/4483/3151 3321/4463/3151
f 3362/4502/3152 3343/4485/3152 3323/4465/3152
f 3344/4486/3153 3345/4969/3153 3325/4872/3153
f 3346/4508/3154 3347/4510/3154 3327/4469/3154
f 3348/4489/2904 3349/4489/2904 3329/4491/2904
f 3350/4873/2967 3351/4492/2967 3331/4493/2967
f 3352/4514/3155 3353/4494/3155 3333/4475/3155
f 3334/4495/3156 3354/4960/3156 3355/4875/3156
f 3356/4496/3157 3357/4498/3157 3337/4499/3157
f 3338/4479/3067 3358/4500/3067 3359/4500/3067
f 3360/4877/3158 3361/4523/3158 3341/4483/3158
f 3382/4524/3159 3363/4881/3159 3343/4485/3159
f 3364/4506/3160 3365/4507/3160 3345/4487/3160
f 3366/4528/3161 3367/4509/3161 3347/4510/3161
f 3368/4530/2904 3369/4511/2904 3349/4489/2904
f 3370/4878/3162 3371/4534/3162 3351/4492/3162
f 3372/4513/3079 3373/4884/3079 3353/4494/3079
f 3354/4516/3163 3374/4536/3163 3375/4518/3163
f 3376/4538/3164 3377/4520/3164 3357/4498/3164
f 3378/4521/2913 3379/4521/2913 3359/4500/2913
f 3380/4879/3165 3381/4543/3165 3361/4523/3165
f 3382/4524/3166 3402/4962/3166 3383/4880/3166
f 3384/4526/3167 3385/4527/3167 3365/4507/3167
f 3386/4547/3168 3387/4529/3168 3367/4509/3168
f 3388/4531/2904 3389/4531/2904 3369/4511/2904
f 3390/4882/3169 3391/4533/3169 3371/4534/3169
f 3392/4883/3170 3393/4970/3170 3373/4884/3170
f 3374/4536/3171 3394/4555/3171 3395/4557/3171
f 3396/4537/3172 3397/4539/3172 3377/4520/3172
f 3398/4540/2913 3399/4540/2913 3379/4521/2913
f 3400/4885/3173 3401/4542/3173 3381/4543/3173
f 3402/4563/3174 3422/4562/3174 3403/4886/3174
f 3384/4526/3175 3404/4545/3175 3405/4546/3175
f 3406/4567/3176 3407/4548/3176 3387/4529/3176
f 3408/4549/3177 3409/4549/3177 3389/4531/3177
f 3410/4888/2996 3411/4572/2996 3391/4551/2996
f 3392/4553/3178 3412/4552/3178 3413/4890/3178
f 3414/4574/3179 3415/4556/3179 3395/4557/3179
f 3416/4576/3180 3417/4558/3180 3397/4539/3180
f 3418/4578/2913 3419/4559/2913 3399/4540/2913
f 3400/4892/3181 3420/4896/3181 3421/4582/3181
f 3442/4602/3182 3423/4897/3182 3403/4886/3182
f 3404/4545/3183 3424/4565/3183 3425/4566/3183
f 3406/4567/3184 3426/4587/3184 3427/4568/3184
f 3428/4569/2904 3429/4569/2904 3409/4549/2904
f 3430/4893/3185 3431/4571/3185 3411/4572/3185
f 3412/4552/3107 3432/4592/3107 3433/4595/3107
f 3434/4894/3106 3435/4575/3106 3415/4556/3106
f 3416/4576/3186 3436/4597/3186 3437/4577/3186
f 3438/4579/2913 3439/4579/2913 3419/4559/2913
f 3440/4895/3187 3441/4581/3187 3421/4582/3187
f 3462/4620/2910 3443/4584/2910 3423/4897/2910
f 3444/4585/2908 3445/4901/2908 3425/4898/2908
f 3446/4586/2906 3447/4588/2906 3427/4568/2906
f 3428/4569/2904 3448/4608/2904 3449/4608/2904
f 3430/4893/3015 3450/4903/3015 3451/4610/3015
f 3452/4591/2901 3453/4593/2901 3433/4595/2901
f 3454/4612/2899 3455/4905/2899 3435/4899/2899
f 3436/4597/3116 3456/4614/3116 3457/4616/3116
f 3458/4598/2913 3459/4618/2913 3439/4579/2913
f 3460/4900/3114 3461/4601/3114 3441/4581/3114
f 3482/4619/2909 3463/4603/2909 3443/4584/2909
f 3464/4604/2907 3465/4907/2907 3445/4901/2907
f 3466/4624/3188 3467/4626/3188 3447/4588/3188
f 3468/4607/2904 3469/4607/2904 3449/4608/2904
f 3470/4902/2902 3471/4609/2902 3451/4610/2902
f 3472/4630/2900 3473/4611/2900 3453/4593/2900
f 3454/4612/2898 3474/4632/2898 3475/4904/2898
f 3476/4613/3189 3477/4615/3189 3457/4616/3189
f 3458/4598/2913 3478/4636/2913 3479/4617/2913
f 3480/4906/3190 3481/4639/3190 3461/4601/3190
f 3502/4640/2921 3483/4621/2921 3463/4603/2921
f 3484/4622/2920 3485/4971/2920 3465/4907/2920
f 3486/4644/3191 3487/4625/3191 3467/4626/3191
f 3488/4627/2904 3489/4627/2904 3469/4607/2904
f 3490/4908/3192 3491/4649/3192 3471/4609/3192
f 3492/4629/3193 3493/4631/3193 3473/4611/3193
f 3474/4632/2916 3494/4651/2916 3495/4909/2916
f 3496/4653/3121 3497/4635/3121 3477/4615/3121
f 3498/4655/2913 3499/4637/2913 3479/4617/2913
f 3500/4910/3120 3501/4659/3120 3481/4639/3120
f 3502/4640/2930 3522/4920/2930 3503/4641/2930
f 3504/4911/3126 3505/4664/3126 3485/4912/3126
f 3506/4914/3125 3507/4645/3125 3487/4625/3125
f 3508/4646/3194 3509/4646/3194 3489/4627/3194
f 3510/4915/3123 3511/4648/3123 3491/4649/3123
f 3512/4916/3122 3513/4650/3122 3493/4631/3122
f 3494/4917/3195 3514/4922/3195 3515/4675/3195
f 3516/4652/3196 3517/4654/3196 3497/4635/3196
f 3518/4677/2913 3519/4656/2913 3499/4637/2913
f 3520/4919/3197 3521/4658/3197 3501/4659/3197
f 3522/4920/3135 3542/4972/3135 3523/4660/3135
f 3504/4911/3198 3524/4683/3198 3525/4662/3198
f 3526/4687/3199 3527/4928/3199 3507/4921/3199
f 3528/4689/2904 3529/4666/2904 3509/4646/2904
f 3530/4691/3200 3531/4693/3200 3511/4668/3200
f 3512/4916/3201 3532/4973/3201 3533/4671/3201
f 3534/4695/3130 3535/4673/3130 3515/4675/3130
f 3536/4698/3202 3537/4931/3202 3517/4923/3202
f 3538/4700/2913 3539/4678/2913 3519/4656/2913
f 3520/4679/3203 3540/4702/3203 3541/4704/3203
f 3562/4924/3204 3543/4684/3204 3523/4925/3204
f 3524/4683/2949 3544/4685/2949 3545/4686/2949
f 3526/4687/3205 3546/4708/3205 3547/4927/3205
f 3548/4710/2904 3549/4690/2904 3529/4666/2904
f 3550/4712/3206 3551/4692/3206 3531/4693/3206
f 3532/4929/3207 3552/4934/3207 3553/4694/3207
f 3554/4716/3208 3555/4697/3208 3535/4673/3208
f 3536/4698/3209 3556/4718/3209 3557/4930/3209
f 3558/4720/2904 3559/4701/2904 3539/4678/2904
f 3560/4722/3210 3561/4703/3210 3541/4704/3210
f 3582/4932/3211 3563/4705/3211 3543/4684/3211
f 3564/4706/3212 3565/4728/3212 3545/4686/3212
f 3566/4707/3213 3567/4937/3213 3547/4927/3213
f 3548/4710/2966 3568/4730/2966 3569/4730/2966
f 3550/4712/3064 3570/4711/3064 3571/4732/3064
f 3572/4933/3214 3573/4715/3214 3553/4694/3214
f 3574/4734/3215 3575/4717/3215 3555/4697/3215
f 3556/4718/3151 3576/4736/3151 3577/4935/3151
f 3578/4719/2913 3579/4740/2913 3559/4701/2913
f 3580/4721/3150 3581/4723/3150 3561/4703/3150
f 3602/4936/3156 3583/4725/3156 3563/4705/3156
f 3584/4726/3216 3585/4727/3216 3565/4728/3216
f 3586/4747/3217 3587/4941/3217 3567/4937/3217
f 3588/4729/2904 3589/4729/2904 3569/4730/2904
f 3590/4751/3073 3591/4731/3073 3571/4732/3073
f 3592/4938/3218 3593/4733/3218 3573/4715/3218
f 3574/4734/3152 3594/4942/3152 3595/4758/3152
f 3596/4735/3219 3597/4943/3219 3577/4935/3219
f 3578/4719/2961 3598/4739/2961 3599/4739/2961
f 3600/4761/3220 3601/4762/3220 3581/4723/3220
f 3622/4763/3221 3603/4744/3221 3583/4939/3221
f 3604/4940/3222 3605/4746/3222 3585/4727/3222
f 3606/4767/3223 3607/4946/3223 3587/4941/3223
f 3608/4750/2904 3609/4750/2904 3589/4729/2904
f 3610/4770/3224 3611/4772/3224 3591/4731/3224
f 3612/4752/2973 3613/4754/2973 3593/4756/2973
f 3594/4942/3225 3614/4947/3225 3615/4757/3225
f 3616/4776/3226 3617/4949/3226 3597/4943/3226
f 3618/4778/2913 3619/4760/2913 3599/4739/2913
f 3620/4780/3227 3621/4782/3227 3601/4762/3227
f 3622/4763/3228 3642/4802/3228 3623/4764/3228
f 3624/4944/3229 3625/4766/3229 3605/4746/3229
f 3626/4945/3169 3627/4974/3169 3607/4946/3169
f 3628/4769/2904 3629/4769/2904 3609/4750/2904
f 3630/4790/3168 3631/4771/3168 3611/4772/3168
f 3632/4792/3230 3633/4773/3230 3613/4754/3230
f 3614/4947/3231 3634/4975/3231 3635/4948/3231
f 3636/4775/3232 3637/4976/3232 3617/4949/3232
f 3638/4779/2913 3639/4779/2913 3619/4760/2913
f 3640/4800/3233 3641/4781/3233 3621/4782/3233
f 3642/4802/3234 3662/4801/3234 3643/4783/3234
f 3624/4950/3235 3644/4955/3235 3645/4785/3235
f 3646/4806/3236 3647/4956/3236 3627/4951/3236
f 3648/4808/3237 3649/4789/3237 3629/4769/3237
f 3650/4810/3101 3651/4812/3101 3631/4771/3101
f 3632/4792/3238 3652/4791/3238 3653/4793/3238
f 3654/4952/3239 3655/4795/3239 3635/4797/3239
f 3656/4816/3240 3657/4957/3240 3637/4954/3240
f 3658/4799/2913 3659/4799/2913 3639/4779/2913
f 3640/4800/3241 3660/4819/3241 3661/4821/3241
f 3682/4832/3242 3663/4803/3242 3643/4783/3242
f 3644/4955/3243 3664/4822/3243 3665/4805/3243
f 3646/4806/3244 3666/4824/3244 3667/4838/3244
f 3668/4825/2904 3669/4809/2904 3649/4789/2904
f 3670/4826/3245 3671/4811/3245 3651/4812/3245
f 3652/4791/3003 3672/4827/3003 3673/4813/3003
f 3674/4828/3002 3675/4815/3002 3655/4795/3002
f 3656/4816/3246 3676/4830/3246 3677/4843/3246
f 3678/4818/2913 3679/4818/2913 3659/4799/2913
f 3680/4831/3247 3681/4820/3247 3661/4821/3247
o AK_rivet_receiver_001
v -0.155000 0.018987 -0.022500
v -0.155000 0.019500 -0.022000
v -0.155000 0.018987 -0.019500
v -0.155000 0.019500 -0.020000
v -0.154572 0.018889 -0.022500
v -0.154349 0.019351 -0.022000
v -0.154572 0.018889 -0.019500
v -0.154349 0.019351 -0.020000
v -0.154228 0.018615 -0.022500
v -0.153827 0.018935 -0.022000
v -0.154228 0.018615 -0.019500
v -0.153827 0.018935 -0.020000
v -0.154038 0.018220 -0.022500
v -0.153538 0.018334 -0.022000
v -0.154038 0.018220 -0.019500
v -0.153538 0.018334 -0.020000
v -0.154038 0.017780 -0.022500
v -0.153538 0.017666 -0.022000
v -0.154038 0.017780 -0.019500
v -0.153538 0.017666 -0.020000
v -0.154228 0.017385 -0.022500
v -0.153827 0.017065 -0.022000
v -0.154228 0.017385 -0.019500
v -0.153827 0.017065 -0.020000
v -0.154572 0.017111 -0.022500
v -0.154349 0.016649 -0.022000
v -0.154572 0.017111 -0.019500
v -0.154349 0.016649 -0.020000
v -0.155000 0.017013 -0.022500
v -0.155000 0.016500 -0.022000
v -0.155000 0.017013 -0.019500
v -0.155000 0.016500 -0.020000
v -0.155428 0.017111 -0.022500
v -0.155651 0.016649 -0.022000
v -0.155428 0.017111 -0.019500
v -0.155651 0.016649 -0.020000
v -0.155772 0.017385 -0.022500
v -0.156173 0.017065 -0.022000
v -0.155772 0.017385 -0.019500
v -0.156173 0.017065 -0.020000
v -0.155962 0.017780 -0.022500
v -0.156462 0.017666 -0.022000
v -0.155962 0.017780 -0.019500
v -0.156462 0.017666 -0.020000
v -0.155962 0.018220 -0.022500
v -0.156462 0.018334 -0.022000
v -0.155962 0.018220 -0.019500
v -0.156462 0.018334 -0.020000
v -0.155772 0.018615 -0.022500
v -0.156173 0.018935 -0.022000
v -0.155772 0.018615 -0.019500
v -0.156173 0.018935 -0.020000
v -0.155428 0.018889 -0.022500
v -0.155651 0.019351 -0.022000
v -0.155428 0.018889 -0.019500
v -0.155651 0.019351 -0.020000
vn 0.1573 0.6894 -0.7071
vn 0.1573 0.6894 0.7071
vn 0.4409 0.5528 -0.7071
vn 0.4409 0.5528 0.7071
vn 0.6371 0.3068 -0.7071
vn 0.6371 0.3068 0.7071
vn 0.7071 -0.0000 -0.7071
vn 0.7071 -0.0000 0.7071
vn 0.6371 -0.3068 -0.7071
vn 0.6371 -0.3068 0.7071
vn 0.4409 -0.5528 -0.7071
vn 0.4409 -0.5528 0.7071
vn 0.1573 -0.6894 -0.7071
vn 0.1573 -0.6894 0.7071
vn -0.1573 -0.6894 -0.7071
vn -0.1573 -0.6894 0.7071
vn -0.4409 -0.5528 -0.7071
vn -0.4409 -0.5528 0.7071
vn -0.6371 -0.3068 -0.7071
vn -0.6371 -0.3068 0.7071
vn -0.7071 -0.0000 -0.7071
vn -0.7071 -0.0000 0.7071
vn -0.6371 0.3068 -0.7071
vn -0.6371 0.3068 0.7071
vn -0.4409 0.5528 -0.7071
vn -0.4409 0.5528 0.7071
vn -0.1573 0.6894 -0.7071
vn -0.1573 0.6894 0.7071
vn -0.0000 -0.0000 -1.0000
vn 0.2225 0.9749 -0.0000
vn -0.2225 0.9749 -0.0000
vn -0.0000 -0.0000 1.0000
vn 0.6235 0.7818 -0.0000
vn 0.9010 0.4339 -0.0000
vn 1.0000 -0.0000 -0.0000
vn 0.9010 -0.4339 -0.0000
vn 0.6235 -0.7818 -0.0000
vn 0.2225 -0.9749 -0.0000
vn -0.2225 -0.9749 -0.0000
vn -0.6235 -0.7818 -0.0000
vn -0.9010 -0.4339 -0.0000
vn -1.0000 -0.0000 -0.0000
vn -0.9010 0.4339 -0.0000
vn -0.6235 0.7818 -0.0000
vt 0.915374 0.837137
vt 0.919702 0.830966
vt 0.921951 0.835636
vt 0.804071 0.886777
vt 0.809124 0.881185
vt 0.809124 0.885624
vt 0.908798 0.835636
vt 0.915374 0.831954
vt 0.806998 0.892855
vt 0.811050 0.889624
vt 0.860723 0.142192
vt 0.855509 0.147420
vt 0.854434 0.142192
vt 0.812273 0.897061
vt 0.814521 0.892392
vt 0.867703 0.142192
vt 0.860782 0.147420
vt 0.818849 0.893380
vt 0.818849 0.898562
vt 0.872917 0.147420
vt 0.867644 0.147420
vt 0.823177 0.892392
vt 0.825426 0.897061
vt 0.426271 0.642332
vt 0.431731 0.637614
vt 0.431731 0.641555
vt 0.826648 0.889624
vt 0.830700 0.892855
vt 0.426271 0.637787
vt 0.431731 0.631157
vt 0.828574 0.885624
vt 0.833627 0.886777
vt 0.426271 0.623929
vt 0.426271 0.631219
vt 0.833627 0.880031
vt 0.828574 0.881185
vt 0.426271 0.617361
vt 0.431731 0.623991
vt 0.830700 0.873954
vt 0.826648 0.877185
vt 0.874763 0.521273
vt 0.869549 0.526501
vt 0.868474 0.521273
vt 0.825426 0.869748
vt 0.823177 0.874417
vt 0.881743 0.521273
vt 0.874822 0.526501
vt 0.818849 0.873429
vt 0.818849 0.868246
vt 0.886957 0.526501
vt 0.881684 0.526501
vt 0.814521 0.874417
vt 0.812273 0.869748
vt 0.930152 0.825352
vt 0.923173 0.828199
vt 0.925100 0.824199
vt 0.811050 0.877185
vt 0.806998 0.873954
vt 0.927225 0.831430
vt 0.804071 0.880031
vt 0.907575 0.828199
vt 0.911046 0.812992
vt 0.925100 0.819759
vt 0.343006 0.628474
vt 0.364846 0.621906
vt 0.364846 0.628474
vt 0.343006 0.635764
vt 0.364846 0.635764
vt 0.343006 0.621906
vt 0.364846 0.617361
vt 0.854434 0.121280
vt 0.860723 0.121280
vt 0.867703 0.121280
vt 0.873992 0.142192
vt 0.404431 0.642332
vt 0.404431 0.637787
vt 0.404431 0.631219
vt 0.404431 0.623929
vt 0.868474 0.500361
vt 0.874763 0.500361
vt 0.881743 0.500361
vt 0.888032 0.521273
vt 0.343006 0.642332
vt 0.364846 0.642332
vt 0.911046 0.830967
vt 0.431731 0.618484
vt 0.905649 0.824199
vt 0.905649 0.819759
vt 0.907575 0.815760
vt 0.915374 0.812004
vt 0.919702 0.812992
vt 0.923173 0.815760
vt 0.343006 0.617361
vt 0.873992 0.121280
vt 0.404431 0.617361
vt 0.888032 0.500361
s 0
usemtl MAT_detail_dark_metal
f 3688/4977/3248 3683/4978/3248 3684/4979/3248
f 3690/4980/3249 3685/4981/3249 3689/4982/3249
f 3692/4983/3250 3687/4984/3250 3688/4977/3250
f 3694/4985/3251 3689/4982/3251 3693/4986/3251
f 3696/4987/3252 3691/4988/3252 3692/4989/3252
f 3698/4990/3253 3693/4986/3253 3697/4991/3253
f 3700/4992/3254 3695/4993/3254 3696/4987/3254
f 3698/4990/3255 3701/4994/3255 3702/4995/3255
f 3700/4992/3256 3703/4996/3256 3699/4997/3256
f 3702/4995/3257 3705/4998/3257 3706/4999/3257
f 3704/5000/3258 3707/5001/3258 3703/5002/3258
f 3706/4999/3259 3709/5003/3259 3710/5004/3259
f 3708/5005/3260 3711/5006/3260 3707/5001/3260
f 3710/5004/3261 3713/5007/3261 3714/5008/3261
f 3716/5009/3262 3711/5006/3262 3712/5010/3262
f 3718/5011/3263 3713/5007/3263 3717/5012/3263
f 3720/5013/3264 3715/5014/3264 3716/5009/3264
f 3722/5015/3265 3717/5012/3265 3721/5016/3265
f 3724/5017/3266 3719/5018/3266 3720/5019/3266
f 3726/5020/3267 3721/5016/3267 3725/5021/3267
f 3728/5022/3268 3723/5023/3268 3724/5017/3268
f 3726/5020/3269 3729/5024/3269 3730/5025/3269
f 3728/5022/3270 3731/5026/3270 3727/5027/3270
f 3730/5025/3271 3733/5028/3271 3734/5029/3271
f 3732/5030/3272 3735/5031/3272 3731/5032/3272
f 3734/5029/3273 3737/5033/3273 3738/5034/3273
f 3736/5035/3274 3683/4978/3274 3735/5031/3274
f 3738/5034/3275 3685/4981/3275 3686/5036/3275
f 3695/5037/3276 3711/5038/3276 3727/5039/3276
f 3686/5040/3277 3688/5041/3277 3684/5042/3277
f 3738/5043/3278 3684/5042/3278 3736/5044/3278
f 3733/5028/3279 3717/5012/3279 3701/4994/3279
f 3690/5045/3280 3692/5046/3280 3688/5041/3280
f 3694/5047/3281 3696/4987/3281 3692/4989/3281
f 3698/5048/3282 3700/4992/3282 3696/4987/3282
f 3702/5049/3283 3704/5050/3283 3700/4992/3283
f 3706/5051/3284 3708/5005/3284 3704/5000/3284
f 3710/5052/3285 3712/5010/3285 3708/5005/3285
f 3714/5053/3286 3716/5009/3286 3712/5010/3286
f 3718/5054/3287 3720/5013/3287 3716/5009/3287
f 3722/5055/3288 3724/5017/3288 3720/5019/3288
f 3726/5056/3289 3728/5022/3289 3724/5017/3289
f 3730/5057/3290 3732/5058/3290 3728/5022/3290
f 3734/5059/3291 3736/5044/3291 3732/5060/3291
f 3688/4977/3248 3687/4984/3248 3683/4978/3248
f 3690/4980/3249 3686/5036/3249 3685/4981/3249
f 3692/4983/3250 3691/5061/3250 3687/4984/3250
f 3694/4985/3251 3690/4980/3251 3689/4982/3251
f 3696/4987/3252 3695/4993/3252 3691/4988/3252
f 3698/4990/3253 3694/4985/3253 3693/4986/3253
f 3700/4992/3254 3699/4997/3254 3695/4993/3254
f 3698/4990/3255 3697/4991/3255 3701/4994/3255
f 3700/4992/3256 3704/5050/3256 3703/4996/3256
f 3702/4995/3257 3701/4994/3257 3705/4998/3257
f 3704/5000/3258 3708/5005/3258 3707/5001/3258
f 3706/4999/3259 3705/4998/3259 3709/5003/3259
f 3708/5005/3260 3712/5010/3260 3711/5006/3260
f 3710/5004/3261 3709/5003/3261 3713/5007/3261
f 3716/5009/3262 3715/5014/3262 3711/5006/3262
f 3718/5011/3263 3714/5008/3263 3713/5007/3263
f 3720/5013/3264 3719/5062/3264 3715/5014/3264
f 3722/5015/3265 3718/5011/3265 3717/5012/3265
f 3724/5017/3266 3723/5023/3266 3719/5018/3266
f 3726/5020/3267 3722/5015/3267 3721/5016/3267
f 3728/5022/3268 3727/5027/3268 3723/5023/3268
f 3726/5020/3269 3725/5021/3269 3729/5024/3269
f 3728/5022/3270 3732/5058/3270 3731/5026/3270
f 3730/5025/3271 3729/5024/3271 3733/5028/3271
f 3732/5030/3272 3736/5035/3272 3735/5031/3272
f 3734/5029/3273 3733/5028/3273 3737/5033/3273
f 3736/5035/3274 3684/4979/3274 3683/4978/3274
f 3738/5034/3275 3737/5033/3275 3685/4981/3275
f 3735/5031/3276 3683/4978/3276 3687/4984/3276
f 3687/4984/3276 3691/5061/3276 3695/5037/3276
f 3695/5037/3276 3699/5063/3276 3703/5064/3276
f 3703/5064/3276 3707/5065/3276 3711/5038/3276
f 3711/5038/3276 3715/5066/3276 3719/5067/3276
f 3719/5067/3276 3723/5068/3276 3727/5039/3276
f 3727/5039/3276 3731/5032/3276 3735/5031/3276
f 3735/5031/3276 3687/4984/3276 3695/5037/3276
f 3695/5037/3276 3703/5064/3276 3711/5038/3276
f 3711/5038/3276 3719/5067/3276 3727/5039/3276
f 3727/5039/3276 3735/5031/3276 3695/5037/3276
f 3686/5040/3277 3690/5045/3277 3688/5041/3277
f 3738/5043/3278 3686/5040/3278 3684/5042/3278
f 3693/4986/3279 3689/4982/3279 3685/4981/3279
f 3685/4981/3279 3737/5033/3279 3733/5028/3279
f 3733/5028/3279 3729/5024/3279 3725/5021/3279
f 3725/5021/3279 3721/5016/3279 3717/5012/3279
f 3717/5012/3279 3713/5007/3279 3709/5003/3279
f 3709/5003/3279 3705/4998/3279 3701/4994/3279
f 3701/4994/3279 3697/4991/3279 3693/4986/3279
f 3693/4986/3279 3685/4981/3279 3733/5028/3279
f 3733/5028/3279 3725/5021/3279 3717/5012/3279
f 3717/5012/3279 3709/5003/3279 3701/4994/3279
f 3701/4994/3279 3693/4986/3279 3733/5028/3279
f 3690/5045/3280 3694/5069/3280 3692/5046/3280
f 3694/5047/3281 3698/5048/3281 3696/4987/3281
f 3698/5048/3282 3702/5049/3282 3700/4992/3282
f 3702/5049/3283 3706/5070/3283 3704/5050/3283
f 3706/5051/3284 3710/5052/3284 3708/5005/3284
f 3710/5052/3285 3714/5053/3285 3712/5010/3285
f 3714/5053/3286 3718/5054/3286 3716/5009/3286
f 3718/5054/3287 3722/5071/3287 3720/5013/3287
f 3722/5055/3288 3726/5056/3288 3724/5017/3288
f 3726/5056/3289 3730/5057/3289 3728/5022/3289
f 3730/5057/3290 3734/5072/3290 3732/5058/3290
f 3734/5059/3291 3738/5043/3291 3736/5044/3291
o AK_rivet_receiver_002
v -0.075000 0.018987 -0.022500
v -0.075000 0.019500 -0.022000
v -0.075000 0.018987 -0.019500
v -0.075000 0.019500 -0.020000
v -0.074572 0.018889 -0.022500
v -0.074349 0.019351 -0.022000
v -0.074572 0.018889 -0.019500
v -0.074349 0.019351 -0.020000
v -0.074228 0.018615 -0.022500
v -0.073827 0.018935 -0.022000
v -0.074228 0.018615 -0.019500
v -0.073827 0.018935 -0.020000
v -0.074038 0.018220 -0.022500
v -0.073538 0.018334 -0.022000
v -0.074038 0.018220 -0.019500
v -0.073538 0.018334 -0.020000
v -0.074038 0.017780 -0.022500
v -0.073538 0.017666 -0.022000
v -0.074038 0.017780 -0.019500
v -0.073538 0.017666 -0.020000
v -0.074228 0.017385 -0.022500
v -0.073827 0.017065 -0.022000
v -0.074228 0.017385 -0.019500
v -0.073827 0.017065 -0.020000
v -0.074572 0.017111 -0.022500
v -0.074349 0.016649 -0.022000
v -0.074572 0.017111 -0.019500
v -0.074349 0.016649 -0.020000
v -0.075000 0.017013 -0.022500
v -0.075000 0.016500 -0.022000
v -0.075000 0.017013 -0.019500
v -0.075000 0.016500 -0.020000
v -0.075428 0.017111 -0.022500
v -0.075651 0.016649 -0.022000
v -0.075428 0.017111 -0.019500
v -0.075651 0.016649 -0.020000
v -0.075772 0.017385 -0.022500
v -0.076173 0.017065 -0.022000
v -0.075772 0.017385 -0.019500
v -0.076173 0.017065 -0.020000
v -0.075962 0.017780 -0.022500
v -0.076462 0.017666 -0.022000
v -0.075962 0.017780 -0.019500
v -0.076462 0.017666 -0.020000
v -0.075962 0.018220 -0.022500
v -0.076462 0.018334 -0.022000
v -0.075962 0.018220 -0.019500
v -0.076462 0.018334 -0.020000
v -0.075772 0.018615 -0.022500
v -0.076173 0.018935 -0.022000
v -0.075772 0.018615 -0.019500
v -0.076173 0.018935 -0.020000
v -0.075428 0.018889 -0.022500
v -0.075651 0.019351 -0.022000
v -0.075428 0.018889 -0.019500
v -0.075651 0.019351 -0.020000
vn 0.1573 0.6894 -0.7071
vn 0.1573 0.6894 0.7071
vn 0.4409 0.5528 -0.7071
vn 0.4409 0.5528 0.7071
vn 0.6371 0.3068 -0.7071
vn 0.6371 0.3068 0.7071
vn 0.7071 -0.0000 -0.7071
vn 0.7071 -0.0000 0.7071
vn 0.6371 -0.3068 -0.7071
vn 0.6371 -0.3068 0.7071
vn 0.4409 -0.5528 -0.7071
vn 0.4409 -0.5528 0.7071
vn 0.1573 -0.6894 -0.7071
vn 0.1573 -0.6894 0.7071
vn -0.1573 -0.6894 -0.7071
vn -0.1573 -0.6894 0.7071
vn -0.4409 -0.5528 -0.7071
vn -0.4409 -0.5528 0.7071
vn -0.6371 -0.3068 -0.7071
vn -0.6371 -0.3068 0.7071
vn -0.7071 -0.0000 -0.7071
vn -0.7071 -0.0000 0.7071
vn -0.6371 0.3068 -0.7071
vn -0.6371 0.3068 0.7071
vn -0.4409 0.5528 -0.7071
vn -0.4409 0.5528 0.7071
vn -0.1573 0.6894 -0.7071
vn -0.1573 0.6894 0.7071
vn -0.0000 -0.0000 -1.0000
vn 0.2225 0.9749 -0.0000
vn -0.2225 0.9749 -0.0000
vn -0.0000 -0.0000 1.0000
vn 0.6235 0.7818 -0.0000
vn 0.9010 0.4339 -0.0000
vn 1.0000 -0.0000 -0.0000
vn 0.9010 -0.4339 -0.0000
vn 0.6235 -0.7818 -0.0000
vn 0.2225 -0.9749 -0.0000
vn -0.2225 -0.9749 -0.0000
vn -0.6235 -0.7818 -0.0000
vn -0.9010 -0.4339 -0.0000
vn -1.0000 -0.0000 -0.0000
vn -0.9010 0.4339 -0.0000
vn -0.6235 0.7818 -0.0000
vt 0.911864 0.147420
vt 0.916193 0.141250
vt 0.918441 0.145919
vt 0.377605 0.893797
vt 0.382658 0.888205
vt 0.382658 0.892644
vt 0.905288 0.145919
vt 0.911865 0.142238
vt 0.380532 0.899875
vt 0.384584 0.896644
vt 0.536047 0.879294
vt 0.530833 0.884522
vt 0.529758 0.879294
vt 0.385807 0.904081
vt 0.388055 0.899412
vt 0.543027 0.879294
vt 0.536106 0.884522
vt 0.392383 0.900400
vt 0.392383 0.905582
vt 0.548241 0.884522
vt 0.542968 0.884522
vt 0.396711 0.899412
vt 0.398960 0.904081
vt 0.803392 0.075270
vt 0.808110 0.080730
vt 0.804169 0.080730
vt 0.400182 0.896644
vt 0.404234 0.899875
vt 0.807937 0.075270
vt 0.814566 0.080730
vt 0.402108 0.892644
vt 0.407161 0.893797
vt 0.821794 0.075270
vt 0.814505 0.075270
vt 0.407161 0.887051
vt 0.402108 0.888205
vt 0.828362 0.075270
vt 0.821733 0.080730
vt 0.404234 0.880974
vt 0.400182 0.884205
vt 0.881783 0.781014
vt 0.876569 0.786242
vt 0.875494 0.781014
vt 0.398960 0.876768
vt 0.396711 0.881437
vt 0.888763 0.781014
vt 0.881842 0.786242
vt 0.392383 0.880449
vt 0.392383 0.875267
vt 0.893977 0.786242
vt 0.888704 0.786242
vt 0.388055 0.881437
vt 0.385807 0.876768
vt 0.926642 0.135635
vt 0.919663 0.138482
vt 0.921590 0.134482
vt 0.384584 0.884205
vt 0.380532 0.880974
vt 0.923715 0.141713
vt 0.377605 0.887051
vt 0.904065 0.138482
vt 0.907536 0.123275
vt 0.921590 0.130043
vt 0.606257 0.782914
vt 0.628097 0.776347
vt 0.628097 0.782914
vt 0.606257 0.790204
vt 0.628097 0.790204
vt 0.606257 0.776347
vt 0.628097 0.771801
vt 0.529758 0.858381
vt 0.536047 0.858381
vt 0.543027 0.858381
vt 0.549316 0.879294
vt 0.803392 0.053431
vt 0.807937 0.053431
vt 0.814505 0.053431
vt 0.821794 0.053431
vt 0.875494 0.760101
vt 0.881783 0.760101
vt 0.888763 0.760101
vt 0.895052 0.781014
vt 0.606257 0.796772
vt 0.628097 0.796772
vt 0.907536 0.141250
vt 0.827239 0.080730
vt 0.902139 0.134482
vt 0.902139 0.130043
vt 0.904066 0.126043
vt 0.911865 0.122287
vt 0.916193 0.123275
vt 0.919663 0.126043
vt 0.606257 0.771802
vt 0.549316 0.858381
vt 0.828362 0.053431
vt 0.895052 0.760101
s 0
usemtl MAT_detail_dark_metal
f 3744/5073/3292 3739/5074/3292 3740/5075/3292
f 3746/5076/3293 3741/5077/3293 3745/5078/3293
f 3748/5079/3294 3743/5080/3294 3744/5073/3294
f 3750/5081/3295 3745/5078/3295 3749/5082/3295
f 3752/5083/3296 3747/5084/3296 3748/5085/3296
f 3754/5086/3297 3749/5082/3297 3753/5087/3297
f 3756/5088/3298 3751/5089/3298 3752/5083/3298
f 3754/5086/3299 3757/5090/3299 3758/5091/3299
f 3756/5088/3300 3759/5092/3300 3755/5093/3300
f 3758/5091/3301 3761/5094/3301 3762/5095/3301
f 3760/5096/3302 3763/5097/3302 3759/5098/3302
f 3762/5095/3303 3765/5099/3303 3766/5100/3303
f 3764/5101/3304 3767/5102/3304 3763/5097/3304
f 3766/5100/3305 3769/5103/3305 3770/5104/3305
f 3772/5105/3306 3767/5102/3306 3768/5106/3306
f 3774/5107/3307 3769/5103/3307 3773/5108/3307
f 3776/5109/3308 3771/5110/3308 3772/5105/3308
f 3778/5111/3309 3773/5108/3309 3777/5112/3309
f 3780/5113/3310 3775/5114/3310 3776/5115/3310
f 3782/5116/3311 3777/5112/3311 3781/5117/3311
f 3784/5118/3312 3779/5119/3312 3780/5113/3312
f 3782/5116/3313 3785/5120/3313 3786/5121/3313
f 3784/5118/3314 3787/5122/3314 3783/5123/3314
f 3786/5121/3315 3789/5124/3315 3790/5125/3315
f 3788/5126/3316 3791/5127/3316 3787/5128/3316
f 3790/5125/3317 3793/5129/3317 3794/5130/3317
f 3792/5131/3318 3739/5074/3318 3791/5127/3318
f 3794/5130/3319 3741/5077/3319 3742/5132/3319
f 3751/5133/3320 3767/5134/3320 3783/5135/3320
f 3742/5136/3321 3744/5137/3321 3740/5138/3321
f 3794/5139/3322 3740/5138/3322 3792/5140/3322
f 3789/5124/3323 3773/5108/3323 3757/5090/3323
f 3746/5141/3324 3748/5142/3324 3744/5137/3324
f 3750/5143/3325 3752/5083/3325 3748/5085/3325
f 3754/5144/3326 3756/5088/3326 3752/5083/3326
f 3758/5145/3327 3760/5146/3327 3756/5088/3327
f 3762/5147/3328 3764/5101/3328 3760/5096/3328
f 3766/5148/3329 3768/5106/3329 3764/5101/3329
f 3770/5149/3330 3772/5105/3330 3768/5106/3330
f 3774/5150/3331 3776/5109/3331 3772/5105/3331
f 3778/5151/3332 3780/5113/3332 3776/5115/3332
f 3782/5152/3333 3784/5118/3333 3780/5113/3333
f 3786/5153/3334 3788/5154/3334 3784/5118/3334
f 3790/5155/3335 3792/5140/3335 3788/5156/3335
f 3744/5073/3292 3743/5080/3292 3739/5074/3292
f 3746/5076/3293 3742/5132/3293 3741/5077/3293
f 3748/5079/3294 3747/5157/3294 3743/5080/3294
f 3750/5081/3295 3746/5076/3295 3745/5078/3295
f 3752/5083/3296 3751/5089/3296 3747/5084/3296
f 3754/5086/3297 3750/5081/3297 3749/5082/3297
f 3756/5088/3298 3755/5093/3298 3751/5089/3298
f 3754/5086/3299 3753/5087/3299 3757/5090/3299
f 3756/5088/3300 3760/5146/3300 3759/5092/3300
f 3758/5091/3301 3757/5090/3301 3761/5094/3301
f 3760/5096/3302 3764/5101/3302 3763/5097/3302
f 3762/5095/3303 3761/5094/3303 3765/5099/3303
f 3764/5101/3304 3768/5106/3304 3767/5102/3304
f 3766/5100/3305 3765/5099/3305 3769/5103/3305
f 3772/5105/3306 3771/5110/3306 3767/5102/3306
f 3774/5107/3307 3770/5104/3307 3769/5103/3307
f 3776/5109/3308 3775/5158/3308 3771/5110/3308
f 3778/5111/3309 3774/5107/3309 3773/5108/3309
f 3780/5113/3310 3779/5119/3310 3775/5114/3310
f 3782/5116/3311 3778/5111/3311 3777/5112/3311
f 3784/5118/3312 3783/5123/3312 3779/5119/3312
f 3782/5116/3313 3781/5117/3313 3785/5120/3313
f 3784/5118/3314 3788/5154/3314 3787/5122/3314
f 3786/5121/3315 3785/5120/3315 3789/5124/3315
f 3788/5126/3316 3792/5131/3316 3791/5127/3316
f 3790/5125/3317 3789/5124/3317 3793/5129/3317
f 3792/5131/3318 3740/5075/3318 3739/5074/3318
f 3794/5130/3319 3793/5129/3319 3741/5077/3319
f 3791/5127/3320 3739/5074/3320 3743/5080/3320
f 3743/5080/3320 3747/5157/3320 3751/5133/3320
f 3751/5133/3320 3755/5159/3320 3759/5160/3320
f 3759/5160/3320 3763/5161/3320 3767/5134/3320
f 3767/5134/3320 3771/5162/3320 3775/5163/3320
f 3775/5163/3320 3779/5164/3320 3783/5135/3320
f 3783/5135/3320 3787/5128/3320 3791/5127/3320
f 3791/5127/3320 3743/5080/3320 3751/5133/3320
f 3751/5133/3320 3759/5160/3320 3767/5134/3320
f 3767/5134/3320 3775/5163/3320 3783/5135/3320
f 3783/5135/3320 3791/5127/3320 3751/5133/3320
f 3742/5136/3321 3746/5141/3321 3744/5137/3321
f 3794/5139/3322 3742/5136/3322 3740/5138/3322
f 3749/5082/3323 3745/5078/3323 3741/5077/3323
f 3741/5077/3323 3793/5129/3323 3789/5124/3323
f 3789/5124/3323 3785/5120/3323 3781/5117/3323
f 3781/5117/3323 3777/5112/3323 3773/5108/3323
f 3773/5108/3323 3769/5103/3323 3765/5099/3323
f 3765/5099/3323 3761/5094/3323 3757/5090/3323
f 3757/5090/3323 3753/5087/3323 3749/5082/3323
f 3749/5082/3323 3741/5077/3323 3789/5124/3323
f 3789/5124/3323 3781/5117/3323 3773/5108/3323
f 3773/5108/3323 3765/5099/3323 3757/5090/3323
f 3757/5090/3323 3749/5082/3323 3789/5124/3323
f 3746/5141/3324 3750/5165/3324 3748/5142/3324
f 3750/5143/3325 3754/5144/3325 3752/5083/3325
f 3754/5144/3326 3758/5145/3326 3756/5088/3326
f 3758/5145/3327 3762/5166/3327 3760/5146/3327
f 3762/5147/3328 3766/5148/3328 3764/5101/3328
f 3766/5148/3329 3770/5149/3329 3768/5106/3329
f 3770/5149/3330 3774/5150/3330 3772/5105/3330
f 3774/5150/3331 3778/5167/3331 3776/5109/3331
f 3778/5151/3332 3782/5152/3332 3780/5113/3332
f 3782/5152/3333 3786/5153/3333 3784/5118/3333
f 3786/5153/3334 3790/5168/3334 3788/5154/3334
f 3790/5155/3335 3794/5139/3335 3792/5140/3335
o AK_rivet_receiver_003
v 0.005000 0.018987 -0.022500
v 0.005000 0.019500 -0.022000
v 0.005000 0.018987 -0.019500
v 0.005000 0.019500 -0.020000
v 0.005428 0.018889 -0.022500
v 0.005651 0.019351 -0.022000
v 0.005428 0.018889 -0.019500
v 0.005651 0.019351 -0.020000
v 0.005772 0.018615 -0.022500
v 0.006173 0.018935 -0.022000
v 0.005772 0.018615 -0.019500
v 0.006173 0.018935 -0.020000
v 0.005962 0.018220 -0.022500
v 0.006462 0.018334 -0.022000
v 0.005962 0.018220 -0.019500
v 0.006462 0.018334 -0.020000
v 0.005962 0.017780 -0.022500
v 0.006462 0.017666 -0.022000
v 0.005962 0.017780 -0.019500
v 0.006462 0.017666 -0.020000
v 0.005772 0.017385 -0.022500
v 0.006173 0.017065 -0.022000
v 0.005772 0.017385 -0.019500
v 0.006173 0.017065 -0.020000
v 0.005428 0.017111 -0.022500
v 0.005651 0.016649 -0.022000
v 0.005428 0.017111 -0.019500
v 0.005651 0.016649 -0.020000
v 0.005000 0.017013 -0.022500
v 0.005000 0.016500 -0.022000
v 0.005000 0.017013 -0.019500
v 0.005000 0.016500 -0.020000
v 0.004572 0.017111 -0.022500
v 0.004349 0.016649 -0.022000
v 0.004572 0.017111 -0.019500
v 0.004349 0.016649 -0.020000
v 0.004228 0.017385 -0.022500
v 0.003827 0.017065 -0.022000
v 0.004228 0.017385 -0.019500
v 0.003827 0.017065 -0.020000
v 0.004038 0.017780 -0.022500
v 0.003538 0.017666 -0.022000
v 0.004038 0.017780 -0.019500
v 0.003538 0.017666 -0.020000
v 0.004038 0.018220 -0.022500
v 0.003538 0.018334 -0.022000
v 0.004038 0.018220 -0.019500
v 0.003538 0.018334 -0.020000
v 0.004228 0.018615 -0.022500
v 0.003827 0.018935 -0.022000
v 0.004228 0.018615 -0.019500
v 0.003827 0.018935 -0.020000
v 0.004572 0.018889 -0.022500
v 0.004349 0.019351 -0.022000
v 0.004572 0.018889 -0.019500
v 0.004349 0.019351 -0.020000
vn 0.1573 0.6894 -0.7071
vn 0.1573 0.6894 0.7071
vn 0.4409 0.5528 -0.7071
vn 0.4409 0.5528 0.7071
vn 0.6371 0.3068 -0.7071
vn 0.6371 0.3068 0.7071
vn 0.7071 -0.0000 -0.7071
vn 0.7071 -0.0000 0.7071
vn 0.6371 -0.3068 -0.7071
vn 0.6371 -0.3068 0.7071
vn 0.4409 -0.5528 -0.7071
vn 0.4409 -0.5528 0.7071
vn 0.1573 -0.6894 -0.7071
vn 0.1573 -0.6894 0.7071
vn -0.1573 -0.6894 -0.7071
vn -0.1573 -0.6894 0.7071
vn -0.4409 -0.5528 -0.7071
vn -0.4409 -0.5528 0.7071
vn -0.6371 -0.3068 -0.7071
vn -0.6371 -0.3068 0.7071
vn -0.7071 -0.0000 -0.7071
vn -0.7071 -0.0000 0.7071
vn -0.6371 0.3068 -0.7071
vn -0.6371 0.3068 0.7071
vn -0.4409 0.5528 -0.7071
vn -0.4409 0.5528 0.7071
vn -0.1573 0.6894 -0.7071
vn -0.1573 0.6894 0.7071
vn -0.0000 -0.0000 -1.0000
vn 0.2225 0.9749 -0.0000
vn -0.2225 0.9749 -0.0000
vn -0.0000 -0.0000 1.0000
vn 0.6235 0.7818 -0.0000
vn 0.9010 0.4339 -0.0000
vn 1.0000 -0.0000 -0.0000
vn 0.9010 -0.4339 -0.0000
vn 0.6235 -0.7818 -0.0000
vn 0.2225 -0.9749 -0.0000
vn -0.2225 -0.9749 -0.0000
vn -0.6235 -0.7818 -0.0000
vn -0.9010 -0.4339 -0.0000
vn -1.0000 -0.0000 -0.0000
vn -0.9010 0.4339 -0.0000
vn -0.6235 0.7818 -0.0000
vt 0.445033 0.937172
vt 0.449362 0.931002
vt 0.451610 0.935671
vt 0.883047 0.639322
vt 0.888099 0.633729
vt 0.888099 0.638168
vt 0.438457 0.935671
vt 0.445033 0.931990
vt 0.885974 0.645399
vt 0.890025 0.642168
vt 0.869498 0.879294
vt 0.864284 0.884522
vt 0.863209 0.879294
vt 0.891248 0.649605
vt 0.893496 0.644936
vt 0.876478 0.879294
vt 0.869557 0.884522
vt 0.897824 0.645924
vt 0.897824 0.651107
vt 0.881692 0.884522
vt 0.876419 0.884522
vt 0.902152 0.644936
vt 0.904401 0.649605
vt 0.494511 0.826412
vt 0.499229 0.831872
vt 0.495288 0.831872
vt 0.905623 0.642168
vt 0.909675 0.645399
vt 0.499056 0.826412
vt 0.505686 0.831872
vt 0.907550 0.638168
vt 0.912602 0.639322
vt 0.512913 0.826412
vt 0.505624 0.826412
vt 0.912602 0.632576
vt 0.907550 0.633729
vt 0.519481 0.826412
vt 0.512852 0.831872
vt 0.909675 0.626498
vt 0.905623 0.629729
vt 0.713303 0.375608
vt 0.708089 0.380836
vt 0.707014 0.375608
vt 0.904401 0.622292
vt 0.902152 0.626961
vt 0.720283 0.375608
vt 0.713362 0.380836
vt 0.897824 0.625973
vt 0.897824 0.620791
vt 0.725497 0.380836
vt 0.720224 0.380836
vt 0.893496 0.626961
vt 0.891248 0.622292
vt 0.459811 0.925387
vt 0.452832 0.928234
vt 0.454759 0.924234
vt 0.890025 0.629729
vt 0.885974 0.626498
vt 0.456884 0.931465
vt 0.883047 0.632576
vt 0.437234 0.928234
vt 0.440705 0.913027
vt 0.454759 0.919795
vt 0.664172 0.786424
vt 0.686012 0.779857
vt 0.686012 0.786424
vt 0.664172 0.793714
vt 0.686012 0.793714
vt 0.664172 0.779857
vt 0.686012 0.775312
vt 0.863209 0.858381
vt 0.869498 0.858381
vt 0.876478 0.858381
vt 0.882767 0.879294
vt 0.494511 0.804572
vt 0.499056 0.804572
vt 0.505624 0.804572
vt 0.512913 0.804572
vt 0.707014 0.354695
vt 0.713303 0.354695
vt 0.720283 0.354695
vt 0.726572 0.375608
vt 0.664172 0.800282
vt 0.686012 0.800282
vt 0.440705 0.931002
vt 0.518359 0.831872
vt 0.435308 0.924234
vt 0.435308 0.919795
vt 0.437234 0.915795
vt 0.445033 0.912039
vt 0.449361 0.913027
vt 0.452832 0.915795
vt 0.664172 0.775312
vt 0.882767 0.858381
vt 0.519481 0.804572
vt 0.726572 0.354695
s 0
usemtl MAT_detail_dark_metal
f 3800/5169/3336 3795/5170/3336 3796/5171/3336
f 3802/5172/3337 3797/5173/3337 3801/5174/3337
f 3804/5175/3338 3799/5176/3338 3800/5169/3338
f 3806/5177/3339 3801/5174/3339 3805/5178/3339
f 3808/5179/3340 3803/5180/3340 3804/5181/3340
f 3810/5182/3341 3805/5178/3341 3809/5183/3341
f 3812/5184/3342 3807/5185/3342 3808/5179/3342
f 3810/5182/3343 3813/5186/3343 3814/5187/3343
f 3812/5184/3344 3815/5188/3344 3811/5189/3344
f 3814/5187/3345 3817/5190/3345 3818/5191/3345
f 3816/5192/3346 3819/5193/3346 3815/5194/3346
f 3818/5191/3347 3821/5195/3347 3822/5196/3347
f 3820/5197/3348 3823/5198/3348 3819/5193/3348
f 3822/5196/3349 3825/5199/3349 3826/5200/3349
f 3828/5201/3350 3823/5198/3350 3824/5202/3350
f 3830/5203/3351 3825/5199/3351 3829/5204/3351
f 3832/5205/3352 3827/5206/3352 3828/5201/3352
f 3834/5207/3353 3829/5204/3353 3833/5208/3353
f 3836/5209/3354 3831/5210/3354 3832/5211/3354
f 3838/5212/3355 3833/5208/3355 3837/5213/3355
f 3840/5214/3356 3835/5215/3356 3836/5209/3356
f 3838/5212/3357 3841/5216/3357 3842/5217/3357
f 3840/5214/3358 3843/5218/3358 3839/5219/3358
f 3842/5217/3359 3845/5220/3359 3846/5221/3359
f 3844/5222/3360 3847/5223/3360 3843/5224/3360
f 3846/5221/3361 3849/5225/3361 3850/5226/3361
f 3848/5227/3362 3795/5170/3362 3847/5223/3362
f 3850/5226/3363 3797/5173/3363 3798/5228/3363
f 3807/5229/3364 3823/5230/3364 3839/5231/3364
f 3798/5232/3365 3800/5233/3365 3796/5234/3365
f 3850/5235/3366 3796/5234/3366 3848/5236/3366
f 3845/5220/3367 3829/5204/3367 3813/5186/3367
f 3802/5237/3368 3804/5238/3368 3800/5233/3368
f 3806/5239/3369 3808/5179/3369 3804/5181/3369
f 3810/5240/3370 3812/5184/3370 3808/5179/3370
f 3814/5241/3371 3816/5242/3371 3812/5184/3371
f 3818/5243/3372 3820/5197/3372 3816/5192/3372
f 3822/5244/3373 3824/5202/3373 3820/5197/3373
f 3826/5245/3374 3828/5201/3374 3824/5202/3374
f 3830/5246/3375 3832/5205/3375 3828/5201/3375
f 3834/5247/3376 3836/5209/3376 3832/5211/3376
f 3838/5248/3377 3840/5214/3377 3836/5209/3377
f 3842/5249/3378 3844/5250/3378 3840/5214/3378
f 3846/5251/3379 3848/5236/3379 3844/5252/3379
f 3800/5169/3336 3799/5176/3336 3795/5170/3336
f 3802/5172/3337 3798/5228/3337 3797/5173/3337
f 3804/5175/3338 3803/5253/3338 3799/5176/3338
f 3806/5177/3339 3802/5172/3339 3801/5174/3339
f 3808/5179/3340 3807/5185/3340 3803/5180/3340
f 3810/5182/3341 3806/5177/3341 3805/5178/3341
f 3812/5184/3342 3811/5189/3342 3807/5185/3342
f 3810/5182/3343 3809/5183/3343 3813/5186/3343
f 3812/5184/3344 3816/5242/3344 3815/5188/3344
f 3814/5187/3345 3813/5186/3345 3817/5190/3345
f 3816/5192/3346 3820/5197/3346 3819/5193/3346
f 3818/5191/3347 3817/5190/3347 3821/5195/3347
f 3820/5197/3348 3824/5202/3348 3823/5198/3348
f 3822/5196/3349 3821/5195/3349 3825/5199/3349
f 3828/5201/3350 3827/5206/3350 3823/5198/3350
f 3830/5203/3351 3826/5200/3351 3825/5199/3351
f 3832/5205/3352 3831/5254/3352 3827/5206/3352
f 3834/5207/3353 3830/5203/3353 3829/5204/3353
f 3836/5209/3354 3835/5215/3354 3831/5210/3354
f 3838/5212/3355 3834/5207/3355 3833/5208/3355
f 3840/5214/3356 3839/5219/3356 3835/5215/3356
f 3838/5212/3357 3837/5213/3357 3841/5216/3357
f 3840/5214/3358 3844/5250/3358 3843/5218/3358
f 3842/5217/3359 3841/5216/3359 3845/5220/3359
f 3844/5222/3360 3848/5227/3360 3847/5223/3360
f 3846/5221/3361 3845/5220/3361 3849/5225/3361
f 3848/5227/3362 3796/5171/3362 3795/5170/3362
f 3850/5226/3363 3849/5225/3363 3797/5173/3363
f 3847/5223/3364 3795/5170/3364 3799/5176/3364
f 3799/5176/3364 3803/5253/3364 3807/5229/3364
f 3807/5229/3364 3811/5255/3364 3815/5256/3364
f 3815/5256/3364 3819/5257/3364 3823/5230/3364
f 3823/5230/3364 3827/5258/3364 3831/5259/3364
f 3831/5259/3364 3835/5260/3364 3839/5231/3364
f 3839/5231/3364 3843/5224/3364 3847/5223/3364
f 3847/5223/3364 3799/5176/3364 3807/5229/3364
f 3807/5229/3364 3815/5256/3364 3823/5230/3364
f 3823/5230/3364 3831/5259/3364 3839/5231/3364
f 3839/5231/3364 3847/5223/3364 3807/5229/3364
f 3798/5232/3365 3802/5237/3365 3800/5233/3365
f 3850/5235/3366 3798/5232/3366 3796/5234/3366
f 3805/5178/3367 3801/5174/3367 3797/5173/3367
f 3797/5173/3367 3849/5225/3367 3845/5220/3367
f 3845/5220/3367 3841/5216/3367 3837/5213/3367
f 3837/5213/3367 3833/5208/3367 3829/5204/3367
f 3829/5204/3367 3825/5199/3367 3821/5195/3367
f 3821/5195/3367 3817/5190/3367 3813/5186/3367
f 3813/5186/3367 3809/5183/3367 3805/5178/3367
f 3805/5178/3367 3797/5173/3367 3845/5220/3367
f 3845/5220/3367 3837/5213/3367 3829/5204/3367
f 3829/5204/3367 3821/5195/3367 3813/5186/3367
f 3813/5186/3367 3805/5178/3367 3845/5220/3367
f 3802/5237/3368 3806/5261/3368 3804/5238/3368
f 3806/5239/3369 3810/5240/3369 3808/5179/3369
f 3810/5240/3370 3814/5241/3370 3812/5184/3370
f 3814/5241/3371 3818/5262/3371 3816/5242/3371
f 3818/5243/3372 3822/5244/3372 3820/5197/3372
f 3822/5244/3373 3826/5245/3373 3824/5202/3373
f 3826/5245/3374 3830/5246/3374 3828/5201/3374
f 3830/5246/3375 3834/5263/3375 3832/5205/3375
f 3834/5247/3376 3838/5248/3376 3836/5209/3376
f 3838/5248/3377 3842/5249/3377 3840/5214/3377
f 3842/5249/3378 3846/5264/3378 3844/5250/3378
f 3846/5251/3379 3850/5235/3379 3848/5236/3379
o AK_rivet_receiver_004
v -0.155000 -0.017013 -0.022500
v -0.155000 -0.016500 -0.022000
v -0.155000 -0.017013 -0.019500
v -0.155000 -0.016500 -0.020000
v -0.154572 -0.017111 -0.022500
v -0.154349 -0.016649 -0.022000
v -0.154572 -0.017111 -0.019500
v -0.154349 -0.016649 -0.020000
v -0.154228 -0.017385 -0.022500
v -0.153827 -0.017065 -0.022000
v -0.154228 -0.017385 -0.019500
v -0.153827 -0.017065 -0.020000
v -0.154038 -0.017780 -0.022500
v -0.153538 -0.017666 -0.022000
v -0.154038 -0.017780 -0.019500
v -0.153538 -0.017666 -0.020000
v -0.154038 -0.018220 -0.022500
v -0.153538 -0.018334 -0.022000
v -0.154038 -0.018220 -0.019500
v -0.153538 -0.018334 -0.020000
v -0.154228 -0.018615 -0.022500
v -0.153827 -0.018935 -0.022000
v -0.154228 -0.018615 -0.019500
v -0.153827 -0.018935 -0.020000
v -0.154572 -0.018889 -0.022500
v -0.154349 -0.019351 -0.022000
v -0.154572 -0.018889 -0.019500
v -0.154349 -0.019351 -0.020000
v -0.155000 -0.018987 -0.022500
v -0.155000 -0.019500 -0.022000
v -0.155000 -0.018987 -0.019500
v -0.155000 -0.019500 -0.020000
v -0.155428 -0.018889 -0.022500
v -0.155651 -0.019351 -0.022000
v -0.155428 -0.018889 -0.019500
v -0.155651 -0.019351 -0.020000
v -0.155772 -0.018615 -0.022500
v -0.156173 -0.018935 -0.022000
v -0.155772 -0.018615 -0.019500
v -0.156173 -0.018935 -0.020000
v -0.155962 -0.018220 -0.022500
v -0.156462 -0.018334 -0.022000
v -0.155962 -0.018220 -0.019500
v -0.156462 -0.018334 -0.020000
v -0.155962 -0.017780 -0.022500
v -0.156462 -0.017666 -0.022000
v -0.155962 -0.017780 -0.019500
v -0.156462 -0.017666 -0.020000
v -0.155772 -0.017385 -0.022500
v -0.156173 -0.017065 -0.022000
v -0.155772 -0.017385 -0.019500
v -0.156173 -0.017065 -0.020000
v -0.155428 -0.017111 -0.022500
v -0.155651 -0.016649 -0.022000
v -0.155428 -0.017111 -0.019500
v -0.155651 -0.016649 -0.020000
vn 0.1573 0.6894 -0.7071
vn 0.1573 0.6894 0.7071
vn 0.4409 0.5528 -0.7071
vn 0.4409 0.5528 0.7071
vn 0.6371 0.3068 -0.7071
vn 0.6371 0.3068 0.7071
vn 0.7071 -0.0000 -0.7071
vn 0.7071 -0.0000 0.7071
vn 0.6371 -0.3068 -0.7071
vn 0.6371 -0.3068 0.7071
vn 0.4409 -0.5528 -0.7071
vn 0.4409 -0.5528 0.7071
vn 0.1573 -0.6894 -0.7071
vn 0.1573 -0.6894 0.7071
vn -0.1573 -0.6894 -0.7071
vn -0.1573 -0.6894 0.7071
vn -0.4409 -0.5528 -0.7071
vn -0.4409 -0.5528 0.7071
vn -0.6371 -0.3068 -0.7071
vn -0.6371 -0.3068 0.7071
vn -0.7071 -0.0000 -0.7071
vn -0.7071 -0.0000 0.7071
vn -0.6371 0.3068 -0.7071
vn -0.6371 0.3068 0.7071
vn -0.4409 0.5528 -0.7071
vn -0.4409 0.5528 0.7071
vn -0.1573 0.6894 -0.7071
vn -0.1573 0.6894 0.7071
vn -0.0000 -0.0000 -1.0000
vn 0.2225 0.9749 -0.0000
vn -0.2225 0.9749 -0.0000
vn -0.0000 -0.0000 1.0000
vn 0.6235 0.7818 -0.0000
vn 0.9010 0.4339 -0.0000
vn 1.0000 -0.0000 -0.0000
vn 0.9010 -0.4339 -0.0000
vn 0.6235 -0.7818 -0.0000
vn 0.2225 -0.9749 -0.0000
vn -0.2225 -0.9749 -0.0000
vn -0.6235 -0.7818 -0.0000
vn -0.9010 -0.4339 -0.0000
vn -1.0000 -0.0000 -0.0000
vn -0.9010 0.4339 -0.0000
vn -0.6235 0.7818 -0.0000
vt 0.922395 0.566866
vt 0.926723 0.560696
vt 0.928971 0.565365
vt 0.244225 0.914857
vt 0.249278 0.909265
vt 0.249278 0.913704
vt 0.915818 0.565365
vt 0.922395 0.561684
vt 0.247152 0.920935
vt 0.251204 0.917704
vt 0.871253 0.591473
vt 0.866039 0.596701
vt 0.864964 0.591473
vt 0.252426 0.925141
vt 0.254675 0.920472
vt 0.878233 0.591473
vt 0.871312 0.596701
vt 0.259003 0.921460
vt 0.259003 0.926642
vt 0.883447 0.596701
vt 0.878174 0.596701
vt 0.263331 0.920472
vt 0.265580 0.925141
vt 0.843962 0.791507
vt 0.849422 0.786789
vt 0.849422 0.790730
vt 0.266802 0.917704
vt 0.270854 0.920935
vt 0.843962 0.786962
vt 0.849422 0.780332
vt 0.268728 0.913704
vt 0.273781 0.914857
vt 0.843962 0.773104
vt 0.843962 0.780394
vt 0.273781 0.908111
vt 0.268728 0.909265
vt 0.843962 0.766536
vt 0.849422 0.773166
vt 0.270854 0.902034
vt 0.266802 0.905265
vt 0.272796 0.865254
vt 0.267583 0.870482
vt 0.266508 0.865254
vt 0.265580 0.897828
vt 0.263331 0.902497
vt 0.279777 0.865254
vt 0.272856 0.870482
vt 0.259003 0.901509
vt 0.259003 0.896327
vt 0.284991 0.870482
vt 0.279718 0.870482
vt 0.254675 0.902497
vt 0.252426 0.897828
vt 0.937172 0.555082
vt 0.930193 0.557928
vt 0.932120 0.553928
vt 0.251204 0.905265
vt 0.247152 0.902034
vt 0.934245 0.561159
vt 0.244225 0.908111
vt 0.914595 0.557928
vt 0.918066 0.542721
vt 0.932120 0.549489
vt 0.627317 0.832054
vt 0.649157 0.825487
vt 0.649157 0.832054
vt 0.627317 0.839344
vt 0.649157 0.839344
vt 0.627317 0.825487
vt 0.649157 0.820942
vt 0.864964 0.570561
vt 0.871253 0.570561
vt 0.878233 0.570561
vt 0.884522 0.591473
vt 0.822122 0.791507
vt 0.822122 0.786962
vt 0.822122 0.780394
vt 0.822122 0.773104
vt 0.266508 0.844341
vt 0.272796 0.844341
vt 0.279777 0.844341
vt 0.286066 0.865254
vt 0.627317 0.845912
vt 0.649157 0.845912
vt 0.918066 0.560696
vt 0.849422 0.767659
vt 0.912669 0.553928
vt 0.912669 0.549489
vt 0.914596 0.545489
vt 0.922395 0.541733
vt 0.926723 0.542721
vt 0.930193 0.545489
vt 0.627317 0.820942
vt 0.884522 0.570561
vt 0.822122 0.766537
vt 0.286066 0.844341
s 0
usemtl MAT_detail_dark_metal
f 3856/5265/3380 3851/5266/3380 3852/5267/3380
f 3858/5268/3381 3853/5269/3381 3857/5270/3381
f 3860/5271/3382 3855/5272/3382 3856/5265/3382
f 3862/5273/3383 3857/5270/3383 3861/5274/3383
f 3864/5275/3384 3859/5276/3384 3860/5277/3384
f 3866/5278/3385 3861/5274/3385 3865/5279/3385
f 3868/5280/3386 3863/5281/3386 3864/5275/3386
f 3866/5278/3387 3869/5282/3387 3870/5283/3387
f 3868/5280/3388 3871/5284/3388 3867/5285/3388
f 3870/5283/3389 3873/5286/3389 3874/5287/3389
f 3872/5288/3390 3875/5289/3390 3871/5290/3390
f 3874/5287/3391 3877/5291/3391 3878/5292/3391
f 3876/5293/3392 3879/5294/3392 3875/5289/3392
f 3878/5292/3393 3881/5295/3393 3882/5296/3393
f 3884/5297/3394 3879/5294/3394 3880/5298/3394
f 3886/5299/3395 3881/5295/3395 3885/5300/3395
f 3888/5301/3396 3883/5302/3396 3884/5297/3396
f 3890/5303/3397 3885/5300/3397 3889/5304/3397
f 3892/5305/3398 3887/5306/3398 3888/5307/3398
f 3894/5308/3399 3889/5304/3399 3893/5309/3399
f 3896/5310/3400 3891/5311/3400 3892/5305/3400
f 3894/5308/3401 3897/5312/3401 3898/5313/3401
f 3896/5310/3402 3899/5314/3402 3895/5315/3402
f 3898/5313/3403 3901/5316/3403 3902/5317/3403
f 3900/5318/3404 3903/5319/3404 3899/5320/3404
f 3902/5317/3405 3905/5321/3405 3906/5322/3405
f 3904/5323/3406 3851/5266/3406 3903/5319/3406
f 3906/5322/3407 3853/5269/3407 3854/5324/3407
f 3863/5325/3408 3879/5326/3408 3895/5327/3408
f 3854/5328/3409 3856/5329/3409 3852/5330/3409
f 3906/5331/3410 3852/5330/3410 3904/5332/3410
f 3901/5316/3411 3885/5300/3411 3869/5282/3411
f 3858/5333/3412 3860/5334/3412 3856/5329/3412
f 3862/5335/3413 3864/5275/3413 3860/5277/3413
f 3866/5336/3414 3868/5280/3414 3864/5275/3414
f 3870/5337/3415 3872/5338/3415 3868/5280/3415
f 3874/5339/3416 3876/5293/3416 3872/5288/3416
f 3878/5340/3417 3880/5298/3417 3876/5293/3417
f 3882/5341/3418 3884/5297/3418 3880/5298/3418
f 3886/5342/3419 3888/5301/3419 3884/5297/3419
f 3890/5343/3420 3892/5305/3420 3888/5307/3420
f 3894/5344/3421 3896/5310/3421 3892/5305/3421
f 3898/5345/3422 3900/5346/3422 3896/5310/3422
f 3902/5347/3423 3904/5332/3423 3900/5348/3423
f 3856/5265/3380 3855/5272/3380 3851/5266/3380
f 3858/5268/3381 3854/5324/3381 3853/5269/3381
f 3860/5271/3382 3859/5349/3382 3855/5272/3382
f 3862/5273/3383 3858/5268/3383 3857/5270/3383
f 3864/5275/3384 3863/5281/3384 3859/5276/3384
f 3866/5278/3385 3862/5273/3385 3861/5274/3385
f 3868/5280/3386 3867/5285/3386 3863/5281/3386
f 3866/5278/3387 3865/5279/3387 3869/5282/3387
f 3868/5280/3388 3872/5338/3388 3871/5284/3388
f 3870/5283/3389 3869/5282/3389 3873/5286/3389
f 3872/5288/3390 3876/5293/3390 3875/5289/3390
f 3874/5287/3391 3873/5286/3391 3877/5291/3391
f 3876/5293/3392 3880/5298/3392 3879/5294/3392
f 3878/5292/3393 3877/5291/3393 3881/5295/3393
f 3884/5297/3394 3883/5302/3394 3879/5294/3394
f 3886/5299/3395 3882/5296/3395 3881/5295/3395
f 3888/5301/3396 3887/5350/3396 3883/5302/3396
f 3890/5303/3397 3886/5299/3397 3885/5300/3397
f 3892/5305/3398 3891/5311/3398 3887/5306/3398
f 3894/5308/3399 3890/5303/3399 3889/5304/3399
f 3896/5310/3400 3895/5315/3400 3891/5311/3400
f 3894/5308/3401 3893/5309/3401 3897/5312/3401
f 3896/5310/3402 3900/5346/3402 3899/5314/3402
f 3898/5313/3403 3897/5312/3403 3901/5316/3403
f 3900/5318/3404 3904/5323/3404 3903/5319/3404
f 3902/5317/3405 3901/5316/3405 3905/5321/3405
f 3904/5323/3406 3852/5267/3406 3851/5266/3406
f 3906/5322/3407 3905/5321/3407 3853/5269/3407
f 3903/5319/3408 3851/5266/3408 3855/5272/3408
f 3855/5272/3408 3859/5349/3408 3863/5325/3408
f 3863/5325/3408 3867/5351/3408 3871/5352/3408
f 3871/5352/3408 3875/5353/3408 3879/5326/3408
f 3879/5326/3408 3883/5354/3408 3887/5355/3408
f 3887/5355/3408 3891/5356/3408 3895/5327/3408
f 3895/5327/3408 3899/5320/3408 3903/5319/3408
f 3903/5319/3408 3855/5272/3408 3863/5325/3408
f 3863/5325/3408 3871/5352/3408 3879/5326/3408
f 3879/5326/3408 3887/5355/3408 3895/5327/3408
f 3895/5327/3408 3903/5319/3408 3863/5325/3408
f 3854/5328/3409 3858/5333/3409 3856/5329/3409
f 3906/5331/3410 3854/5328/3410 3852/5330/3410
f 3861/5274/3411 3857/5270/3411 3853/5269/3411
f 3853/5269/3411 3905/5321/3411 3901/5316/3411
f 3901/5316/3411 3897/5312/3411 3893/5309/3411
f 3893/5309/3411 3889/5304/3411 3885/5300/3411
f 3885/5300/3411 3881/5295/3411 3877/5291/3411
f 3877/5291/3411 3873/5286/3411 3869/5282/3411
f 3869/5282/3411 3865/5279/3411 3861/5274/3411
f 3861/5274/3411 3853/5269/3411 3901/5316/3411
f 3901/5316/3411 3893/5309/3411 3885/5300/3411
f 3885/5300/3411 3877/5291/3411 3869/5282/3411
f 3869/5282/3411 3861/5274/3411 3901/5316/3411
f 3858/5333/3412 3862/5357/3412 3860/5334/3412
f 3862/5335/3413 3866/5336/3413 3864/5275/3413
f 3866/5336/3414 3870/5337/3414 3868/5280/3414
f 3870/5337/3415 3874/5358/3415 3872/5338/3415
f 3874/5339/3416 3878/5340/3416 3876/5293/3416
f 3878/5340/3417 3882/5341/3417 3880/5298/3417
f 3882/5341/3418 3886/5342/3418 3884/5297/3418
f 3886/5342/3419 3890/5359/3419 3888/5301/3419
f 3890/5343/3420 3894/5344/3420 3892/5305/3420
f 3894/5344/3421 3898/5345/3421 3896/5310/3421
f 3898/5345/3422 3902/5360/3422 3900/5346/3422
f 3902/5347/3423 3906/5331/3423 3904/5332/3423
o AK_rivet_receiver_005
v -0.075000 -0.017013 -0.022500
v -0.075000 -0.016500 -0.022000
v -0.075000 -0.017013 -0.019500
v -0.075000 -0.016500 -0.020000
v -0.074572 -0.017111 -0.022500
v -0.074349 -0.016649 -0.022000
v -0.074572 -0.017111 -0.019500
v -0.074349 -0.016649 -0.020000
v -0.074228 -0.017385 -0.022500
v -0.073827 -0.017065 -0.022000
v -0.074228 -0.017385 -0.019500
v -0.073827 -0.017065 -0.020000
v -0.074038 -0.017780 -0.022500
v -0.073538 -0.017666 -0.022000
v -0.074038 -0.017780 -0.019500
v -0.073538 -0.017666 -0.020000
v -0.074038 -0.018220 -0.022500
v -0.073538 -0.018334 -0.022000
v -0.074038 -0.018220 -0.019500
v -0.073538 -0.018334 -0.020000
v -0.074228 -0.018615 -0.022500
v -0.073827 -0.018935 -0.022000
v -0.074228 -0.018615 -0.019500
v -0.073827 -0.018935 -0.020000
v -0.074572 -0.018889 -0.022500
v -0.074349 -0.019351 -0.022000
v -0.074572 -0.018889 -0.019500
v -0.074349 -0.019351 -0.020000
v -0.075000 -0.018987 -0.022500
v -0.075000 -0.019500 -0.022000
v -0.075000 -0.018987 -0.019500
v -0.075000 -0.019500 -0.020000
v -0.075428 -0.018889 -0.022500
v -0.075651 -0.019351 -0.022000
v -0.075428 -0.018889 -0.019500
v -0.075651 -0.019351 -0.020000
v -0.075772 -0.018615 -0.022500
v -0.076173 -0.018935 -0.022000
v -0.075772 -0.018615 -0.019500
v -0.076173 -0.018935 -0.020000
v -0.075962 -0.018220 -0.022500
v -0.076462 -0.018334 -0.022000
v -0.075962 -0.018220 -0.019500
v -0.076462 -0.018334 -0.020000
v -0.075962 -0.017780 -0.022500
v -0.076462 -0.017666 -0.022000
v -0.075962 -0.017780 -0.019500
v -0.076462 -0.017666 -0.020000
v -0.075772 -0.017385 -0.022500
v -0.076173 -0.017065 -0.022000
v -0.075772 -0.017385 -0.019500
v -0.076173 -0.017065 -0.020000
v -0.075428 -0.017111 -0.022500
v -0.075651 -0.016649 -0.022000
v -0.075428 -0.017111 -0.019500
v -0.075651 -0.016649 -0.020000
vn 0.1573 0.6894 -0.7071
vn 0.1573 0.6894 0.7071
vn 0.4409 0.5528 -0.7071
vn 0.4409 0.5528 0.7071
vn 0.6371 0.3068 -0.7071
vn 0.6371 0.3068 0.7071
vn 0.7071 -0.0000 -0.7071
vn 0.7071 -0.0000 0.7071
vn 0.6371 -0.3068 -0.7071
vn 0.6371 -0.3068 0.7071
vn 0.4409 -0.5528 -0.7071
vn 0.4409 -0.5528 0.7071
vn 0.1573 -0.6894 -0.7071
vn 0.1573 -0.6894 0.7071
vn -0.1573 -0.6894 -0.7071
vn -0.1573 -0.6894 0.7071
vn -0.4409 -0.5528 -0.7071
vn -0.4409 -0.5528 0.7071
vn -0.6371 -0.3068 -0.7071
vn -0.6371 -0.3068 0.7071
vn -0.7071 -0.0000 -0.7071
vn -0.7071 -0.0000 0.7071
vn -0.6371 0.3068 -0.7071
vn -0.6371 0.3068 0.7071
vn -0.4409 0.5528 -0.7071
vn -0.4409 0.5528 0.7071
vn -0.1573 0.6894 -0.7071
vn -0.1573 0.6894 0.7071
vn -0.0000 -0.0000 -1.0000
vn 0.2225 0.9749 -0.0000
vn -0.2225 0.9749 -0.0000
vn -0.0000 -0.0000 1.0000
vn 0.6235 0.7818 -0.0000
vn 0.9010 0.4339 -0.0000
vn 1.0000 -0.0000 -0.0000
vn 0.9010 -0.4339 -0.0000
vn 0.6235 -0.7818 -0.0000
vn 0.2225 -0.9749 -0.0000
vn -0.2225 -0.9749 -0.0000
vn -0.6235 -0.7818 -0.0000
vn -0.9010 -0.4339 -0.0000
vn -1.0000 -0.0000 -0.0000
vn -0.9010 0.4339 -0.0000
vn -0.6235 0.7818 -0.0000
vt 0.513479 0.940682
vt 0.517807 0.934512
vt 0.520055 0.939181
vt 0.897087 0.030335
vt 0.902139 0.024743
vt 0.902139 0.029182
vt 0.506902 0.939181
vt 0.513478 0.935500
vt 0.900014 0.036413
vt 0.904065 0.033182
vt 0.481642 0.882804
vt 0.476428 0.888032
vt 0.475353 0.882804
vt 0.905288 0.040619
vt 0.907536 0.035950
vt 0.488622 0.882804
vt 0.481701 0.888032
vt 0.911864 0.036938
vt 0.911864 0.042120
vt 0.493836 0.888032
vt 0.488563 0.888032
vt 0.916192 0.035950
vt 0.918441 0.040619
vt 0.445576 0.852932
vt 0.451036 0.848214
vt 0.451036 0.852155
vt 0.919663 0.033182
vt 0.923715 0.036413
vt 0.445576 0.848387
vt 0.451036 0.841758
vt 0.921590 0.029182
vt 0.926642 0.030335
vt 0.445576 0.834529
vt 0.445576 0.841819
vt 0.926642 0.023589
vt 0.921590 0.024743
vt 0.445576 0.827962
vt 0.451036 0.834591
vt 0.923715 0.017512
vt 0.919663 0.020743
vt 0.629062 0.893334
vt 0.623849 0.898562
vt 0.622773 0.893334
vt 0.918441 0.013306
vt 0.916193 0.017975
vt 0.636043 0.893334
vt 0.629122 0.898562
vt 0.911864 0.016987
vt 0.911864 0.011805
vt 0.641256 0.898562
vt 0.635984 0.898562
vt 0.907536 0.017975
vt 0.905288 0.013306
vt 0.528256 0.928898
vt 0.521277 0.931744
vt 0.523204 0.927744
vt 0.904065 0.020743
vt 0.900014 0.017512
vt 0.525329 0.934975
vt 0.897087 0.023589
vt 0.505679 0.931744
vt 0.509150 0.916537
vt 0.523204 0.923305
vt 0.362311 0.839074
vt 0.384151 0.832507
vt 0.384151 0.839074
vt 0.362311 0.846364
vt 0.384151 0.846364
vt 0.362311 0.832507
vt 0.384151 0.827962
vt 0.475353 0.861892
vt 0.481642 0.861892
vt 0.488622 0.861892
vt 0.494911 0.882804
vt 0.423736 0.852932
vt 0.423736 0.848387
vt 0.423736 0.841819
vt 0.423736 0.834529
vt 0.622773 0.872422
vt 0.629062 0.872422
vt 0.636043 0.872422
vt 0.642332 0.893334
vt 0.362311 0.852932
vt 0.384151 0.852932
vt 0.509150 0.934512
vt 0.451036 0.829084
vt 0.503753 0.927744
vt 0.503753 0.923305
vt 0.505680 0.919305
vt 0.513479 0.915549
vt 0.517807 0.916537
vt 0.521277 0.919305
vt 0.362311 0.827962
vt 0.494911 0.861891
vt 0.423736 0.827962
vt 0.642332 0.872422
s 0
usemtl MAT_detail_dark_metal
f 3912/5361/3424 3907/5362/3424 3908/5363/3424
f 3914/5364/3425 3909/5365/3425 3913/5366/3425
f 3916/5367/3426 3911/5368/3426 3912/5361/3426
f 3918/5369/3427 3913/5366/3427 3917/5370/3427
f 3920/5371/3428 3915/5372/3428 3916/5373/3428
f 3922/5374/3429 3917/5370/3429 3921/5375/3429
f 3924/5376/3430 3919/5377/3430 3920/5371/3430
f 3922/5374/3431 3925/5378/3431 3926/5379/3431
f 3924/5376/3432 3927/5380/3432 3923/5381/3432
f 3926/5379/3433 3929/5382/3433 3930/5383/3433
f 3928/5384/3434 3931/5385/3434 3927/5386/3434
f 3930/5383/3435 3933/5387/3435 3934/5388/3435
f 3932/5389/3436 3935/5390/3436 3931/5385/3436
f 3934/5388/3437 3937/5391/3437 3938/5392/3437
f 3940/5393/3438 3935/5390/3438 3936/5394/3438
f 3942/5395/3439 3937/5391/3439 3941/5396/3439
f 3944/5397/3440 3939/5398/3440 3940/5393/3440
f 3946/5399/3441 3941/5396/3441 3945/5400/3441
f 3948/5401/3442 3943/5402/3442 3944/5403/3442
f 3950/5404/3443 3945/5400/3443 3949/5405/3443
f 3952/5406/3444 3947/5407/3444 3948/5401/3444
f 3950/5404/3445 3953/5408/3445 3954/5409/3445
f 3952/5406/3446 3955/5410/3446 3951/5411/3446
f 3954/5409/3447 3957/5412/3447 3958/5413/3447
f 3956/5414/3448 3959/5415/3448 3955/5416/3448
f 3958/5413/3449 3961/5417/3449 3962/5418/3449
f 3960/5419/3450 3907/5362/3450 3959/5415/3450
f 3962/5418/3451 3909/5365/3451 3910/5420/3451
f 3919/5421/3452 3935/5422/3452 3951/5423/3452
f 3910/5424/3453 3912/5425/3453 3908/5426/3453
f 3962/5427/3454 3908/5426/3454 3960/5428/3454
f 3957/5412/3455 3941/5396/3455 3925/5378/3455
f 3914/5429/3456 3916/5430/3456 3912/5425/3456
f 3918/5431/3457 3920/5371/3457 3916/5373/3457
f 3922/5432/3458 3924/5376/3458 3920/5371/3458
f 3926/5433/3459 3928/5434/3459 3924/5376/3459
f 3930/5435/3460 3932/5389/3460 3928/5384/3460
f 3934/5436/3461 3936/5394/3461 3932/5389/3461
f 3938/5437/3462 3940/5393/3462 3936/5394/3462
f 3942/5438/3463 3944/5397/3463 3940/5393/3463
f 3946/5439/3464 3948/5401/3464 3944/5403/3464
f 3950/5440/3465 3952/5406/3465 3948/5401/3465
f 3954/5441/3466 3956/5442/3466 3952/5406/3466
f 3958/5443/3467 3960/5428/3467 3956/5444/3467
f 3912/5361/3424 3911/5368/3424 3907/5362/3424
f 3914/5364/3425 3910/5420/3425 3909/5365/3425
f 3916/5367/3426 3915/5445/3426 3911/5368/3426
f 3918/5369/3427 3914/5364/3427 3913/5366/3427
f 3920/5371/3428 3919/5377/3428 3915/5372/3428
f 3922/5374/3429 3918/5369/3429 3917/5370/3429
f 3924/5376/3430 3923/5381/3430 3919/5377/3430
f 3922/5374/3431 3921/5375/3431 3925/5378/3431
f 3924/5376/3432 3928/5434/3432 3927/5380/3432
f 3926/5379/3433 3925/5378/3433 3929/5382/3433
f 3928/5384/3434 3932/5389/3434 3931/5385/3434
f 3930/5383/3435 3929/5382/3435 3933/5387/3435
f 3932/5389/3436 3936/5394/3436 3935/5390/3436
f 3934/5388/3437 3933/5387/3437 3937/5391/3437
f 3940/5393/3438 3939/5398/3438 3935/5390/3438
f 3942/5395/3439 3938/5392/3439 3937/5391/3439
f 3944/5397/3440 3943/5446/3440 3939/5398/3440
f 3946/5399/3441 3942/5395/3441 3941/5396/3441
f 3948/5401/3442 3947/5407/3442 3943/5402/3442
f 3950/5404/3443 3946/5399/3443 3945/5400/3443
f 3952/5406/3444 3951/5411/3444 3947/5407/3444
f 3950/5404/3445 3949/5405/3445 3953/5408/3445
f 3952/5406/3446 3956/5442/3446 3955/5410/3446
f 3954/5409/3447 3953/5408/3447 3957/5412/3447
f 3956/5414/3448 3960/5419/3448 3959/5415/3448
f 3958/5413/3449 3957/5412/3449 3961/5417/3449
f 3960/5419/3450 3908/5363/3450 3907/5362/3450
f 3962/5418/3451 3961/5417/3451 3909/5365/3451
f 3959/5415/3452 3907/5362/3452 3911/5368/3452
f 3911/5368/3452 3915/5445/3452 3919/5421/3452
f 3919/5421/3452 3923/5447/3452 3927/5448/3452
f 3927/5448/3452 3931/5449/3452 3935/5422/3452
f 3935/5422/3452 3939/5450/3452 3943/5451/3452
f 3943/5451/3452 3947/5452/3452 3951/5423/3452
f 3951/5423/3452 3955/5416/3452 3959/5415/3452
f 3959/5415/3452 3911/5368/3452 3919/5421/3452
f 3919/5421/3452 3927/5448/3452 3935/5422/3452
f 3935/5422/3452 3943/5451/3452 3951/5423/3452
f 3951/5423/3452 3959/5415/3452 3919/5421/3452
f 3910/5424/3453 3914/5429/3453 3912/5425/3453
f 3962/5427/3454 3910/5424/3454 3908/5426/3454
f 3917/5370/3455 3913/5366/3455 3909/5365/3455
f 3909/5365/3455 3961/5417/3455 3957/5412/3455
f 3957/5412/3455 3953/5408/3455 3949/5405/3455
f 3949/5405/3455 3945/5400/3455 3941/5396/3455
f 3941/5396/3455 3937/5391/3455 3933/5387/3455
f 3933/5387/3455 3929/5382/3455 3925/5378/3455
f 3925/5378/3455 3921/5375/3455 3917/5370/3455
f 3917/5370/3455 3909/5365/3455 3957/5412/3455
f 3957/5412/3455 3949/5405/3455 3941/5396/3455
f 3941/5396/3455 3933/5387/3455 3925/5378/3455
f 3925/5378/3455 3917/5370/3455 3957/5412/3455
f 3914/5429/3456 3918/5453/3456 3916/5430/3456
f 3918/5431/3457 3922/5432/3457 3920/5371/3457
f 3922/5432/3458 3926/5433/3458 3924/5376/3458
f 3926/5433/3459 3930/5454/3459 3928/5434/3459
f 3930/5435/3460 3934/5436/3460 3932/5389/3460
f 3934/5436/3461 3938/5437/3461 3936/5394/3461
f 3938/5437/3462 3942/5438/3462 3940/5393/3462
f 3942/5438/3463 3946/5455/3463 3944/5397/3463
f 3946/5439/3464 3950/5440/3464 3948/5401/3464
f 3950/5440/3465 3954/5441/3465 3952/5406/3465
f 3954/5441/3466 3958/5456/3466 3956/5442/3466
f 3958/5443/3467 3962/5427/3467 3960/5428/3467
o AK_rivet_receiver_006
v 0.005000 -0.017013 -0.022500
v 0.005000 -0.016500 -0.022000
v 0.005000 -0.017013 -0.019500
v 0.005000 -0.016500 -0.020000
v 0.005428 -0.017111 -0.022500
v 0.005651 -0.016649 -0.022000
v 0.005428 -0.017111 -0.019500
v 0.005651 -0.016649 -0.020000
v 0.005772 -0.017385 -0.022500
v 0.006173 -0.017065 -0.022000
v 0.005772 -0.017385 -0.019500
v 0.006173 -0.017065 -0.020000
v 0.005962 -0.017780 -0.022500
v 0.006462 -0.017666 -0.022000
v 0.005962 -0.017780 -0.019500
v 0.006462 -0.017666 -0.020000
v 0.005962 -0.018220 -0.022500
v 0.006462 -0.018334 -0.022000
v 0.005962 -0.018220 -0.019500
v 0.006462 -0.018334 -0.020000
v 0.005772 -0.018615 -0.022500
v 0.006173 -0.018935 -0.022000
v 0.005772 -0.018615 -0.019500
v 0.006173 -0.018935 -0.020000
v 0.005428 -0.018889 -0.022500
v 0.005651 -0.019351 -0.022000
v 0.005428 -0.018889 -0.019500
v 0.005651 -0.019351 -0.020000
v 0.005000 -0.018987 -0.022500
v 0.005000 -0.019500 -0.022000
v 0.005000 -0.018987 -0.019500
v 0.005000 -0.019500 -0.020000
v 0.004572 -0.018889 -0.022500
v 0.004349 -0.019351 -0.022000
v 0.004572 -0.018889 -0.019500
v 0.004349 -0.019351 -0.020000
v 0.004228 -0.018615 -0.022500
v 0.003827 -0.018935 -0.022000
v 0.004228 -0.018615 -0.019500
v 0.003827 -0.018935 -0.020000
v 0.004038 -0.018220 -0.022500
v 0.003538 -0.018334 -0.022000
v 0.004038 -0.018220 -0.019500
v 0.003538 -0.018334 -0.020000
v 0.004038 -0.017780 -0.022500
v 0.003538 -0.017666 -0.022000
v 0.004038 -0.017780 -0.019500
v 0.003538 -0.017666 -0.020000
v 0.004228 -0.017385 -0.022500
v 0.003827 -0.017065 -0.022000
v 0.004228 -0.017385 -0.019500
v 0.003827 -0.017065 -0.020000
v 0.004572 -0.017111 -0.022500
v 0.004349 -0.016649 -0.022000
v 0.004572 -0.017111 -0.019500
v 0.004349 -0.016649 -0.020000
vn 0.1573 0.6894 -0.7071
vn 0.1573 0.6894 0.7071
vn 0.4409 0.5528 -0.7071
vn 0.4409 0.5528 0.7071
vn 0.6371 0.3068 -0.7071
vn 0.6371 0.3068 0.7071
vn 0.7071 -0.0000 -0.7071
vn 0.7071 -0.0000 0.7071
vn 0.6371 -0.3068 -0.7071
vn 0.6371 -0.3068 0.7071
vn 0.4409 -0.5528 -0.7071
vn 0.4409 -0.5528 0.7071
vn 0.1573 -0.6894 -0.7071
vn 0.1573 -0.6894 0.7071
vn -0.1573 -0.6894 -0.7071
vn -0.1573 -0.6894 0.7071
vn -0.4409 -0.5528 -0.7071
vn -0.4409 -0.5528 0.7071
vn -0.6371 -0.3068 -0.7071
vn -0.6371 -0.3068 0.7071
vn -0.7071 -0.0000 -0.7071
vn -0.7071 -0.0000 0.7071
vn -0.6371 0.3068 -0.7071
vn -0.6371 0.3068 0.7071
vn -0.4409 0.5528 -0.7071
vn -0.4409 0.5528 0.7071
vn -0.1573 0.6894 -0.7071
vn -0.1573 0.6894 0.7071
vn -0.0000 -0.0000 -1.0000
vn 0.2225 0.9749 -0.0000
vn -0.2225 0.9749 -0.0000
vn -0.0000 -0.0000 1.0000
vn 0.6235 0.7818 -0.0000
vn 0.9010 0.4339 -0.0000
vn 1.0000 -0.0000 -0.0000
vn 0.9010 -0.4339 -0.0000
vn 0.6235 -0.7818 -0.0000
vn 0.2225 -0.9749 -0.0000
vn -0.2225 -0.9749 -0.0000
vn -0.6235 -0.7818 -0.0000
vn -0.9010 -0.4339 -0.0000
vn -1.0000 -0.0000 -0.0000
vn -0.9010 0.4339 -0.0000
vn -0.6235 0.7818 -0.0000
vt 0.925905 0.207090
vt 0.930233 0.200920
vt 0.932481 0.205589
vt 0.897087 0.082985
vt 0.902139 0.077393
vt 0.902139 0.081832
vt 0.919328 0.205589
vt 0.925904 0.201908
vt 0.900014 0.089063
vt 0.904065 0.085832
vt 0.874763 0.200107
vt 0.869549 0.205335
vt 0.868474 0.200107
vt 0.905288 0.093269
vt 0.907536 0.088600
vt 0.881743 0.200107
vt 0.874822 0.205335
vt 0.911864 0.089588
vt 0.911864 0.094770
vt 0.886957 0.205335
vt 0.881684 0.205335
vt 0.916192 0.088600
vt 0.918441 0.093269
vt 0.849022 0.077025
vt 0.853740 0.082485
vt 0.849799 0.082485
vt 0.919663 0.085832
vt 0.923715 0.089063
vt 0.853567 0.077025
vt 0.860196 0.082485
vt 0.921590 0.081832
vt 0.926642 0.082985
vt 0.867424 0.077025
vt 0.860135 0.077025
vt 0.926642 0.076239
vt 0.921590 0.077393
vt 0.873992 0.077025
vt 0.867363 0.082485
vt 0.923715 0.070162
vt 0.919663 0.073393
vt 0.769463 0.893334
vt 0.764249 0.898562
vt 0.763174 0.893334
vt 0.918441 0.065956
vt 0.916193 0.070625
vt 0.776443 0.893334
vt 0.769522 0.898562
vt 0.911864 0.069637
vt 0.911864 0.064455
vt 0.781657 0.898562
vt 0.776384 0.898562
vt 0.907536 0.070625
vt 0.905288 0.065956
vt 0.940682 0.195306
vt 0.933704 0.198152
vt 0.935630 0.194152
vt 0.904065 0.073393
vt 0.900014 0.070162
vt 0.937755 0.201383
vt 0.897087 0.076240
vt 0.918105 0.198152
vt 0.921576 0.182945
vt 0.935630 0.189713
vt 0.848839 0.657152
vt 0.855407 0.678992
vt 0.848839 0.678992
vt 0.841550 0.657152
vt 0.841550 0.678992
vt 0.855407 0.657152
vt 0.859952 0.678992
vt 0.868474 0.179195
vt 0.874763 0.179195
vt 0.881743 0.179195
vt 0.888032 0.200107
vt 0.849022 0.055186
vt 0.853567 0.055186
vt 0.860135 0.055186
vt 0.867424 0.055186
vt 0.763174 0.872422
vt 0.769463 0.872422
vt 0.776443 0.872422
vt 0.782732 0.893334
vt 0.834982 0.657152
vt 0.834982 0.678992
vt 0.921576 0.200920
vt 0.872869 0.082485
vt 0.916179 0.194152
vt 0.916179 0.189713
vt 0.918106 0.185713
vt 0.925905 0.181957
vt 0.930233 0.182945
vt 0.933704 0.185713
vt 0.859952 0.657152
vt 0.888032 0.179195
vt 0.873992 0.055186
vt 0.782732 0.872422
s 0
usemtl MAT_detail_dark_metal
f 3968/5457/3468 3963/5458/3468 3964/5459/3468
f 3970/5460/3469 3965/5461/3469 3969/5462/3469
f 3972/5463/3470 3967/5464/3470 3968/5457/3470
f 3974/5465/3471 3969/5462/3471 3973/5466/3471
f 3976/5467/3472 3971/5468/3472 3972/5469/3472
f 3978/5470/3473 3973/5466/3473 3977/5471/3473
f 3980/5472/3474 3975/5473/3474 3976/5467/3474
f 3978/5470/3475 3981/5474/3475 3982/5475/3475
f 3980/5472/3476 3983/5476/3476 3979/5477/3476
f 3982/5475/3477 3985/5478/3477 3986/5479/3477
f 3984/5480/3478 3987/5481/3478 3983/5482/3478
f 3986/5479/3479 3989/5483/3479 3990/5484/3479
f 3988/5485/3480 3991/5486/3480 3987/5481/3480
f 3990/5484/3481 3993/5487/3481 3994/5488/3481
f 3996/5489/3482 3991/5486/3482 3992/5490/3482
f 3998/5491/3483 3993/5487/3483 3997/5492/3483
f 4000/5493/3484 3995/5494/3484 3996/5489/3484
f 4002/5495/3485 3997/5492/3485 4001/5496/3485
f 4004/5497/3486 3999/5498/3486 4000/5499/3486
f 4006/5500/3487 4001/5496/3487 4005/5501/3487
f 4008/5502/3488 4003/5503/3488 4004/5497/3488
f 4006/5500/3489 4009/5504/3489 4010/5505/3489
f 4008/5502/3490 4011/5506/3490 4007/5507/3490
f 4010/5505/3491 4013/5508/3491 4014/5509/3491
f 4012/5510/3492 4015/5511/3492 4011/5512/3492
f 4014/5509/3493 4017/5513/3493 4018/5514/3493
f 4016/5515/3494 3963/5458/3494 4015/5511/3494
f 4018/5514/3495 3965/5461/3495 3966/5516/3495
f 3975/5517/3496 3991/5518/3496 4007/5519/3496
f 3966/5520/3497 3968/5521/3497 3964/5522/3497
f 4018/5523/3498 3964/5522/3498 4016/5524/3498
f 4013/5508/3499 3997/5492/3499 3981/5474/3499
f 3970/5525/3500 3972/5526/3500 3968/5521/3500
f 3974/5527/3501 3976/5467/3501 3972/5469/3501
f 3978/5528/3502 3980/5472/3502 3976/5467/3502
f 3982/5529/3503 3984/5530/3503 3980/5472/3503
f 3986/5531/3504 3988/5485/3504 3984/5480/3504
f 3990/5532/3505 3992/5490/3505 3988/5485/3505
f 3994/5533/3506 3996/5489/3506 3992/5490/3506
f 3998/5534/3507 4000/5493/3507 3996/5489/3507
f 4002/5535/3508 4004/5497/3508 4000/5499/3508
f 4006/5536/3509 4008/5502/3509 4004/5497/3509
f 4010/5537/3510 4012/5538/3510 4008/5502/3510
f 4014/5539/3511 4016/5524/3511 4012/5540/3511
f 3968/5457/3468 3967/5464/3468 3963/5458/3468
f 3970/5460/3469 3966/5516/3469 3965/5461/3469
f 3972/5463/3470 3971/5541/3470 3967/5464/3470
f 3974/5465/3471 3970/5460/3471 3969/5462/3471
f 3976/5467/3472 3975/5473/3472 3971/5468/3472
f 3978/5470/3473 3974/5465/3473 3973/5466/3473
f 3980/5472/3474 3979/5477/3474 3975/5473/3474
f 3978/5470/3475 3977/5471/3475 3981/5474/3475
f 3980/5472/3476 3984/5530/3476 3983/5476/3476
f 3982/5475/3477 3981/5474/3477 3985/5478/3477
f 3984/5480/3478 3988/5485/3478 3987/5481/3478
f 3986/5479/3479 3985/5478/3479 3989/5483/3479
f 3988/5485/3480 3992/5490/3480 3991/5486/3480
f 3990/5484/3481 3989/5483/3481 3993/5487/3481
f 3996/5489/3482 3995/5494/3482 3991/5486/3482
f 3998/5491/3483 3994/5488/3483 3993/5487/3483
f 4000/5493/3484 3999/5542/3484 3995/5494/3484
f 4002/5495/3485 3998/5491/3485 3997/5492/3485
f 4004/5497/3486 4003/5503/3486 3999/5498/3486
f 4006/5500/3487 4002/5495/3487 4001/5496/3487
f 4008/5502/3488 4007/5507/3488 4003/5503/3488
f 4006/5500/3489 4005/5501/3489 4009/5504/3489
f 4008/5502/3490 4012/5538/3490 4011/5506/3490
f 4010/5505/3491 4009/5504/3491 4013/5508/3491
f 4012/5510/3492 4016/5515/3492 4015/5511/3492
f 4014/5509/3493 4013/5508/3493 4017/5513/3493
f 4016/5515/3494 3964/5459/3494 3963/5458/3494
f 4018/5514/3495 4017/5513/3495 3965/5461/3495
f 4015/5511/3496 3963/5458/3496 3967/5464/3496
f 3967/5464/3496 3971/5541/3496 3975/5517/3496
f 3975/5517/3496 3979/5543/3496 3983/5544/3496
f 3983/5544/3496 3987/5545/3496 3991/5518/3496
f 3991/5518/3496 3995/5546/3496 3999/5547/3496
f 3999/5547/3496 4003/5548/3496 4007/5519/3496
f 4007/5519/3496 4011/5512/3496 4015/5511/3496
f 4015/5511/3496 3967/5464/3496 3975/5517/3496
f 3975/5517/3496 3983/5544/3496 3991/5518/3496
f 3991/5518/3496 3999/5547/3496 4007/5519/3496
f 4007/5519/3496 4015/5511/3496 3975/5517/3496
f 3966/5520/3497 3970/5525/3497 3968/5521/3497
f 4018/5523/3498 3966/5520/3498 3964/5522/3498
f 3973/5466/3499 3969/5462/3499 3965/5461/3499
f 3965/5461/3499 4017/5513/3499 4013/5508/3499
f 4013/5508/3499 4009/5504/3499 4005/5501/3499
f 4005/5501/3499 4001/5496/3499 3997/5492/3499
f 3997/5492/3499 3993/5487/3499 3989/5483/3499
f 3989/5483/3499 3985/5478/3499 3981/5474/3499
f 3981/5474/3499 3977/5471/3499 3973/5466/3499
f 3973/5466/3499 3965/5461/3499 4013/5508/3499
f 4013/5508/3499 4005/5501/3499 3997/5492/3499
f 3997/5492/3499 3989/5483/3499 3981/5474/3499
f 3981/5474/3499 3973/5466/3499 4013/5508/3499
f 3970/5525/3500 3974/5549/3500 3972/5526/3500
f 3974/5527/3501 3978/5528/3501 3976/5467/3501
f 3978/5528/3502 3982/5529/3502 3980/5472/3502
f 3982/5529/3503 3986/5550/3503 3984/5530/3503
f 3986/5531/3504 3990/5532/3504 3988/5485/3504
f 3990/5532/3505 3994/5533/3505 3992/5490/3505
f 3994/5533/3506 3998/5534/3506 3996/5489/3506
f 3998/5534/3507 4002/5551/3507 4000/5493/3507
f 4002/5535/3508 4006/5536/3508 4004/5497/3508
f 4006/5536/3509 4010/5537/3509 4008/5502/3509
f 4010/5537/3510 4014/5552/3510 4012/5538/3510
f 4014/5539/3511 4018/5523/3511 4016/5524/3511
o AK_seam_dustcover_side_001
v -0.173600 0.043500 -0.019000
v -0.173600 0.043900 -0.018600
v -0.174000 0.043900 -0.019000
v -0.173600 0.048100 -0.018600
v -0.173600 0.048500 -0.019000
v -0.174000 0.048100 -0.019000
v -0.173600 0.043500 -0.019000
v -0.174000 0.043900 -0.019000
v -0.173600 0.043900 -0.019400
v -0.173600 0.048500 -0.019000
v -0.173600 0.048100 -0.019400
v -0.174000 0.048100 -0.019000
v 0.043600 0.043500 -0.019000
v 0.044000 0.043900 -0.019000
v 0.043600 0.043900 -0.018600
v 0.043600 0.048500 -0.019000
v 0.043600 0.048100 -0.018600
v 0.044000 0.048100 -0.019000
v 0.043600 0.043500 -0.019000
v 0.043600 0.043900 -0.019400
v 0.044000 0.043900 -0.019000
v 0.043600 0.048500 -0.019000
v 0.044000 0.048100 -0.019000
v 0.043600 0.048100 -0.019400
vn -0.5774 -0.5774 0.5773
vn -0.5774 0.5774 0.5773
vn -0.5774 -0.5774 -0.5773
vn -0.5774 0.5774 -0.5773
vn 0.5774 -0.5774 0.5773
vn 0.5774 0.5774 0.5773
vn 0.5774 -0.5774 -0.5773
vn 0.5774 0.5774 -0.5773
vn -0.7071 -0.7071 -0.0000
vn -0.7071 -0.0000 0.7071
vn -0.7071 0.7071 -0.0000
vn -0.7071 -0.0000 -0.7071
vn -0.0000 -0.7071 -0.7071
vn -0.0000 0.7071 -0.7071
vn 0.7071 -0.0000 -0.7071
vn 0.7071 -0.7071 -0.0000
vn 0.7071 0.7071 -0.0000
vn 0.7071 -0.0000 0.7071
vn -0.0000 -0.7071 0.7071
vn -0.0000 0.7071 0.7071
vn -0.0000 -1.0000 -0.0000
vn -1.0000 -0.0000 -0.0000
vn -0.0000 -0.0000 1.0000
vn -0.0000 1.0000 -0.0000
vn -0.0000 -0.0000 -1.0000
vn 1.0000 -0.0000 -0.0000
vt 0.434189 0.009422
vt 0.432871 0.009422
vt 0.434189 0.008105
vt 0.470561 0.724741
vt 0.471878 0.724741
vt 0.471878 0.726058
vt 0.434189 0.009422
vt 0.435506 0.009422
vt 0.471878 0.724741
vt 0.473196 0.724741
vt 0.471878 0.726058
vt 0.434189 0.724741
vt 0.434189 0.726058
vt 0.432871 0.724741
vt 0.471878 0.009422
vt 0.470561 0.009422
vt 0.471878 0.008105
vt 0.434189 0.724741
vt 0.435506 0.724741
vt 0.434189 0.726058
vt 0.471878 0.009422
vt 0.473196 0.009422
vt 0.368835 0.009422
vt 0.382667 0.008105
vt 0.382667 0.009422
vt 0.317313 0.724741
vt 0.303481 0.726058
vt 0.303481 0.724741
vt 0.900194 0.809598
vt 0.898877 0.795766
vt 0.900194 0.795766
vt 0.901512 0.809598
vt 0.900194 0.795766
vt 0.901512 0.795766
vt 0.265791 0.892189
vt 0.265791 0.878357
vt 0.368835 0.724741
vt 0.382667 0.724741
vt 0.317313 0.009422
vt 0.900194 0.809598
vt 0.368835 0.008105
vt 0.317313 0.726058
vt 0.898877 0.809598
vt 0.265791 0.878357
vt 0.303481 0.009422
s 0
usemtl MAT_shadow_seam_dark
f 4019/5553/3512 4020/5554/3512 4021/5555/3512
f 4022/5556/3513 4023/5557/3513 4024/5558/3513
f 4025/5559/3514 4026/5555/3514 4027/5560/3514
f 4028/5561/3515 4029/5562/3515 4030/5563/3515
f 4031/5564/3516 4032/5565/3516 4033/5566/3516
f 4034/5567/3517 4035/5568/3517 4036/5569/3517
f 4037/5570/3518 4038/5571/3518 4039/5572/3518
f 4040/5573/3519 4041/5569/3519 4042/5574/3519
f 4025/5559/3520 4021/5555/3520 4026/5555/3520
f 4022/5575/3521 4021/5576/3521 4020/5577/3521
f 4023/5557/3522 4030/5563/3522 4024/5558/3522
f 4027/5578/3523 4030/5579/3523 4029/5580/3523
f 4025/5559/3524 4038/5571/3524 4037/5570/3524
f 4040/5573/3525 4029/5562/3525 4028/5561/3525
f 4039/5581/3526 4042/5582/3526 4041/5583/3526
f 4031/5564/3527 4039/5572/3527 4032/5565/3527
f 4040/5573/3528 4036/5569/3528 4041/5569/3528
f 4033/5584/3529 4036/5585/3529 4035/5586/3529
f 4031/5564/3530 4020/5554/3530 4019/5553/3530
f 4023/5557/3531 4035/5568/3531 4034/5567/3531
f 4037/5570/3532 4019/5553/3532 4025/5559/3532
f 4021/5587/3533 4030/5588/3533 4026/5587/3533
f 4035/5589/3534 4020/5577/3534 4033/5590/3534
f 4028/5561/3535 4034/5567/3535 4040/5573/3535
f 4029/5580/3536 4038/5591/3536 4027/5578/3536
f 4039/5581/3537 4036/5585/3537 4032/5592/3537
f 4025/5559/3520 4019/5553/3520 4021/5555/3520
f 4022/5575/3521 4024/5593/3521 4021/5576/3521
f 4023/5557/3522 4028/5561/3522 4030/5563/3522
f 4027/5578/3523 4026/5594/3523 4030/5579/3523
f 4025/5559/3524 4027/5560/3524 4038/5571/3524
f 4040/5573/3525 4042/5574/3525 4029/5562/3525
f 4039/5581/3526 4038/5595/3526 4042/5582/3526
f 4031/5564/3527 4037/5570/3527 4039/5572/3527
f 4040/5573/3528 4034/5567/3528 4036/5569/3528
f 4033/5584/3529 4032/5592/3529 4036/5585/3529
f 4031/5564/3530 4033/5566/3530 4020/5554/3530
f 4023/5557/3531 4022/5556/3531 4035/5568/3531
f 4037/5570/3532 4031/5564/3532 4019/5553/3532
f 4021/5587/3533 4024/5596/3533 4030/5588/3533
f 4035/5589/3534 4022/5575/3534 4020/5577/3534
f 4028/5561/3535 4023/5557/3535 4034/5567/3535
f 4029/5580/3536 4042/5597/3536 4038/5591/3536
f 4039/5581/3537 4041/5583/3537 4036/5585/3537
o AK_seam_dustcover_side_002
v -0.173600 0.043500 0.019000
v -0.173600 0.043900 0.019400
v -0.174000 0.043900 0.019000
v -0.173600 0.048100 0.019400
v -0.173600 0.048500 0.019000
v -0.174000 0.048100 0.019000
v -0.173600 0.043500 0.019000
v -0.174000 0.043900 0.019000
v -0.173600 0.043900 0.018600
v -0.173600 0.048500 0.019000
v -0.173600 0.048100 0.018600
v -0.174000 0.048100 0.019000
v 0.043600 0.043500 0.019000
v 0.044000 0.043900 0.019000
v 0.043600 0.043900 0.019400
v 0.043600 0.048500 0.019000
v 0.043600 0.048100 0.019400
v 0.044000 0.048100 0.019000
v 0.043600 0.043500 0.019000
v 0.043600 0.043900 0.018600
v 0.044000 0.043900 0.019000
v 0.043600 0.048500 0.019000
v 0.044000 0.048100 0.019000
v 0.043600 0.048100 0.018600
vn -0.5774 -0.5774 0.5773
vn -0.5774 0.5774 0.5773
vn -0.5774 -0.5774 -0.5773
vn -0.5774 0.5774 -0.5773
vn 0.5774 -0.5774 0.5773
vn 0.5774 0.5774 0.5773
vn 0.5774 -0.5774 -0.5773
vn 0.5774 0.5774 -0.5773
vn -0.7071 -0.7071 -0.0000
vn -0.7071 -0.0000 0.7071
vn -0.7071 0.7071 -0.0000
vn -0.7071 -0.0000 -0.7071
vn -0.0000 -0.7071 -0.7071
vn -0.0000 0.7071 -0.7071
vn 0.7071 -0.0000 -0.7071
vn 0.7071 -0.7071 -0.0000
vn 0.7071 0.7071 -0.0000
vn 0.7071 -0.0000 0.7071
vn -0.0000 -0.7071 0.7071
vn -0.0000 0.7071 0.7071
vn -0.0000 -1.0000 -0.0000
vn -1.0000 -0.0000 -0.0000
vn -0.0000 -0.0000 1.0000
vn -0.0000 1.0000 -0.0000
vn -0.0000 -0.0000 -1.0000
vn 1.0000 -0.0000 -0.0000
vt 0.453034 0.009422
vt 0.451716 0.009422
vt 0.453033 0.008105
vt 0.489406 0.724741
vt 0.490723 0.724741
vt 0.490723 0.726058
vt 0.453033 0.009422
vt 0.453033 0.008105
vt 0.454351 0.009422
vt 0.490723 0.724741
vt 0.492040 0.724741
vt 0.490723 0.726058
vt 0.453033 0.724741
vt 0.453033 0.726058
vt 0.451716 0.724741
vt 0.490723 0.009422
vt 0.489406 0.009422
vt 0.490723 0.008105
vt 0.453033 0.724741
vt 0.454351 0.724741
vt 0.453033 0.726058
vt 0.490723 0.009422
vt 0.492040 0.009422
vt 0.401512 0.009422
vt 0.415344 0.008105
vt 0.415344 0.009422
vt 0.349990 0.724741
vt 0.336158 0.726058
vt 0.336158 0.724741
vt 0.586923 0.908399
vt 0.585606 0.894567
vt 0.586923 0.894567
vt 0.588240 0.908399
vt 0.588240 0.894567
vt 0.568078 0.908399
vt 0.568078 0.894567
vt 0.568078 0.908399
vt 0.401512 0.724741
vt 0.415344 0.724741
vt 0.349990 0.009422
vt 0.586923 0.908399
vt 0.401512 0.008105
vt 0.349990 0.726058
vt 0.585606 0.908399
vt 0.336158 0.009422
s 0
usemtl MAT_shadow_seam_dark
f 4043/5598/3538 4044/5599/3538 4045/5600/3538
f 4046/5601/3539 4047/5602/3539 4048/5603/3539
f 4049/5604/3540 4050/5605/3540 4051/5606/3540
f 4052/5607/3541 4053/5608/3541 4054/5609/3541
f 4055/5610/3542 4056/5611/3542 4057/5612/3542
f 4058/5613/3543 4059/5614/3543 4060/5615/3543
f 4061/5616/3544 4062/5617/3544 4063/5618/3544
f 4064/5619/3545 4065/5615/3545 4066/5620/3545
f 4049/5604/3546 4045/5600/3546 4050/5605/3546
f 4046/5621/3547 4045/5622/3547 4044/5623/3547
f 4047/5602/3548 4054/5609/3548 4048/5603/3548
f 4051/5624/3549 4054/5625/3549 4053/5626/3549
f 4049/5604/3550 4062/5617/3550 4061/5616/3550
f 4064/5619/3551 4053/5608/3551 4052/5607/3551
f 4063/5627/3552 4066/5628/3552 4065/5629/3552
f 4055/5610/3553 4063/5618/3553 4056/5611/3553
f 4064/5619/3554 4060/5615/3554 4065/5615/3554
f 4057/5630/3555 4060/5629/3555 4059/5631/3555
f 4055/5610/3556 4044/5599/3556 4043/5598/3556
f 4047/5602/3557 4059/5614/3557 4058/5613/3557
f 4061/5616/3558 4043/5598/3558 4049/5604/3558
f 4045/5632/3559 4054/5633/3559 4050/5634/3559
f 4059/5635/3560 4044/5623/3560 4057/5636/3560
f 4052/5607/3561 4058/5613/3561 4064/5619/3561
f 4053/5626/3562 4062/5637/3562 4051/5624/3562
f 4063/5627/3563 4060/5629/3563 4056/5638/3563
f 4049/5604/3546 4043/5598/3546 4045/5600/3546
f 4046/5621/3547 4048/5639/3547 4045/5622/3547
f 4047/5602/3548 4052/5607/3548 4054/5609/3548
f 4051/5624/3549 4050/5640/3549 4054/5625/3549
f 4049/5604/3550 4051/5606/3550 4062/5617/3550
f 4064/5619/3551 4066/5620/3551 4053/5608/3551
f 4063/5627/3552 4062/5641/3552 4066/5628/3552
f 4055/5610/3553 4061/5616/3553 4063/5618/3553
f 4064/5619/3554 4058/5613/3554 4060/5615/3554
f 4057/5630/3555 4056/5638/3555 4060/5629/3555
f 4055/5610/3556 4057/5612/3556 4044/5599/3556
f 4047/5602/3557 4046/5601/3557 4059/5614/3557
f 4061/5616/3558 4055/5610/3558 4043/5598/3558
f 4045/5632/3559 4048/5633/3559 4054/5633/3559
f 4059/5635/3560 4046/5621/3560 4044/5623/3560
f 4052/5607/3561 4047/5602/3561 4058/5613/3561
f 4053/5626/3562 4066/5642/3562 4062/5637/3562
f 4063/5627/3563 4065/5629/3563 4060/5629/3563
o AK_seam_gas_block_001
v 0.262400 0.039600 0.016600
v 0.262400 0.040000 0.017000
v 0.262000 0.040000 0.016600
v 0.262400 0.040000 0.017000
v 0.262400 0.040400 0.016600
v 0.262000 0.040000 0.016600
v 0.262400 0.039600 -0.016600
v 0.262000 0.040000 -0.016600
v 0.262400 0.040000 -0.017000
v 0.262400 0.040400 -0.016600
v 0.262400 0.040000 -0.017000
v 0.262000 0.040000 -0.016600
v 0.287600 0.039600 0.016600
v 0.288000 0.040000 0.016600
v 0.287600 0.040000 0.017000
v 0.287600 0.040400 0.016600
v 0.287600 0.040000 0.017000
v 0.288000 0.040000 0.016600
v 0.287600 0.039600 -0.016600
v 0.287600 0.040000 -0.017000
v 0.288000 0.040000 -0.016600
v 0.287600 0.040400 -0.016600
v 0.288000 0.040000 -0.016600
v 0.287600 0.040000 -0.017000
vn -0.5773 -0.5774 0.5774
vn -0.5773 0.5774 0.5774
vn -0.5773 -0.5774 -0.5774
vn -0.5773 0.5774 -0.5774
vn 0.5773 -0.5774 0.5774
vn 0.5773 0.5774 0.5774
vn 0.5773 -0.5774 -0.5774
vn 0.5773 0.5774 -0.5774
vn -0.7071 -0.7071 -0.0000
vn -0.7071 -0.0000 0.7071
vn -0.7071 0.7071 -0.0000
vn -0.7071 -0.0000 -0.7071
vn -0.0000 -0.7071 -0.7071
vn -0.0000 0.7071 -0.7071
vn 0.7071 -0.0000 -0.7071
vn 0.7071 -0.7071 -0.0000
vn 0.7071 0.7071 -0.0000
vn 0.7071 -0.0000 0.7071
vn -0.0000 -0.7071 0.7071
vn -0.0000 0.7071 0.7071
vn -0.0000 -1.0000 -0.0000
vn -1.0000 -0.0000 -0.0000
vn -0.0000 -0.0000 1.0000
vn -0.0000 1.0000 -0.0000
vn -0.0000 -0.0000 -1.0000
vn 1.0000 -0.0000 -0.0000
vt 0.983187 0.667582
vt 0.983187 0.666264
vt 0.984504 0.667582
vt 0.907585 0.008105
vt 0.907585 0.009422
vt 0.906267 0.009422
vt 0.983187 0.776921
vt 0.984505 0.776921
vt 0.983187 0.778239
vt 0.907585 0.118762
vt 0.907585 0.120079
vt 0.906267 0.118762
vt 0.900194 0.667582
vt 0.898877 0.667582
vt 0.900194 0.666264
vt 0.990577 0.009422
vt 0.990578 0.008105
vt 0.991895 0.009422
vt 0.900194 0.776921
vt 0.900194 0.778239
vt 0.898877 0.776921
vt 0.990577 0.118762
vt 0.991895 0.118762
vt 0.990578 0.120079
vt 0.946592 0.265791
vt 0.946592 0.264474
vt 0.946592 0.264474
vt 0.946558 0.911692
vt 0.946558 0.913010
vt 0.926430 0.246946
vt 0.926430 0.248264
vt 0.926430 0.248264
vt 0.926430 0.136289
vt 0.926430 0.137607
vt 0.907585 0.246946
vt 0.907585 0.137607
vt 0.946592 0.348784
vt 0.946558 0.828700
vt 0.926430 0.136289
s 0
usemtl MAT_shadow_seam_dark
f 4067/5643/3564 4068/5644/3564 4069/5645/3564
f 4070/5646/3565 4071/5647/3565 4072/5648/3565
f 4073/5649/3566 4074/5650/3566 4075/5651/3566
f 4076/5652/3567 4077/5653/3567 4078/5654/3567
f 4079/5655/3568 4080/5656/3568 4081/5657/3568
f 4082/5658/3569 4083/5659/3569 4084/5660/3569
f 4085/5661/3570 4086/5662/3570 4087/5663/3570
f 4088/5664/3571 4089/5665/3571 4090/5666/3571
f 4067/5643/3572 4074/5650/3572 4073/5649/3572
f 4068/5667/3573 4072/5668/3573 4069/5669/3573
f 4076/5652/3574 4072/5648/3574 4071/5647/3574
f 4077/5670/3575 4074/5671/3575 4078/5671/3575
f 4073/5649/3576 4086/5662/3576 4085/5661/3576
f 4088/5664/3577 4077/5653/3577 4076/5652/3577
f 4089/5672/3578 4086/5673/3578 4090/5674/3578
f 4085/5661/3579 4080/5656/3579 4079/5655/3579
f 4082/5658/3580 4089/5665/3580 4088/5664/3580
f 4083/5675/3581 4080/5676/3581 4084/5676/3581
f 4079/5655/3582 4068/5644/3582 4067/5643/3582
f 4071/5647/3583 4083/5659/3583 4082/5658/3583
f 4085/5661/3584 4067/5643/3584 4073/5649/3584
f 4072/5677/3585 4074/5678/3585 4069/5677/3585
f 4083/5679/3586 4068/5667/3586 4081/5679/3586
f 4076/5652/3587 4082/5658/3587 4088/5664/3587
f 4077/5670/3588 4086/5680/3588 4075/5670/3588
f 4089/5672/3589 4080/5676/3589 4087/5672/3589
f 4067/5643/3572 4069/5645/3572 4074/5650/3572
f 4068/5667/3573 4070/5667/3573 4072/5668/3573
f 4076/5652/3574 4078/5654/3574 4072/5648/3574
f 4077/5670/3575 4075/5670/3575 4074/5671/3575
f 4073/5649/3576 4075/5651/3576 4086/5662/3576
f 4088/5664/3577 4090/5666/3577 4077/5653/3577
f 4089/5672/3578 4087/5672/3578 4086/5673/3578
f 4085/5661/3579 4087/5663/3579 4080/5656/3579
f 4082/5658/3580 4084/5660/3580 4089/5665/3580
f 4083/5675/3581 4081/5681/3581 4080/5676/3581
f 4079/5655/3582 4081/5657/3582 4068/5644/3582
f 4071/5647/3583 4070/5646/3583 4083/5659/3583
f 4085/5661/3584 4079/5655/3584 4067/5643/3584
f 4072/5677/3585 4078/5678/3585 4074/5678/3585
f 4083/5679/3586 4070/5667/3586 4068/5667/3586
f 4076/5652/3587 4071/5647/3587 4082/5658/3587
f 4077/5670/3588 4090/5680/3588 4086/5680/3588
f 4089/5672/3589 4084/5676/3589 4080/5676/3589
o AK_seam_grip_basecap_001
v -0.114223 -0.158291 0.017600
v -0.114347 -0.157911 0.018000
v -0.114727 -0.158034 0.017600
v -0.114347 -0.157911 0.018000
v -0.114471 -0.157530 0.017600
v -0.114727 -0.158034 0.017600
v -0.114223 -0.158291 -0.017600
v -0.114727 -0.158034 -0.017600
v -0.114347 -0.157911 -0.018000
v -0.114471 -0.157530 -0.017600
v -0.114347 -0.157911 -0.018000
v -0.114727 -0.158034 -0.017600
v -0.065529 -0.142470 0.017600
v -0.065273 -0.141966 0.017600
v -0.065653 -0.142089 0.018000
v -0.065777 -0.141709 0.017600
v -0.065653 -0.142089 0.018000
v -0.065273 -0.141966 0.017600
v -0.065529 -0.142470 -0.017600
v -0.065653 -0.142089 -0.018000
v -0.065273 -0.141966 -0.017600
v -0.065777 -0.141709 -0.017600
v -0.065273 -0.141966 -0.017600
v -0.065653 -0.142089 -0.018000
vn -0.3707 -0.7275 0.5773
vn -0.7275 0.3707 0.5773
vn -0.3707 -0.7275 -0.5773
vn -0.7275 0.3707 -0.5773
vn 0.7275 -0.3707 0.5773
vn 0.3707 0.7275 0.5773
vn 0.7275 -0.3707 -0.5773
vn 0.3707 0.7275 -0.5773
vn -0.4540 -0.8910 -0.0000
vn -0.6725 -0.2185 0.7071
vn -0.8910 0.4540 -0.0000
vn -0.6725 -0.2185 -0.7071
vn 0.2185 -0.6725 -0.7071
vn -0.2185 0.6725 -0.7071
vn 0.6725 0.2185 -0.7071
vn 0.8910 -0.4540 -0.0000
vn 0.4540 0.8910 -0.0000
vn 0.6725 0.2185 0.7071
vn 0.2185 -0.6725 0.7071
vn -0.2185 0.6725 0.7071
vn 0.3090 -0.9511 -0.0000
vn -0.9511 -0.3090 -0.0000
vn -0.0000 -0.0000 1.0000
vn -0.3090 0.9511 -0.0000
vn -0.0000 -0.0000 -1.0000
vn 0.9511 0.3090 -0.0000
vt 0.813033 0.007233
vt 0.810991 0.007233
vt 0.813033 0.005190
vt 0.810991 0.544561
vt 0.813033 0.544561
vt 0.813033 0.546604
vt 0.992767 0.007233
vt 0.992767 0.005190
vt 0.994810 0.007233
vt 0.992767 0.544561
vt 0.994810 0.544561
vt 0.992767 0.546604
vt 0.813033 0.268664
vt 0.813033 0.270707
vt 0.810991 0.268664
vt 0.813033 0.283130
vt 0.810991 0.283130
vt 0.813033 0.281087
vt 0.992767 0.268664
vt 0.994810 0.268664
vt 0.992767 0.270707
vt 0.992767 0.283130
vt 0.992767 0.281087
vt 0.994810 0.283130
vt 0.827499 0.559027
vt 0.827499 0.556984
vt 0.827499 0.556984
vt 0.813033 0.820458
vt 0.813033 0.822501
vt 0.813033 0.822501
vt 0.903406 0.945473
vt 0.903406 0.947516
vt 0.903406 0.947516
vt 0.903406 0.763697
vt 0.903406 0.765739
vt 0.903406 0.765739
vt 0.917871 0.945473
vt 0.917871 0.765739
vt 0.917871 0.945473
vt 0.827499 0.820458
vt 0.813033 0.559027
vt 0.903406 0.763697
s 0
usemtl MAT_grip_dark_bakelite
f 4091/5682/3590 4092/5683/3590 4093/5684/3590
f 4094/5685/3591 4095/5686/3591 4096/5687/3591
f 4097/5688/3592 4098/5689/3592 4099/5690/3592
f 4100/5691/3593 4101/5692/3593 4102/5693/3593
f 4103/5694/3594 4104/5695/3594 4105/5696/3594
f 4106/5697/3595 4107/5698/3595 4108/5699/3595
f 4109/5700/3596 4110/5701/3596 4111/5702/3596
f 4112/5703/3597 4113/5704/3597 4114/5705/3597
f 4091/5682/3598 4098/5689/3598 4097/5688/3598
f 4092/5706/3599 4096/5707/3599 4093/5708/3599
f 4100/5691/3600 4096/5687/3600 4095/5686/3600
f 4101/5709/3601 4098/5710/3601 4102/5711/3601
f 4097/5688/3602 4110/5701/3602 4109/5700/3602
f 4112/5703/3603 4101/5692/3603 4100/5691/3603
f 4113/5712/3604 4110/5713/3604 4114/5714/3604
f 4109/5700/3605 4104/5695/3605 4103/5694/3605
f 4106/5697/3606 4113/5704/3606 4112/5703/3606
f 4107/5715/3607 4104/5716/3607 4108/5717/3607
f 4103/5694/3608 4092/5683/3608 4091/5682/3608
f 4095/5686/3609 4107/5698/3609 4106/5697/3609
f 4109/5700/3610 4091/5682/3610 4097/5688/3610
f 4096/5718/3611 4098/5719/3611 4093/5720/3611
f 4107/5721/3612 4092/5706/3612 4105/5721/3612
f 4100/5691/3613 4106/5697/3613 4112/5703/3613
f 4101/5709/3614 4110/5722/3614 4099/5709/3614
f 4113/5712/3615 4104/5716/3615 4111/5712/3615
f 4091/5682/3598 4093/5684/3598 4098/5689/3598
f 4092/5706/3599 4094/5706/3599 4096/5707/3599
f 4100/5691/3600 4102/5693/3600 4096/5687/3600
f 4101/5709/3601 4099/5709/3601 4098/5710/3601
f 4097/5688/3602 4099/5690/3602 4110/5701/3602
f 4112/5703/3603 4114/5705/3603 4101/5692/3603
f 4113/5712/3604 4111/5712/3604 4110/5713/3604
f 4109/5700/3605 4111/5702/3605 4104/5695/3605
f 4106/5697/3606 4108/5699/3606 4113/5704/3606
f 4107/5715/3607 4105/5723/3607 4104/5716/3607
f 4103/5694/3608 4105/5696/3608 4092/5683/3608
f 4095/5686/3609 4094/5685/3609 4107/5698/3609
f 4109/5700/3610 4103/5694/3610 4091/5682/3610
f 4096/5718/3611 4102/5719/3611 4098/5719/3611
f 4107/5721/3612 4094/5706/3612 4092/5706/3612
f 4100/5691/3613 4095/5686/3613 4106/5697/3613
f 4101/5709/3614 4114/5722/3614 4110/5722/3614
f 4113/5712/3615 4108/5717/3615 4104/5716/3615
o AK_seam_magazine_baseplate_001
v -0.048600 -0.179400 0.030600
v -0.048600 -0.179000 0.031000
v -0.049000 -0.179000 0.030600
v -0.048600 -0.179000 0.031000
v -0.048600 -0.178600 0.030600
v -0.049000 -0.179000 0.030600
v -0.048600 -0.179400 -0.030600
v -0.049000 -0.179000 -0.030600
v -0.048600 -0.179000 -0.031000
v -0.048600 -0.178600 -0.030600
v -0.048600 -0.179000 -0.031000
v -0.049000 -0.179000 -0.030600
v 0.068600 -0.179400 0.030600
v 0.069000 -0.179000 0.030600
v 0.068600 -0.179000 0.031000
v 0.068600 -0.178600 0.030600
v 0.068600 -0.179000 0.031000
v 0.069000 -0.179000 0.030600
v 0.068600 -0.179400 -0.030600
v 0.068600 -0.179000 -0.031000
v 0.069000 -0.179000 -0.030600
v 0.068600 -0.178600 -0.030600
v 0.069000 -0.179000 -0.030600
v 0.068600 -0.179000 -0.031000
vn -0.5773 -0.5773 0.5774
vn -0.5773 0.5773 0.5774
vn -0.5773 -0.5773 -0.5774
vn -0.5773 0.5773 -0.5774
vn 0.5773 -0.5773 0.5774
vn 0.5773 0.5773 0.5774
vn 0.5773 -0.5773 -0.5774
vn 0.5773 0.5773 -0.5774
vn -0.7071 -0.7071 -0.0000
vn -0.7071 -0.0000 0.7071
vn -0.7071 0.7071 -0.0000
vn -0.7071 -0.0000 -0.7071
vn -0.0000 -0.7071 -0.7071
vn -0.0000 0.7071 -0.7071
vn 0.7071 -0.0000 -0.7071
vn 0.7071 -0.7071 -0.0000
vn 0.7071 0.7071 -0.0000
vn 0.7071 -0.0000 0.7071
vn -0.0000 -0.7071 0.7071
vn -0.0000 0.7071 0.7071
vn -0.0000 -1.0000 -0.0000
vn -1.0000 -0.0000 -0.0000
vn -0.0000 -0.0000 1.0000
vn -0.0000 1.0000 -0.0000
vn -0.0000 -0.0000 -1.0000
vn 1.0000 -0.0000 -0.0000
vt 0.255238 0.936425
vt 0.255238 0.937490
vt 0.254174 0.936425
vt 0.745675 0.319324
vt 0.746740 0.319324
vt 0.746740 0.320388
vt 0.255238 0.773570
vt 0.254174 0.773570
vt 0.255238 0.772506
vt 0.909595 0.319324
vt 0.910659 0.319324
vt 0.909595 0.320388
vt 0.567111 0.936425
vt 0.568176 0.936425
vt 0.567111 0.937490
vt 0.746740 0.007451
vt 0.745675 0.007451
vt 0.746740 0.006386
vt 0.567111 0.773570
vt 0.567111 0.772506
vt 0.568176 0.773570
vt 0.909595 0.007451
vt 0.909595 0.006386
vt 0.910659 0.007451
vt 0.007450 0.006827
vt 0.006386 0.006827
vt 0.724938 0.006827
vt 0.726002 0.006827
vt 0.726002 0.006827
vt 0.170967 0.021031
vt 0.172031 0.021031
vt 0.172031 0.021031
vt 0.007047 0.021031
vt 0.008112 0.021031
vt 0.008112 0.021031
vt 0.170967 0.035236
vt 0.008112 0.035236
vt 0.319324 0.006827
vt 0.319324 0.006827
vt 0.413065 0.006827
vt 0.724938 0.006827
vt 0.170967 0.021031
vt 0.007450 0.006827
vt 0.008112 0.035236
vt 0.413065 0.006827
s 0
usemtl MAT_metal_black_magazine
f 4115/5724/3616 4116/5725/3616 4117/5726/3616
f 4118/5727/3617 4119/5728/3617 4120/5729/3617
f 4121/5730/3618 4122/5731/3618 4123/5732/3618
f 4124/5733/3619 4125/5734/3619 4126/5735/3619
f 4127/5736/3620 4128/5737/3620 4129/5738/3620
f 4130/5739/3621 4131/5740/3621 4132/5741/3621
f 4133/5742/3622 4134/5743/3622 4135/5744/3622
f 4136/5745/3623 4137/5746/3623 4138/5747/3623
f 4115/5724/3624 4122/5731/3624 4121/5730/3624
f 4116/5748/3625 4120/5749/3625 4117/5749/3625
f 4124/5733/3626 4120/5729/3626 4119/5728/3626
f 4125/5750/3627 4122/5751/3627 4126/5752/3627
f 4121/5730/3628 4134/5743/3628 4133/5742/3628
f 4136/5745/3629 4125/5734/3629 4124/5733/3629
f 4137/5753/3630 4134/5754/3630 4138/5755/3630
f 4133/5742/3631 4128/5737/3631 4127/5736/3631
f 4130/5739/3632 4137/5746/3632 4136/5745/3632
f 4131/5756/3633 4128/5757/3633 4132/5758/3633
f 4127/5736/3634 4116/5725/3634 4115/5724/3634
f 4119/5728/3635 4131/5740/3635 4130/5739/3635
f 4133/5742/3636 4115/5724/3636 4121/5730/3636
f 4120/5759/3637 4122/5760/3637 4117/5759/3637
f 4131/5761/3638 4116/5748/3638 4129/5762/3638
f 4124/5733/3639 4130/5739/3639 4136/5745/3639
f 4125/5750/3640 4134/5763/3640 4123/5764/3640
f 4137/5753/3641 4128/5757/3641 4135/5765/3641
f 4115/5724/3624 4117/5726/3624 4122/5731/3624
f 4116/5748/3625 4118/5766/3625 4120/5749/3625
f 4124/5733/3626 4126/5735/3626 4120/5729/3626
f 4125/5750/3627 4123/5764/3627 4122/5751/3627
f 4121/5730/3628 4123/5732/3628 4134/5743/3628
f 4136/5745/3629 4138/5747/3629 4125/5734/3629
f 4137/5753/3630 4135/5765/3630 4134/5754/3630
f 4133/5742/3631 4135/5744/3631 4128/5737/3631
f 4130/5739/3632 4132/5741/3632 4137/5746/3632
f 4131/5756/3633 4129/5756/3633 4128/5757/3633
f 4127/5736/3634 4129/5738/3634 4116/5725/3634
f 4119/5728/3635 4118/5727/3635 4131/5740/3635
f 4133/5742/3636 4127/5736/3636 4115/5724/3636
f 4120/5759/3637 4126/5767/3637 4122/5760/3637
f 4131/5761/3638 4118/5766/3638 4116/5748/3638
f 4124/5733/3639 4119/5728/3639 4130/5739/3639
f 4125/5750/3640 4138/5768/3640 4134/5763/3640
f 4137/5753/3641 4132/5758/3641 4128/5757/3641
o AK_seam_receiver_handguard_001
v 0.050000 -0.040000 0.019600
v 0.050000 -0.039600 0.020000
v 0.049600 -0.039600 0.019600
v 0.050000 0.039600 0.020000
v 0.050000 0.040000 0.019600
v 0.049600 0.039600 0.019600
v 0.050000 -0.040000 -0.019600
v 0.049600 -0.039600 -0.019600
v 0.050000 -0.039600 -0.020000
v 0.050000 0.040000 -0.019600
v 0.050000 0.039600 -0.020000
v 0.049600 0.039600 -0.019600
v 0.050000 -0.040000 0.019600
v 0.050400 -0.039600 0.019600
v 0.050000 -0.039600 0.020000
v 0.050000 0.040000 0.019600
v 0.050000 0.039600 0.020000
v 0.050400 0.039600 0.019600
v 0.050000 -0.040000 -0.019600
v 0.050000 -0.039600 -0.020000
v 0.050400 -0.039600 -0.019600
v 0.050000 0.040000 -0.019600
v 0.050400 0.039600 -0.019600
v 0.050000 0.039600 -0.020000
vn -0.5774 -0.5773 0.5773
vn -0.5774 0.5773 0.5773
vn -0.5774 -0.5773 -0.5773
vn -0.5774 0.5773 -0.5773
vn 0.5774 -0.5773 0.5773
vn 0.5774 0.5773 0.5773
vn 0.5774 -0.5773 -0.5773
vn 0.5774 0.5773 -0.5773
vn -0.7071 -0.7071 -0.0000
vn -0.7071 -0.0000 0.7071
vn -0.7071 0.7071 -0.0000
vn -0.7071 -0.0000 -0.7071
vn -0.0000 -0.7071 -0.7071
vn -0.0000 0.7071 -0.7071
vn 0.7071 -0.0000 -0.7071
vn 0.7071 -0.7071 -0.0000
vn 0.7071 0.7071 -0.0000
vn 0.7071 -0.0000 0.7071
vn -0.0000 -0.7071 0.7071
vn -0.0000 0.7071 0.7071
vn -0.0000 -1.0000 -0.0000
vn -1.0000 -0.0000 -0.0000
vn -0.0000 -0.0000 1.0000
vn -0.0000 1.0000 -0.0000
vn -0.0000 -0.0000 -1.0000
vn 1.0000 -0.0000 -0.0000
vt 0.195459 0.750172
vt 0.195459 0.748855
vt 0.196776 0.750172
vt 0.284636 0.748855
vt 0.284636 0.750173
vt 0.283319 0.750173
vt 0.195458 0.879272
vt 0.196776 0.879273
vt 0.195458 0.880590
vt 0.284636 0.879273
vt 0.284636 0.880590
vt 0.283319 0.879273
vt 0.195459 0.750172
vt 0.194141 0.750172
vt 0.195458 0.748855
vt 0.284636 0.748855
vt 0.285953 0.750173
vt 0.195459 0.879273
vt 0.195459 0.880590
vt 0.194141 0.879273
vt 0.284636 0.879273
vt 0.285953 0.879273
vt 0.284636 0.880590
vt 0.851051 0.009422
vt 0.852368 0.270257
vt 0.851051 0.270257
vt 0.664758 0.648737
vt 0.663441 0.387903
vt 0.664758 0.387903
vt 0.703106 0.270257
vt 0.701789 0.009422
vt 0.703106 0.009422
vt 0.833523 0.270257
vt 0.832206 0.009422
vt 0.833523 0.009422
vt 0.683603 0.387903
vt 0.812702 0.648737
vt 0.683603 0.648737
vt 0.851051 0.009422
vt 0.664758 0.648737
vt 0.832206 0.270257
vt 0.852368 0.009422
vt 0.663440 0.648737
vt 0.701789 0.270257
vt 0.812702 0.387903
s 0
usemtl MAT_shadow_seam_dark
f 4139/5769/3642 4140/5770/3642 4141/5771/3642
f 4142/5772/3643 4143/5773/3643 4144/5774/3643
f 4145/5775/3644 4146/5776/3644 4147/5777/3644
f 4148/5778/3645 4149/5779/3645 4150/5780/3645
f 4151/5781/3646 4152/5782/3646 4153/5783/3646
f 4154/5773/3647 4155/5784/3647 4156/5785/3647
f 4157/5786/3648 4158/5787/3648 4159/5788/3648
f 4160/5789/3649 4161/5790/3649 4162/5791/3649
f 4139/5769/3650 4146/5776/3650 4145/5775/3650
f 4142/5792/3651 4141/5793/3651 4140/5794/3651
f 4148/5778/3652 4144/5774/3652 4143/5773/3652
f 4147/5795/3653 4150/5796/3653 4149/5797/3653
f 4157/5786/3654 4147/5777/3654 4158/5787/3654
f 4148/5778/3655 4162/5791/3655 4149/5779/3655
f 4159/5798/3656 4162/5799/3656 4161/5800/3656
f 4157/5786/3657 4152/5782/3657 4151/5781/3657
f 4154/5773/3658 4161/5790/3658 4160/5789/3658
f 4153/5801/3659 4156/5802/3659 4155/5803/3659
f 4139/5769/3660 4153/5783/3660 4140/5770/3660
f 4154/5773/3661 4142/5772/3661 4155/5784/3661
f 4157/5786/3662 4139/5769/3662 4145/5775/3662
f 4144/5804/3663 4146/5805/3663 4141/5806/3663
f 4155/5807/3664 4140/5794/3664 4153/5794/3664
f 4148/5778/3665 4154/5773/3665 4160/5789/3665
f 4149/5797/3666 4158/5808/3666 4147/5795/3666
f 4161/5800/3667 4152/5809/3667 4159/5798/3667
f 4139/5769/3650 4141/5771/3650 4146/5776/3650
f 4142/5792/3651 4144/5810/3651 4141/5793/3651
f 4148/5778/3652 4150/5780/3652 4144/5774/3652
f 4147/5795/3653 4146/5811/3653 4150/5796/3653
f 4157/5786/3654 4145/5775/3654 4147/5777/3654
f 4148/5778/3655 4160/5789/3655 4162/5791/3655
f 4159/5798/3656 4158/5812/3656 4162/5799/3656
f 4157/5786/3657 4159/5788/3657 4152/5782/3657
f 4154/5773/3658 4156/5785/3658 4161/5790/3658
f 4153/5801/3659 4152/5809/3659 4156/5802/3659
f 4139/5769/3660 4151/5781/3660 4153/5783/3660
f 4154/5773/3661 4143/5773/3661 4142/5772/3661
f 4157/5786/3662 4151/5781/3662 4139/5769/3662
f 4144/5804/3663 4150/5813/3663 4146/5805/3663
f 4155/5807/3664 4142/5792/3664 4140/5794/3664
f 4148/5778/3665 4143/5773/3665 4154/5773/3665
f 4149/5797/3666 4162/5797/3666 4158/5808/3666
f 4161/5800/3667 4156/5802/3667 4152/5809/3667
o AK_seam_receiver_stock_001
v -0.180000 -0.040000 0.019600
v -0.180000 -0.039600 0.020000
v -0.180400 -0.039600 0.019600
v -0.180000 0.039600 0.020000
v -0.180000 0.040000 0.019600
v -0.180400 0.039600 0.019600
v -0.180000 -0.040000 -0.019600
v -0.180400 -0.039600 -0.019600
v -0.180000 -0.039600 -0.020000
v -0.180000 0.040000 -0.019600
v -0.180000 0.039600 -0.020000
v -0.180400 0.039600 -0.019600
v -0.180000 -0.040000 0.019600
v -0.179600 -0.039600 0.019600
v -0.180000 -0.039600 0.020000
v -0.180000 0.040000 0.019600
v -0.180000 0.039600 0.020000
v -0.179600 0.039600 0.019600
v -0.180000 -0.040000 -0.019600
v -0.180000 -0.039600 -0.020000
v -0.179600 -0.039600 -0.019600
v -0.180000 0.040000 -0.019600
v -0.179600 0.039600 -0.019600
v -0.180000 0.039600 -0.020000
vn -0.5774 -0.5773 0.5773
vn -0.5774 0.5773 0.5773
vn -0.5774 -0.5773 -0.5773
vn -0.5774 0.5773 -0.5773
vn 0.5774 -0.5773 0.5773
vn 0.5774 0.5773 0.5773
vn 0.5774 -0.5773 -0.5773
vn 0.5774 0.5773 -0.5773
vn -0.7071 -0.7071 -0.0000
vn -0.7071 -0.0000 0.7071
vn -0.7071 0.7071 -0.0000
vn -0.7071 -0.0000 -0.7071
vn -0.0000 -0.7071 -0.7071
vn -0.0000 0.7071 -0.7071
vn 0.7071 -0.0000 -0.7071
vn 0.7071 -0.7071 -0.0000
vn 0.7071 0.7071 -0.0000
vn 0.7071 -0.0000 0.7071
vn -0.0000 -0.7071 0.7071
vn -0.0000 0.7071 0.7071
vn -0.0000 -1.0000 -0.0000
vn -1.0000 -0.0000 -0.0000
vn -0.0000 -0.0000 1.0000
vn -0.0000 1.0000 -0.0000
vn -0.0000 -0.0000 -1.0000
vn 1.0000 -0.0000 -0.0000
vt 0.246947 0.750172
vt 0.246947 0.748855
vt 0.248264 0.750172
vt 0.176614 0.748855
vt 0.176614 0.750172
vt 0.175296 0.750172
vt 0.246947 0.879272
vt 0.248264 0.879273
vt 0.246947 0.880590
vt 0.176614 0.879273
vt 0.176614 0.880590
vt 0.175296 0.879273
vt 0.246947 0.750172
vt 0.245629 0.750172
vt 0.246947 0.748855
vt 0.176614 0.750172
vt 0.177931 0.750172
vt 0.246947 0.879272
vt 0.245629 0.879273
vt 0.176614 0.879272
vt 0.177931 0.879273
vt 0.176614 0.880590
vt 0.888740 0.009422
vt 0.890057 0.270257
vt 0.888740 0.270257
vt 0.869895 0.270257
vt 0.868578 0.009422
vt 0.869895 0.009422
vt 0.831547 0.648737
vt 0.830230 0.387903
vt 0.831547 0.387903
vt 0.961964 0.648737
vt 0.960647 0.387903
vt 0.961964 0.387903
vt 0.683603 0.667582
vt 0.812702 0.928416
vt 0.683603 0.928416
vt 0.869895 0.270257
vt 0.960647 0.648737
vt 0.890057 0.009422
vt 0.868578 0.270257
vt 0.830230 0.648737
vt 0.812702 0.667582
s 0
usemtl MAT_shadow_seam_dark
f 4163/5814/3668 4164/5815/3668 4165/5816/3668
f 4166/5817/3669 4167/5818/3669 4168/5819/3669
f 4169/5820/3670 4170/5821/3670 4171/5822/3670
f 4172/5823/3671 4173/5824/3671 4174/5825/3671
f 4175/5826/3672 4176/5827/3672 4177/5828/3672
f 4178/5829/3673 4179/5817/3673 4180/5830/3673
f 4181/5831/3674 4182/5822/3674 4183/5832/3674
f 4184/5833/3675 4185/5834/3675 4186/5835/3675
f 4163/5814/3676 4170/5821/3676 4169/5820/3676
f 4166/5836/3677 4165/5837/3677 4164/5838/3677
f 4172/5823/3678 4168/5819/3678 4167/5818/3678
f 4171/5839/3679 4174/5840/3679 4173/5841/3679
f 4181/5831/3680 4171/5822/3680 4182/5822/3680
f 4172/5823/3681 4186/5835/3681 4173/5824/3681
f 4183/5842/3682 4186/5843/3682 4185/5844/3682
f 4181/5831/3683 4176/5827/3683 4175/5826/3683
f 4178/5829/3684 4185/5834/3684 4184/5833/3684
f 4177/5845/3685 4180/5846/3685 4179/5847/3685
f 4163/5814/3686 4177/5828/3686 4164/5815/3686
f 4178/5829/3687 4166/5817/3687 4179/5817/3687
f 4181/5831/3688 4163/5814/3688 4169/5820/3688
f 4168/5848/3689 4170/5849/3689 4165/5850/3689
f 4179/5836/3690 4164/5838/3690 4177/5838/3690
f 4172/5823/3691 4178/5829/3691 4184/5833/3691
f 4173/5841/3692 4182/5851/3692 4171/5839/3692
f 4185/5844/3693 4176/5852/3693 4183/5842/3693
f 4163/5814/3676 4165/5816/3676 4170/5821/3676
f 4166/5836/3677 4168/5853/3677 4165/5837/3677
f 4172/5823/3678 4174/5825/3678 4168/5819/3678
f 4171/5839/3679 4170/5854/3679 4174/5840/3679
f 4181/5831/3680 4169/5820/3680 4171/5822/3680
f 4172/5823/3681 4184/5833/3681 4186/5835/3681
f 4183/5842/3682 4182/5855/3682 4186/5843/3682
f 4181/5831/3683 4183/5832/3683 4176/5827/3683
f 4178/5829/3684 4180/5830/3684 4185/5834/3684
f 4177/5845/3685 4176/5852/3685 4180/5846/3685
f 4163/5814/3686 4175/5826/3686 4177/5828/3686
f 4178/5829/3687 4167/5818/3687 4166/5817/3687
f 4181/5831/3688 4175/5826/3688 4163/5814/3688
f 4168/5848/3689 4174/5856/3689 4170/5849/3689
f 4179/5836/3690 4166/5836/3690 4164/5838/3690
f 4172/5823/3691 4167/5818/3691 4178/5829/3691
f 4173/5841/3692 4186/5841/3692 4182/5851/3692
f 4185/5844/3693 4180/5846/3693 4176/5852/3693
o AK_seam_receiver_top_001
v -0.174600 0.038600 0.016600
v -0.174600 0.039000 0.017000
v -0.175000 0.039000 0.016600
v -0.174600 0.039000 0.017000
v -0.174600 0.039400 0.016600
v -0.175000 0.039000 0.016600
v -0.174600 0.038600 -0.016600
v -0.175000 0.039000 -0.016600
v -0.174600 0.039000 -0.017000
v -0.174600 0.039400 -0.016600
v -0.174600 0.039000 -0.017000
v -0.175000 0.039000 -0.016600
v 0.044600 0.038600 0.016600
v 0.045000 0.039000 0.016600
v 0.044600 0.039000 0.017000
v 0.044600 0.039400 0.016600
v 0.044600 0.039000 0.017000
v 0.045000 0.039000 0.016600
v 0.044600 0.038600 -0.016600
v 0.044600 0.039000 -0.017000
v 0.045000 0.039000 -0.016600
v 0.044600 0.039400 -0.016600
v 0.045000 0.039000 -0.016600
v 0.044600 0.039000 -0.017000
vn -0.5774 -0.5774 0.5773
vn -0.5774 0.5774 0.5773
vn -0.5774 -0.5774 -0.5773
vn -0.5774 0.5774 -0.5773
vn 0.5774 -0.5774 0.5773
vn 0.5774 0.5774 0.5773
vn 0.5774 -0.5774 -0.5773
vn 0.5774 0.5774 -0.5773
vn -0.7071 -0.7071 -0.0000
vn -0.7071 -0.0000 0.7071
vn -0.7071 0.7071 -0.0000
vn -0.7071 -0.0000 -0.7071
vn -0.0000 -0.7071 -0.7071
vn -0.0000 0.7071 -0.7071
vn 0.7071 -0.0000 -0.7071
vn 0.7071 -0.7071 -0.0000
vn 0.7071 0.7071 -0.0000
vn 0.7071 -0.0000 0.7071
vn -0.0000 -0.7071 0.7071
vn -0.0000 0.7071 0.7071
vn -0.0000 -1.0000 -0.0000
vn -1.0000 -0.0000 -0.0000
vn -0.0000 -0.0000 1.0000
vn -0.0000 1.0000 -0.0000
vn -0.0000 -0.0000 -1.0000
vn 1.0000 -0.0000 -0.0000
vt 0.009422 0.009422
vt 0.008105 0.009422
vt 0.009422 0.008105
vt 0.136289 0.731327
vt 0.137607 0.731328
vt 0.137607 0.732645
vt 0.118762 0.009422
vt 0.118762 0.008105
vt 0.120079 0.009422
vt 0.246947 0.731328
vt 0.248264 0.731327
vt 0.246947 0.732645
vt 0.009422 0.731328
vt 0.009422 0.732645
vt 0.008105 0.731327
vt 0.137607 0.009422
vt 0.136290 0.009422
vt 0.137607 0.008105
vt 0.118762 0.731328
vt 0.120079 0.731328
vt 0.118762 0.732645
vt 0.246947 0.009422
vt 0.246947 0.008105
vt 0.248264 0.009422
vt 0.265791 0.009422
vt 0.265791 0.008105
vt 0.284636 0.731327
vt 0.284636 0.732644
vt 0.284636 0.732644
vt 0.644082 0.875722
vt 0.644082 0.877039
vt 0.644082 0.765065
vt 0.644082 0.766382
vt 0.265791 0.859512
vt 0.265791 0.750172
vt 0.265791 0.731328
vt 0.265791 0.731328
vt 0.284636 0.009422
vt 0.265791 0.009422
s 0
usemtl MAT_shadow_seam_dark
f 4187/5857/3694 4188/5858/3694 4189/5859/3694
f 4190/5860/3695 4191/5861/3695 4192/5862/3695
f 4193/5863/3696 4194/5864/3696 4195/5865/3696
f 4196/5866/3697 4197/5867/3697 4198/5868/3697
f 4199/5869/3698 4200/5870/3698 4201/5871/3698
f 4202/5872/3699 4203/5873/3699 4204/5874/3699
f 4205/5875/3700 4206/5876/3700 4207/5877/3700
f 4208/5878/3701 4209/5879/3701 4210/5880/3701
f 4187/5857/3702 4194/5864/3702 4193/5863/3702
f 4188/5881/3703 4192/5882/3703 4189/5882/3703
f 4196/5866/3704 4192/5862/3704 4191/5861/3704
f 4197/5883/3705 4194/5884/3705 4198/5885/3705
f 4193/5863/3706 4206/5876/3706 4205/5875/3706
f 4208/5878/3707 4197/5867/3707 4196/5866/3707
f 4209/5886/3708 4206/5887/3708 4210/5887/3708
f 4205/5875/3709 4200/5870/3709 4199/5869/3709
f 4202/5872/3710 4209/5879/3710 4208/5878/3710
f 4203/5888/3711 4200/5889/3711 4204/5889/3711
f 4199/5869/3712 4188/5858/3712 4187/5857/3712
f 4191/5861/3713 4203/5873/3713 4202/5872/3713
f 4205/5875/3714 4187/5857/3714 4193/5863/3714
f 4192/5890/3715 4194/5891/3715 4189/5890/3715
f 4203/5892/3716 4188/5881/3716 4201/5893/3716
f 4196/5866/3717 4202/5872/3717 4208/5878/3717
f 4197/5883/3718 4206/5894/3718 4195/5883/3718
f 4209/5886/3719 4200/5889/3719 4207/5886/3719
f 4187/5857/3702 4189/5859/3702 4194/5864/3702
f 4188/5881/3703 4190/5895/3703 4192/5882/3703
f 4196/5866/3704 4198/5868/3704 4192/5862/3704
f 4197/5883/3705 4195/5883/3705 4194/5884/3705
f 4193/5863/3706 4195/5865/3706 4206/5876/3706
f 4208/5878/3707 4210/5880/3707 4197/5867/3707
f 4209/5886/3708 4207/5886/3708 4206/5887/3708
f 4205/5875/3709 4207/5877/3709 4200/5870/3709
f 4202/5872/3710 4204/5874/3710 4209/5879/3710
f 4203/5888/3711 4201/5888/3711 4200/5889/3711
f 4199/5869/3712 4201/5871/3712 4188/5858/3712
f 4191/5861/3713 4190/5860/3713 4203/5873/3713
f 4205/5875/3714 4199/5869/3714 4187/5857/3714
f 4192/5890/3715 4198/5891/3715 4194/5891/3715
f 4203/5892/3716 4190/5895/3716 4188/5881/3716
f 4196/5866/3717 4191/5861/3717 4202/5872/3717
f 4197/5883/3718 4210/5894/3718 4206/5894/3718
f 4209/5886/3719 4204/5889/3719 4200/5889/3719
o AK_seam_visual_001
v -0.180000 -0.045000 0.021500
v -0.180000 -0.044500 0.022000
v -0.180500 -0.044500 0.021500
v -0.180000 -0.035500 0.022000
v -0.180000 -0.035000 0.021500
v -0.180500 -0.035500 0.021500
v -0.180000 -0.045000 -0.021500
v -0.180500 -0.044500 -0.021500
v -0.180000 -0.044500 -0.022000
v -0.180000 -0.035000 -0.021500
v -0.180000 -0.035500 -0.022000
v -0.180500 -0.035500 -0.021500
v -0.180000 -0.045000 0.021500
v -0.179500 -0.044500 0.021500
v -0.180000 -0.044500 0.022000
v -0.180000 -0.035000 0.021500
v -0.180000 -0.035500 0.022000
v -0.179500 -0.035500 0.021500
v -0.180000 -0.045000 -0.021500
v -0.180000 -0.044500 -0.022000
v -0.179500 -0.044500 -0.021500
v -0.180000 -0.035000 -0.021500
v -0.179500 -0.035500 -0.021500
v -0.180000 -0.035500 -0.022000
vn -0.5773 -0.5774 0.5774
vn -0.5773 0.5774 0.5774
vn -0.5773 -0.5774 -0.5774
vn -0.5773 0.5774 -0.5774
vn 0.5773 -0.5774 0.5774
vn 0.5773 0.5774 0.5774
vn 0.5773 -0.5774 -0.5774
vn 0.5773 0.5774 -0.5774
vn -0.7071 -0.7071 -0.0000
vn -0.7071 -0.0000 0.7071
vn -0.7071 0.7071 -0.0000
vn -0.7071 -0.0000 -0.7071
vn -0.0000 -0.7071 -0.7071
vn -0.0000 0.7071 -0.7071
vn 0.7071 -0.0000 -0.7071
vn 0.7071 -0.7071 -0.0000
vn 0.7071 0.7071 -0.0000
vn 0.7071 -0.0000 0.7071
vn -0.0000 -0.7071 0.7071
vn -0.0000 0.7071 0.7071
vn -0.0000 -1.0000 -0.0000
vn -1.0000 -0.0000 -0.0000
vn -0.0000 -0.0000 1.0000
vn -0.0000 1.0000 -0.0000
vn -0.0000 -0.0000 -1.0000
vn 1.0000 -0.0000 -0.0000
vt 0.664428 0.667911
vt 0.664428 0.666264
vt 0.666075 0.667911
vt 0.881020 0.666264
vt 0.881020 0.667911
vt 0.879374 0.667911
vt 0.664428 0.809526
vt 0.666075 0.809526
vt 0.664428 0.811172
vt 0.881020 0.809526
vt 0.881020 0.811172
vt 0.879374 0.809526
vt 0.662782 0.667911
vt 0.882667 0.667911
vt 0.662782 0.809526
vt 0.882667 0.809526
vt 0.548904 0.894896
vt 0.550551 0.924536
vt 0.548904 0.924536
vt 0.529401 0.924536
vt 0.527754 0.894896
vt 0.529401 0.894896
vt 0.861517 0.809526
vt 0.831877 0.811172
vt 0.831877 0.809526
vt 0.861517 0.666264
vt 0.831877 0.667911
vt 0.831877 0.666264
vt 0.418821 0.885529
vt 0.448462 0.743915
vt 0.448461 0.885529
vt 0.548904 0.924536
vt 0.861517 0.667911
vt 0.550551 0.894896
vt 0.527754 0.924536
vt 0.861517 0.811172
vt 0.418821 0.743915
s 0
usemtl MAT_shadow_seam_dark
f 4211/5896/3720 4212/5897/3720 4213/5898/3720
f 4214/5899/3721 4215/5900/3721 4216/5901/3721
f 4217/5902/3722 4218/5903/3722 4219/5904/3722
f 4220/5905/3723 4221/5906/3723 4222/5907/3723
f 4223/5896/3724 4224/5908/3724 4225/5897/3724
f 4226/5900/3725 4227/5899/3725 4228/5909/3725
f 4229/5902/3726 4230/5904/3726 4231/5910/3726
f 4232/5905/3727 4233/5911/3727 4234/5906/3727
f 4211/5896/3728 4218/5903/3728 4217/5902/3728
f 4214/5912/3729 4213/5913/3729 4212/5914/3729
f 4220/5905/3730 4216/5901/3730 4215/5900/3730
f 4219/5915/3731 4222/5916/3731 4221/5917/3731
f 4229/5902/3732 4219/5904/3732 4230/5904/3732
f 4220/5905/3733 4234/5906/3733 4221/5906/3733
f 4231/5918/3734 4234/5919/3734 4233/5920/3734
f 4229/5902/3735 4224/5908/3735 4223/5896/3735
f 4226/5900/3736 4233/5911/3736 4232/5905/3736
f 4225/5921/3737 4228/5922/3737 4227/5923/3737
f 4211/5896/3738 4225/5897/3738 4212/5897/3738
f 4226/5900/3739 4214/5899/3739 4227/5899/3739
f 4229/5902/3740 4211/5896/3740 4217/5902/3740
f 4216/5924/3741 4218/5925/3741 4213/5926/3741
f 4227/5912/3742 4212/5914/3742 4225/5927/3742
f 4220/5905/3743 4226/5900/3743 4232/5905/3743
f 4221/5917/3744 4230/5915/3744 4219/5915/3744
f 4233/5920/3745 4224/5928/3745 4231/5918/3745
f 4211/5896/3728 4213/5898/3728 4218/5903/3728
f 4214/5912/3729 4216/5929/3729 4213/5913/3729
f 4220/5905/3730 4222/5907/3730 4216/5901/3730
f 4219/5915/3731 4218/5930/3731 4222/5916/3731
f 4229/5902/3732 4217/5902/3732 4219/5904/3732
f 4220/5905/3733 4232/5905/3733 4234/5906/3733
f 4231/5918/3734 4230/5931/3734 4234/5919/3734
f 4229/5902/3735 4231/5910/3735 4224/5908/3735
f 4226/5900/3736 4228/5909/3736 4233/5911/3736
f 4225/5921/3737 4224/5928/3737 4228/5922/3737
f 4211/5896/3738 4223/5896/3738 4225/5897/3738
f 4226/5900/3739 4215/5900/3739 4214/5899/3739
f 4229/5902/3740 4223/5896/3740 4211/5896/3740
f 4216/5924/3741 4222/5932/3741 4218/5925/3741
f 4227/5912/3742 4214/5912/3742 4212/5914/3742
f 4220/5905/3743 4215/5900/3743 4226/5900/3743
f 4221/5917/3744 4234/5917/3744 4230/5915/3744
f 4233/5920/3745 4228/5922/3745 4224/5928/3745
o AK_seam_visual_002
v -0.094500 -0.040500 0.016500
v -0.094500 -0.040000 0.017000
v -0.095000 -0.040000 0.016500
v -0.094500 -0.040000 0.017000
v -0.094500 -0.039500 0.016500
v -0.095000 -0.040000 0.016500
v -0.094500 -0.040500 -0.016500
v -0.095000 -0.040000 -0.016500
v -0.094500 -0.040000 -0.017000
v -0.094500 -0.039500 -0.016500
v -0.094500 -0.040000 -0.017000
v -0.095000 -0.040000 -0.016500
v -0.065500 -0.040500 0.016500
v -0.065000 -0.040000 0.016500
v -0.065500 -0.040000 0.017000
v -0.065500 -0.039500 0.016500
v -0.065500 -0.040000 0.017000
v -0.065000 -0.040000 0.016500
v -0.065500 -0.040500 -0.016500
v -0.065500 -0.040000 -0.017000
v -0.065000 -0.040000 -0.016500
v -0.065500 -0.039500 -0.016500
v -0.065000 -0.040000 -0.016500
v -0.065500 -0.040000 -0.017000
vn -0.5773 -0.5774 0.5774
vn -0.5773 0.5774 0.5774
vn -0.5773 -0.5774 -0.5774
vn -0.5773 0.5774 -0.5774
vn 0.5773 -0.5774 0.5774
vn 0.5773 0.5774 0.5774
vn 0.5773 -0.5774 -0.5774
vn 0.5773 0.5774 -0.5774
vn -0.7071 -0.7071 -0.0000
vn -0.7071 -0.0000 0.7071
vn -0.7071 0.7071 -0.0000
vn -0.7071 -0.0000 -0.7071
vn -0.0000 -0.7071 -0.7071
vn -0.0000 0.7071 -0.7071
vn 0.7071 -0.0000 -0.7071
vn 0.7071 -0.7071 -0.0000
vn 0.7071 0.7071 -0.0000
vn 0.7071 -0.0000 0.7071
vn -0.0000 -0.7071 0.7071
vn -0.0000 0.7071 0.7071
vn -0.0000 -1.0000 -0.0000
vn -1.0000 -0.0000 -0.0000
vn -0.0000 -0.0000 1.0000
vn -0.0000 1.0000 -0.0000
vn -0.0000 -0.0000 -1.0000
vn 1.0000 -0.0000 -0.0000
vt 0.927384 0.829029
vt 0.927384 0.827382
vt 0.929031 0.829029
vt 0.509897 0.765065
vt 0.509897 0.766712
vt 0.508250 0.766712
vt 0.927384 0.937710
vt 0.929031 0.937710
vt 0.927384 0.939357
vt 0.509897 0.875393
vt 0.509897 0.877039
vt 0.508250 0.875393
vt 0.831876 0.829029
vt 0.830230 0.829029
vt 0.831877 0.827382
vt 0.605405 0.766712
vt 0.605405 0.765065
vt 0.607051 0.766712
vt 0.831876 0.937710
vt 0.831877 0.939357
vt 0.830230 0.937710
vt 0.605405 0.875393
vt 0.607051 0.875393
vt 0.605405 0.877039
vt 0.927418 0.266121
vt 0.927418 0.264474
vt 0.945604 0.233444
vt 0.945604 0.235090
vt 0.214633 0.859183
vt 0.214633 0.860829
vt 0.214633 0.748855
vt 0.214633 0.750502
vt 0.624908 0.875393
vt 0.624908 0.766712
vt 0.927418 0.361628
vt 0.945604 0.137936
s 0
usemtl MAT_shadow_seam_dark
f 4235/5933/3746 4236/5934/3746 4237/5935/3746
f 4238/5936/3747 4239/5937/3747 4240/5938/3747
f 4241/5939/3748 4242/5940/3748 4243/5941/3748
f 4244/5942/3749 4245/5943/3749 4246/5944/3749
f 4247/5945/3750 4248/5946/3750 4249/5947/3750
f 4250/5948/3751 4251/5949/3751 4252/5950/3751
f 4253/5951/3752 4254/5952/3752 4255/5953/3752
f 4256/5954/3753 4257/5955/3753 4258/5956/3753
f 4235/5933/3754 4242/5940/3754 4241/5939/3754
f 4236/5957/3755 4240/5958/3755 4237/5958/3755
f 4244/5942/3756 4240/5938/3756 4239/5937/3756
f 4245/5959/3757 4242/5960/3757 4246/5960/3757
f 4241/5939/3758 4254/5952/3758 4253/5951/3758
f 4256/5954/3759 4245/5943/3759 4244/5942/3759
f 4257/5961/3760 4254/5962/3760 4258/5962/3760
f 4253/5951/3761 4248/5946/3761 4247/5945/3761
f 4250/5948/3762 4257/5955/3762 4256/5954/3762
f 4251/5963/3763 4248/5964/3763 4252/5964/3763
f 4247/5945/3764 4236/5934/3764 4235/5933/3764
f 4239/5937/3765 4251/5949/3765 4250/5948/3765
f 4253/5951/3766 4235/5933/3766 4241/5939/3766
f 4240/5965/3767 4242/5966/3767 4237/5965/3767
f 4251/5967/3768 4236/5957/3768 4249/5967/3768
f 4244/5942/3769 4250/5948/3769 4256/5954/3769
f 4245/5959/3770 4254/5968/3770 4243/5959/3770
f 4257/5961/3771 4248/5964/3771 4255/5961/3771
f 4235/5933/3754 4237/5935/3754 4242/5940/3754
f 4236/5957/3755 4238/5957/3755 4240/5958/3755
f 4244/5942/3756 4246/5944/3756 4240/5938/3756
f 4245/5959/3757 4243/5959/3757 4242/5960/3757
f 4241/5939/3758 4243/5941/3758 4254/5952/3758
f 4256/5954/3759 4258/5956/3759 4245/5943/3759
f 4257/5961/3760 4255/5961/3760 4254/5962/3760
f 4253/5951/3761 4255/5953/3761 4248/5946/3761
f 4250/5948/3762 4252/5950/3762 4257/5955/3762
f 4251/5963/3763 4249/5963/3763 4248/5964/3763
f 4247/5945/3764 4249/5947/3764 4236/5934/3764
f 4239/5937/3765 4238/5936/3765 4251/5949/3765
f 4253/5951/3766 4247/5945/3766 4235/5933/3766
f 4240/5965/3767 4246/5966/3767 4242/5966/3767
f 4251/5967/3768 4238/5957/3768 4236/5957/3768
f 4244/5942/3769 4239/5937/3769 4250/5948/3769
f 4245/5959/3770 4258/5968/3770 4254/5968/3770
f 4257/5961/3771 4252/5964/3771 4248/5964/3771
o AK_seam_visual_003
v -0.104500 -0.040500 0.020500
v -0.104500 -0.040000 0.021000
v -0.105000 -0.040000 0.020500
v -0.104500 -0.040000 0.021000
v -0.104500 -0.039500 0.020500
v -0.105000 -0.040000 0.020500
v -0.104500 -0.040500 -0.020500
v -0.105000 -0.040000 -0.020500
v -0.104500 -0.040000 -0.021000
v -0.104500 -0.039500 -0.020500
v -0.104500 -0.040000 -0.021000
v -0.105000 -0.040000 -0.020500
v 0.004500 -0.040500 0.020500
v 0.005000 -0.040000 0.020500
v 0.004500 -0.040000 0.021000
v 0.004500 -0.039500 0.020500
v 0.004500 -0.040000 0.021000
v 0.005000 -0.040000 0.020500
v 0.004500 -0.040500 -0.020500
v 0.004500 -0.040000 -0.021000
v 0.005000 -0.040000 -0.020500
v 0.004500 -0.039500 -0.020500
v 0.005000 -0.040000 -0.020500
v 0.004500 -0.040000 -0.021000
vn -0.5773 -0.5774 0.5773
vn -0.5773 0.5774 0.5773
vn -0.5773 -0.5774 -0.5773
vn -0.5773 0.5774 -0.5773
vn 0.5773 -0.5774 0.5773
vn 0.5773 0.5774 0.5773
vn 0.5773 -0.5774 -0.5773
vn 0.5773 0.5774 -0.5773
vn -0.7071 -0.7071 -0.0000
vn -0.7071 -0.0000 0.7071
vn -0.7071 0.7071 -0.0000
vn -0.7071 -0.0000 -0.7071
vn -0.0000 -0.7071 -0.7071
vn -0.0000 0.7071 -0.7071
vn 0.7071 -0.0000 -0.7071
vn 0.7071 -0.7071 -0.0000
vn 0.7071 0.7071 -0.0000
vn 0.7071 -0.0000 0.7071
vn -0.0000 -0.7071 0.7071
vn -0.0000 0.7071 0.7071
vn -0.0000 -1.0000 -0.0000
vn -1.0000 -0.0000 -0.0000
vn -0.0000 -0.0000 1.0000
vn -0.0000 1.0000 -0.0000
vn -0.0000 -0.0000 -1.0000
vn 1.0000 -0.0000 -0.0000
vt 0.509897 0.388232
vt 0.508251 0.388232
vt 0.509897 0.386585
vt 0.508250 0.368728
vt 0.509897 0.368728
vt 0.509897 0.370375
vt 0.644925 0.388232
vt 0.644925 0.386585
vt 0.646572 0.388232
vt 0.644925 0.368728
vt 0.646572 0.368728
vt 0.644925 0.370375
vt 0.509897 0.747208
vt 0.509897 0.748855
vt 0.508251 0.747208
vt 0.509897 0.009752
vt 0.508251 0.009752
vt 0.509897 0.008105
vt 0.644925 0.747208
vt 0.646572 0.747208
vt 0.644925 0.748855
vt 0.644925 0.009752
vt 0.644925 0.008105
vt 0.646572 0.009752
vt 0.664429 0.009752
vt 0.664429 0.008105
vt 0.683932 0.368728
vt 0.683932 0.370375
vt 0.137936 0.885529
vt 0.137936 0.887176
vt 0.137936 0.748855
vt 0.137936 0.750502
vt 0.157440 0.885529
vt 0.157440 0.750502
vt 0.157440 0.885529
vt 0.664429 0.368729
vt 0.683932 0.009752
vt 0.683932 0.009752
s 0
usemtl MAT_shadow_seam_dark
f 4259/5969/3772 4260/5970/3772 4261/5971/3772
f 4262/5972/3773 4263/5973/3773 4264/5974/3773
f 4265/5975/3774 4266/5976/3774 4267/5977/3774
f 4268/5978/3775 4269/5979/3775 4270/5980/3775
f 4271/5981/3776 4272/5982/3776 4273/5983/3776
f 4274/5984/3777 4275/5985/3777 4276/5986/3777
f 4277/5987/3778 4278/5988/3778 4279/5989/3778
f 4280/5990/3779 4281/5991/3779 4282/5992/3779
f 4259/5969/3780 4266/5976/3780 4265/5975/3780
f 4260/5993/3781 4264/5994/3781 4261/5994/3781
f 4268/5978/3782 4264/5974/3782 4263/5973/3782
f 4269/5995/3783 4266/5996/3783 4270/5996/3783
f 4265/5975/3784 4278/5988/3784 4277/5987/3784
f 4280/5990/3785 4269/5979/3785 4268/5978/3785
f 4281/5997/3786 4278/5998/3786 4282/5998/3786
f 4277/5987/3787 4272/5982/3787 4271/5981/3787
f 4274/5984/3788 4281/5991/3788 4280/5990/3788
f 4275/5999/3789 4272/6000/3789 4276/6000/3789
f 4271/5981/3790 4260/5970/3790 4259/5969/3790
f 4263/5973/3791 4275/5985/3791 4274/5984/3791
f 4277/5987/3792 4259/5969/3792 4265/5975/3792
f 4264/6001/3793 4266/6002/3793 4261/6003/3793
f 4275/6004/3794 4260/5993/3794 4273/6004/3794
f 4268/5978/3795 4274/5984/3795 4280/5990/3795
f 4269/5995/3796 4278/6005/3796 4267/5995/3796
f 4281/5997/3797 4272/6000/3797 4279/5997/3797
f 4259/5969/3780 4261/5971/3780 4266/5976/3780
f 4260/5993/3781 4262/5993/3781 4264/5994/3781
f 4268/5978/3782 4270/5980/3782 4264/5974/3782
f 4269/5995/3783 4267/5995/3783 4266/5996/3783
f 4265/5975/3784 4267/5977/3784 4278/5988/3784
f 4280/5990/3785 4282/5992/3785 4269/5979/3785
f 4281/5997/3786 4279/5997/3786 4278/5998/3786
f 4277/5987/3787 4279/5989/3787 4272/5982/3787
f 4274/5984/3788 4276/5986/3788 4281/5991/3788
f 4275/5999/3789 4273/5999/3789 4272/6000/3789
f 4271/5981/3790 4273/5983/3790 4260/5970/3790
f 4263/5973/3791 4262/5972/3791 4275/5985/3791
f 4277/5987/3792 4271/5981/3792 4259/5969/3792
f 4264/6001/3793 4270/6002/3793 4266/6002/3793
f 4275/6004/3794 4262/5993/3794 4260/5993/3794
f 4268/5978/3795 4263/5973/3795 4274/5984/3795
f 4269/5995/3796 4282/6006/3796 4278/6005/3796
f 4281/5997/3797 4276/6000/3797 4272/6000/3797
o AK_seam_visual_004
v 0.075000 0.008000 0.014500
v 0.075000 0.008500 0.015000
v 0.074500 0.008500 0.014500
v 0.075000 0.051500 0.015000
v 0.075000 0.052000 0.014500
v 0.074500 0.051500 0.014500
v 0.075000 0.008000 -0.014500
v 0.074500 0.008500 -0.014500
v 0.075000 0.008500 -0.015000
v 0.075000 0.052000 -0.014500
v 0.075000 0.051500 -0.015000
v 0.074500 0.051500 -0.014500
v 0.075000 0.008000 0.014500
v 0.075500 0.008500 0.014500
v 0.075000 0.008500 0.015000
v 0.075000 0.052000 0.014500
v 0.075000 0.051500 0.015000
v 0.075500 0.051500 0.014500
v 0.075000 0.008000 -0.014500
v 0.075000 0.008500 -0.015000
v 0.075500 0.008500 -0.014500
v 0.075000 0.052000 -0.014500
v 0.075500 0.051500 -0.014500
v 0.075000 0.051500 -0.015000
vn -0.5774 -0.5774 0.5773
vn -0.5774 0.5774 0.5773
vn -0.5774 -0.5774 -0.5773
vn -0.5774 0.5774 -0.5773
vn 0.5773 -0.5774 0.5773
vn 0.5773 0.5774 0.5773
vn 0.5773 -0.5774 -0.5773
vn 0.5773 0.5774 -0.5773
vn -0.7071 -0.7071 -0.0000
vn -0.7071 -0.0000 0.7071
vn -0.7071 0.7071 -0.0000
vn -0.7071 -0.0000 -0.7071
vn -0.0000 -0.7071 -0.7071
vn -0.0000 0.7071 -0.7071
vn 0.7071 -0.0000 -0.7071
vn 0.7071 -0.7071 -0.0000
vn 0.7071 0.7071 -0.0000
vn 0.7071 -0.0000 0.7071
vn -0.0000 -0.7071 0.7071
vn -0.0000 0.7071 0.7071
vn -0.0000 -1.0000 -0.0000
vn -1.0000 -0.0000 -0.0000
vn -0.0000 -0.0000 1.0000
vn -0.0000 1.0000 -0.0000
vn -0.0000 -0.0000 -1.0000
vn 1.0000 -0.0000 -0.0000
vt 0.907914 0.266121
vt 0.907914 0.264474
vt 0.909561 0.266121
vt 0.664428 0.827382
vt 0.664428 0.829029
vt 0.662782 0.829029
vt 0.907914 0.361628
vt 0.909561 0.361628
vt 0.907914 0.363275
vt 0.664428 0.924537
vt 0.664428 0.926183
vt 0.662782 0.924537
vt 0.906267 0.266121
vt 0.666075 0.829029
vt 0.906267 0.361628
vt 0.666075 0.924537
vt 0.487468 0.743915
vt 0.489115 0.885529
vt 0.487468 0.885529
vt 0.467965 0.885529
vt 0.466318 0.743915
vt 0.467965 0.743915
vt 0.009752 0.892116
vt 0.008105 0.750502
vt 0.009752 0.750502
vt 0.106906 0.892116
vt 0.105259 0.750502
vt 0.106906 0.750502
vt 0.303810 0.743915
vt 0.399318 0.885530
vt 0.303810 0.885530
vt 0.487468 0.743915
vt 0.487468 0.885529
vt 0.105259 0.892116
vt 0.489115 0.743915
vt 0.466318 0.885529
vt 0.008105 0.892116
vt 0.399318 0.743915
s 0
usemtl MAT_shadow_seam_dark
f 4283/6007/3798 4284/6008/3798 4285/6009/3798
f 4286/6010/3799 4287/6011/3799 4288/6012/3799
f 4289/6013/3800 4290/6014/3800 4291/6015/3800
f 4292/6016/3801 4293/6017/3801 4294/6018/3801
f 4295/6007/3802 4296/6019/3802 4297/6008/3802
f 4298/6011/3803 4299/6010/3803 4300/6020/3803
f 4301/6013/3804 4302/6015/3804 4303/6021/3804
f 4304/6016/3805 4305/6022/3805 4306/6017/3805
f 4283/6007/3806 4290/6014/3806 4289/6013/3806
f 4286/6023/3807 4285/6024/3807 4284/6025/3807
f 4292/6016/3808 4288/6012/3808 4287/6011/3808
f 4291/6026/3809 4294/6027/3809 4293/6028/3809
f 4301/6013/3810 4291/6015/3810 4302/6015/3810
f 4292/6016/3811 4306/6017/3811 4293/6017/3811
f 4303/6029/3812 4306/6030/3812 4305/6031/3812
f 4301/6013/3813 4296/6019/3813 4295/6007/3813
f 4298/6011/3814 4305/6022/3814 4304/6016/3814
f 4297/6032/3815 4300/6033/3815 4299/6034/3815
f 4283/6007/3816 4297/6008/3816 4284/6008/3816
f 4298/6011/3817 4286/6010/3817 4299/6010/3817
f 4301/6013/3818 4283/6007/3818 4289/6013/3818
f 4288/6035/3819 4290/6036/3819 4285/6037/3819
f 4299/6038/3820 4284/6025/3820 4297/6039/3820
f 4292/6016/3821 4298/6011/3821 4304/6016/3821
f 4293/6028/3822 4302/6026/3822 4291/6026/3822
f 4305/6031/3823 4296/6040/3823 4303/6029/3823
f 4283/6007/3806 4285/6009/3806 4290/6014/3806
f 4286/6023/3807 4288/6041/3807 4285/6024/3807
f 4292/6016/3808 4294/6018/3808 4288/6012/3808
f 4291/6026/3809 4290/6042/3809 4294/6027/3809
f 4301/6013/3810 4289/6013/3810 4291/6015/3810
f 4292/6016/3811 4304/6016/3811 4306/6017/3811
f 4303/6029/3812 4302/6043/3812 4306/6030/3812
f 4301/6013/3813 4303/6021/3813 4296/6019/3813
f 4298/6011/3814 4300/6020/3814 4305/6022/3814
f 4297/6032/3815 4296/6040/3815 4300/6033/3815
f 4283/6007/3816 4295/6007/3816 4297/6008/3816
f 4298/6011/3817 4287/6011/3817 4286/6010/3817
f 4301/6013/3818 4295/6007/3818 4283/6007/3818
f 4288/6035/3819 4294/6044/3819 4290/6036/3819
f 4299/6038/3820 4286/6023/3820 4284/6025/3820
f 4292/6016/3821 4287/6011/3821 4298/6011/3821
f 4293/6028/3822 4306/6028/3822 4302/6026/3822
f 4305/6031/3823 4300/6033/3823 4296/6040/3823
o AK_seam_visual_005
v 0.392000 0.011000 0.008500
v 0.392000 0.011500 0.009000
v 0.391500 0.011500 0.008500
v 0.392000 0.028500 0.009000
v 0.392000 0.029000 0.008500
v 0.391500 0.028500 0.008500
v 0.392000 0.011000 -0.008500
v 0.391500 0.011500 -0.008500
v 0.392000 0.011500 -0.009000
v 0.392000 0.029000 -0.008500
v 0.392000 0.028500 -0.009000
v 0.391500 0.028500 -0.008500
v 0.392000 0.011000 0.008500
v 0.392500 0.011500 0.008500
v 0.392000 0.011500 0.009000
v 0.392000 0.029000 0.008500
v 0.392000 0.028500 0.009000
v 0.392500 0.028500 0.008500
v 0.392000 0.011000 -0.008500
v 0.392000 0.011500 -0.009000
v 0.392500 0.011500 -0.008500
v 0.392000 0.029000 -0.008500
v 0.392500 0.028500 -0.008500
v 0.392000 0.028500 -0.009000
vn -0.5773 -0.5773 0.5774
vn -0.5773 0.5773 0.5774
vn -0.5773 -0.5773 -0.5774
vn -0.5773 0.5773 -0.5774
vn 0.5773 -0.5773 0.5774
vn 0.5773 0.5773 0.5774
vn 0.5773 -0.5773 -0.5774
vn 0.5773 0.5773 -0.5774
vn -0.7071 -0.7071 -0.0000
vn -0.7071 -0.0000 0.7071
vn -0.7071 0.7071 -0.0000
vn -0.7071 -0.0000 -0.7071
vn -0.0000 -0.7071 -0.7071
vn -0.0000 0.7071 -0.7071
vn 0.7071 -0.0000 -0.7071
vn 0.7071 -0.7071 -0.0000
vn 0.7071 0.7071 -0.0000
vn 0.7071 -0.0000 0.7071
vn -0.0000 -0.7071 0.7071
vn -0.0000 0.7071 0.7071
vn -0.0000 -1.0000 -0.0000
vn -1.0000 -0.0000 -0.0000
vn -0.0000 -0.0000 1.0000
vn -0.0000 1.0000 -0.0000
vn -0.0000 -0.0000 -1.0000
vn 1.0000 -0.0000 -0.0000
vt 0.854417 0.289431
vt 0.854417 0.287784
vt 0.856063 0.289431
vt 0.873920 0.287784
vt 0.873920 0.289431
vt 0.872273 0.289431
vt 0.854417 0.345418
vt 0.856063 0.345418
vt 0.854417 0.347065
vt 0.873920 0.345418
vt 0.873920 0.347065
vt 0.872273 0.345418
vt 0.854417 0.289431
vt 0.852770 0.289431
vt 0.875567 0.289431
vt 0.852770 0.345418
vt 0.875567 0.345418
vt 0.509897 0.894896
vt 0.511544 0.950883
vt 0.509897 0.950883
vt 0.214633 0.934673
vt 0.212986 0.878686
vt 0.214633 0.878686
vt 0.834913 0.289431
vt 0.836560 0.345418
vt 0.834913 0.345418
vt 0.777279 0.289431
vt 0.778926 0.345418
vt 0.777279 0.345418
vt 0.703435 0.345418
vt 0.759423 0.289431
vt 0.759423 0.345418
vt 0.509897 0.950883
vt 0.778926 0.289431
vt 0.511544 0.894896
vt 0.212986 0.934673
vt 0.836560 0.289431
vt 0.703435 0.289431
s 0
usemtl MAT_shadow_seam_dark
f 4307/6045/3824 4308/6046/3824 4309/6047/3824
f 4310/6048/3825 4311/6049/3825 4312/6050/3825
f 4313/6051/3826 4314/6052/3826 4315/6053/3826
f 4316/6054/3827 4317/6055/3827 4318/6056/3827
f 4319/6057/3828 4320/6058/3828 4321/6046/3828
f 4322/6049/3829 4323/6048/3829 4324/6059/3829
f 4325/6051/3830 4326/6053/3830 4327/6060/3830
f 4328/6054/3831 4329/6061/3831 4330/6055/3831
f 4307/6045/3832 4314/6052/3832 4313/6051/3832
f 4310/6062/3833 4309/6063/3833 4308/6064/3833
f 4316/6054/3834 4312/6050/3834 4311/6049/3834
f 4315/6065/3835 4318/6066/3835 4317/6067/3835
f 4325/6051/3836 4315/6053/3836 4326/6053/3836
f 4316/6054/3837 4330/6055/3837 4317/6055/3837
f 4327/6068/3838 4330/6069/3838 4329/6070/3838
f 4325/6051/3839 4320/6058/3839 4319/6057/3839
f 4322/6049/3840 4329/6061/3840 4328/6054/3840
f 4321/6071/3841 4324/6072/3841 4323/6073/3841
f 4307/6045/3842 4321/6046/3842 4308/6046/3842
f 4322/6049/3843 4310/6048/3843 4323/6048/3843
f 4325/6051/3844 4307/6045/3844 4313/6051/3844
f 4312/6074/3845 4314/6075/3845 4309/6076/3845
f 4323/6062/3846 4308/6064/3846 4321/6077/3846
f 4316/6054/3847 4322/6049/3847 4328/6054/3847
f 4317/6067/3848 4326/6065/3848 4315/6065/3848
f 4329/6070/3849 4320/6078/3849 4327/6068/3849
f 4307/6045/3832 4309/6047/3832 4314/6052/3832
f 4310/6062/3833 4312/6079/3833 4309/6063/3833
f 4316/6054/3834 4318/6056/3834 4312/6050/3834
f 4315/6065/3835 4314/6080/3835 4318/6066/3835
f 4325/6051/3836 4313/6051/3836 4315/6053/3836
f 4316/6054/3837 4328/6054/3837 4330/6055/3837
f 4327/6068/3838 4326/6081/3838 4330/6069/3838
f 4325/6051/3839 4327/6060/3839 4320/6058/3839
f 4322/6049/3840 4324/6059/3840 4329/6061/3840
f 4321/6071/3841 4320/6078/3841 4324/6072/3841
f 4307/6045/3842 4319/6057/3842 4321/6046/3842
f 4322/6049/3843 4311/6049/3843 4310/6048/3843
f 4325/6051/3844 4319/6057/3844 4307/6045/3844
f 4312/6074/3845 4318/6082/3845 4314/6075/3845
f 4323/6062/3846 4310/6062/3846 4308/6064/3846
f 4316/6054/3847 4311/6049/3847 4322/6049/3847
f 4317/6067/3848 4330/6067/3848 4326/6065/3848
f 4329/6070/3849 4324/6072/3849 4320/6078/3849
o AK_spine_magazine_front_001
v 0.005000 -0.115000 0.005500
v 0.005000 -0.114500 0.006000
v 0.004500 -0.114500 0.005500
v 0.005000 -0.055500 0.006000
v 0.005000 -0.055000 0.005500
v 0.004500 -0.055500 0.005500
v 0.005000 -0.115000 -0.005500
v 0.004500 -0.114500 -0.005500
v 0.005000 -0.114500 -0.006000
v 0.005000 -0.055000 -0.005500
v 0.005000 -0.055500 -0.006000
v 0.004500 -0.055500 -0.005500
v 0.007000 -0.115000 0.005500
v 0.007500 -0.114500 0.005500
v 0.007000 -0.114500 0.006000
v 0.007000 -0.055000 0.005500
v 0.007000 -0.055500 0.006000
v 0.007500 -0.055500 0.005500
v 0.007000 -0.115000 -0.005500
v 0.007000 -0.114500 -0.006000
v 0.007500 -0.114500 -0.005500
v 0.007000 -0.055000 -0.005500
v 0.007500 -0.055500 -0.005500
v 0.007000 -0.055500 -0.006000
vn -0.5774 -0.5773 0.5773
vn -0.5774 0.5773 0.5773
vn -0.5774 -0.5773 -0.5773
vn -0.5774 0.5773 -0.5773
vn 0.5774 -0.5773 0.5773
vn 0.5774 0.5773 0.5773
vn 0.5774 -0.5773 -0.5773
vn 0.5774 0.5773 -0.5773
vn -0.7071 -0.7071 -0.0000
vn -0.7071 -0.0000 0.7071
vn -0.7071 0.7071 -0.0000
vn -0.7071 -0.0000 -0.7071
vn -0.0000 -0.7071 -0.7071
vn -0.0000 0.7071 -0.7071
vn 0.7071 -0.0000 -0.7071
vn 0.7071 -0.7071 -0.0000
vn 0.7071 0.7071 -0.0000
vn 0.7071 -0.0000 0.7071
vn -0.0000 -0.7071 0.7071
vn -0.0000 0.7071 0.7071
vn -0.0000 -1.0000 -0.0000
vn -1.0000 -0.0000 -0.0000
vn -0.0000 -0.0000 1.0000
vn -0.0000 1.0000 -0.0000
vn -0.0000 -0.0000 -1.0000
vn 1.0000 -0.0000 -0.0000
vt 0.057065 0.146164
vt 0.057065 0.144833
vt 0.058396 0.146164
vt 0.103826 0.073811
vt 0.103826 0.075142
vt 0.102495 0.075142
vt 0.057065 0.175435
vt 0.058396 0.175435
vt 0.057065 0.176766
vt 0.103826 0.104413
vt 0.103826 0.105744
vt 0.102495 0.104413
vt 0.051743 0.146164
vt 0.050413 0.146164
vt 0.051743 0.144833
vt 0.109148 0.075142
vt 0.109148 0.073811
vt 0.110479 0.075142
vt 0.051743 0.175435
vt 0.051743 0.176766
vt 0.050413 0.175435
vt 0.109148 0.104413
vt 0.110479 0.104413
vt 0.109148 0.105744
vt 0.860403 0.335666
vt 0.861733 0.492667
vt 0.860403 0.492667
vt 0.007552 0.648915
vt 0.006221 0.491914
vt 0.007552 0.491914
vt 0.007277 0.208579
vt 0.005946 0.051578
vt 0.007277 0.051578
vt 0.037878 0.208579
vt 0.036548 0.051578
vt 0.037878 0.051578
vt 0.764844 0.335666
vt 0.794115 0.492667
vt 0.764844 0.492667
vt 0.855080 0.335666
vt 0.855080 0.492667
vt 0.012874 0.648915
vt 0.036548 0.208579
vt 0.861733 0.335666
vt 0.006221 0.648915
vt 0.005946 0.208579
vt 0.794115 0.335666
vt 0.012874 0.491914
s 0
usemtl MAT_metal_black_magazine
f 4331/6083/3850 4332/6084/3850 4333/6085/3850
f 4334/6086/3851 4335/6087/3851 4336/6088/3851
f 4337/6089/3852 4338/6090/3852 4339/6091/3852
f 4340/6092/3853 4341/6093/3853 4342/6094/3853
f 4343/6095/3854 4344/6096/3854 4345/6097/3854
f 4346/6098/3855 4347/6099/3855 4348/6100/3855
f 4349/6101/3856 4350/6102/3856 4351/6103/3856
f 4352/6104/3857 4353/6105/3857 4354/6106/3857
f 4331/6083/3858 4338/6090/3858 4337/6089/3858
f 4334/6107/3859 4333/6108/3859 4332/6109/3859
f 4340/6092/3860 4336/6088/3860 4335/6087/3860
f 4339/6110/3861 4342/6111/3861 4341/6112/3861
f 4337/6089/3862 4350/6102/3862 4349/6101/3862
f 4352/6104/3863 4341/6093/3863 4340/6092/3863
f 4351/6113/3864 4354/6114/3864 4353/6115/3864
f 4349/6101/3865 4344/6096/3865 4343/6095/3865
f 4346/6098/3866 4353/6105/3866 4352/6104/3866
f 4345/6116/3867 4348/6117/3867 4347/6118/3867
f 4343/6095/3868 4332/6084/3868 4331/6083/3868
f 4335/6087/3869 4347/6099/3869 4346/6098/3869
f 4349/6101/3870 4331/6083/3870 4337/6089/3870
f 4336/6119/3871 4338/6120/3871 4333/6121/3871
f 4347/6122/3872 4332/6109/3872 4345/6123/3872
f 4340/6092/3873 4346/6098/3873 4352/6104/3873
f 4341/6112/3874 4350/6124/3874 4339/6110/3874
f 4353/6115/3875 4344/6125/3875 4351/6113/3875
f 4331/6083/3858 4333/6085/3858 4338/6090/3858
f 4334/6107/3859 4336/6126/3859 4333/6108/3859
f 4340/6092/3860 4342/6094/3860 4336/6088/3860
f 4339/6110/3861 4338/6127/3861 4342/6111/3861
f 4337/6089/3862 4339/6091/3862 4350/6102/3862
f 4352/6104/3863 4354/6106/3863 4341/6093/3863
f 4351/6113/3864 4350/6128/3864 4354/6114/3864
f 4349/6101/3865 4351/6103/3865 4344/6096/3865
f 4346/6098/3866 4348/6100/3866 4353/6105/3866
f 4345/6116/3867 4344/6125/3867 4348/6117/3867
f 4343/6095/3868 4345/6097/3868 4332/6084/3868
f 4335/6087/3869 4334/6086/3869 4347/6099/3869
f 4349/6101/3870 4343/6095/3870 4331/6083/3870
f 4336/6119/3871 4342/6129/3871 4338/6120/3871
f 4347/6122/3872 4334/6107/3872 4332/6109/3872
f 4340/6092/3873 4335/6087/3873 4346/6098/3873
f 4341/6112/3874 4354/6130/3874 4350/6124/3874
f 4353/6115/3875 4348/6117/3875 4344/6125/3875
o AK_spine_magazine_rear_001
v -0.107000 -0.115000 0.005500
v -0.107000 -0.114500 0.006000
v -0.107500 -0.114500 0.005500
v -0.107000 -0.055500 0.006000
v -0.107000 -0.055000 0.005500
v -0.107500 -0.055500 0.005500
v -0.107000 -0.115000 -0.005500
v -0.107500 -0.114500 -0.005500
v -0.107000 -0.114500 -0.006000
v -0.107000 -0.055000 -0.005500
v -0.107000 -0.055500 -0.006000
v -0.107500 -0.055500 -0.005500
v -0.105000 -0.115000 0.005500
v -0.104500 -0.114500 0.005500
v -0.105000 -0.114500 0.006000
v -0.105000 -0.055000 0.005500
v -0.105000 -0.055500 0.006000
v -0.104500 -0.055500 0.005500
v -0.105000 -0.115000 -0.005500
v -0.105000 -0.114500 -0.006000
v -0.104500 -0.114500 -0.005500
v -0.105000 -0.055000 -0.005500
v -0.104500 -0.055500 -0.005500
v -0.105000 -0.055500 -0.006000
vn -0.5774 -0.5773 0.5773
vn -0.5774 0.5773 0.5773
vn -0.5774 -0.5773 -0.5773
vn -0.5774 0.5773 -0.5773
vn 0.5774 -0.5773 0.5773
vn 0.5774 0.5773 0.5773
vn 0.5774 -0.5773 -0.5773
vn 0.5774 0.5773 -0.5773
vn -0.7071 -0.7071 -0.0000
vn -0.7071 -0.0000 0.7071
vn -0.7071 0.7071 -0.0000
vn -0.7071 -0.0000 -0.7071
vn -0.0000 -0.7071 -0.7071
vn -0.0000 0.7071 -0.7071
vn 0.7071 -0.0000 -0.7071
vn 0.7071 -0.7071 -0.0000
vn 0.7071 0.7071 -0.0000
vn 0.7071 -0.0000 0.7071
vn -0.0000 -0.7071 0.7071
vn -0.0000 0.7071 0.7071
vn -0.0000 -1.0000 -0.0000
vn -1.0000 -0.0000 -0.0000
vn -0.0000 -0.0000 1.0000
vn -0.0000 1.0000 -0.0000
vn -0.0000 -0.0000 -1.0000
vn 1.0000 -0.0000 -0.0000
vt 0.012874 0.228234
vt 0.012874 0.226903
vt 0.014204 0.228234
vt 0.125894 0.080739
vt 0.127225 0.080739
vt 0.127225 0.082070
vt 0.012874 0.257505
vt 0.014204 0.257505
vt 0.012874 0.258836
vt 0.156496 0.080739
vt 0.157827 0.080739
vt 0.156496 0.082070
vt 0.007552 0.228234
vt 0.006221 0.228234
vt 0.007552 0.226903
vt 0.127225 0.075417
vt 0.125894 0.075417
vt 0.127225 0.074087
vt 0.007552 0.257505
vt 0.007552 0.258836
vt 0.006221 0.257505
vt 0.156496 0.075417
vt 0.156496 0.074087
vt 0.157827 0.075417
vt 0.882498 0.335666
vt 0.883829 0.492667
vt 0.882498 0.492667
vt 0.179583 0.873029
vt 0.178252 0.716028
vt 0.179583 0.716028
vt 0.718359 0.050752
vt 0.561358 0.052083
vt 0.561358 0.050752
vt 0.718359 0.020150
vt 0.561358 0.021481
vt 0.561358 0.020150
vt 0.809036 0.335666
vt 0.838307 0.492667
vt 0.809036 0.492667
vt 0.877176 0.335666
vt 0.877176 0.492667
vt 0.184905 0.873029
vt 0.718359 0.021481
vt 0.883829 0.335666
vt 0.178252 0.873029
vt 0.718359 0.052083
vt 0.838307 0.335666
vt 0.184905 0.716028
s 0
usemtl MAT_metal_black_magazine
f 4355/6131/3876 4356/6132/3876 4357/6133/3876
f 4358/6134/3877 4359/6135/3877 4360/6136/3877
f 4361/6137/3878 4362/6138/3878 4363/6139/3878
f 4364/6140/3879 4365/6141/3879 4366/6142/3879
f 4367/6143/3880 4368/6144/3880 4369/6145/3880
f 4370/6146/3881 4371/6147/3881 4372/6148/3881
f 4373/6149/3882 4374/6150/3882 4375/6151/3882
f 4376/6152/3883 4377/6153/3883 4378/6154/3883
f 4355/6131/3884 4362/6138/3884 4361/6137/3884
f 4358/6155/3885 4357/6156/3885 4356/6157/3885
f 4364/6140/3886 4360/6136/3886 4359/6135/3886
f 4363/6158/3887 4366/6159/3887 4365/6160/3887
f 4361/6137/3888 4374/6150/3888 4373/6149/3888
f 4376/6152/3889 4365/6141/3889 4364/6140/3889
f 4375/6161/3890 4378/6162/3890 4377/6163/3890
f 4373/6149/3891 4368/6144/3891 4367/6143/3891
f 4370/6146/3892 4377/6153/3892 4376/6152/3892
f 4369/6164/3893 4372/6165/3893 4371/6166/3893
f 4367/6143/3894 4356/6132/3894 4355/6131/3894
f 4359/6135/3895 4371/6147/3895 4370/6146/3895
f 4373/6149/3896 4355/6131/3896 4361/6137/3896
f 4360/6167/3897 4362/6168/3897 4357/6169/3897
f 4371/6170/3898 4356/6157/3898 4369/6171/3898
f 4364/6140/3899 4370/6146/3899 4376/6152/3899
f 4365/6160/3900 4374/6172/3900 4363/6158/3900
f 4377/6163/3901 4368/6173/3901 4375/6161/3901
f 4355/6131/3884 4357/6133/3884 4362/6138/3884
f 4358/6155/3885 4360/6174/3885 4357/6156/3885
f 4364/6140/3886 4366/6142/3886 4360/6136/3886
f 4363/6158/3887 4362/6175/3887 4366/6159/3887
f 4361/6137/3888 4363/6139/3888 4374/6150/3888
f 4376/6152/3889 4378/6154/3889 4365/6141/3889
f 4375/6161/3890 4374/6176/3890 4378/6162/3890
f 4373/6149/3891 4375/6151/3891 4368/6144/3891
f 4370/6146/3892 4372/6148/3892 4377/6153/3892
f 4369/6164/3893 4368/6173/3893 4372/6165/3893
f 4367/6143/3894 4369/6145/3894 4356/6132/3894
f 4359/6135/3895 4358/6134/3895 4371/6147/3895
f 4373/6149/3896 4367/6143/3896 4355/6131/3896
f 4360/6167/3897 4366/6177/3897 4362/6168/3897
f 4371/6170/3898 4358/6155/3898 4356/6157/3898
f 4364/6140/3899 4359/6135/3899 4370/6146/3899
f 4365/6160/3900 4378/6178/3900 4374/6172/3900
f 4377/6163/3901 4372/6165/3901 4368/6173/3901
o AK_stock_main
v -0.260000 0.022000 -0.010000
v -0.260000 0.022000 0.000000
v -0.260000 0.022000 0.010000
v -0.340000 0.028000 -0.010000
v -0.340000 0.028000 0.000000
v -0.340000 0.028000 0.010000
v -0.420000 0.034000 -0.010000
v -0.420000 0.034000 0.000000
v -0.420000 0.034000 0.010000
v -0.420000 -0.047000 -0.010000
v -0.420000 -0.047000 0.000000
v -0.420000 -0.047000 0.010000
v -0.340000 -0.050000 -0.010000
v -0.340000 -0.050000 0.000000
v -0.340000 -0.050000 0.010000
v -0.260000 -0.050000 -0.010000
v -0.260000 -0.050000 0.000000
v -0.260000 -0.050000 0.010000
v -0.260000 -0.027500 0.020000
v -0.340000 -0.027500 0.020000
v -0.420000 -0.027500 0.020000
v -0.260000 -0.005000 0.020000
v -0.340000 -0.005000 0.020000
v -0.420000 -0.005000 0.020000
v -0.260000 0.017500 0.020000
v -0.340000 0.017500 0.020000
v -0.420000 0.017500 0.020000
v -0.180000 -0.019625 -0.007000
v -0.180000 -0.019625 0.000000
v -0.180000 -0.019625 0.007000
v -0.180000 -0.005000 -0.007000
v -0.180000 -0.005000 0.000000
v -0.180000 -0.005000 0.007000
v -0.420000 -0.027500 -0.020000
v -0.340000 -0.027500 -0.020000
v -0.260000 -0.027500 -0.020000
v -0.420000 -0.005000 -0.020000
v -0.340000 -0.005000 -0.020000
v -0.260000 -0.005000 -0.020000
v -0.420000 0.017500 -0.020000
v -0.340000 0.017500 -0.020000
v -0.260000 0.017500 -0.020000
v -0.491000 -0.027500 0.010000
v -0.491000 -0.027500 0.000000
v -0.491000 -0.027500 -0.010000
v -0.488000 -0.005000 0.010000
v -0.488000 -0.005000 0.000000
v -0.488000 -0.005000 -0.010000
v -0.491000 0.017500 0.010000
v -0.491000 0.017500 0.000000
v -0.491000 0.017500 -0.010000
v -0.499513 -0.054970 0.019512
v -0.499321 -0.054468 0.020000
v -0.499848 -0.054537 0.019513
v -0.499411 -0.054820 0.019857
v -0.499711 -0.054775 0.019794
v -0.499679 -0.054471 0.019857
v -0.499813 -0.054855 0.019512
v -0.499819 0.039547 0.019513
v -0.499277 0.039456 0.020000
v -0.499514 0.039964 0.019512
v -0.499637 0.039463 0.019857
v -0.499692 0.039771 0.019794
v -0.499388 0.039811 0.019857
v -0.499805 0.039857 0.019512
v -0.499848 -0.054537 -0.019513
v -0.499321 -0.054468 -0.020000
v -0.499513 -0.054970 -0.019512
v -0.499679 -0.054471 -0.019857
v -0.499711 -0.054775 -0.019794
v -0.499411 -0.054820 -0.019857
v -0.499813 -0.054855 -0.019512
v -0.499514 0.039964 -0.019512
v -0.499277 0.039456 -0.020000
v -0.499819 0.039547 -0.019513
v -0.499388 0.039811 -0.019857
v -0.499692 0.039771 -0.019794
v -0.499637 0.039463 -0.019857
v -0.499805 0.039857 -0.019512
v -0.180000 -0.033763 0.013513
v -0.180486 -0.033855 0.014036
v -0.180478 -0.034344 0.013548
v -0.180142 -0.033809 0.013868
v -0.180198 -0.034086 0.013810
v -0.180456 -0.034196 0.013891
v -0.180140 -0.034135 0.013530
v -0.180481 0.008730 0.013548
v -0.179514 0.008078 0.013964
v -0.180000 0.009138 0.013513
v -0.179972 0.008502 0.013855
v -0.179994 0.008645 0.013795
v -0.179858 0.008608 0.013847
v -0.180141 0.008816 0.013530
v -0.180486 -0.033855 -0.014036
v -0.180000 -0.033763 -0.013513
v -0.180478 -0.034344 -0.013548
v -0.180144 -0.033789 -0.013868
v -0.180204 -0.034083 -0.013809
v -0.180138 -0.034135 -0.013523
v -0.180482 -0.034201 -0.013893
v -0.180481 0.008730 -0.013548
v -0.180000 0.009138 -0.013513
v -0.179514 0.008078 -0.013964
v -0.180141 0.008816 -0.013530
v -0.179994 0.008645 -0.013795
v -0.179858 0.008608 -0.013847
v -0.179972 0.008502 -0.013855
v -0.499515 -0.054951 -0.010000
v -0.499848 -0.054537 -0.010000
v -0.499814 -0.054850 -0.010000
v -0.499515 -0.054951 0.000000
v -0.499848 -0.054537 0.000000
v -0.499814 -0.054850 0.000000
v -0.499848 -0.054537 0.010000
v -0.499515 -0.054951 0.010000
v -0.499814 -0.054850 0.010000
v -0.490496 -0.027500 0.020000
v -0.491000 -0.027500 0.019513
v -0.490852 -0.027500 0.019857
v -0.487496 -0.005000 0.020000
v -0.488000 -0.005000 0.019513
v -0.487852 -0.005000 0.019857
v -0.491000 0.017500 0.019513
v -0.490495 0.017500 0.020000
v -0.490852 0.017500 0.019857
v -0.499514 0.039964 0.010000
v -0.499819 0.039547 0.010000
v -0.499805 0.039857 0.010000
v -0.499514 0.039964 0.000000
v -0.499819 0.039547 0.000000
v -0.499805 0.039857 0.000000
v -0.499819 0.039547 -0.010000
v -0.499514 0.039964 -0.010000
v -0.499805 0.039857 -0.010000
v -0.490495 0.017500 -0.020000
v -0.491000 0.017500 -0.019513
v -0.490852 0.017500 -0.019857
v -0.487496 -0.005000 -0.020000
v -0.488000 -0.005000 -0.019513
v -0.487852 -0.005000 -0.019857
v -0.491000 -0.027500 -0.019513
v -0.490496 -0.027500 -0.020000
v -0.490852 -0.027500 -0.019857
v -0.260000 -0.050000 -0.019512
v -0.260000 -0.049510 -0.020000
v -0.260000 -0.049856 -0.019857
v -0.340000 -0.050000 -0.019512
v -0.340000 -0.049510 -0.020000
v -0.340000 -0.049857 -0.019857
v -0.420000 -0.049510 -0.020000
v -0.420000 -0.049860 -0.019533
v -0.420000 -0.049816 -0.019863
v -0.420000 0.034000 -0.019512
v -0.420000 0.033510 -0.020000
v -0.420000 0.033856 -0.019857
v -0.340000 0.028000 -0.019512
v -0.340000 0.027510 -0.020000
v -0.340000 0.027856 -0.019857
v -0.260000 0.021510 -0.020000
v -0.260000 0.022000 -0.019512
v -0.260000 0.021856 -0.019857
v -0.180000 0.009138 -0.013513
v -0.180000 0.009138 -0.013513
v -0.180000 0.009138 -0.014000
v -0.180000 0.009138 -0.013513
v -0.180000 0.009253 -0.013752
v -0.180000 0.009138 -0.013756
v -0.180000 0.009138 -0.013756
v -0.180000 -0.005000 -0.013513
v -0.180486 -0.005000 -0.014036
v -0.180142 -0.005000 -0.013868
v -0.180486 -0.019673 -0.014036
v -0.180000 -0.019625 -0.013513
v -0.180142 -0.019639 -0.013868
v -0.180478 -0.034344 0.007018
v -0.180000 -0.033763 0.007000
v -0.180140 -0.034135 0.007005
v -0.180478 -0.034344 0.000000
v -0.180000 -0.033763 0.000000
v -0.180140 -0.034135 0.000000
v -0.180000 -0.033763 -0.007000
v -0.180478 -0.034344 -0.007018
v -0.180140 -0.034135 -0.007005
v -0.180481 0.008730 -0.007018
v -0.180000 0.009138 -0.007000
v -0.180141 0.008816 -0.007005
v -0.180481 0.008730 0.000000
v -0.180000 0.009138 0.000000
v -0.180141 0.008816 0.000000
v -0.180000 0.009138 0.007000
v -0.180481 0.008730 0.007018
v -0.180141 0.008816 0.007005
v -0.180000 0.009138 0.013513
v -0.180000 0.009138 0.014000
v -0.180000 0.009138 0.013513
v -0.180000 0.009138 0.013756
v -0.180000 0.009253 0.013752
v -0.180000 0.009138 0.013756
v -0.180000 0.009138 0.013513
v -0.180486 -0.005000 0.014036
v -0.180000 -0.005000 0.013513
v -0.180142 -0.005000 0.013868
v -0.180000 -0.019625 0.013513
v -0.180486 -0.019673 0.014036
v -0.180142 -0.019639 0.013868
v -0.420000 -0.049860 0.019533
v -0.420000 -0.049510 0.020000
v -0.420000 -0.049816 0.019863
v -0.340000 -0.050000 0.019512
v -0.340000 -0.049510 0.020000
v -0.340000 -0.049857 0.019857
v -0.260000 -0.049510 0.020000
v -0.260000 -0.050000 0.019512
v -0.260000 -0.049856 0.019857
v -0.260000 0.022000 0.019512
v -0.260000 0.021510 0.020000
v -0.260000 0.021856 0.019857
v -0.340000 0.028000 0.019512
v -0.340000 0.027510 0.020000
v -0.340000 0.027856 0.019857
v -0.420000 0.033510 0.020000
v -0.420000 0.034000 0.019512
v -0.420000 0.033856 0.019857
v -0.180000 0.009138 -0.007000
v -0.180000 0.009138 -0.007000
v -0.180000 0.009138 -0.007000
v -0.180000 0.009138 0.000000
v -0.180000 0.009138 0.000000
v -0.180000 0.009138 0.000000
v -0.180000 0.009138 0.007000
v -0.180000 0.009138 0.007000
v -0.180000 0.009138 0.007000
vn 0.0748 0.9972 -0.0000
vn -0.0375 -0.9993 -0.0000
vn -0.0000 -1.0000 -0.0000
vn -0.0000 -0.0000 1.0000
vn 1.0000 -0.0000 -0.0000
vn -0.0000 -0.0000 -1.0000
vn -0.9912 0.1322 -0.0000
vn -0.9912 -0.1322 -0.0000
vn -0.3309 -0.8685 0.3690
vn -0.3549 -0.2725 0.8943
vn -0.8976 0.0025 0.4409
vn -0.9231 0.0430 0.3820
vn -0.3514 0.2529 0.9014
vn -0.2070 0.8641 0.4589
vn -0.9252 -0.1026 -0.3655
vn -0.3549 -0.2725 -0.8943
vn -0.2240 -0.8679 -0.4434
vn -0.3174 0.8646 -0.3894
vn -0.3514 0.2529 -0.9014
vn -0.8890 -0.0658 -0.4532
vn 0.9109 -0.3311 0.2463
vn 0.4531 -0.2677 0.8503
vn 0.4552 -0.8280 0.3275
vn -0.1666 0.7827 0.5997
vn -0.0801 0.1652 0.9830
vn -0.1913 0.4864 0.8526
vn 0.4018 -0.3470 -0.8475
vn 0.9032 -0.2531 -0.3466
vn 0.5195 -0.8124 -0.2649
vn -0.3866 0.3076 -0.8695
vn -0.7077 0.3445 -0.6168
vn -0.0800 0.1652 -0.9830
vn -1.0000 0.0001 -0.0000
vn -0.0000 1.0000 -0.0000
vn 1.0000 -0.0001 -0.0000
vn -0.3215 -0.9469 -0.0005
vn -0.9939 -0.1105 -0.0000
vn -0.3673 -0.1469 0.9184
vn -0.8626 -0.3450 0.3700
vn -0.3448 0.9387 -0.0000
vn -0.9989 0.0464 -0.0000
vn -0.3690 0.1208 -0.9215
vn -0.8802 0.2881 -0.3772
vn 0.0623 -0.9892 -0.1327
vn 0.0256 -0.4090 -0.9122
vn 0.1799 0.9081 -0.3781
vn 0.1318 0.3777 -0.9165
vn 0.9283 -0.0000 -0.3719
vn 0.4403 -0.0000 -0.8979
vn 0.5264 -0.8503 0.0002
vn 0.9359 -0.3522 -0.0000
vn -0.2453 0.9694 -0.0000
vn -0.9159 0.4015 -0.0000
vn 0.4403 -0.0000 0.8979
vn 0.9283 -0.0000 0.3719
vn 0.2061 -0.9034 0.3761
vn 0.1429 -0.3772 0.9150
vn 0.0691 0.9211 0.3833
vn 0.0286 0.3811 0.9241
vn -0.3561 -0.9344 0.0017
vn -0.9939 -0.1100 -0.0000
vn -0.3215 -0.9469 -0.0000
vn -0.3687 0.1207 0.9217
vn -0.8800 0.2880 0.3776
vn -0.3713 0.0495 0.9272
vn -0.9123 0.1216 0.3909
vn -0.3714 -0.0495 0.9272
vn -0.9124 -0.1216 0.3908
vn -0.3666 -0.1467 -0.9187
vn -0.8622 -0.3449 -0.3711
vn -0.3708 -0.0494 -0.9274
vn -0.9121 -0.1216 -0.3914
vn -0.3714 0.0495 -0.9272
vn -0.9124 0.1216 -0.3908
vn 0.2061 -0.9027 -0.3777
vn 0.1430 -0.3778 -0.9148
vn -0.0000 -0.9232 -0.3843
vn -0.0000 -0.3811 -0.9245
vn -0.0015 -0.9233 -0.3841
vn -0.0001 -0.3813 -0.9245
vn 0.0691 0.9211 -0.3832
vn 0.0286 0.3811 -0.9241
vn 0.0691 0.9211 -0.3833
vn 0.0691 0.9210 -0.3833
vn 0.0286 0.3810 -0.9241
vn -0.9657 -0.2596 -0.0000
vn -0.7476 -0.3623 -0.5566
vn 0.9999 -0.0101 -0.0000
vn 0.5264 -0.8503 -0.0000
vn 0.5264 -0.8502 -0.0000
vn -0.7476 -0.3623 0.5566
vn 0.0591 -0.9219 0.3829
vn 0.0240 -0.3813 0.9241
vn -0.0005 -0.9911 0.1330
vn -0.0000 -0.4091 0.9125
vn -0.0000 -0.9233 0.3841
vn -0.0000 -0.3813 0.9245
vn 0.1799 0.9081 0.3782
vn 0.1318 0.3776 0.9165
vn 0.0691 0.9210 0.3834
vn 0.0286 0.3809 0.9242
vn 0.0691 0.9210 0.3833
vn 0.0286 0.3810 0.9241
vn -0.9504 0.3110 -0.0000
vn 0.0641 -0.9979 -0.0019
vn -0.9285 -0.3714 -0.0000
vn 0.0641 -0.9979 0.0019
vn 0.0748 -0.0000 0.9972
vn 0.1932 -0.9812 -0.0000
vn 0.1646 0.9864 -0.0000
vn 0.0748 -0.0000 -0.9972
vn -0.0748 -0.0000 0.9972
vn 0.0995 -0.9950 -0.0000
vn -0.0359 -0.9572 0.2872
vn -0.0359 -0.9572 -0.2872
vn -0.2240 -0.8679 0.4434
vn -0.2284 -0.1756 0.9576
vn -0.9252 -0.1026 0.3655
vn -0.8889 -0.0657 0.4533
vn -0.2205 0.1590 0.9623
vn -0.3174 0.8646 0.3894
vn -0.8976 0.0025 -0.4408
vn -0.2284 -0.1756 -0.9576
vn -0.3309 -0.8685 -0.3690
vn -0.2070 0.8641 -0.4589
vn -0.2204 0.1590 -0.9624
vn -0.9231 0.0430 -0.3821
vn 0.9092 -0.2519 0.3315
vn 0.4074 -0.3268 0.8528
vn 0.5192 -0.8176 0.2490
vn -0.3866 0.3076 0.8695
vn -0.2502 0.3429 0.9054
vn -0.7077 0.3445 0.6168
vn 0.4663 -0.2640 -0.8443
vn 0.9059 -0.3294 -0.2660
vn 0.4509 -0.8224 -0.3471
vn -0.1666 0.7827 -0.5997
vn -0.1913 0.4864 -0.8525
vn -0.2502 0.3429 -0.9054
vn -0.3561 -0.9344 -0.0017
vn -0.3666 -0.1467 0.9187
vn -0.8622 -0.3449 0.3711
vn -0.3687 0.1207 -0.9217
vn -0.8801 0.2880 -0.3775
vn 0.0591 -0.9219 -0.3829
vn 0.0240 -0.3813 -0.9241
vn 0.1799 0.9081 -0.3782
vn 0.1318 0.3776 -0.9165
vn 0.9269 -0.0001 -0.3754
vn 0.4415 -0.0000 -0.8973
vn 0.5240 -0.8517 -0.0000
vn 0.9374 -0.3483 0.0003
vn 0.4403 -0.0000 0.8978
vn 0.2061 -0.9033 0.3763
vn 0.1429 -0.3770 0.9151
vn 0.0691 0.9211 0.3832
vn -0.3215 -0.9469 0.0005
vn -0.3216 -0.9469 -0.0000
vn -0.3690 0.1208 0.9215
vn -0.8802 0.2881 0.3771
vn -0.3714 0.0495 0.9272
vn -0.9124 0.1216 0.3908
vn -0.3708 -0.0494 0.9274
vn -0.9121 -0.1216 0.3914
vn -0.3673 -0.1469 -0.9184
vn -0.8626 -0.3450 -0.3700
vn -0.3714 -0.0495 -0.9272
vn -0.9124 -0.1216 -0.3908
vn -0.3713 0.0495 -0.9272
vn -0.9123 0.1216 -0.3909
vn 0.2061 -0.9034 -0.3761
vn 0.1429 -0.3772 -0.9151
vn -0.0000 -0.9233 -0.3841
vn -0.0000 -0.3813 -0.9245
vn -0.0005 -0.9911 -0.1330
vn -0.0000 -0.4091 -0.9125
vn 0.0691 0.9210 -0.3834
vn 0.0286 0.3809 -0.9242
vn 0.9282 -0.0064 -0.3719
vn 0.4403 -0.0128 -0.8978
vn 0.4403 -0.0000 -0.8978
vn 0.4403 -0.0128 0.8978
vn 0.9282 -0.0064 0.3719
vn 0.0623 -0.9892 0.1327
vn 0.0256 -0.4090 0.9122
vn -0.0015 -0.9233 0.3841
vn -0.0001 -0.3813 0.9245
vn -0.0000 -0.9232 0.3843
vn -0.0000 -0.3811 0.9245
vn 0.1799 0.9081 0.3781
vn 0.1318 0.3777 0.9165
vn 0.0953 -0.9535 -0.2860
vn 0.0953 -0.9535 0.2860
vn -0.0748 -0.0000 -0.9972
vn -0.0018 -1.0000 -0.0000
vt 0.258572 0.360784
vt 0.238705 0.239466
vt 0.248652 0.238681
vt 0.240278 0.361324
vt 0.228686 0.238877
vt 0.257981 0.508034
vt 0.242906 0.507830
vt 0.221968 0.361401
vt 0.869131 0.411953
vt 0.890418 0.581598
vt 0.869269 0.581610
vt 0.890366 0.411943
vt 0.911568 0.581584
vt 0.784659 0.975727
vt 0.763443 0.805995
vt 0.784659 0.805995
vt 0.881649 0.765401
vt 0.902865 0.935133
vt 0.881649 0.935133
vt 0.183141 0.211691
vt 0.074433 0.341299
vt 0.159104 0.163433
vt 0.131944 0.352774
vt 0.076378 0.548449
vt 0.212807 0.234838
vt 0.182915 0.358881
vt 0.134027 0.530218
vt 0.240819 0.191113
vt 0.239287 0.187644
vt 0.241007 0.187724
vt 0.239183 0.191038
vt 0.237571 0.187587
vt 0.355580 0.524810
vt 0.403625 0.328260
vt 0.413068 0.539372
vt 0.346755 0.345086
vt 0.318599 0.167960
vt 0.307051 0.513602
vt 0.297054 0.356574
vt 0.293014 0.213563
vt 0.225884 0.664998
vt 0.250804 0.731072
vt 0.216735 0.728789
vt 0.249807 0.666818
vt 0.285106 0.728389
vt 0.235485 0.622835
vt 0.249102 0.624025
vt 0.273729 0.664072
vt 0.931924 0.751049
vt 0.932958 0.751445
vt 0.931919 0.752084
vt 0.159209 0.832371
vt 0.157557 0.832762
vt 0.158200 0.831026
vt 0.161237 0.833256
vt 0.159283 0.834226
vt 0.233343 0.599146
vt 0.233187 0.598713
vt 0.233551 0.598746
vt 0.233063 0.598061
vt 0.232902 0.599232
vt 0.232790 0.598572
vt 0.233441 0.598205
vt 0.344149 0.837498
vt 0.347014 0.837972
vt 0.344549 0.839492
vt 0.347916 0.837025
vt 0.346332 0.836657
vt 0.347244 0.835218
vt 0.848899 0.751049
vt 0.848306 0.752087
vt 0.847862 0.750816
vt 0.261615 0.595083
vt 0.261919 0.595514
vt 0.261546 0.595611
vt 0.262252 0.596067
vt 0.261998 0.594855
vt 0.262316 0.595413
vt 0.261798 0.596048
vt 0.236179 0.184436
vt 0.236046 0.184255
vt 0.236185 0.184328
vt 0.235601 0.183749
vt 0.236069 0.184437
vt 0.235808 0.183351
vt 0.235677 0.183510
vt 0.236240 0.194848
vt 0.236252 0.194601
vt 0.236334 0.194591
vt 0.236238 0.194602
vt 0.236542 0.194513
vt 0.236240 0.194473
vt 0.243277 0.183898
vt 0.242811 0.184381
vt 0.243256 0.183595
vt 0.242654 0.184566
vt 0.242770 0.184575
vt 0.243096 0.183484
vt 0.242658 0.184453
vt 0.241914 0.194896
vt 0.241901 0.194652
vt 0.241914 0.194653
vt 0.241924 0.194545
vt 0.241826 0.194642
vt 0.241623 0.194532
vt 0.242088 0.194458
vt 0.242022 0.194559
vt 0.242035 0.194342
vt 0.242026 0.194449
vt 0.242111 0.194407
vt 0.242070 0.194478
vt 0.236074 0.194366
vt 0.236143 0.194355
vt 0.236024 0.194255
vt 0.236106 0.194427
vt 0.236068 0.194347
vt 0.236138 0.194246
vt 0.911708 0.750960
vt 0.911709 0.751993
vt 0.203341 0.843806
vt 0.203567 0.841868
vt 0.220863 0.617223
vt 0.220598 0.616486
vt 0.221584 0.617480
vt 0.254954 0.597304
vt 0.254972 0.596761
vt 0.255113 0.597797
vt 0.319544 0.720680
vt 0.320218 0.719420
vt 0.317874 0.721082
vt 0.848155 0.581796
vt 0.847120 0.581805
vt 0.482603 0.558222
vt 0.481089 0.557811
vt 0.260247 0.236303
vt 0.259685 0.236428
vt 0.260616 0.236161
vt 0.242747 0.187833
vt 0.242626 0.187827
vt 0.243208 0.187714
vt 0.241371 0.183210
vt 0.241108 0.184239
vt 0.241104 0.184355
vt 0.237616 0.194697
vt 0.237669 0.194430
vt 0.237663 0.194326
vt 0.235258 0.187386
vt 0.235724 0.187531
vt 0.235852 0.187536
vt 0.159042 0.025576
vt 0.161174 0.024831
vt 0.159020 0.028531
vt 0.213252 0.510250
vt 0.212507 0.510325
vt 0.211616 0.510507
vt 0.869113 0.750962
vt 0.848904 0.752084
vt 0.298665 0.846671
vt 0.890470 0.750970
vt 0.869112 0.751995
vt 0.250498 0.848143
vt 0.298436 0.844678
vt 0.890471 0.752003
vt 0.250503 0.846171
vt 0.183471 0.721636
vt 0.185085 0.722010
vt 0.182702 0.720433
vt 0.202097 0.658413
vt 0.203256 0.658734
vt 0.201592 0.657462
vt 0.239936 0.598669
vt 0.239846 0.599155
vt 0.247381 0.597787
vt 0.239862 0.598122
vt 0.247409 0.598337
vt 0.247443 0.598854
vt 0.275982 0.616313
vt 0.275334 0.616566
vt 0.276194 0.615565
vt 0.297712 0.656831
vt 0.296543 0.657184
vt 0.298141 0.655852
vt 0.329896 0.027218
vt 0.329677 0.030237
vt 0.729949 0.975727
vt 0.728913 0.805995
vt 0.729949 0.805995
vt 0.475961 0.304956
vt 0.847887 0.411857
vt 0.848923 0.411862
vt 0.474386 0.305463
vt 0.275623 0.509525
vt 0.276527 0.509591
vt 0.276172 0.359797
vt 0.277074 0.359738
vt 0.277434 0.509720
vt 0.278007 0.359598
vt 0.242323 0.191240
vt 0.242435 0.191249
vt 0.242743 0.191385
vt 0.237436 0.183115
vt 0.237642 0.184149
vt 0.239397 0.183087
vt 0.239368 0.184149
vt 0.237640 0.184263
vt 0.239365 0.184265
vt 0.240654 0.194743
vt 0.240606 0.194477
vt 0.239108 0.194693
vt 0.239110 0.194422
vt 0.240616 0.194361
vt 0.239112 0.194319
vt 0.235850 0.191062
vt 0.235968 0.191060
vt 0.235530 0.191188
vt 0.932682 0.581773
vt 0.932961 0.750816
vt 0.006656 0.571764
vt 0.932962 0.411857
vt 0.933717 0.581782
vt 0.008132 0.324693
vt 0.008174 0.571256
vt 0.867301 0.765401
vt 0.868336 0.935133
vt 0.867301 0.935133
vt 0.006656 0.324323
vt 0.216992 0.236649
vt 0.216533 0.236460
vt 0.217559 0.236766
vt 0.203192 0.361024
vt 0.202244 0.360932
vt 0.204107 0.361051
vt 0.237657 0.194221
vt 0.237653 0.194115
vt 0.240627 0.194244
vt 0.240633 0.194140
vt 0.239113 0.194215
vt 0.239115 0.194109
vt 0.182506 0.516126
vt 0.227766 0.508592
vt 0.262863 0.621832
vt 0.203194 0.011287
vt 0.285199 0.012076
vt 0.327741 0.026432
vt 0.263604 0.234923
vt 0.750130 0.975727
vt 0.244167 0.006656
vt 0.237542 0.191021
vt 0.911721 0.411951
vt 0.847120 0.765401
vt 0.847120 0.935133
vt 0.763443 0.975727
vt 0.902865 0.765401
vt 0.160870 0.835170
vt 0.728913 0.975727
vt 0.931926 0.411861
vt 0.868336 0.765401
vt 0.750130 0.805995
s 0
usemtl MAT_wood_dark_reddish
f 4382/6179/3902 4380/6180/3902 4379/6181/3902
f 4383/6182/3902 4381/6183/3902 4380/6180/3902
f 4385/6184/3902 4383/6182/3902 4382/6179/3902
f 4386/6185/3902 4384/6186/3902 4383/6182/3902
f 4391/6187/3903 4389/6188/3903 4388/6189/3903
f 4392/6190/3903 4390/6191/3903 4389/6188/3903
f 4394/6192/3904 4392/6193/3904 4391/6194/3904
f 4395/6195/3904 4393/6196/3904 4392/6197/3904
f 4400/6198/3905 4398/6199/3905 4397/6200/3905
f 4401/6201/3905 4399/6202/3905 4398/6199/3905
f 4403/6203/3905 4401/6201/3905 4400/6198/3905
f 4404/6204/3905 4402/6205/3905 4401/6201/3905
f 4409/6206/3906 4407/6207/3906 4406/6208/3906
f 4410/6209/3906 4408/6210/3906 4407/6207/3906
f 4415/6211/3907 4413/6212/3907 4412/6213/3907
f 4416/6214/3907 4414/6215/3907 4413/6212/3907
f 4418/6216/3907 4416/6214/3907 4415/6211/3907
f 4419/6217/3907 4417/6218/3907 4416/6214/3907
f 4424/6219/3908 4422/6220/3908 4421/6221/3908
f 4425/6222/3908 4423/6223/3908 4422/6220/3908
f 4427/6224/3909 4425/6222/3909 4424/6219/3909
f 4428/6225/3909 4426/6226/3909 4425/6222/3909
f 4430/6227/3910 4434/6228/3910 4436/6229/3910
f 4435/6230/3911 4433/6231/3911 4431/6232/3911
f 4432/6233/3912 4434/6234/3912 4435/6230/3912
f 4437/6235/3913 4441/6236/3913 4443/6237/3913
f 4442/6238/3914 4440/6239/3914 4438/6240/3914
f 4439/6241/3915 4441/6236/3915 4442/6238/3915
f 4444/6242/3916 4448/6243/3916 4450/6244/3916
f 4449/6245/3917 4447/6246/3917 4445/6247/3917
f 4446/6248/3918 4448/6249/3918 4449/6250/3918
f 4451/6251/3919 4455/6252/3919 4457/6253/3919
f 4456/6254/3920 4454/6255/3920 4452/6256/3920
f 4453/6257/3921 4455/6252/3921 4456/6254/3921
f 4458/6258/3922 4462/6259/3922 4464/6260/3922
f 4459/6261/3923 4462/6259/3923 4461/6262/3923
f 4460/6263/3924 4462/6259/3924 4463/6264/3924
f 4465/6265/3925 4469/6266/3925 4471/6267/3925
f 4470/6268/3926 4468/6268/3926 4466/6269/3926
f 4467/6270/3927 4469/6266/3927 4470/6268/3927
f 4472/6271/3928 4476/6272/3928 4478/6273/3928
f 4473/6274/3929 4476/6272/3929 4475/6275/3929
f 4474/6276/3930 4476/6272/3930 4477/6277/3930
f 4479/6278/3931 4483/6279/3931 4485/6280/3931
f 4480/6281/3932 4483/6279/3932 4482/6282/3932
f 4485/6280/3933 4484/6280/3933 4481/6283/3933
f 4540/6281/3934 4544/6284/3934 4546/6285/3934
f 4541/6286/3935 4544/6284/3935 4543/6287/3935
f 4546/6285/3935 4545/6288/3935 4542/6289/3935
f 4571/6270/3935 4575/6290/3935 4577/6291/3935
f 4576/6292/3935 4574/6293/3935 4572/6294/3935
f 4573/6295/3936 4575/6290/3936 4576/6292/3936
f 4493/6296/3937 4436/6229/3937 4494/6297/3937
f 4494/6298/3938 4432/6233/3938 4492/6299/3938
f 4438/6240/3939 4503/6300/3939 4502/6301/3939
f 4440/6239/3940 4501/6302/3940 4503/6300/3940
f 4451/6251/3941 4512/6303/3941 4511/6304/3941
f 4457/6253/3942 4510/6305/3942 4512/6303/3942
f 4445/6247/3943 4521/6306/3943 4520/6307/3943
f 4447/6246/3944 4519/6308/3944 4521/6306/3944
f 4529/6309/3945 4449/6250/3945 4530/6310/3945
f 4530/6311/3946 4445/6247/3946 4528/6312/3946
f 4479/6278/3947 4539/6313/3947 4538/6314/3947
f 4485/6280/3948 4537/6315/3948 4539/6313/3948
f 4473/6274/3949 4552/6316/3949 4551/6317/3949
f 4475/6275/3950 4550/6318/3950 4552/6316/3950
f 4560/6319/3951 4477/6277/3951 4561/6320/3951
f 4561/6320/3952 4473/6274/3952 4559/6321/3952
f 4569/6322/3953 4471/6267/3953 4570/6323/3953
f 4570/6323/3954 4467/6270/3954 4568/6324/3954
f 4582/6325/3955 4461/6262/3955 4583/6326/3955
f 4583/6326/3956 4458/6258/3956 4581/6327/3956
f 4460/6263/3957 4592/6328/3957 4591/6329/3957
f 4463/6264/3958 4590/6330/3958 4592/6328/3958
f 4600/6331/3959 4442/6238/3959 4601/6332/3959
f 4601/6332/3960 4438/6240/3960 4599/6333/3960
f 4486/6334/3961 4450/6335/3961 4446/6248/3961
f 4488/6336/3962 4444/6242/3962 4450/6244/3962
f 4489/6337/3963 4488/6338/3963 4486/6334/3963
f 4491/6339/3938 4487/6340/3938 4488/6336/3938
f 4493/6296/3963 4491/6341/3963 4489/6337/3963
f 4494/6298/3938 4490/6342/3938 4491/6339/3938
f 4431/6232/3964 4497/6343/3964 4435/6230/3964
f 4435/6230/3965 4496/6344/3965 4432/6233/3965
f 4495/6345/3966 4500/6346/3966 4497/6343/3966
f 4497/6343/3967 4499/6347/3967 4496/6344/3967
f 4502/6301/3968 4500/6346/3968 4498/6348/3968
f 4503/6300/3969 4499/6347/3969 4500/6346/3969
f 4439/6241/3941 4506/6349/3941 4443/6237/3941
f 4443/6237/3942 4505/6350/3942 4437/6235/3942
f 4507/6351/3941 4506/6349/3941 4504/6352/3941
f 4509/6353/3942 4505/6350/3942 4506/6349/3942
f 4511/6304/3941 4509/6353/3941 4507/6351/3941
f 4512/6303/3942 4508/6354/3942 4509/6353/3942
f 4452/6256/3970 4515/6355/3970 4456/6254/3970
f 4456/6254/3971 4514/6356/3971 4453/6257/3971
f 4513/6357/3972 4518/6358/3972 4515/6355/3972
f 4515/6355/3973 4517/6359/3973 4514/6356/3973
f 4520/6307/3974 4518/6358/3974 4516/6360/3974
f 4521/6306/3975 4517/6359/3975 4518/6358/3975
f 4474/6276/3976 4524/6361/3976 4478/6273/3976
f 4478/6273/3977 4523/6362/3977 4472/6271/3977
f 4525/6363/3978 4524/6364/3978 4522/6365/3978
f 4527/6366/3979 4523/6362/3979 4524/6361/3979
f 4529/6309/3980 4527/6367/3980 4525/6368/3980
f 4530/6311/3981 4526/6369/3981 4527/6366/3981
f 4531/6370/3982 4454/6255/3982 4451/6251/3982
f 4533/6371/3983 4452/6256/3983 4454/6255/3983
f 4534/6372/3984 4533/6371/3984 4531/6370/3984
f 4536/6373/3983 4532/6374/3983 4533/6371/3983
f 4538/6314/3985 4536/6373/3985 4534/6372/3985
f 4539/6313/3986 4535/6375/3986 4536/6373/3986
f 4480/6281/3987 4546/6285/3987 4484/6280/3987
f 4484/6280/3988 4542/6289/3988 4481/6283/3988
f 4547/6376/3906 4545/6288/3906 4541/6286/3906
f 4549/6377/3989 4542/6289/3989 4545/6288/3989
f 4551/6317/3949 4549/6377/3949 4547/6376/3949
f 4552/6316/3950 4548/6378/3950 4549/6377/3950
f 4553/6379/3990 4464/6260/3990 4460/6263/3990
f 4555/6380/3952 4458/6258/3952 4464/6260/3952
f 4556/6381/3990 4555/6380/3990 4553/6379/3990
f 4558/6382/3952 4554/6383/3952 4555/6380/3952
f 4556/6381/3991 4561/6320/3991 4558/6382/3991
f 4558/6382/3952 4559/6321/3952 4557/6384/3952
f 4562/6385/3953 4482/6282/3953 4479/6278/3953
f 4564/6386/3954 4480/6281/3954 4482/6282/3954
f 4565/6387/3953 4564/6386/3953 4562/6385/3953
f 4567/6388/3954 4563/6389/3954 4564/6386/3954
f 4565/6387/3953 4570/6323/3953 4567/6388/3953
f 4567/6388/3954 4568/6324/3954 4566/6390/3954
f 4572/6294/3992 4470/6268/3992 4466/6269/3992
f 4470/6268/3935 4571/6270/3935 4467/6270/3935
f 4572/6294/3989 4580/6391/3989 4576/6292/3989
f 4576/6292/3906 4579/6392/3906 4573/6295/3906
f 4578/6393/3955 4583/6326/3955 4580/6391/3955
f 4580/6391/3956 4581/6327/3956 4579/6392/3956
f 4584/6394/3993 4433/6395/3993 4430/6227/3993
f 4586/6396/3994 4431/6232/3994 4433/6231/3994
f 4584/6394/3995 4589/6397/3995 4586/6398/3995
f 4586/6396/3996 4588/6399/3996 4585/6400/3996
f 4591/6401/3997 4589/6402/3997 4587/6403/3997
f 4592/6328/3998 4588/6399/3998 4589/6404/3998
f 4465/6265/3999 4595/6405/3999 4468/6268/3999
f 4468/6268/4000 4594/6406/4000 4466/6269/4000
f 4593/6407/4001 4598/6408/4001 4595/6405/4001
f 4595/6405/4002 4597/6409/4002 4594/6406/4002
f 4596/6410/4003 4601/6332/4003 4598/6408/4003
f 4598/6408/4004 4599/6333/4004 4597/6409/4004
f 4609/6324/3935 4577/6291/3935 4610/6411/3935
f 4610/6411/3935 4573/6295/3935 4608/6412/3935
f 4540/6281/3935 4604/6413/3935 4543/6287/3935
f 4543/6287/3935 4603/6414/3935 4541/6286/3935
f 4602/6389/3935 4607/6415/3935 4604/6413/3935
f 4604/6413/3935 4606/6416/3935 4603/6414/3935
f 4605/6390/3935 4610/6411/3935 4607/6415/3935
f 4607/6415/3935 4608/6412/3935 4606/6416/3935
f 4496/6344/4005 4492/6299/4005 4432/6233/4005
f 4585/6400/3905 4495/6345/3905 4431/6232/3905
f 4493/6296/4006 4584/6394/4006 4430/6227/4006
f 4437/6235/4007 4427/6224/4007 4501/6302/4007
f 4599/6333/3905 4502/6301/3905 4405/6417/3905
f 4504/6352/3902 4600/6331/3902 4387/6418/3902
f 4423/6223/4005 4444/6242/4005 4487/6340/4005
f 4520/6307/3907 4528/6312/3907 4445/6247/3907
f 4529/6309/4008 4486/6334/4008 4446/6248/4008
f 4451/6251/3902 4385/6184/3902 4531/6370/3902
f 4510/6305/4007 4514/6356/4007 4429/6419/4007
f 4513/6357/3907 4532/6374/3907 4418/6216/3907
f 4408/6210/3906 4458/6258/3906 4554/6383/3906
f 4459/6261/4009 4397/6200/4009 4590/6330/4009
f 4396/6420/4010 4460/6263/4010 4591/6329/4010
f 4381/6183/4011 4465/6265/4011 4569/6322/4011
f 4609/6324/3935 4467/6270/3935 4571/6270/3935
f 4572/6294/4009 4594/6406/4009 4403/6203/4009
f 4414/6215/4012 4472/6271/4012 4523/6362/4012
f 4551/6317/3906 4559/6321/3906 4473/6274/3906
f 4474/6276/4010 4394/6421/4010 4522/6422/4010
f 4479/6278/4011 4379/6181/4011 4562/6385/4011
f 4420/6423/4013 4481/6283/4013 4542/6289/4013
f 4540/6281/3935 4563/6389/3935 4602/6389/3935
f 4422/6220/4005 4487/6340/4005 4490/6342/4005
f 4388/6189/4014 4489/6337/4014 4486/6334/4014
f 4421/6221/4005 4490/6342/4005 4492/6299/4005
f 4389/6188/4014 4493/6296/4014 4489/6337/4014
f 4499/6347/3908 4421/6221/3908 4496/6344/3908
f 4399/6202/3905 4498/6348/3905 4495/6345/3905
f 4501/6302/3909 4424/6219/3909 4499/6347/3909
f 4405/6417/3905 4498/6348/3905 4402/6205/3905
f 4505/6350/4007 4428/6225/4007 4427/6224/4007
f 4507/6351/3902 4387/6418/3902 4386/6185/3902
f 4508/6354/4007 4429/6419/4007 4428/6225/4007
f 4511/6304/3902 4386/6185/3902 4385/6184/3902
f 4429/6419/3909 4517/6359/3909 4426/6226/3909
f 4516/6360/3907 4418/6216/3907 4415/6211/3907
f 4426/6226/3908 4519/6308/3908 4423/6223/3908
f 4516/6360/3907 4412/6213/3907 4520/6307/3907
f 4413/6212/3907 4523/6362/3907 4526/6369/3907
f 4522/6365/3904 4391/6424/3904 4525/6363/3904
f 4412/6213/3907 4526/6369/3907 4528/6312/3907
f 4529/6309/4015 4391/6187/4015 4388/6189/4015
f 4418/6216/3907 4535/6375/3907 4419/6217/3907
f 4531/6370/3902 4382/6179/3902 4534/6372/3902
f 4419/6217/3907 4537/6315/3907 4420/6423/3907
f 4538/6314/3902 4382/6179/3902 4379/6181/3902
f 4417/6218/4012 4542/6289/4012 4548/6378/4012
f 4541/6286/3906 4409/6206/3906 4547/6376/3906
f 4417/6218/4012 4550/6318/4012 4414/6215/4012
f 4547/6376/3906 4406/6208/3906 4551/6317/3906
f 4407/6207/3906 4554/6383/3906 4557/6384/3906
f 4395/6425/4010 4553/6379/4010 4396/6420/4010
f 4406/6208/3906 4557/6384/3906 4559/6321/3906
f 4560/6319/4010 4395/6425/4010 4394/6421/4010
f 4602/6389/3935 4566/6390/3935 4605/6390/3935
f 4562/6385/4011 4380/6180/4011 4565/6387/4011
f 4605/6390/3935 4568/6324/3935 4609/6324/3935
f 4380/6180/4011 4569/6322/4011 4565/6387/4011
f 4608/6412/3906 4579/6392/3906 4411/6426/3906
f 4572/6294/4009 4400/6198/4009 4578/6393/4009
f 4411/6426/3906 4581/6327/3906 4408/6210/3906
f 4582/6325/4009 4400/6198/4009 4397/6200/4009
f 4588/6399/3905 4399/6202/3905 4585/6400/3905
f 4393/6427/4016 4584/6394/4016 4390/6191/4016
f 4590/6330/3905 4398/6199/3905 4588/6399/3905
f 4396/6428/3904 4587/6403/3904 4393/6429/3904
f 4594/6406/3905 4404/6204/3905 4403/6203/3905
f 4384/6186/3902 4593/6407/3902 4381/6183/3902
f 4597/6409/3905 4405/6417/3905 4404/6204/3905
f 4387/6418/3902 4596/6410/3902 4384/6186/3902
f 4603/6414/3906 4410/6209/3906 4409/6206/3906
f 4606/6416/3906 4411/6426/3906 4410/6209/3906
f 4382/6179/3902 4383/6182/3902 4380/6180/3902
f 4383/6182/3902 4384/6186/3902 4381/6183/3902
f 4385/6184/3902 4386/6185/3902 4383/6182/3902
f 4386/6185/3902 4387/6418/3902 4384/6186/3902
f 4391/6187/3903 4392/6190/3903 4389/6188/3903
f 4392/6190/3903 4393/6427/3903 4390/6191/3903
f 4394/6192/3904 4395/6430/3904 4392/6193/3904
f 4395/6195/3904 4396/6431/3904 4393/6196/3904
f 4400/6198/3905 4401/6201/3905 4398/6199/3905
f 4401/6201/3905 4402/6205/3905 4399/6202/3905
f 4403/6203/3905 4404/6204/3905 4401/6201/3905
f 4404/6204/3905 4405/6417/3905 4402/6205/3905
f 4409/6206/3906 4410/6209/3906 4407/6207/3906
f 4410/6209/3906 4411/6426/3906 4408/6210/3906
f 4415/6211/3907 4416/6214/3907 4413/6212/3907
f 4416/6214/3907 4417/6218/3907 4414/6215/3907
f 4418/6216/3907 4419/6217/3907 4416/6214/3907
f 4419/6217/3907 4420/6423/3907 4417/6218/3907
f 4424/6219/3908 4425/6222/3908 4422/6220/3908
f 4425/6222/3908 4426/6226/3908 4423/6223/3908
f 4427/6224/3909 4428/6225/3909 4425/6222/3909
f 4428/6225/3909 4429/6419/3909 4426/6226/3909
f 4430/6227/4017 4433/6395/4017 4434/6228/4017
f 4435/6230/4018 4434/6234/4018 4433/6231/4018
f 4432/6233/4019 4436/6432/4019 4434/6234/4019
f 4437/6235/4020 4440/6239/4020 4441/6236/4020
f 4442/6238/4021 4441/6236/4021 4440/6239/4021
f 4439/6241/4022 4443/6237/4022 4441/6236/4022
f 4444/6242/4023 4447/6246/4023 4448/6243/4023
f 4449/6245/4024 4448/6243/4024 4447/6246/4024
f 4446/6248/4025 4450/6335/4025 4448/6249/4025
f 4451/6251/4026 4454/6255/4026 4455/6252/4026
f 4456/6254/4027 4455/6252/4027 4454/6255/4027
f 4453/6257/4028 4457/6253/4028 4455/6252/4028
f 4458/6258/4029 4461/6262/4029 4462/6259/4029
f 4459/6261/4030 4463/6264/4030 4462/6259/4030
f 4460/6263/4031 4464/6260/4031 4462/6259/4031
f 4465/6265/4032 4468/6268/4032 4469/6266/4032
f 4470/6268/4033 4469/6266/4033 4468/6268/4033
f 4467/6270/4034 4471/6267/4034 4469/6266/4034
f 4472/6271/4035 4475/6275/4035 4476/6272/4035
f 4473/6274/4036 4477/6277/4036 4476/6272/4036
f 4474/6276/4037 4478/6273/4037 4476/6272/4037
f 4479/6278/4038 4482/6282/4038 4483/6279/4038
f 4480/6281/4039 4484/6280/4039 4483/6279/4039
f 4485/6280/4040 4483/6279/4040 4484/6280/4040
f 4540/6281/3935 4543/6287/3935 4544/6284/3935
f 4541/6286/3936 4545/6288/3936 4544/6284/3936
f 4546/6285/3935 4544/6284/3935 4545/6288/3935
f 4571/6270/3934 4574/6293/3934 4575/6290/3934
f 4576/6292/3935 4575/6290/3935 4574/6293/3935
f 4573/6295/3935 4577/6291/3935 4575/6290/3935
f 4493/6296/4041 4430/6227/4041 4436/6229/4041
f 4494/6298/3962 4436/6432/3962 4432/6233/3962
f 4438/6240/4042 4440/6239/4042 4503/6300/4042
f 4440/6239/4043 4437/6235/4043 4501/6302/4043
f 4451/6251/3941 4457/6253/3941 4512/6303/3941
f 4457/6253/3942 4453/6257/3942 4510/6305/3942
f 4445/6247/4044 4447/6246/4044 4521/6306/4044
f 4447/6246/4045 4444/6242/4045 4519/6308/4045
f 4529/6309/4046 4446/6248/4046 4449/6250/4046
f 4530/6311/4047 4449/6245/4047 4445/6247/4047
f 4479/6278/4048 4485/6280/4048 4539/6313/4048
f 4485/6280/4049 4481/6283/4049 4537/6315/4049
f 4473/6274/4050 4475/6275/4050 4552/6316/4050
f 4475/6275/4051 4472/6271/4051 4550/6318/4051
f 4560/6319/4052 4474/6276/4052 4477/6277/4052
f 4561/6320/4053 4477/6277/4053 4473/6274/4053
f 4569/6322/3953 4465/6265/3953 4471/6267/3953
f 4570/6323/3954 4471/6267/3954 4467/6270/3954
f 4582/6325/4054 4459/6261/4054 4461/6262/4054
f 4583/6326/3956 4461/6262/3956 4458/6258/3956
f 4460/6263/4055 4463/6264/4055 4592/6328/4055
f 4463/6264/4056 4459/6261/4056 4590/6330/4056
f 4600/6331/4057 4439/6241/4057 4442/6238/4057
f 4601/6332/3960 4442/6238/3960 4438/6240/3960
f 4486/6334/4058 4488/6338/4058 4450/6335/4058
f 4488/6336/3938 4487/6340/3938 4444/6242/3938
f 4489/6337/4059 4491/6341/4059 4488/6338/4059
f 4491/6339/3938 4490/6342/3938 4487/6340/3938
f 4493/6296/4059 4494/6297/4059 4491/6341/4059
f 4494/6298/3938 4492/6299/3938 4490/6342/3938
f 4431/6232/4060 4495/6345/4060 4497/6343/4060
f 4435/6230/4061 4497/6343/4061 4496/6344/4061
f 4495/6345/4062 4498/6348/4062 4500/6346/4062
f 4497/6343/4063 4500/6346/4063 4499/6347/4063
f 4502/6301/4064 4503/6300/4064 4500/6346/4064
f 4503/6300/4065 4501/6302/4065 4499/6347/4065
f 4439/6241/3941 4504/6352/3941 4506/6349/3941
f 4443/6237/3942 4506/6349/3942 4505/6350/3942
f 4507/6351/3941 4509/6353/3941 4506/6349/3941
f 4509/6353/3942 4508/6354/3942 4505/6350/3942
f 4511/6304/3941 4512/6303/3941 4509/6353/3941
f 4512/6303/3942 4510/6305/3942 4508/6354/3942
f 4452/6256/4066 4513/6357/4066 4515/6355/4066
f 4456/6254/4067 4515/6355/4067 4514/6356/4067
f 4513/6357/4068 4516/6360/4068 4518/6358/4068
f 4515/6355/4069 4518/6358/4069 4517/6359/4069
f 4520/6307/4070 4521/6306/4070 4518/6358/4070
f 4521/6306/4071 4519/6308/4071 4517/6359/4071
f 4474/6276/4072 4522/6422/4072 4524/6361/4072
f 4478/6273/4073 4524/6361/4073 4523/6362/4073
f 4525/6363/4074 4527/6433/4074 4524/6364/4074
f 4527/6366/4075 4526/6369/4075 4523/6362/4075
f 4529/6309/4076 4530/6310/4076 4527/6367/4076
f 4530/6311/4077 4528/6312/4077 4526/6369/4077
f 4531/6370/3984 4533/6371/3984 4454/6255/3984
f 4533/6371/3983 4532/6374/3983 4452/6256/3983
f 4534/6372/3985 4536/6373/3985 4533/6371/3985
f 4536/6373/3986 4535/6375/3986 4532/6374/3986
f 4538/6314/4078 4539/6313/4078 4536/6373/4078
f 4539/6313/4079 4537/6315/4079 4535/6375/4079
f 4480/6281/3935 4540/6281/3935 4546/6285/3935
f 4484/6280/3987 4546/6285/3987 4542/6289/3987
f 4547/6376/4080 4549/6377/4080 4545/6288/4080
f 4549/6377/4081 4548/6378/4081 4542/6289/4081
f 4551/6317/3949 4552/6316/3949 4549/6377/3949
f 4552/6316/4082 4550/6318/4082 4548/6378/4082
f 4553/6379/3991 4555/6380/3991 4464/6260/3991
f 4555/6380/3952 4554/6383/3952 4458/6258/3952
f 4556/6381/3991 4558/6382/3991 4555/6380/3991
f 4558/6382/3952 4557/6384/3952 4554/6383/3952
f 4556/6381/3990 4560/6319/3990 4561/6320/3990
f 4558/6382/3952 4561/6320/3952 4559/6321/3952
f 4562/6385/3953 4564/6386/3953 4482/6282/3953
f 4564/6386/3954 4563/6389/3954 4480/6281/3954
f 4565/6387/3953 4567/6388/3953 4564/6386/3953
f 4567/6388/3954 4566/6390/3954 4563/6389/3954
f 4565/6387/3953 4569/6322/3953 4570/6323/3953
f 4567/6388/3954 4570/6323/3954 4568/6324/3954
f 4572/6294/3987 4574/6293/3987 4470/6268/3987
f 4470/6268/3987 4574/6293/3987 4571/6270/3987
f 4572/6294/4083 4578/6393/4083 4580/6391/4083
f 4576/6292/4084 4580/6391/4084 4579/6392/4084
f 4578/6393/3955 4582/6325/3955 4583/6326/3955
f 4580/6391/3956 4583/6326/3956 4581/6327/3956
f 4584/6394/4085 4586/6398/4085 4433/6395/4085
f 4586/6396/4086 4585/6400/4086 4431/6232/4086
f 4584/6394/4087 4587/6434/4087 4589/6397/4087
f 4586/6396/4088 4589/6404/4088 4588/6399/4088
f 4591/6401/4089 4592/6435/4089 4589/6402/4089
f 4592/6328/4090 4590/6330/4090 4588/6399/4090
f 4465/6265/4091 4593/6407/4091 4595/6405/4091
f 4468/6268/4092 4595/6405/4092 4594/6406/4092
f 4593/6407/4003 4596/6410/4003 4598/6408/4003
f 4595/6405/4004 4598/6408/4004 4597/6409/4004
f 4596/6410/3959 4600/6331/3959 4601/6332/3959
f 4598/6408/3960 4601/6332/3960 4599/6333/3960
f 4609/6324/3935 4571/6270/3935 4577/6291/3935
f 4610/6411/3935 4577/6291/3935 4573/6295/3935
f 4540/6281/3935 4602/6389/3935 4604/6413/3935
f 4543/6287/3935 4604/6413/3935 4603/6414/3935
f 4602/6389/3935 4605/6390/3935 4607/6415/3935
f 4604/6413/3935 4607/6415/3935 4606/6416/3935
f 4605/6390/3935 4609/6324/3935 4610/6411/3935
f 4607/6415/3935 4610/6411/3935 4608/6412/3935
f 4496/6344/4005 4421/6221/4005 4492/6299/4005
f 4585/6400/3905 4399/6202/3905 4495/6345/3905
f 4493/6296/4093 4390/6191/4093 4584/6394/4093
f 4437/6235/4007 4505/6350/4007 4427/6224/4007
f 4599/6333/3905 4438/6240/3905 4502/6301/3905
f 4504/6352/3902 4439/6241/3902 4600/6331/3902
f 4423/6223/4005 4519/6308/4005 4444/6242/4005
f 4520/6307/3907 4412/6213/3907 4528/6312/3907
f 4529/6309/4094 4388/6189/4094 4486/6334/4094
f 4451/6251/3902 4511/6304/3902 4385/6184/3902
f 4510/6305/4007 4453/6257/4007 4514/6356/4007
f 4513/6357/3907 4452/6256/3907 4532/6374/3907
f 4408/6210/3906 4581/6327/3906 4458/6258/3906
f 4459/6261/4009 4582/6325/4009 4397/6200/4009
f 4396/6420/4010 4553/6379/4010 4460/6263/4010
f 4381/6183/4011 4593/6407/4011 4465/6265/4011
f 4609/6324/3935 4568/6324/3935 4467/6270/3935
f 4572/6294/4095 4466/6269/4095 4594/6406/4095
f 4414/6215/4012 4550/6318/4012 4472/6271/4012
f 4551/6317/3906 4406/6208/3906 4559/6321/3906
f 4474/6276/4010 4560/6319/4010 4394/6421/4010
f 4479/6278/4011 4538/6314/4011 4379/6181/4011
f 4420/6423/4012 4537/6315/4012 4481/6283/4012
f 4540/6281/3935 4480/6281/3935 4563/6389/3935
f 4422/6220/4005 4423/6223/4005 4487/6340/4005
f 4388/6189/4014 4389/6188/4014 4489/6337/4014
f 4421/6221/4005 4422/6220/4005 4490/6342/4005
f 4389/6188/4014 4390/6191/4014 4493/6296/4014
f 4499/6347/3908 4424/6219/3908 4421/6221/3908
f 4399/6202/3905 4402/6205/3905 4498/6348/3905
f 4501/6302/3909 4427/6224/3909 4424/6219/3909
f 4405/6417/3905 4502/6301/3905 4498/6348/3905
f 4505/6350/4007 4508/6354/4007 4428/6225/4007
f 4507/6351/3902 4504/6352/3902 4387/6418/3902
f 4508/6354/4007 4510/6305/4007 4429/6419/4007
f 4511/6304/3902 4507/6351/3902 4386/6185/3902
f 4429/6419/3909 4514/6356/3909 4517/6359/3909
f 4516/6360/3907 4513/6357/3907 4418/6216/3907
f 4426/6226/3908 4517/6359/3908 4519/6308/3908
f 4516/6360/3907 4415/6211/3907 4412/6213/3907
f 4413/6212/3907 4414/6215/3907 4523/6362/3907
f 4522/6365/3904 4394/6436/3904 4391/6424/3904
f 4412/6213/3907 4413/6212/3907 4526/6369/3907
f 4529/6309/4096 4525/6368/4096 4391/6187/4096
f 4418/6216/3907 4532/6374/3907 4535/6375/3907
f 4531/6370/3902 4385/6184/3902 4382/6179/3902
f 4419/6217/3907 4535/6375/3907 4537/6315/3907
f 4538/6314/3902 4534/6372/3902 4382/6179/3902
f 4417/6218/4012 4420/6423/4012 4542/6289/4012
f 4541/6286/3906 4603/6414/3906 4409/6206/3906
f 4417/6218/4012 4548/6378/4012 4550/6318/4012
f 4547/6376/3906 4409/6206/3906 4406/6208/3906
f 4407/6207/3906 4408/6210/3906 4554/6383/3906
f 4395/6425/4010 4556/6381/4010 4553/6379/4010
f 4406/6208/3906 4407/6207/3906 4557/6384/3906
f 4560/6319/4010 4556/6381/4010 4395/6425/4010
f 4602/6389/3935 4563/6389/3935 4566/6390/3935
f 4562/6385/4011 4379/6181/4011 4380/6180/4011
f 4605/6390/3935 4566/6390/3935 4568/6324/3935
f 4380/6180/4011 4381/6183/4011 4569/6322/4011
f 4608/6412/3906 4573/6295/3906 4579/6392/3906
f 4572/6294/4009 4403/6203/4009 4400/6198/4009
f 4411/6426/3906 4579/6392/3906 4581/6327/3906
f 4582/6325/4009 4578/6393/4009 4400/6198/4009
f 4588/6399/3905 4398/6199/3905 4399/6202/3905
f 4393/6427/4096 4587/6434/4096 4584/6394/4096
f 4590/6330/3905 4397/6200/3905 4398/6199/3905
f 4396/6428/3904 4591/6401/3904 4587/6403/3904
f 4594/6406/3905 4597/6409/3905 4404/6204/3905
f 4384/6186/3902 4596/6410/3902 4593/6407/3902
f 4597/6409/3905 4599/6333/3905 4405/6417/3905
f 4387/6418/3902 4600/6331/3902 4596/6410/3902
f 4603/6414/3906 4606/6416/3906 4410/6209/3906
f 4606/6416/3906 4608/6412/3906 4411/6426/3906
o AK_wear_placeholder_metal_edge_001
v -0.174700 0.037000 -0.021000
v -0.174700 0.037300 -0.020700
v -0.175000 0.037300 -0.021000
v -0.174700 0.038700 -0.020700
v -0.174700 0.039000 -0.021000
v -0.175000 0.038700 -0.021000
v -0.174700 0.037000 -0.021000
v -0.175000 0.037300 -0.021000
v -0.174700 0.037300 -0.021300
v -0.174700 0.039000 -0.021000
v -0.174700 0.038700 -0.021300
v -0.175000 0.038700 -0.021000
v 0.044700 0.037000 -0.021000
v 0.045000 0.037300 -0.021000
v 0.044700 0.037300 -0.020700
v 0.044700 0.039000 -0.021000
v 0.044700 0.038700 -0.020700
v 0.045000 0.038700 -0.021000
v 0.044700 0.037000 -0.021000
v 0.044700 0.037300 -0.021300
v 0.045000 0.037300 -0.021000
v 0.044700 0.039000 -0.021000
v 0.045000 0.038700 -0.021000
v 0.044700 0.038700 -0.021300
vn -0.5774 -0.5774 0.5773
vn -0.5774 0.5774 0.5773
vn -0.5774 -0.5774 -0.5773
vn -0.5774 0.5774 -0.5773
vn 0.5774 -0.5774 0.5773
vn 0.5774 0.5774 0.5773
vn 0.5774 -0.5774 -0.5773
vn 0.5774 0.5774 -0.5773
vn -0.7071 -0.7071 -0.0000
vn -0.7071 -0.0000 0.7071
vn -0.7071 0.7071 -0.0000
vn -0.7071 -0.0000 -0.7071
vn -0.0000 -0.7071 -0.7071
vn -0.0000 0.7071 -0.7071
vn 0.7071 -0.0000 -0.7071
vn 0.7071 -0.7071 -0.0000
vn 0.7071 0.7071 -0.0000
vn 0.7071 -0.0000 0.7071
vn -0.0000 -0.7071 0.7071
vn -0.0000 0.7071 0.7071
vn -0.0000 -1.0000 -0.0000
vn -1.0000 -0.0000 -0.0000
vn -0.0000 -0.0000 1.0000
vn -0.0000 1.0000 -0.0000
vn -0.0000 -0.0000 -1.0000
vn 1.0000 -0.0000 -0.0000
vt 0.062521 0.002857
vt 0.061162 0.002857
vt 0.062521 0.001498
vt 0.049733 0.997143
vt 0.051093 0.997143
vt 0.051093 0.998502
vt 0.062521 0.002857
vt 0.062521 0.001498
vt 0.063881 0.002857
vt 0.052452 0.997143
vt 0.051093 0.998502
vt 0.062521 0.997143
vt 0.062521 0.998502
vt 0.061162 0.997143
vt 0.051093 0.002857
vt 0.049733 0.002857
vt 0.051093 0.001498
vt 0.063881 0.997143
vt 0.062521 0.998502
vt 0.051093 0.002857
vt 0.051093 0.001498
vt 0.052452 0.002857
vt 0.014916 0.002857
vt 0.021261 0.001498
vt 0.021261 0.002857
vt 0.009202 0.997143
vt 0.002857 0.998502
vt 0.002857 0.997143
vt 0.113121 0.033319
vt 0.111762 0.026975
vt 0.113121 0.026975
vt 0.114481 0.033319
vt 0.114481 0.026975
vt 0.113121 0.057437
vt 0.113121 0.051092
vt 0.014916 0.997143
vt 0.021261 0.997143
vt 0.009202 0.002857
vt 0.014916 0.001498
vt 0.009202 0.998502
vt 0.111762 0.033319
vt 0.113121 0.051092
vt 0.002857 0.002857
s 0
usemtl MAT_edge_wear_light_metal
f 4611/6437/4097 4612/6438/4097 4613/6439/4097
f 4614/6440/4098 4615/6441/4098 4616/6442/4098
f 4617/6443/4099 4618/6444/4099 4619/6445/4099
f 4620/6441/4100 4621/6446/4100 4622/6447/4100
f 4623/6448/4101 4624/6449/4101 4625/6450/4101
f 4626/6451/4102 4627/6452/4102 4628/6453/4102
f 4629/6448/4103 4630/6454/4103 4631/6455/4103
f 4632/6456/4104 4633/6457/4104 4634/6458/4104
f 4617/6443/4105 4613/6439/4105 4618/6444/4105
f 4614/6459/4106 4613/6460/4106 4612/6461/4106
f 4615/6441/4107 4622/6447/4107 4616/6442/4107
f 4619/6462/4108 4622/6463/4108 4621/6464/4108
f 4617/6443/4109 4630/6454/4109 4629/6448/4109
f 4632/6456/4110 4621/6446/4110 4620/6441/4110
f 4631/6465/4111 4634/6466/4111 4633/6467/4111
f 4623/6448/4112 4631/6455/4112 4624/6449/4112
f 4632/6456/4113 4628/6453/4113 4633/6457/4113
f 4625/6468/4114 4628/6467/4114 4627/6469/4114
f 4623/6448/4115 4612/6438/4115 4611/6437/4115
f 4615/6441/4116 4627/6452/4116 4626/6451/4116
f 4629/6448/4117 4611/6437/4117 4617/6443/4117
f 4613/6470/4118 4622/6471/4118 4618/6470/4118
f 4627/6472/4119 4612/6461/4119 4625/6473/4119
f 4620/6441/4120 4626/6451/4120 4632/6456/4120
f 4621/6464/4121 4630/6474/4121 4619/6462/4121
f 4631/6465/4122 4628/6467/4122 4624/6465/4122
f 4617/6443/4105 4611/6437/4105 4613/6439/4105
f 4614/6459/4106 4616/6475/4106 4613/6460/4106
f 4615/6441/4107 4620/6441/4107 4622/6447/4107
f 4619/6462/4108 4618/6476/4108 4622/6463/4108
f 4617/6443/4109 4619/6445/4109 4630/6454/4109
f 4632/6456/4110 4634/6458/4110 4621/6446/4110
f 4631/6465/4111 4630/6477/4111 4634/6466/4111
f 4623/6448/4112 4629/6448/4112 4631/6455/4112
f 4632/6456/4113 4626/6451/4113 4628/6453/4113
f 4625/6468/4114 4624/6465/4114 4628/6467/4114
f 4623/6448/4115 4625/6450/4115 4612/6438/4115
f 4615/6441/4116 4614/6440/4116 4627/6452/4116
f 4629/6448/4117 4623/6448/4117 4611/6437/4117
f 4613/6470/4118 4616/6478/4118 4622/6471/4118
f 4627/6472/4119 4614/6459/4119 4612/6461/4119
f 4620/6441/4120 4615/6441/4120 4626/6451/4120
f 4621/6464/4121 4634/6479/4121 4630/6474/4121
f 4631/6465/4122 4633/6467/4122 4628/6467/4122
o AK_wear_placeholder_metal_edge_002
v -0.174700 0.037000 0.021000
v -0.174700 0.037300 0.021300
v -0.175000 0.037300 0.021000
v -0.174700 0.038700 0.021300
v -0.174700 0.039000 0.021000
v -0.175000 0.038700 0.021000
v -0.174700 0.037000 0.021000
v -0.175000 0.037300 0.021000
v -0.174700 0.037300 0.020700
v -0.174700 0.039000 0.021000
v -0.174700 0.038700 0.020700
v -0.175000 0.038700 0.021000
v 0.044700 0.037000 0.021000
v 0.045000 0.037300 0.021000
v 0.044700 0.037300 0.021300
v 0.044700 0.039000 0.021000
v 0.044700 0.038700 0.021300
v 0.045000 0.038700 0.021000
v 0.044700 0.037000 0.021000
v 0.044700 0.037300 0.020700
v 0.045000 0.037300 0.021000
v 0.044700 0.039000 0.021000
v 0.045000 0.038700 0.021000
v 0.044700 0.038700 0.020700
vn -0.5774 -0.5774 0.5773
vn -0.5774 0.5774 0.5773
vn -0.5774 -0.5774 -0.5773
vn -0.5774 0.5774 -0.5773
vn 0.5774 -0.5774 0.5773
vn 0.5774 0.5774 0.5773
vn 0.5774 -0.5774 -0.5773
vn 0.5774 0.5774 -0.5773
vn -0.7071 -0.7071 -0.0000
vn -0.7071 -0.0000 0.7071
vn -0.7071 0.7071 -0.0000
vn -0.7071 -0.0000 -0.7071
vn -0.0000 -0.7071 -0.7071
vn -0.0000 0.7071 -0.7071
vn 0.7071 -0.0000 -0.7071
vn 0.7071 -0.7071 -0.0000
vn 0.7071 0.7071 -0.0000
vn 0.7071 -0.0000 0.7071
vn -0.0000 -0.7071 0.7071
vn -0.0000 0.7071 0.7071
vn -0.0000 -1.0000 -0.0000
vn -1.0000 -0.0000 -0.0000
vn -0.0000 -0.0000 1.0000
vn -0.0000 1.0000 -0.0000
vn -0.0000 -0.0000 -1.0000
vn 1.0000 -0.0000 -0.0000
vt 0.068236 0.002857
vt 0.066876 0.002857
vt 0.068236 0.001498
vt 0.055447 0.997143
vt 0.056807 0.997143
vt 0.056807 0.998502
vt 0.068236 0.002857
vt 0.068236 0.001498
vt 0.069595 0.002857
vt 0.058166 0.997143
vt 0.056807 0.998502
vt 0.068236 0.997143
vt 0.068236 0.998502
vt 0.066876 0.997143
vt 0.056807 0.002857
vt 0.055447 0.002857
vt 0.056807 0.001498
vt 0.069595 0.997143
vt 0.068236 0.998502
vt 0.056807 0.002857
vt 0.056807 0.001498
vt 0.058167 0.002857
vt 0.039034 0.002857
vt 0.045378 0.001498
vt 0.045378 0.002857
vt 0.033319 0.997143
vt 0.026975 0.998502
vt 0.026975 0.997143
vt 0.113121 0.045378
vt 0.111762 0.039034
vt 0.113121 0.039034
vt 0.114481 0.045378
vt 0.113121 0.039034
vt 0.114481 0.039034
vt 0.113121 0.069496
vt 0.113121 0.063151
vt 0.039034 0.997143
vt 0.045378 0.997143
vt 0.033320 0.002857
vt 0.039034 0.001498
vt 0.033319 0.998502
vt 0.111762 0.045378
vt 0.113121 0.063151
vt 0.026975 0.002857
s 0
usemtl MAT_edge_wear_light_metal
f 4635/6480/4123 4636/6481/4123 4637/6482/4123
f 4638/6483/4124 4639/6484/4124 4640/6485/4124
f 4641/6486/4125 4642/6487/4125 4643/6488/4125
f 4644/6484/4126 4645/6489/4126 4646/6490/4126
f 4647/6491/4127 4648/6492/4127 4649/6493/4127
f 4650/6494/4128 4651/6495/4128 4652/6496/4128
f 4653/6491/4129 4654/6497/4129 4655/6498/4129
f 4656/6499/4130 4657/6500/4130 4658/6501/4130
f 4641/6486/4131 4637/6482/4131 4642/6487/4131
f 4638/6502/4132 4637/6503/4132 4636/6504/4132
f 4639/6484/4133 4646/6490/4133 4640/6485/4133
f 4643/6505/4134 4646/6506/4134 4645/6507/4134
f 4641/6486/4135 4654/6497/4135 4653/6491/4135
f 4656/6499/4136 4645/6489/4136 4644/6484/4136
f 4655/6508/4137 4658/6509/4137 4657/6510/4137
f 4647/6491/4138 4655/6498/4138 4648/6492/4138
f 4656/6499/4139 4652/6496/4139 4657/6500/4139
f 4649/6511/4140 4652/6512/4140 4651/6513/4140
f 4647/6491/4141 4636/6481/4141 4635/6480/4141
f 4639/6484/4142 4651/6495/4142 4650/6494/4142
f 4653/6491/4143 4635/6480/4143 4641/6486/4143
f 4637/6514/4144 4646/6515/4144 4642/6514/4144
f 4651/6516/4145 4636/6504/4145 4649/6517/4145
f 4644/6484/4146 4650/6494/4146 4656/6499/4146
f 4645/6507/4147 4654/6518/4147 4643/6505/4147
f 4655/6508/4148 4652/6512/4148 4648/6508/4148
f 4641/6486/4131 4635/6480/4131 4637/6482/4131
f 4638/6502/4132 4640/6519/4132 4637/6503/4132
f 4639/6484/4133 4644/6484/4133 4646/6490/4133
f 4643/6505/4134 4642/6520/4134 4646/6506/4134
f 4641/6486/4135 4643/6488/4135 4654/6497/4135
f 4656/6499/4136 4658/6501/4136 4645/6489/4136
f 4655/6508/4137 4654/6521/4137 4658/6509/4137
f 4647/6491/4138 4653/6491/4138 4655/6498/4138
f 4656/6499/4139 4650/6494/4139 4652/6496/4139
f 4649/6511/4140 4648/6508/4140 4652/6512/4140
f 4647/6491/4141 4649/6493/4141 4636/6481/4141
f 4639/6484/4142 4638/6483/4142 4651/6495/4142
f 4653/6491/4143 4647/6491/4143 4635/6480/4143
f 4637/6514/4144 4640/6522/4144 4646/6515/4144
f 4651/6516/4145 4638/6502/4145 4636/6504/4145
f 4644/6484/4146 4639/6484/4146 4650/6494/4146
f 4645/6507/4147 4658/6523/4147 4654/6518/4147
f 4655/6508/4148 4657/6510/4148 4652/6512/4148
o AK_wear_placeholder_metal_edge_003
v 0.044000 0.049000 0.016500
v 0.044000 0.049500 0.017000
v 0.043500 0.049500 0.016500
v 0.044000 0.050500 0.017000
v 0.044000 0.051000 0.016500
v 0.043500 0.050500 0.016500
v 0.044000 0.049000 -0.016500
v 0.043500 0.049500 -0.016500
v 0.044000 0.049500 -0.017000
v 0.044000 0.051000 -0.016500
v 0.044000 0.050500 -0.017000
v 0.043500 0.050500 -0.016500
v 0.044000 0.049000 0.016500
v 0.044500 0.049500 0.016500
v 0.044000 0.049500 0.017000
v 0.044000 0.051000 0.016500
v 0.044000 0.050500 0.017000
v 0.044500 0.050500 0.016500
v 0.044000 0.049000 -0.016500
v 0.044000 0.049500 -0.017000
v 0.044500 0.049500 -0.016500
v 0.044000 0.051000 -0.016500
v 0.044500 0.050500 -0.016500
v 0.044000 0.050500 -0.017000
vn -0.5774 -0.5773 0.5774
vn -0.5774 0.5773 0.5774
vn -0.5774 -0.5773 -0.5774
vn -0.5774 0.5773 -0.5774
vn 0.5774 -0.5773 0.5774
vn 0.5774 0.5773 0.5774
vn 0.5774 -0.5773 -0.5774
vn 0.5774 0.5773 -0.5774
vn -0.7071 -0.7071 -0.0000
vn -0.7071 -0.0000 0.7071
vn -0.7071 0.7071 -0.0000
vn -0.7071 -0.0000 -0.7071
vn -0.0000 -0.7071 -0.7071
vn -0.0000 0.7071 -0.7071
vn 0.7071 -0.0000 -0.7071
vn 0.7071 -0.7071 -0.0000
vn 0.7071 0.7071 -0.0000
vn 0.7071 -0.0000 0.7071
vn -0.0000 -0.7071 0.7071
vn -0.0000 0.7071 0.7071
vn -0.0000 -1.0000 -0.0000
vn -1.0000 -0.0000 -0.0000
vn -0.0000 -0.0000 1.0000
vn -0.0000 1.0000 -0.0000
vn -0.0000 -0.0000 -1.0000
vn 1.0000 -0.0000 -0.0000
vt 0.098974 0.003763
vt 0.098974 0.001498
vt 0.101240 0.003763
vt 0.106501 0.001498
vt 0.106501 0.003763
vt 0.104235 0.003763
vt 0.098974 0.153314
vt 0.101240 0.153314
vt 0.098974 0.155580
vt 0.106501 0.153314
vt 0.106501 0.155580
vt 0.104235 0.153314
vt 0.094077 0.003763
vt 0.108767 0.003763
vt 0.098974 0.153314
vt 0.094077 0.153314
vt 0.108767 0.153314
vt 0.114028 0.003763
vt 0.116294 0.008295
vt 0.114028 0.008295
vt 0.114028 0.020354
vt 0.111762 0.015822
vt 0.114028 0.015822
vt 0.091447 0.153314
vt 0.086915 0.155580
vt 0.086915 0.153314
vt 0.091447 0.001498
vt 0.086915 0.003763
vt 0.086915 0.001498
vt 0.074856 0.153314
vt 0.079388 0.003763
vt 0.079388 0.153314
vt 0.114028 0.008295
vt 0.114028 0.015822
vt 0.114028 0.020354
vt 0.091447 0.003763
vt 0.116294 0.003763
vt 0.111762 0.020354
vt 0.091447 0.155580
vt 0.074856 0.003763
vt 0.114028 0.003763
s 0
usemtl MAT_edge_wear_light_metal
f 4659/6524/4149 4660/6525/4149 4661/6526/4149
f 4662/6527/4150 4663/6528/4150 4664/6529/4150
f 4665/6530/4151 4666/6531/4151 4667/6532/4151
f 4668/6533/4152 4669/6534/4152 4670/6535/4152
f 4671/6524/4153 4672/6536/4153 4673/6525/4153
f 4674/6528/4154 4675/6527/4154 4676/6537/4154
f 4677/6538/4155 4678/6532/4155 4679/6539/4155
f 4680/6533/4156 4681/6540/4156 4682/6534/4156
f 4659/6524/4157 4666/6531/4157 4665/6530/4157
f 4662/6541/4158 4661/6542/4158 4660/6543/4158
f 4668/6533/4159 4664/6529/4159 4663/6528/4159
f 4667/6544/4160 4670/6545/4160 4669/6546/4160
f 4677/6538/4161 4667/6532/4161 4678/6532/4161
f 4668/6533/4162 4682/6534/4162 4669/6534/4162
f 4679/6547/4163 4682/6548/4163 4681/6549/4163
f 4677/6538/4164 4672/6536/4164 4671/6524/4164
f 4674/6528/4165 4681/6540/4165 4680/6533/4165
f 4673/6550/4166 4676/6551/4166 4675/6552/4166
f 4659/6524/4167 4673/6525/4167 4660/6525/4167
f 4674/6528/4168 4662/6527/4168 4675/6527/4168
f 4677/6538/4169 4659/6524/4169 4665/6530/4169
f 4664/6553/4170 4666/6554/4170 4661/6555/4170
f 4673/6556/4171 4662/6541/4171 4660/6543/4171
f 4668/6533/4172 4674/6528/4172 4680/6533/4172
f 4667/6544/4173 4682/6557/4173 4678/6558/4173
f 4681/6549/4174 4672/6559/4174 4679/6547/4174
f 4659/6524/4157 4661/6526/4157 4666/6531/4157
f 4662/6541/4158 4664/6560/4158 4661/6542/4158
f 4668/6533/4159 4670/6535/4159 4664/6529/4159
f 4667/6544/4160 4666/6561/4160 4670/6545/4160
f 4677/6538/4161 4665/6530/4161 4667/6532/4161
f 4668/6533/4162 4680/6533/4162 4682/6534/4162
f 4679/6547/4163 4678/6562/4163 4682/6548/4163
f 4677/6538/4164 4679/6539/4164 4672/6536/4164
f 4674/6528/4165 4676/6537/4165 4681/6540/4165
f 4673/6550/4166 4672/6559/4166 4676/6551/4166
f 4659/6524/4167 4671/6524/4167 4673/6525/4167
f 4674/6528/4168 4663/6528/4168 4662/6527/4168
f 4677/6538/4169 4671/6524/4169 4659/6524/4169
f 4664/6553/4170 4670/6563/4170 4666/6554/4170
f 4673/6556/4171 4675/6564/4171 4662/6541/4171
f 4668/6533/4172 4663/6528/4172 4674/6528/4172
f 4667/6544/4173 4669/6546/4173 4682/6557/4173
f 4681/6549/4174 4676/6551/4174 4672/6559/4174
o AK_wear_placeholder_wood_edge_001
v -0.502200 -0.000300 0.019700
v -0.502200 -0.000000 0.020000
v -0.502500 -0.000000 0.019700
v -0.502200 0.000000 0.020000
v -0.502200 0.000300 0.019700
v -0.502500 0.000000 0.019700
v -0.502200 -0.000300 -0.019700
v -0.502500 -0.000000 -0.019700
v -0.502200 -0.000000 -0.020000
v -0.502200 0.000300 -0.019700
v -0.502200 0.000000 -0.020000
v -0.502500 0.000000 -0.019700
v -0.497800 -0.000300 0.019700
v -0.497500 -0.000000 0.019700
v -0.497800 -0.000000 0.020000
v -0.497800 0.000300 0.019700
v -0.497800 0.000000 0.020000
v -0.497500 0.000000 0.019700
v -0.497800 -0.000300 -0.019700
v -0.497800 -0.000000 -0.020000
v -0.497500 -0.000000 -0.019700
v -0.497800 0.000300 -0.019700
v -0.497500 0.000000 -0.019700
v -0.497800 0.000000 -0.020000
vn -0.5773 -0.5774 0.5774
vn -0.5773 0.5774 0.5774
vn -0.5773 -0.5774 -0.5774
vn -0.5773 0.5774 -0.5774
vn 0.5773 -0.5774 0.5774
vn 0.5773 0.5774 0.5774
vn 0.5773 -0.5774 -0.5774
vn 0.5773 0.5774 -0.5774
vn -0.7071 -0.7071 -0.0000
vn -0.7071 -0.0000 0.7071
vn -0.7071 0.7071 -0.0000
vn -0.7071 -0.0000 -0.7071
vn -0.0000 -0.7071 -0.7071
vn -0.0000 0.7071 -0.7071
vn 0.7071 -0.0000 -0.7071
vn 0.7071 -0.7071 -0.0000
vn 0.7071 0.7071 -0.0000
vn 0.7071 -0.0000 0.7071
vn -0.0000 -0.7071 0.7071
vn -0.0000 0.7071 0.7071
vn -0.0000 -1.0000 -0.0000
vn -1.0000 -0.0000 -0.0000
vn -0.0000 -0.0000 1.0000
vn -0.0000 1.0000 -0.0000
vn -0.0000 -0.0000 -1.0000
vn 1.0000 -0.0000 -0.0000
vt 0.221888 0.003281
vt 0.221888 0.002132
vt 0.223037 0.003281
vt 0.251864 0.002132
vt 0.251864 0.003281
vt 0.250715 0.003281
vt 0.221888 0.154173
vt 0.223037 0.154173
vt 0.221888 0.155322
vt 0.251864 0.154173
vt 0.251864 0.155322
vt 0.250715 0.154173
vt 0.205037 0.003281
vt 0.203889 0.003281
vt 0.205037 0.002132
vt 0.268715 0.003281
vt 0.268715 0.002132
vt 0.269864 0.003281
vt 0.205037 0.154173
vt 0.205037 0.155322
vt 0.203889 0.154173
vt 0.268715 0.154173
vt 0.269864 0.154173
vt 0.268715 0.155322
vt 0.158833 0.160736
vt 0.158833 0.159587
vt 0.158833 0.159587
vt 0.145708 0.177587
vt 0.145708 0.178736
vt 0.145708 0.178736
vt 0.043318 0.311628
vt 0.043318 0.312777
vt 0.043318 0.312777
vt 0.043318 0.159587
vt 0.043318 0.160736
vt 0.056443 0.311628
vt 0.056443 0.160736
vt 0.056443 0.311628
vt 0.158833 0.177587
vt 0.145708 0.160736
vt 0.043318 0.159587
s 0
usemtl MAT_edge_wear_worn_wood
f 4683/6565/4175 4684/6566/4175 4685/6567/4175
f 4686/6568/4176 4687/6569/4176 4688/6570/4176
f 4689/6571/4177 4690/6572/4177 4691/6573/4177
f 4692/6574/4178 4693/6575/4178 4694/6576/4178
f 4695/6577/4179 4696/6578/4179 4697/6579/4179
f 4698/6580/4180 4699/6581/4180 4700/6582/4180
f 4701/6583/4181 4702/6584/4181 4703/6585/4181
f 4704/6586/4182 4705/6587/4182 4706/6588/4182
f 4683/6565/4183 4690/6572/4183 4689/6571/4183
f 4684/6589/4184 4688/6590/4184 4685/6591/4184
f 4692/6574/4185 4688/6570/4185 4687/6569/4185
f 4693/6592/4186 4690/6593/4186 4694/6594/4186
f 4689/6571/4187 4702/6584/4187 4701/6583/4187
f 4704/6586/4188 4693/6575/4188 4692/6574/4188
f 4705/6595/4189 4702/6596/4189 4706/6597/4189
f 4701/6583/4190 4696/6578/4190 4695/6577/4190
f 4698/6580/4191 4705/6587/4191 4704/6586/4191
f 4699/6598/4192 4696/6599/4192 4700/6599/4192
f 4695/6577/4193 4684/6566/4193 4683/6565/4193
f 4687/6569/4194 4699/6581/4194 4698/6580/4194
f 4701/6583/4195 4683/6565/4195 4689/6571/4195
f 4688/6600/4196 4690/6601/4196 4685/6602/4196
f 4697/6603/4197 4686/6589/4197 4684/6589/4197
f 4692/6574/4198 4698/6580/4198 4704/6586/4198
f 4691/6592/4199 4706/6604/4199 4702/6604/4199
f 4705/6595/4200 4696/6599/4200 4703/6595/4200
f 4683/6565/4183 4685/6567/4183 4690/6572/4183
f 4684/6589/4184 4686/6589/4184 4688/6590/4184
f 4692/6574/4185 4694/6576/4185 4688/6570/4185
f 4693/6592/4186 4691/6592/4186 4690/6593/4186
f 4689/6571/4187 4691/6573/4187 4702/6584/4187
f 4704/6586/4188 4706/6588/4188 4693/6575/4188
f 4705/6595/4189 4703/6595/4189 4702/6596/4189
f 4701/6583/4190 4703/6585/4190 4696/6578/4190
f 4698/6580/4191 4700/6582/4191 4705/6587/4191
f 4699/6598/4192 4697/6605/4192 4696/6599/4192
f 4695/6577/4193 4697/6579/4193 4684/6566/4193
f 4687/6569/4194 4686/6568/4194 4699/6581/4194
f 4701/6583/4195 4695/6577/4195 4683/6565/4195
f 4688/6600/4196 4694/6601/4196 4690/6601/4196
f 4697/6603/4197 4699/6603/4197 4686/6589/4197
f 4692/6574/4198 4687/6569/4198 4698/6580/4198
f 4691/6592/4199 4693/6592/4199 4706/6604/4199
f 4705/6595/4200 4700/6599/4200 4696/6599/4200
o AK_wear_placeholder_wood_edge_002
v 0.197800 0.004700 0.019700
v 0.197800 0.005000 0.020000
v 0.197500 0.005000 0.019700
v 0.197800 0.005000 0.020000
v 0.197800 0.005300 0.019700
v 0.197500 0.005000 0.019700
v 0.197800 0.004700 -0.019700
v 0.197500 0.005000 -0.019700
v 0.197800 0.005000 -0.020000
v 0.197800 0.005300 -0.019700
v 0.197800 0.005000 -0.020000
v 0.197500 0.005000 -0.019700
v 0.202200 0.004700 0.019700
v 0.202500 0.005000 0.019700
v 0.202200 0.005000 0.020000
v 0.202200 0.005300 0.019700
v 0.202200 0.005000 0.020000
v 0.202500 0.005000 0.019700
v 0.202200 0.004700 -0.019700
v 0.202200 0.005000 -0.020000
v 0.202500 0.005000 -0.019700
v 0.202200 0.005300 -0.019700
v 0.202500 0.005000 -0.019700
v 0.202200 0.005000 -0.020000
vn -0.5773 -0.5774 0.5774
vn -0.5773 0.5774 0.5774
vn -0.5773 -0.5774 -0.5774
vn -0.5773 0.5774 -0.5774
vn 0.5773 -0.5774 0.5774
vn 0.5773 0.5774 0.5774
vn 0.5773 -0.5774 -0.5774
vn 0.5773 0.5774 -0.5774
vn -0.7071 -0.7071 -0.0000
vn -0.7071 -0.0000 0.7071
vn -0.7071 0.7071 -0.0000
vn -0.7071 -0.0000 -0.7071
vn -0.0000 -0.7071 -0.7071
vn -0.0000 0.7071 -0.7071
vn 0.7071 -0.0000 -0.7071
vn 0.7071 -0.7071 -0.0000
vn 0.7071 0.7071 -0.0000
vn 0.7071 -0.0000 0.7071
vn -0.0000 -0.7071 0.7071
vn -0.0000 0.7071 0.7071
vn -0.0000 -1.0000 -0.0000
vn -1.0000 -0.0000 -0.0000
vn -0.0000 -0.0000 1.0000
vn -0.0000 1.0000 -0.0000
vn -0.0000 -0.0000 -1.0000
vn 1.0000 -0.0000 -0.0000
vt 0.245302 0.003281
vt 0.245302 0.002132
vt 0.246451 0.003281
vt 0.275277 0.002132
vt 0.275277 0.003281
vt 0.274129 0.003281
vt 0.245302 0.154173
vt 0.246451 0.154173
vt 0.245302 0.155322
vt 0.275277 0.154173
vt 0.275277 0.155322
vt 0.274129 0.154173
vt 0.228451 0.003281
vt 0.227302 0.003281
vt 0.228451 0.002132
vt 0.292128 0.003281
vt 0.292128 0.002132
vt 0.293277 0.003281
vt 0.228451 0.154173
vt 0.228451 0.155322
vt 0.227302 0.154173
vt 0.292128 0.154173
vt 0.293277 0.154173
vt 0.292128 0.155322
vt 0.165395 0.160736
vt 0.165395 0.159587
vt 0.165395 0.159587
vt 0.152271 0.177587
vt 0.152271 0.178736
vt 0.152271 0.178736
vt 0.049881 0.311628
vt 0.049881 0.312777
vt 0.049881 0.312777
vt 0.049881 0.159587
vt 0.049881 0.160736
vt 0.049881 0.160736
vt 0.063006 0.311628
vt 0.063006 0.160736
vt 0.165395 0.177587
vt 0.165395 0.160736
vt 0.152271 0.160736
vt 0.049881 0.159587
vt 0.063006 0.160736
s 0
usemtl MAT_edge_wear_worn_wood
f 4707/6606/4201 4708/6607/4201 4709/6608/4201
f 4710/6609/4202 4711/6610/4202 4712/6611/4202
f 4713/6612/4203 4714/6613/4203 4715/6614/4203
f 4716/6615/4204 4717/6616/4204 4718/6617/4204
f 4719/6618/4205 4720/6619/4205 4721/6620/4205
f 4722/6621/4206 4723/6622/4206 4724/6623/4206
f 4725/6624/4207 4726/6625/4207 4727/6626/4207
f 4728/6627/4208 4729/6628/4208 4730/6629/4208
f 4707/6606/4209 4714/6613/4209 4713/6612/4209
f 4708/6630/4210 4712/6631/4210 4709/6632/4210
f 4716/6615/4211 4712/6611/4211 4711/6610/4211
f 4717/6633/4212 4714/6634/4212 4718/6635/4212
f 4713/6612/4213 4726/6625/4213 4725/6624/4213
f 4728/6627/4214 4717/6616/4214 4716/6615/4214
f 4729/6636/4215 4726/6637/4215 4730/6638/4215
f 4725/6624/4216 4720/6619/4216 4719/6618/4216
f 4722/6621/4217 4729/6628/4217 4728/6627/4217
f 4723/6639/4218 4720/6640/4218 4724/6641/4218
f 4719/6618/4219 4708/6607/4219 4707/6606/4219
f 4711/6610/4220 4723/6622/4220 4722/6621/4220
f 4725/6624/4221 4707/6606/4221 4713/6612/4221
f 4712/6642/4222 4714/6643/4222 4709/6642/4222
f 4721/6644/4223 4710/6645/4223 4708/6630/4223
f 4716/6615/4224 4722/6621/4224 4728/6627/4224
f 4715/6633/4225 4730/6646/4225 4726/6646/4225
f 4729/6636/4226 4720/6640/4226 4727/6636/4226
f 4707/6606/4209 4709/6608/4209 4714/6613/4209
f 4708/6630/4210 4710/6645/4210 4712/6631/4210
f 4716/6615/4211 4718/6617/4211 4712/6611/4211
f 4717/6633/4212 4715/6633/4212 4714/6634/4212
f 4713/6612/4213 4715/6614/4213 4726/6625/4213
f 4728/6627/4214 4730/6629/4214 4717/6616/4214
f 4729/6636/4215 4727/6636/4215 4726/6637/4215
f 4725/6624/4216 4727/6626/4216 4720/6619/4216
f 4722/6621/4217 4724/6623/4217 4729/6628/4217
f 4723/6639/4218 4721/6647/4218 4720/6640/4218
f 4719/6618/4219 4721/6620/4219 4708/6607/4219
f 4711/6610/4220 4710/6609/4220 4723/6622/4220
f 4725/6624/4221 4719/6618/4221 4707/6606/4221
f 4712/6642/4222 4718/6648/4222 4714/6643/4222
f 4721/6644/4223 4723/6644/4223 4710/6645/4223
f 4716/6615/4224 4711/6610/4224 4722/6621/4224
f 4715/6633/4225 4717/6633/4225 4730/6646/4225
f 4729/6636/4226 4724/6641/4226 4720/6640/4226
o AK_wear_placeholder_wood_edge_003
v 0.062800 0.049700 0.014700
v 0.062800 0.050000 0.015000
v 0.062500 0.050000 0.014700
v 0.062800 0.050000 0.015000
v 0.062800 0.050300 0.014700
v 0.062500 0.050000 0.014700
v 0.062800 0.049700 -0.014700
v 0.062500 0.050000 -0.014700
v 0.062800 0.050000 -0.015000
v 0.062800 0.050300 -0.014700
v 0.062800 0.050000 -0.015000
v 0.062500 0.050000 -0.014700
v 0.067200 0.049700 0.014700
v 0.067500 0.050000 0.014700
v 0.067200 0.050000 0.015000
v 0.067200 0.050300 0.014700
v 0.067200 0.050000 0.015000
v 0.067500 0.050000 0.014700
v 0.067200 0.049700 -0.014700
v 0.067200 0.050000 -0.015000
v 0.067500 0.050000 -0.014700
v 0.067200 0.050300 -0.014700
v 0.067500 0.050000 -0.014700
v 0.067200 0.050000 -0.015000
vn -0.5774 -0.5773 0.5773
vn -0.5774 0.5773 0.5773
vn -0.5774 -0.5773 -0.5773
vn -0.5774 0.5773 -0.5773
vn 0.5774 -0.5773 0.5773
vn 0.5774 0.5773 0.5773
vn 0.5774 -0.5773 -0.5773
vn 0.5774 0.5773 -0.5773
vn -0.7071 -0.7071 -0.0000
vn -0.7071 -0.0000 0.7071
vn -0.7071 0.7071 -0.0000
vn -0.7071 -0.0000 -0.7071
vn -0.0000 -0.7071 -0.7071
vn -0.0000 0.7071 -0.7071
vn 0.7071 -0.0000 -0.7071
vn 0.7071 -0.7071 -0.0000
vn 0.7071 0.7071 -0.0000
vn 0.7071 -0.0000 0.7071
vn -0.0000 -0.7071 0.7071
vn -0.0000 0.7071 0.7071
vn -0.0000 -1.0000 -0.0000
vn -1.0000 -0.0000 -0.0000
vn -0.0000 -0.0000 1.0000
vn -0.0000 1.0000 -0.0000
vn -0.0000 -0.0000 -1.0000
vn 1.0000 -0.0000 -0.0000
vt 0.109832 0.160736
vt 0.109832 0.159587
vt 0.110981 0.160736
vt 0.069568 0.159587
vt 0.069568 0.160736
vt 0.068419 0.160736
vt 0.109832 0.273331
vt 0.110981 0.273330
vt 0.109832 0.274479
vt 0.069568 0.273331
vt 0.069568 0.274479
vt 0.068419 0.273331
vt 0.092981 0.160736
vt 0.091832 0.160736
vt 0.092981 0.159587
vt 0.086419 0.160736
vt 0.086419 0.159587
vt 0.087568 0.160736
vt 0.092981 0.273331
vt 0.092981 0.274479
vt 0.091832 0.273331
vt 0.086419 0.273331
vt 0.087568 0.273330
vt 0.086419 0.274479
vt 0.178520 0.160736
vt 0.178520 0.159587
vt 0.178520 0.159587
vt 0.171958 0.177587
vt 0.171958 0.178736
vt 0.171958 0.178736
vt 0.116395 0.273330
vt 0.116395 0.274479
vt 0.116395 0.159587
vt 0.116395 0.160736
vt 0.122957 0.273330
vt 0.122957 0.160736
vt 0.178520 0.177587
vt 0.171958 0.160736
vt 0.171958 0.160736
vt 0.116395 0.159587
vt 0.178520 0.177587
s 0
usemtl MAT_edge_wear_worn_wood
f 4731/6649/4227 4732/6650/4227 4733/6651/4227
f 4734/6652/4228 4735/6653/4228 4736/6654/4228
f 4737/6655/4229 4738/6656/4229 4739/6657/4229
f 4740/6658/4230 4741/6659/4230 4742/6660/4230
f 4743/6661/4231 4744/6662/4231 4745/6663/4231
f 4746/6664/4232 4747/6665/4232 4748/6666/4232
f 4749/6667/4233 4750/6668/4233 4751/6669/4233
f 4752/6670/4234 4753/6671/4234 4754/6672/4234
f 4731/6649/4235 4738/6656/4235 4737/6655/4235
f 4732/6673/4236 4736/6674/4236 4733/6675/4236
f 4740/6658/4237 4736/6654/4237 4735/6653/4237
f 4741/6676/4238 4738/6677/4238 4742/6678/4238
f 4737/6655/4239 4750/6668/4239 4749/6667/4239
f 4752/6670/4240 4741/6659/4240 4740/6658/4240
f 4753/6679/4241 4750/6680/4241 4754/6680/4241
f 4749/6667/4242 4744/6662/4242 4743/6661/4242
f 4746/6664/4243 4753/6671/4243 4752/6670/4243
f 4747/6681/4244 4744/6682/4244 4748/6682/4244
f 4743/6661/4245 4732/6650/4245 4731/6649/4245
f 4735/6653/4246 4747/6665/4246 4746/6664/4246
f 4749/6667/4247 4731/6649/4247 4737/6655/4247
f 4736/6683/4248 4738/6684/4248 4733/6683/4248
f 4745/6685/4249 4734/6673/4249 4732/6673/4249
f 4740/6658/4250 4746/6664/4250 4752/6670/4250
f 4739/6676/4251 4754/6686/4251 4750/6687/4251
f 4753/6679/4252 4744/6682/4252 4751/6679/4252
f 4731/6649/4235 4733/6651/4235 4738/6656/4235
f 4732/6673/4236 4734/6673/4236 4736/6674/4236
f 4740/6658/4237 4742/6660/4237 4736/6654/4237
f 4741/6676/4238 4739/6676/4238 4738/6677/4238
f 4737/6655/4239 4739/6657/4239 4750/6668/4239
f 4752/6670/4240 4754/6672/4240 4741/6659/4240
f 4753/6679/4241 4751/6679/4241 4750/6680/4241
f 4749/6667/4242 4751/6669/4242 4744/6662/4242
f 4746/6664/4243 4748/6666/4243 4753/6671/4243
f 4747/6681/4244 4745/6688/4244 4744/6682/4244
f 4743/6661/4245 4745/6663/4245 4732/6650/4245
f 4735/6653/4246 4734/6652/4246 4747/6665/4246
f 4749/6667/4247 4743/6661/4247 4731/6649/4247
f 4736/6683/4248 4742/6684/4248 4738/6684/4248
f 4745/6685/4249 4747/6689/4249 4734/6673/4249
f 4740/6658/4250 4735/6653/4250 4746/6664/4250
f 4739/6676/4251 4741/6676/4251 4754/6686/4251
f 4753/6679/4252 4748/6682/4252 4744/6682/4252
o AK_wear_placeholder_wood_edge_004
v -0.479500 0.039000 0.000000
v -0.479500 0.039500 0.000500
v -0.480000 0.039500 0.000000
v -0.479500 0.040500 0.000500
v -0.479500 0.041000 0.000000
v -0.480000 0.040500 0.000000
v -0.479500 0.039000 -0.000000
v -0.480000 0.039500 -0.000000
v -0.479500 0.039500 -0.000500
v -0.479500 0.041000 -0.000000
v -0.479500 0.040500 -0.000500
v -0.480000 0.040500 -0.000000
v -0.220500 0.039000 0.000000
v -0.220000 0.039500 0.000000
v -0.220500 0.039500 0.000500
v -0.220500 0.041000 0.000000
v -0.220500 0.040500 0.000500
v -0.220000 0.040500 0.000000
v -0.220500 0.039000 -0.000000
v -0.220500 0.039500 -0.000500
v -0.220000 0.039500 -0.000000
v -0.220500 0.041000 -0.000000
v -0.220000 0.040500 -0.000000
v -0.220500 0.040500 -0.000500
vn -0.5774 -0.5774 0.5773
vn -0.5774 0.5774 0.5773
vn -0.5774 -0.5774 -0.5773
vn -0.5774 0.5774 -0.5773
vn 0.5774 -0.5774 0.5773
vn 0.5774 0.5774 0.5773
vn 0.5774 -0.5774 -0.5773
vn 0.5774 0.5774 -0.5773
vn -0.7071 -0.7071 -0.0000
vn -0.7071 -0.0000 0.7071
vn -0.7071 0.7071 -0.0000
vn -0.7071 -0.0000 -0.7071
vn -0.0000 -0.7071 -0.7071
vn -0.0000 0.7071 -0.7071
vn 0.7071 -0.0000 -0.7071
vn 0.7071 -0.7071 -0.0000
vn 0.7071 0.7071 -0.0000
vn 0.7071 -0.0000 0.7071
vn -0.0000 -0.7071 0.7071
vn -0.0000 0.7071 0.7071
vn -0.0000 -1.0000 -0.0000
vn -1.0000 -0.0000 -0.0000
vn -0.0000 -0.0000 1.0000
vn -0.0000 1.0000 -0.0000
vn -0.0000 -0.0000 -1.0000
vn 1.0000 -0.0000 -0.0000
vt 0.027896 0.004047
vt 0.025981 0.004047
vt 0.027896 0.002132
vt 0.034075 0.995953
vt 0.035990 0.995953
vt 0.035990 0.997868
vt 0.029810 0.004047
vt 0.037905 0.995953
vt 0.027895 0.995953
vt 0.027895 0.997868
vt 0.025981 0.995953
vt 0.035990 0.004047
vt 0.034075 0.004047
vt 0.035990 0.002132
vt 0.027895 0.995953
vt 0.029810 0.995953
vt 0.037905 0.004047
vt 0.015971 0.004047
vt 0.019801 0.002132
vt 0.019801 0.004047
vt 0.007877 0.995953
vt 0.004047 0.997868
vt 0.004047 0.995953
vt 0.185849 0.177256
vt 0.183934 0.173426
vt 0.185849 0.173426
vt 0.187763 0.177256
vt 0.185849 0.173426
vt 0.187763 0.173426
vt 0.185849 0.165332
vt 0.185849 0.161502
vt 0.185849 0.165332
vt 0.015971 0.995953
vt 0.019801 0.995953
vt 0.007877 0.004047
vt 0.185849 0.177256
vt 0.015971 0.002132
vt 0.007877 0.997868
vt 0.183934 0.177256
vt 0.185849 0.161502
vt 0.004047 0.004047
s 0
usemtl MAT_edge_wear_worn_wood
f 4755/6690/4253 4756/6691/4253 4757/6692/4253
f 4758/6693/4254 4759/6694/4254 4760/6695/4254
f 4761/6690/4255 4762/6692/4255 4763/6696/4255
f 4764/6694/4256 4765/6697/4256 4766/6695/4256
f 4767/6698/4257 4768/6699/4257 4769/6700/4257
f 4770/6701/4258 4771/6702/4258 4772/6703/4258
f 4773/6704/4259 4774/6705/4259 4775/6699/4259
f 4776/6701/4260 4777/6703/4260 4778/6706/4260
f 4761/6690/4261 4757/6692/4261 4762/6692/4261
f 4758/6707/4262 4757/6708/4262 4756/6709/4262
f 4759/6694/4263 4766/6695/4263 4760/6695/4263
f 4763/6710/4264 4766/6711/4264 4765/6712/4264
f 4761/6690/4265 4774/6705/4265 4773/6704/4265
f 4776/6701/4266 4765/6697/4266 4764/6694/4266
f 4775/6713/4267 4778/6714/4267 4777/6715/4267
f 4767/6698/4268 4775/6699/4268 4768/6699/4268
f 4776/6701/4269 4772/6703/4269 4777/6703/4269
f 4769/6716/4270 4772/6717/4270 4771/6718/4270
f 4767/6698/4271 4756/6691/4271 4755/6690/4271
f 4759/6694/4272 4771/6702/4272 4770/6701/4272
f 4773/6704/4273 4755/6690/4273 4761/6690/4273
f 4757/6719/4274 4766/6720/4274 4762/6721/4274
f 4771/6722/4275 4756/6709/4275 4769/6723/4275
f 4764/6694/4276 4770/6701/4276 4776/6701/4276
f 4765/6712/4277 4774/6724/4277 4763/6710/4277
f 4775/6713/4278 4772/6717/4278 4768/6725/4278
f 4761/6690/4261 4755/6690/4261 4757/6692/4261
f 4758/6707/4262 4760/6726/4262 4757/6708/4262
f 4759/6694/4263 4764/6694/4263 4766/6695/4263
f 4763/6710/4264 4762/6727/4264 4766/6711/4264
f 4761/6690/4265 4763/6696/4265 4774/6705/4265
f 4776/6701/4266 4778/6706/4266 4765/6697/4266
f 4775/6713/4267 4774/6728/4267 4778/6714/4267
f 4767/6698/4268 4773/6704/4268 4775/6699/4268
f 4776/6701/4269 4770/6701/4269 4772/6703/4269
f 4769/6716/4270 4768/6725/4270 4772/6717/4270
f 4767/6698/4271 4769/6700/4271 4756/6691/4271
f 4759/6694/4272 4758/6693/4272 4771/6702/4272
f 4773/6704/4273 4767/6698/4273 4755/6690/4273
f 4757/6719/4274 4760/6729/4274 4766/6720/4274
f 4771/6722/4275 4758/6707/4275 4756/6709/4275
f 4764/6694/4276 4759/6694/4276 4770/6701/4276
f 4765/6712/4277 4778/6730/4277 4774/6724/4277
f 4775/6713/4278 4777/6715/4278 4772/6717/4278
o AK_wear_placeholder_wood_edge_005
v 0.190500 -0.013500 0.019500
v 0.190500 -0.013000 0.020000
v 0.190000 -0.013000 0.019500
v 0.190500 -0.013000 0.020000
v 0.190500 -0.012500 0.019500
v 0.190000 -0.013000 0.019500
v 0.190500 -0.013500 -0.019500
v 0.190000 -0.013000 -0.019500
v 0.190500 -0.013000 -0.020000
v 0.190500 -0.012500 -0.019500
v 0.190500 -0.013000 -0.020000
v 0.190000 -0.013000 -0.019500
v 0.209500 -0.013500 0.019500
v 0.210000 -0.013000 0.019500
v 0.209500 -0.013000 0.020000
v 0.209500 -0.012500 0.019500
v 0.209500 -0.013000 0.020000
v 0.210000 -0.013000 0.019500
v 0.209500 -0.013500 -0.019500
v 0.209500 -0.013000 -0.020000
v 0.210000 -0.013000 -0.019500
v 0.209500 -0.012500 -0.019500
v 0.210000 -0.013000 -0.019500
v 0.209500 -0.013000 -0.020000
vn -0.5773 -0.5774 0.5774
vn -0.5773 0.5774 0.5774
vn -0.5773 -0.5774 -0.5774
vn -0.5773 0.5774 -0.5774
vn 0.5773 -0.5774 0.5774
vn 0.5773 0.5774 0.5774
vn 0.5773 -0.5774 -0.5774
vn 0.5773 0.5774 -0.5774
vn -0.7071 -0.7071 -0.0000
vn -0.7071 -0.0000 0.7071
vn -0.7071 0.7071 -0.0000
vn -0.7071 -0.0000 -0.7071
vn -0.0000 -0.7071 -0.7071
vn -0.0000 0.7071 -0.7071
vn 0.7071 -0.0000 -0.7071
vn 0.7071 -0.7071 -0.0000
vn 0.7071 0.7071 -0.0000
vn 0.7071 -0.0000 0.7071
vn -0.0000 -0.7071 0.7071
vn -0.0000 0.7071 0.7071
vn -0.0000 -1.0000 -0.0000
vn -1.0000 -0.0000 -0.0000
vn -0.0000 -0.0000 1.0000
vn -0.0000 1.0000 -0.0000
vn -0.0000 -0.0000 -1.0000
vn 1.0000 -0.0000 -0.0000
vt 0.116850 0.004047
vt 0.116850 0.002132
vt 0.118764 0.004047
vt 0.124944 0.002132
vt 0.124944 0.004047
vt 0.123029 0.004047
vt 0.116850 0.153407
vt 0.118764 0.153407
vt 0.116850 0.155322
vt 0.124944 0.153407
vt 0.124944 0.155322
vt 0.123029 0.153407
vt 0.044084 0.004047
vt 0.042169 0.004047
vt 0.044084 0.002132
vt 0.197709 0.004047
vt 0.197709 0.002132
vt 0.199624 0.004047
vt 0.044084 0.153407
vt 0.044084 0.155322
vt 0.042169 0.153407
vt 0.197709 0.153407
vt 0.199624 0.153407
vt 0.197709 0.155322
vt 0.130285 0.161502
vt 0.130285 0.159587
vt 0.138380 0.234267
vt 0.138380 0.236182
vt 0.299457 0.153407
vt 0.299457 0.155322
vt 0.299457 0.002132
vt 0.299457 0.004047
vt 0.299457 0.004047
vt 0.307551 0.153407
vt 0.307551 0.004047
vt 0.130285 0.234267
vt 0.138380 0.161502
vt 0.130285 0.161502
s 0
usemtl MAT_edge_wear_worn_wood
f 4779/6731/4279 4780/6732/4279 4781/6733/4279
f 4782/6734/4280 4783/6735/4280 4784/6736/4280
f 4785/6737/4281 4786/6738/4281 4787/6739/4281
f 4788/6740/4282 4789/6741/4282 4790/6742/4282
f 4791/6743/4283 4792/6744/4283 4793/6745/4283
f 4794/6746/4284 4795/6747/4284 4796/6748/4284
f 4797/6749/4285 4798/6750/4285 4799/6751/4285
f 4800/6752/4286 4801/6753/4286 4802/6754/4286
f 4779/6731/4287 4786/6738/4287 4785/6737/4287
f 4780/6755/4288 4784/6756/4288 4781/6756/4288
f 4788/6740/4289 4784/6736/4289 4783/6735/4289
f 4789/6757/4290 4786/6758/4290 4790/6758/4290
f 4785/6737/4291 4798/6750/4291 4797/6749/4291
f 4800/6752/4292 4789/6741/4292 4788/6740/4292
f 4801/6759/4293 4798/6760/4293 4802/6760/4293
f 4797/6749/4294 4792/6744/4294 4791/6743/4294
f 4794/6746/4295 4801/6753/4295 4800/6752/4295
f 4795/6761/4296 4792/6762/4296 4796/6763/4296
f 4791/6743/4297 4780/6732/4297 4779/6731/4297
f 4783/6735/4298 4795/6747/4298 4794/6746/4298
f 4797/6749/4299 4779/6731/4299 4785/6737/4299
f 4784/6764/4300 4786/6765/4300 4781/6764/4300
f 4795/6766/4301 4780/6755/4301 4793/6766/4301
f 4788/6740/4302 4794/6746/4302 4800/6752/4302
f 4789/6757/4303 4798/6767/4303 4787/6757/4303
f 4801/6759/4304 4792/6762/4304 4799/6759/4304
f 4779/6731/4287 4781/6733/4287 4786/6738/4287
f 4780/6755/4288 4782/6768/4288 4784/6756/4288
f 4788/6740/4289 4790/6742/4289 4784/6736/4289
f 4789/6757/4290 4787/6757/4290 4786/6758/4290
f 4785/6737/4291 4787/6739/4291 4798/6750/4291
f 4800/6752/4292 4802/6754/4292 4789/6741/4292
f 4801/6759/4293 4799/6759/4293 4798/6760/4293
f 4797/6749/4294 4799/6751/4294 4792/6744/4294
f 4794/6746/4295 4796/6748/4295 4801/6753/4295
f 4795/6761/4296 4793/6761/4296 4792/6762/4296
f 4791/6743/4297 4793/6745/4297 4780/6732/4297
f 4783/6735/4298 4782/6734/4298 4795/6747/4298
f 4797/6749/4299 4791/6743/4299 4779/6731/4299
f 4784/6764/4300 4790/6765/4300 4786/6765/4300
f 4795/6766/4301 4782/6768/4301 4780/6755/4301
f 4788/6740/4302 4783/6735/4302 4794/6746/4302
f 4789/6757/4303 4802/6767/4303 4798/6767/4303
f 4801/6759/4304 4796/6763/4304 4792/6762/4304
