# Blender 5.1.1
# www.blender.org
mtllib AK47_exterior_prop_visual.mtl
o AK_barrel_outer_closed
v 0.090000 0.020000 -0.007491
v 0.091000 0.020000 -0.008500
v 0.090293 0.020000 -0.008205
v 0.410000 0.020000 -0.007491
v 0.409000 0.020000 -0.008500
v 0.409707 0.020000 -0.008205
v 0.090000 0.018061 -0.007236
v 0.091000 0.017800 -0.008210
v 0.090293 0.017876 -0.007925
v 0.410000 0.018061 -0.007236
v 0.409000 0.017800 -0.008210
v 0.409707 0.017877 -0.007925
v 0.090000 0.016254 -0.006488
v 0.091000 0.015750 -0.007361
v 0.090293 0.015898 -0.007105
v 0.410000 0.016254 -0.006488
v 0.409000 0.015750 -0.007361
v 0.409707 0.015898 -0.007105
v 0.090000 0.014703 -0.005297
v 0.091000 0.013990 -0.006010
v 0.090293 0.014198 -0.005802
v 0.410000 0.014703 -0.005297
v 0.409000 0.013990 -0.006010
v 0.409707 0.014198 -0.005802
v 0.090000 0.013512 -0.003746
v 0.091000 0.012639 -0.004250
v 0.090293 0.012895 -0.004102
v 0.410000 0.013512 -0.003746
v 0.409000 0.012639 -0.004250
v 0.409707 0.012895 -0.004102
v 0.090000 0.012764 -0.001939
v 0.091000 0.011790 -0.002200
v 0.090293 0.012075 -0.002124
v 0.410000 0.012764 -0.001939
v 0.409000 0.011790 -0.002200
v 0.409707 0.012075 -0.002124
v 0.090000 0.012509 -0.000000
v 0.091000 0.011500 0.000000
v 0.090293 0.011795 -0.000000
v 0.410000 0.012509 0.000000
v 0.409000 0.011500 0.000000
v 0.409707 0.011795 0.000000
v 0.090000 0.012764 0.001939
v 0.091000 0.011790 0.002200
v 0.090293 0.012075 0.002124
v 0.410000 0.012764 0.001939
v 0.409000 0.011790 0.002200
v 0.409707 0.012075 0.002124
v 0.090000 0.013512 0.003746
v 0.091000 0.012639 0.004250
v 0.090293 0.012895 0.004102
v 0.410000 0.013512 0.003746
v 0.409000 0.012639 0.004250
v 0.409707 0.012895 0.004102
v 0.090000 0.014703 0.005297
v 0.091000 0.013990 0.006010
v 0.090293 0.014198 0.005802
v 0.410000 0.014703 0.005297
v 0.409000 0.013990 0.006010
v 0.409707 0.014198 0.005802
v 0.090000 0.016254 0.006488
v 0.091000 0.015750 0.007361
v 0.090293 0.015898 0.007105
v 0.410000 0.016254 0.006488
v 0.409000 0.015750 0.007361
v 0.409707 0.015898 0.007105
v 0.090000 0.018061 0.007236
v 0.091000 0.017800 0.008210
v 0.090293 0.017876 0.007925
v 0.410000 0.018061 0.007236
v 0.409000 0.017800 0.008210
v 0.409707 0.017877 0.007925
v 0.090000 0.020000 0.007491
v 0.091000 0.020000 0.008500
v 0.090293 0.020000 0.008205
v 0.410000 0.020000 0.007491
v 0.409000 0.020000 0.008500
v 0.409707 0.020000 0.008205
v 0.090000 0.021939 0.007236
v 0.091000 0.022200 0.008210
v 0.090293 0.022123 0.007925
v 0.410000 0.021939 0.007236
v 0.409000 0.022200 0.008210
v 0.409707 0.022124 0.007925
v 0.090000 0.023746 0.006488
v 0.091000 0.024250 0.007361
v 0.090293 0.024102 0.007105
v 0.410000 0.023746 0.006488
v 0.409000 0.024250 0.007361
v 0.409707 0.024102 0.007105
v 0.090000 0.025297 0.005297
v 0.091000 0.026010 0.006010
v 0.090293 0.025802 0.005802
v 0.410000 0.025297 0.005297
v 0.409000 0.026010 0.006010
v 0.409707 0.025802 0.005802
v 0.090000 0.026488 0.003746
v 0.091000 0.027361 0.004250
v 0.090293 0.027105 0.004102
v 0.410000 0.026488 0.003746
v 0.409000 0.027361 0.004250
v 0.409707 0.027105 0.004102
v 0.090000 0.027236 0.001939
v 0.091000 0.028210 0.002200
v 0.090293 0.027925 0.002124
v 0.410000 0.027236 0.001939
v 0.409000 0.028210 0.002200
v 0.409707 0.027925 0.002124
v 0.090000 0.027491 0.000000
v 0.091000 0.028500 0.000000
v 0.090293 0.028205 0.000000
v 0.410000 0.027491 -0.000000
v 0.409000 0.028500 0.000000
v 0.409707 0.028205 -0.000000
v 0.090000 0.027236 -0.001939
v 0.091000 0.028210 -0.002200
v 0.090293 0.027925 -0.002124
v 0.410000 0.027236 -0.001939
v 0.409000 0.028210 -0.002200
v 0.409707 0.027925 -0.002124
v 0.090000 0.026488 -0.003746
v 0.091000 0.027361 -0.004250
v 0.090293 0.027105 -0.004102
v 0.410000 0.026488 -0.003746
v 0.409000 0.027361 -0.004250
v 0.409707 0.027105 -0.004102
v 0.090000 0.025297 -0.005297
v 0.091000 0.026010 -0.006010
v 0.090293 0.025802 -0.005802
v 0.410000 0.025297 -0.005297
v 0.409000 0.026010 -0.006010
v 0.409707 0.025802 -0.005802
v 0.090000 0.023746 -0.006488
v 0.091000 0.024250 -0.007361
v 0.090293 0.024102 -0.007105
v 0.410000 0.023746 -0.006488
v 0.409000 0.024250 -0.007361
v 0.409707 0.024102 -0.007105
v 0.090000 0.021939 -0.007236
v 0.091000 0.022200 -0.008210
v 0.090293 0.022123 -0.007925
v 0.410000 0.021939 -0.007236
v 0.409000 0.022200 -0.008210
v 0.409707 0.022124 -0.007925
vn -0.3827 -0.1206 -0.9160
vn -0.9239 -0.0499 -0.3794
vn 0.3827 -0.1206 -0.9160
vn 0.9239 -0.0499 -0.3794
vn -0.3827 -0.3536 -0.8536
vn -0.9239 -0.1464 -0.3535
vn 0.3827 -0.3536 -0.8536
vn 0.9239 -0.1464 -0.3536
vn -0.3827 -0.5624 -0.7330
vn -0.9239 -0.2330 -0.3036
vn 0.3827 -0.5624 -0.7330
vn 0.9239 -0.2330 -0.3036
vn -0.3827 -0.7330 -0.5624
vn -0.9239 -0.3036 -0.2330
vn 0.3827 -0.7330 -0.5624
vn 0.9239 -0.3036 -0.2329
vn -0.3827 -0.8536 -0.3536
vn -0.9239 -0.3535 -0.1464
vn 0.3827 -0.8536 -0.3535
vn 0.9239 -0.3535 -0.1464
vn -0.3827 -0.9160 -0.1206
vn -0.9239 -0.3794 -0.0499
vn 0.3827 -0.9160 -0.1206
vn 0.9239 -0.3794 -0.0499
vn -0.3827 -0.9160 0.1206
vn -0.9239 -0.3794 0.0499
vn 0.3827 -0.9160 0.1206
vn 0.9239 -0.3794 0.0499
vn -0.3827 -0.8536 0.3535
vn -0.9239 -0.3535 0.1464
vn 0.3827 -0.8536 0.3536
vn 0.9239 -0.3535 0.1464
vn -0.3827 -0.7330 0.5624
vn -0.9239 -0.3036 0.2329
vn 0.3827 -0.7330 0.5624
vn 0.9239 -0.3036 0.2330
vn -0.3827 -0.5624 0.7330
vn -0.9239 -0.2330 0.3036
vn 0.3827 -0.5624 0.7330
vn 0.9239 -0.2330 0.3036
vn -0.3827 -0.3536 0.8536
vn -0.9239 -0.1464 0.3536
vn 0.3827 -0.3536 0.8536
vn 0.9239 -0.1464 0.3535
vn -0.3827 -0.1206 0.9160
vn -0.9239 -0.0499 0.3794
vn 0.3827 -0.1206 0.9160
vn 0.9239 -0.0499 0.3794
vn -0.3827 0.1206 0.9160
vn -0.9239 0.0499 0.3794
vn 0.3827 0.1206 0.9160
vn 0.9239 0.0499 0.3794
vn -0.3827 0.3536 0.8536
vn -0.9239 0.1464 0.3535
vn 0.3827 0.3536 0.8536
vn 0.9239 0.1464 0.3536
vn -0.3827 0.5624 0.7330
vn -0.9239 0.2330 0.3036
vn 0.3827 0.5624 0.7330
vn 0.9239 0.2330 0.3036
vn -0.3827 0.7330 0.5624
vn -0.9239 0.3036 0.2330
vn 0.3827 0.7330 0.5624
vn 0.9239 0.3036 0.2329
vn -0.3827 0.8536 0.3536
vn -0.9239 0.3535 0.1464
vn 0.3827 0.8536 0.3535
vn 0.9239 0.3535 0.1464
vn -0.3827 0.9160 0.1206
vn -0.9239 0.3794 0.0499
vn 0.3827 0.9160 0.1206
vn 0.9239 0.3794 0.0499
vn -0.3827 0.9160 -0.1206
vn -0.9239 0.3794 -0.0499
vn 0.3827 0.9160 -0.1206
vn 0.9239 0.3794 -0.0499
vn -0.3827 0.8536 -0.3535
vn -0.9239 0.3535 -0.1464
vn 0.3827 0.8536 -0.3536
vn 0.9239 0.3535 -0.1464
vn -0.3827 0.7330 -0.5624
vn -0.9239 0.3036 -0.2329
vn 0.3827 0.7330 -0.5624
vn 0.9239 0.3036 -0.2330
vn -0.3827 0.5624 -0.7330
vn -0.9239 0.2330 -0.3036
vn 0.3827 0.5624 -0.7330
vn 0.9239 0.2330 -0.3036
vn -0.3827 0.3536 -0.8536
vn -0.9239 0.1464 -0.3536
vn 0.3827 0.3536 -0.8536
vn 0.9239 0.1464 -0.3535
vn -0.3827 0.1206 -0.9160
vn -0.9239 0.0499 -0.3794
vn 0.3827 0.1206 -0.9160
vn 0.9239 0.0499 -0.3794
vn -1.0000 -0.0000 -0.0000
vn -0.0000 -0.1305 -0.9914
vn -0.0000 0.1305 -0.9914
vn 1.0000 -0.0000 -0.0000
vn -0.0000 -0.3827 -0.9239
vn -0.0000 -0.6088 -0.7934
vn -0.0000 -0.7934 -0.6088
vn -0.0000 -0.9239 -0.3827
vn -0.0000 -0.9914 -0.1305
vn -0.0000 -0.9914 0.1305
vn -0.0000 -0.9239 0.3827
vn -0.0000 -0.7934 0.6088
vn -0.0000 -0.6088 0.7934
vn -0.0000 -0.3827 0.9239
vn -0.0000 -0.1305 0.9914
vn -0.0000 0.1305 0.9914
vn -0.0000 0.3827 0.9239
vn -0.0000 0.6088 0.7934
vn -0.0000 0.7934 0.6088
vn -0.0000 0.9239 0.3827
vn -0.0000 0.9914 0.1305
vn -0.0000 0.9914 -0.1305
vn -0.0000 0.9239 -0.3827
vn -0.0000 0.7934 -0.6088
vn -0.0000 0.6088 -0.7934
vn -0.0000 0.3827 -0.9239
vt 0.032469 0.004429
vt 0.025789 0.004429
vt 0.025787 0.001312
vt 0.032463 0.001312
vt 0.207668 0.098854
vt 0.202780 0.103742
vt 0.200876 0.101260
vt 0.205186 0.096950
vt 0.025789 0.995571
vt 0.032469 0.995571
vt 0.032463 0.998688
vt 0.025787 0.998688
vt 0.183206 0.053829
vt 0.176530 0.052040
vt 0.177727 0.049150
vt 0.183614 0.050728
vt 0.018873 0.004429
vt 0.018875 0.001312
vt 0.196794 0.107197
vt 0.195597 0.104308
vt 0.018873 0.995571
vt 0.018875 0.998688
vt 0.190118 0.053829
vt 0.189710 0.050728
vt 0.012192 0.004429
vt 0.012198 0.001312
vt 0.190118 0.108986
vt 0.189710 0.105885
vt 0.012192 0.995571
vt 0.012198 0.998688
vt 0.196794 0.052040
vt 0.195597 0.049150
vt 0.006203 0.004429
vt 0.006212 0.001312
vt 0.183206 0.108986
vt 0.183614 0.105885
vt 0.006203 0.995571
vt 0.006212 0.998688
vt 0.202780 0.048584
vt 0.200876 0.046103
vt 0.001312 0.004429
vt 0.001397 0.001312
vt 0.176530 0.107197
vt 0.177727 0.104308
vt 0.001313 0.995571
vt 0.001397 0.998688
vt 0.207668 0.043697
vt 0.205186 0.041793
vt 0.080854 0.995571
vt 0.086844 0.995571
vt 0.086850 0.998688
vt 0.080958 0.998688
vt 0.170544 0.103742
vt 0.172448 0.101260
vt 0.086844 0.004429
vt 0.080854 0.004429
vt 0.080958 0.001312
vt 0.086850 0.001312
vt 0.211124 0.037711
vt 0.208234 0.036514
vt 0.093524 0.995571
vt 0.093526 0.998688
vt 0.165656 0.098854
vt 0.168138 0.096950
vt 0.093524 0.004429
vt 0.093526 0.001312
vt 0.212913 0.031035
vt 0.209811 0.030626
vt 0.100440 0.995571
vt 0.100438 0.998688
vt 0.162200 0.092868
vt 0.165090 0.091671
vt 0.100440 0.004429
vt 0.100438 0.001312
vt 0.212913 0.024123
vt 0.209811 0.024531
vt 0.107120 0.995571
vt 0.107114 0.998688
vt 0.160412 0.086192
vt 0.163513 0.085783
vt 0.107120 0.004429
vt 0.107114 0.001312
vt 0.211124 0.017446
vt 0.208234 0.018643
vt 0.113110 0.995571
vt 0.113100 0.998688
vt 0.160412 0.079280
vt 0.163513 0.079688
vt 0.113110 0.004429
vt 0.113100 0.001312
vt 0.207668 0.011460
vt 0.205186 0.013365
vt 0.118000 0.995571
vt 0.117915 0.998688
vt 0.162200 0.072603
vt 0.165090 0.073801
vt 0.118000 0.004429
vt 0.117915 0.001312
vt 0.202780 0.006573
vt 0.200876 0.009055
vt 0.041083 0.995571
vt 0.047073 0.995571
vt 0.047079 0.998688
vt 0.041187 0.998688
vt 0.165656 0.066618
vt 0.168138 0.068522
vt 0.047073 0.004429
vt 0.041083 0.004429
vt 0.041187 0.001312
vt 0.047079 0.001312
vt 0.196794 0.003117
vt 0.195597 0.006007
vt 0.053753 0.995571
vt 0.053755 0.998688
vt 0.170544 0.061730
vt 0.172448 0.064212
vt 0.053753 0.004429
vt 0.053755 0.001312
vt 0.190118 0.001328
vt 0.189710 0.004429
vt 0.060669 0.995571
vt 0.060667 0.998688
vt 0.176530 0.058274
vt 0.177727 0.061164
vt 0.060669 0.004429
vt 0.060667 0.001312
vt 0.183206 0.001328
vt 0.183614 0.004429
vt 0.067349 0.995571
vt 0.067343 0.998688
vt 0.183206 0.056485
vt 0.183614 0.059586
vt 0.067350 0.004429
vt 0.067344 0.001312
vt 0.176530 0.003117
vt 0.177727 0.006007
vt 0.073339 0.995571
vt 0.073329 0.998688
vt 0.190118 0.056485
vt 0.189710 0.059586
vt 0.073339 0.004429
vt 0.073329 0.001312
vt 0.170544 0.006573
vt 0.172448 0.009055
vt 0.078229 0.995571
vt 0.078144 0.998688
vt 0.196794 0.058274
vt 0.195597 0.061164
vt 0.078229 0.004429
vt 0.078144 0.001312
vt 0.165656 0.011460
vt 0.168138 0.013365
vt 0.120625 0.995571
vt 0.126615 0.995571
vt 0.126621 0.998688
vt 0.120729 0.998688
vt 0.202780 0.061730
vt 0.200876 0.064212
vt 0.126615 0.004429
vt 0.120625 0.004429
vt 0.120729 0.001312
vt 0.126621 0.001312
vt 0.162200 0.017446
vt 0.165090 0.018643
vt 0.133295 0.995571
vt 0.133297 0.998688
vt 0.207668 0.066618
vt 0.205186 0.068522
vt 0.133295 0.004429
vt 0.133297 0.001312
vt 0.160412 0.024123
vt 0.163513 0.024531
vt 0.140211 0.995571
vt 0.140209 0.998688
vt 0.211124 0.072603
vt 0.208234 0.073801
vt 0.140211 0.004429
vt 0.140209 0.001312
vt 0.160412 0.031035
vt 0.163513 0.030626
vt 0.146891 0.995571
vt 0.146885 0.998688
vt 0.212913 0.079280
vt 0.209811 0.079688
vt 0.146891 0.004429
vt 0.146885 0.001312
vt 0.162200 0.037711
vt 0.165090 0.036514
vt 0.152881 0.995571
vt 0.152871 0.998688
vt 0.212913 0.086192
vt 0.209811 0.085783
vt 0.152881 0.004429
vt 0.152871 0.001312
vt 0.165656 0.043697
vt 0.168138 0.041793
vt 0.157771 0.995571
vt 0.157686 0.998688
vt 0.211124 0.092868
vt 0.208234 0.091671
vt 0.157771 0.004429
vt 0.157686 0.001312
vt 0.170544 0.048584
vt 0.172448 0.046103
vt 0.038458 0.004429
vt 0.038354 0.001312
vt 0.038458 0.995571
vt 0.038354 0.998688
s 0
usemtl MAT_metal_dark_blued
f 2/1/1 8/2/1 9/3/1 3/4/1
f 3/5/2 9/6/2 7/7/2 1/8/2
f 11/9/3 5/10/3 6/11/3 12/12/3
f 12/13/4 6/14/4 4/15/4 10/16/4
f 8/2/5 14/17/5 15/18/5 9/3/5
f 9/6/6 15/19/6 13/20/6 7/7/6
f 17/21/7 11/9/7 12/12/7 18/22/7
f 18/23/8 12/13/8 10/16/8 16/24/8
f 14/17/9 20/25/9 21/26/9 15/18/9
f 15/19/10 21/27/10 19/28/10 13/20/10
f 23/29/11 17/21/11 18/22/11 24/30/11
f 24/31/12 18/23/12 16/24/12 22/32/12
f 20/25/13 26/33/13 27/34/13 21/26/13
f 21/27/14 27/35/14 25/36/14 19/28/14
f 29/37/15 23/29/15 24/30/15 30/38/15
f 30/39/16 24/31/16 22/32/16 28/40/16
f 26/33/17 32/41/17 33/42/17 27/34/17
f 27/35/18 33/43/18 31/44/18 25/36/18
f 35/45/19 29/37/19 30/38/19 36/46/19
f 36/47/20 30/39/20 28/40/20 34/48/20
f 32/49/21 38/50/21 39/51/21 33/52/21
f 33/43/22 39/53/22 37/54/22 31/44/22
f 41/55/23 35/56/23 36/57/23 42/58/23
f 42/59/24 36/47/24 34/48/24 40/60/24
f 38/50/25 44/61/25 45/62/25 39/51/25
f 39/53/26 45/63/26 43/64/26 37/54/26
f 47/65/27 41/55/27 42/58/27 48/66/27
f 48/67/28 42/59/28 40/60/28 46/68/28
f 44/61/29 50/69/29 51/70/29 45/62/29
f 45/63/30 51/71/30 49/72/30 43/64/30
f 53/73/31 47/65/31 48/66/31 54/74/31
f 54/75/32 48/67/32 46/68/32 52/76/32
f 50/69/33 56/77/33 57/78/33 51/70/33
f 51/71/34 57/79/34 55/80/34 49/72/34
f 59/81/35 53/73/35 54/74/35 60/82/35
f 60/83/36 54/75/36 52/76/36 58/84/36
f 56/77/37 62/85/37 63/86/37 57/78/37
f 57/79/38 63/87/38 61/88/38 55/80/38
f 65/89/39 59/81/39 60/82/39 66/90/39
f 66/91/40 60/83/40 58/84/40 64/92/40
f 62/85/41 68/93/41 69/94/41 63/86/41
f 63/87/42 69/95/42 67/96/42 61/88/42
f 71/97/43 65/89/43 66/90/43 72/98/43
f 72/99/44 66/91/44 64/92/44 70/100/44
f 68/101/45 74/102/45 75/103/45 69/104/45
f 69/95/46 75/105/46 73/106/46 67/96/46
f 77/107/47 71/108/47 72/109/47 78/110/47
f 78/111/48 72/99/48 70/100/48 76/112/48
f 74/102/49 80/113/49 81/114/49 75/103/49
f 75/105/50 81/115/50 79/116/50 73/106/50
f 83/117/51 77/107/51 78/110/51 84/118/51
f 84/119/52 78/111/52 76/112/52 82/120/52
f 80/113/53 86/121/53 87/122/53 81/114/53
f 81/115/54 87/123/54 85/124/54 79/116/54
f 89/125/55 83/117/55 84/118/55 90/126/55
f 90/127/56 84/119/56 82/120/56 88/128/56
f 86/121/57 92/129/57 93/130/57 87/122/57
f 87/123/58 93/131/58 91/132/58 85/124/58
f 95/133/59 89/125/59 90/126/59 96/134/59
f 96/135/60 90/127/60 88/128/60 94/136/60
f 92/129/61 98/137/61 99/138/61 93/130/61
f 93/131/62 99/139/62 97/140/62 91/132/62
f 101/141/63 95/133/63 96/134/63 102/142/63
f 102/143/64 96/135/64 94/136/64 100/144/64
f 98/137/65 104/145/65 105/146/65 99/138/65
f 99/139/66 105/147/66 103/148/66 97/140/66
f 107/149/67 101/141/67 102/142/67 108/150/67
f 108/151/68 102/143/68 100/144/68 106/152/68
f 104/153/69 110/154/69 111/155/69 105/156/69
f 105/147/70 111/157/70 109/158/70 103/148/70
f 113/159/71 107/160/71 108/161/71 114/162/71
f 114/163/72 108/151/72 106/152/72 112/164/72
f 110/154/73 116/165/73 117/166/73 111/155/73
f 111/157/74 117/167/74 115/168/74 109/158/74
f 119/169/75 113/159/75 114/162/75 120/170/75
f 120/171/76 114/163/76 112/164/76 118/172/76
f 116/165/77 122/173/77 123/174/77 117/166/77
f 117/167/78 123/175/78 121/176/78 115/168/78
f 125/177/79 119/169/79 120/170/79 126/178/79
f 126/179/80 120/171/80 118/172/80 124/180/80
f 122/173/81 128/181/81 129/182/81 123/174/81
f 123/175/82 129/183/82 127/184/82 121/176/82
f 131/185/83 125/177/83 126/178/83 132/186/83
f 132/187/84 126/179/84 124/180/84 130/188/84
f 128/181/85 134/189/85 135/190/85 129/182/85
f 129/183/86 135/191/86 133/192/86 127/184/86
f 137/193/87 131/185/87 132/186/87 138/194/87
f 138/195/88 132/187/88 130/188/88 136/196/88
f 134/189/89 140/197/89 141/198/89 135/190/89
f 135/191/90 141/199/90 139/200/90 133/192/90
f 143/201/91 137/193/91 138/194/91 144/202/91
f 144/203/92 138/195/92 136/196/92 142/204/92
f 140/205/93 2/1/93 3/4/93 141/206/93
f 141/199/94 3/5/94 1/8/94 139/200/94
f 5/10/95 143/207/95 144/208/95 6/11/95
f 6/14/96 144/203/96 142/204/96 4/15/96
f 1/8/97 7/7/97 13/20/97 19/28/97 25/36/97 31/44/97 37/54/97 43/64/97 49/72/97 55/80/97 61/88/97 67/96/97 73/106/97 79/116/97 85/124/97 91/132/97 97/140/97 103/148/97 109/158/97 115/168/97 121/176/97 127/184/97 133/192/97 139/200/97
f 2/1/98 5/10/98 11/9/98 8/2/98
f 140/205/99 143/207/99 5/10/99 2/1/99
f 10/16/100 4/15/100 142/204/100 136/196/100 130/188/100 124/180/100 118/172/100 112/164/100 106/152/100 100/144/100 94/136/100 88/128/100 82/120/100 76/112/100 70/100/100 64/92/100 58/84/100 52/76/100 46/68/100 40/60/100 34/48/100 28/40/100 22/32/100 16/24/100
f 8/2/101 11/9/101 17/21/101 14/17/101
f 14/17/102 17/21/102 23/29/102 20/25/102
f 20/25/103 23/29/103 29/37/103 26/33/103
f 26/33/104 29/37/104 35/45/104 32/41/104
f 32/49/105 35/56/105 41/55/105 38/50/105
f 38/50/106 41/55/106 47/65/106 44/61/106
f 44/61/107 47/65/107 53/73/107 50/69/107
f 50/69/108 53/73/108 59/81/108 56/77/108
f 56/77/109 59/81/109 65/89/109 62/85/109
f 62/85/110 65/89/110 71/97/110 68/93/110
f 68/101/111 71/108/111 77/107/111 74/102/111
f 74/102/112 77/107/112 83/117/112 80/113/112
f 80/113/113 83/117/113 89/125/113 86/121/113
f 86/121/114 89/125/114 95/133/114 92/129/114
f 92/129/115 95/133/115 101/141/115 98/137/115
f 98/137/116 101/141/116 107/149/116 104/145/116
f 104/153/117 107/160/117 113/159/117 110/154/117
f 110/154/118 113/159/118 119/169/118 116/165/118
f 116/165/119 119/169/119 125/177/119 122/173/119
f 122/173/120 125/177/120 131/185/120 128/181/120
f 128/181/121 131/185/121 137/193/121 134/189/121
f 134/189/122 137/193/122 143/201/122 140/197/122
o AK_detail_rearsight_001
v 0.038400 0.062500 0.005600
v 0.038400 0.062900 0.006000
v 0.038000 0.062900 0.005600
v 0.038400 0.062617 0.005883
v 0.038169 0.062669 0.005831
v 0.038117 0.062900 0.005883
v 0.038117 0.062617 0.005600
v 0.038400 0.064100 0.006000
v 0.038400 0.064500 0.005600
v 0.038000 0.064100 0.005600
v 0.038400 0.064383 0.005883
v 0.038169 0.064331 0.005831
v 0.038117 0.064383 0.005600
v 0.038117 0.064100 0.005883
v 0.038400 0.062500 -0.005600
v 0.038000 0.062900 -0.005600
v 0.038400 0.062900 -0.006000
v 0.038117 0.062617 -0.005600
v 0.038169 0.062669 -0.005831
v 0.038117 0.062900 -0.005883
v 0.038400 0.062617 -0.005883
v 0.038400 0.064500 -0.005600
v 0.038400 0.064100 -0.006000
v 0.038000 0.064100 -0.005600
v 0.038400 0.064383 -0.005883
v 0.038169 0.064331 -0.005831
v 0.038117 0.064100 -0.005883
v 0.038117 0.064383 -0.005600
v 0.051600 0.062500 0.005600
v 0.052000 0.062900 0.005600
v 0.051600 0.062900 0.006000
v 0.051883 0.062617 0.005600
v 0.051831 0.062669 0.005831
v 0.051883 0.062900 0.005883
v 0.051600 0.062617 0.005883
v 0.051600 0.064500 0.005600
v 0.051600 0.064100 0.006000
v 0.052000 0.064100 0.005600
v 0.051600 0.064383 0.005883
v 0.051831 0.064331 0.005831
v 0.051883 0.064100 0.005883
v 0.051883 0.064383 0.005600
v 0.051600 0.062500 -0.005600
v 0.051600 0.062900 -0.006000
v 0.052000 0.062900 -0.005600
v 0.051600 0.062617 -0.005883
v 0.051831 0.062669 -0.005831
v 0.051883 0.062900 -0.005883
v 0.051883 0.062617 -0.005600
v 0.051600 0.064500 -0.005600
v 0.052000 0.064100 -0.005600
v 0.051600 0.064100 -0.006000
v 0.051883 0.064383 -0.005600
v 0.051831 0.064331 -0.005831
v 0.051883 0.064100 -0.005883
v 0.051600 0.064383 -0.005883
vn -0.3251 -0.8881 0.3251
vn -0.3251 -0.3251 0.8881
vn -0.8881 -0.3251 0.3251
vn -0.3251 0.3251 0.8881
vn -0.3251 0.8881 0.3251
vn -0.8881 0.3251 0.3251
vn -0.3251 -0.8881 -0.3251
vn -0.8881 -0.3251 -0.3251
vn -0.3251 -0.3251 -0.8881
vn -0.3251 0.8881 -0.3251
vn -0.3251 0.3251 -0.8881
vn -0.8881 0.3251 -0.3251
vn 0.3251 -0.8881 0.3251
vn 0.8881 -0.3251 0.3251
vn 0.3251 -0.3251 0.8881
vn 0.3251 0.8881 0.3251
vn 0.3251 0.3251 0.8881
vn 0.8881 0.3251 0.3251
vn 0.3251 -0.8881 -0.3251
vn 0.3251 -0.3251 -0.8881
vn 0.8881 -0.3251 -0.3251
vn 0.3251 0.8881 -0.3251
vn 0.8881 0.3251 -0.3251
vn 0.3251 0.3251 -0.8881
vn -0.3827 -0.9239 -0.0000
vn -0.9239 -0.3827 -0.0000
vn -0.3827 -0.0000 0.9239
vn -0.9239 -0.0000 0.3827
vn -0.3827 0.9239 -0.0000
vn -0.9239 0.3827 -0.0000
vn -0.3827 -0.0000 -0.9239
vn -0.9239 -0.0000 -0.3827
vn -0.0000 -0.9239 -0.3827
vn -0.0000 -0.3827 -0.9239
vn -0.0000 0.9239 -0.3827
vn -0.0000 0.3827 -0.9239
vn 0.9239 -0.0000 -0.3827
vn 0.3827 -0.0000 -0.9239
vn 0.3827 -0.9239 -0.0000
vn 0.9239 -0.3827 -0.0000
vn 0.3827 0.9239 -0.0000
vn 0.9239 0.3827 -0.0000
vn 0.3827 -0.0000 0.9239
vn 0.9239 -0.0000 0.3827
vn -0.0000 -0.9239 0.3827
vn -0.0000 -0.3827 0.9239
vn -0.0000 0.9239 0.3827
vn -0.0000 0.3827 0.9239
vn -0.0000 -1.0000 -0.0000
vn -1.0000 -0.0000 -0.0000
vn -0.0000 -0.0000 1.0000
vn -0.0000 1.0000 -0.0000
vn -0.0000 -0.0000 -1.0000
vn 1.0000 -0.0000 -0.0000
vt 0.015835 0.015835
vt 0.001643 0.015835
vt 0.001643 0.007641
vt 0.015835 0.001643
vt 0.132655 0.515835
vt 0.132655 0.501643
vt 0.140849 0.501643
vt 0.146847 0.515835
vt 0.206900 0.913206
vt 0.221092 0.913206
vt 0.221092 0.921400
vt 0.206900 0.927398
vt 0.090080 0.515835
vt 0.075888 0.515835
vt 0.075888 0.507641
vt 0.090080 0.501643
vt 0.444875 0.484165
vt 0.444875 0.498357
vt 0.436682 0.498357
vt 0.430684 0.484165
vt 0.164325 0.913206
vt 0.164325 0.927398
vt 0.156131 0.927398
vt 0.150133 0.913206
vt 0.413206 0.015835
vt 0.413206 0.001643
vt 0.421400 0.001643
vt 0.427398 0.015835
vt 0.206900 0.515835
vt 0.206900 0.501643
vt 0.215094 0.501643
vt 0.221092 0.515835
vt 0.058410 0.984165
vt 0.072602 0.984165
vt 0.072602 0.992359
vt 0.058410 0.998357
vt 0.842247 0.484165
vt 0.856439 0.484165
vt 0.856439 0.492359
vt 0.842247 0.498357
vt 0.015835 0.984165
vt 0.015835 0.998357
vt 0.007641 0.998357
vt 0.001643 0.984165
vt 0.164325 0.515835
vt 0.150133 0.515835
vt 0.150133 0.507641
vt 0.164325 0.501643
vt 0.015835 0.484165
vt 0.015835 0.498357
vt 0.007641 0.498357
vt 0.001643 0.484165
vt 0.281145 0.515835
vt 0.281145 0.501643
vt 0.289339 0.501643
vt 0.295337 0.515835
vt 0.132655 0.984165
vt 0.146847 0.984165
vt 0.146847 0.992359
vt 0.132655 0.998357
vt 0.444875 0.015835
vt 0.430684 0.015835
vt 0.430684 0.007641
vt 0.444875 0.001643
vt 0.090080 0.984165
vt 0.090080 0.998357
vt 0.081886 0.998357
vt 0.075888 0.984165
vt 0.238569 0.515835
vt 0.224378 0.515835
vt 0.224378 0.507641
vt 0.238569 0.501643
vt 0.413206 0.484165
vt 0.427398 0.484165
vt 0.427398 0.492359
vt 0.413206 0.498357
vt 0.058410 0.515835
vt 0.058410 0.501643
vt 0.066604 0.501643
vt 0.072602 0.515835
vt 0.281145 0.913206
vt 0.295337 0.913206
vt 0.295337 0.921400
vt 0.281145 0.927398
vt 0.842247 0.015835
vt 0.842247 0.001643
vt 0.850441 0.001643
vt 0.856439 0.015835
vt 0.238569 0.913206
vt 0.238569 0.927398
vt 0.230376 0.927398
vt 0.224378 0.913206
vt 0.015835 0.515835
vt 0.001643 0.515835
vt 0.001643 0.507641
vt 0.015835 0.501643
s 0
usemtl MAT_metal_dark_blued
f 145/209/123 148/210/123 149/211/123 151/212/123
f 146/213/124 150/214/124 149/215/124 148/216/124
f 147/217/125 151/218/125 149/219/125 150/220/125
f 152/221/126 155/222/126 156/223/126 158/224/126
f 153/225/127 157/226/127 156/227/127 155/228/127
f 154/229/128 158/230/128 156/231/128 157/232/128
f 159/233/129 162/234/129 163/235/129 165/236/129
f 160/237/130 164/238/130 163/239/130 162/240/130
f 161/241/131 165/242/131 163/243/131 164/244/131
f 166/245/132 169/246/132 170/247/132 172/248/132
f 167/249/133 171/250/133 170/251/133 169/252/133
f 168/253/134 172/254/134 170/255/134 171/256/134
f 173/257/135 176/258/135 177/259/135 179/260/135
f 174/261/136 178/262/136 177/263/136 176/264/136
f 175/265/137 179/266/137 177/267/137 178/268/137
f 180/269/138 183/270/138 184/271/138 186/272/138
f 181/273/139 185/274/139 184/275/139 183/276/139
f 182/277/140 186/278/140 184/279/140 185/280/140
f 187/281/141 190/282/141 191/283/141 193/284/141
f 188/285/142 192/286/142 191/287/142 190/288/142
f 189/289/143 193/290/143 191/291/143 192/292/143
f 194/293/144 197/294/144 198/295/144 200/296/144
f 195/297/145 199/298/145 198/299/145 197/300/145
f 196/301/146 200/302/146 198/303/146 199/304/146
f 159/233/147 145/209/147 151/212/147 162/234/147
f 162/240/148 151/218/148 147/217/148 160/237/148
f 146/213/149 152/221/149 158/224/149 150/214/149
f 150/220/150 158/230/150 154/229/150 147/217/150
f 153/225/151 166/245/151 172/248/151 157/226/151
f 157/232/152 172/254/152 168/253/152 154/229/152
f 167/249/153 161/241/153 164/244/153 171/250/153
f 171/256/154 164/238/154 160/237/154 168/253/154
f 187/281/155 159/233/155 165/236/155 190/282/155
f 190/288/156 165/242/156 161/241/156 188/285/156
f 166/245/157 194/293/157 200/296/157 169/246/157
f 169/252/158 200/302/158 196/301/158 167/249/158
f 195/297/159 189/289/159 192/292/159 199/298/159
f 199/304/160 192/286/160 188/285/160 196/301/160
f 173/257/161 187/281/161 193/284/161 176/258/161
f 176/264/162 193/290/162 189/289/162 174/261/162
f 194/293/163 180/269/163 186/272/163 197/294/163
f 197/300/164 186/278/164 182/277/164 195/297/164
f 181/273/165 175/265/165 178/268/165 185/274/165
f 185/280/166 178/262/166 174/261/166 182/277/166
f 145/209/167 173/257/167 179/260/167 148/210/167
f 148/216/168 179/266/168 175/265/168 146/213/168
f 180/269/169 153/225/169 155/228/169 183/270/169
f 183/276/170 155/222/170 152/221/170 181/273/170
f 159/233/171 187/281/171 173/257/171 145/209/171
f 147/217/172 154/229/172 168/253/172 160/237/172
f 175/265/173 181/273/173 152/221/173 146/213/173
f 194/293/174 166/245/174 153/225/174 180/269/174
f 161/241/175 167/249/175 196/301/175 188/285/175
f 189/289/176 195/297/176 182/277/176 174/261/176
o AK_dustcover_main
v -0.173500 0.039000 0.016500
v -0.173500 0.040500 0.018000
v -0.175000 0.040500 0.016500
v -0.173500 0.039439 0.017561
v -0.174366 0.039634 0.017366
v -0.174561 0.040500 0.017561
v -0.174561 0.039439 0.016500
v -0.173500 0.051500 0.018000
v -0.173500 0.053000 0.016500
v -0.175000 0.051500 0.016500
v -0.173500 0.052561 0.017561
v -0.174366 0.052366 0.017366
v -0.174561 0.052561 0.016500
v -0.174561 0.051500 0.017561
v -0.173500 0.039000 -0.016500
v -0.175000 0.040500 -0.016500
v -0.173500 0.040500 -0.018000
v -0.174561 0.039439 -0.016500
v -0.174366 0.039634 -0.017366
v -0.174561 0.040500 -0.017561
v -0.173500 0.039439 -0.017561
v -0.173500 0.053000 -0.016500
v -0.173500 0.051500 -0.018000
v -0.175000 0.051500 -0.016500
v -0.173500 0.052561 -0.017561
v -0.174366 0.052366 -0.017366
v -0.174561 0.051500 -0.017561
v -0.174561 0.052561 -0.016500
v 0.043500 0.039000 0.016500
v 0.045000 0.040500 0.016500
v 0.043500 0.040500 0.018000
v 0.044561 0.039439 0.016500
v 0.044366 0.039634 0.017366
v 0.044561 0.040500 0.017561
v 0.043500 0.039439 0.017561
v 0.043500 0.053000 0.016500
v 0.043500 0.051500 0.018000
v 0.045000 0.051500 0.016500
v 0.043500 0.052561 0.017561
v 0.044366 0.052366 0.017366
v 0.044561 0.051500 0.017561
v 0.044561 0.052561 0.016500
v 0.043500 0.039000 -0.016500
v 0.043500 0.040500 -0.018000
v 0.045000 0.040500 -0.016500
v 0.043500 0.039439 -0.017561
v 0.044366 0.039634 -0.017366
v 0.044561 0.040500 -0.017561
v 0.044561 0.039439 -0.016500
v 0.043500 0.053000 -0.016500
v 0.045000 0.051500 -0.016500
v 0.043500 0.051500 -0.018000
v 0.044561 0.052561 -0.016500
v 0.044366 0.052366 -0.017366
v 0.044561 0.051500 -0.017561
v 0.043500 0.052561 -0.017561
vn -0.3251 -0.8881 0.3251
vn -0.3251 -0.3251 0.8881
vn -0.8881 -0.3251 0.3251
vn -0.3251 0.3251 0.8881
vn -0.3251 0.8881 0.3251
vn -0.8881 0.3251 0.3251
vn -0.3251 -0.8881 -0.3251
vn -0.8881 -0.3251 -0.3251
vn -0.3251 -0.3251 -0.8881
vn -0.3251 0.8881 -0.3251
vn -0.3251 0.3251 -0.8881
vn -0.8881 0.3251 -0.3251
vn 0.3251 -0.8881 0.3251
vn 0.8881 -0.3251 0.3251
vn 0.3251 -0.3251 0.8881
vn 0.3251 0.8881 0.3251
vn 0.3251 0.3251 0.8881
vn 0.8881 0.3251 0.3251
vn 0.3251 -0.8881 -0.3251
vn 0.3251 -0.3251 -0.8881
vn 0.8881 -0.3251 -0.3251
vn 0.3251 0.8881 -0.3251
vn 0.8881 0.3251 -0.3251
vn 0.3251 0.3251 -0.8881
vn -0.3827 -0.9239 -0.0000
vn -0.9239 -0.3827 -0.0000
vn -0.3827 -0.0000 0.9239
vn -0.9239 -0.0000 0.3827
vn -0.3827 0.9239 -0.0000
vn -0.9239 0.3827 -0.0000
vn -0.3827 -0.0000 -0.9239
vn -0.9239 -0.0000 -0.3827
vn -0.0000 -0.9239 -0.3827
vn -0.0000 -0.3827 -0.9239
vn -0.0000 0.9239 -0.3827
vn -0.0000 0.3827 -0.9239
vn 0.9239 -0.0000 -0.3827
vn 0.3827 -0.0000 -0.9239
vn 0.3827 -0.9239 -0.0000
vn 0.9239 -0.3827 -0.0000
vn 0.3827 0.9239 -0.0000
vn 0.9239 0.3827 -0.0000
vn 0.3827 -0.0000 0.9239
vn 0.9239 -0.0000 0.3827
vn -0.0000 -0.9239 0.3827
vn -0.0000 -0.3827 0.9239
vn -0.0000 0.9239 0.3827
vn -0.0000 0.3827 0.9239
vn -0.0000 -1.0000 -0.0000
vn -1.0000 -0.0000 -0.0000
vn -0.0000 -0.0000 1.0000
vn -0.0000 1.0000 -0.0000
vn -0.0000 -0.0000 -1.0000
vn 1.0000 -0.0000 -0.0000
vt 0.009794 0.009794
vt 0.003017 0.009794
vt 0.003017 0.005881
vt 0.009794 0.003017
vt 0.466145 0.009794
vt 0.466145 0.003017
vt 0.470058 0.003017
vt 0.472922 0.009794
vt 0.535431 0.158889
vt 0.542208 0.158889
vt 0.542208 0.162802
vt 0.535431 0.165666
vt 0.416447 0.009794
vt 0.409670 0.009794
vt 0.409670 0.005881
vt 0.416447 0.003017
vt 0.178477 0.990206
vt 0.178477 0.996983
vt 0.174564 0.996983
vt 0.171700 0.990206
vt 0.485733 0.158889
vt 0.485733 0.165666
vt 0.481820 0.165666
vt 0.478956 0.158889
vt 0.158889 0.009794
vt 0.158889 0.003017
vt 0.162802 0.003017
vt 0.165666 0.009794
vt 0.535431 0.009794
vt 0.535431 0.003017
vt 0.539344 0.003017
vt 0.542208 0.009794
vt 0.396858 0.990206
vt 0.403635 0.990206
vt 0.403635 0.994119
vt 0.396858 0.996983
vt 0.327572 0.990206
vt 0.334349 0.990206
vt 0.334349 0.994119
vt 0.327572 0.996983
vt 0.347160 0.990206
vt 0.347160 0.996983
vt 0.343247 0.996983
vt 0.340383 0.990206
vt 0.485733 0.009794
vt 0.478956 0.009794
vt 0.478956 0.005881
vt 0.485733 0.003017
vt 0.009794 0.990206
vt 0.009794 0.996983
vt 0.005881 0.996983
vt 0.003017 0.990206
vt 0.535431 0.178477
vt 0.535431 0.171700
vt 0.539344 0.171700
vt 0.542208 0.178477
vt 0.466145 0.990206
vt 0.472922 0.990206
vt 0.472922 0.994119
vt 0.466145 0.996983
vt 0.178477 0.009794
vt 0.171700 0.009794
vt 0.171700 0.005881
vt 0.178477 0.003017
vt 0.416447 0.990206
vt 0.416447 0.996983
vt 0.412534 0.996983
vt 0.409670 0.990206
vt 0.485733 0.178477
vt 0.478956 0.178477
vt 0.478956 0.174564
vt 0.485733 0.171700
vt 0.158889 0.990206
vt 0.165666 0.990206
vt 0.165666 0.994119
vt 0.158889 0.996983
vt 0.396859 0.009794
vt 0.396858 0.003017
vt 0.400771 0.003017
vt 0.403636 0.009794
vt 0.535431 0.327572
vt 0.542208 0.327572
vt 0.542208 0.331485
vt 0.535431 0.334349
vt 0.327572 0.009794
vt 0.327572 0.003017
vt 0.331485 0.003017
vt 0.334349 0.009794
vt 0.485733 0.327572
vt 0.485733 0.334349
vt 0.481820 0.334349
vt 0.478956 0.327572
vt 0.347160 0.009794
vt 0.340383 0.009794
vt 0.340383 0.005881
vt 0.347160 0.003017
s 0
usemtl MAT_metal_dark_blued
f 201/305/177 204/306/177 205/307/177 207/308/177
f 202/309/178 206/310/178 205/311/178 204/312/178
f 203/313/179 207/314/179 205/315/179 206/316/179
f 208/317/180 211/318/180 212/319/180 214/320/180
f 209/321/181 213/322/181 212/323/181 211/324/181
f 210/325/182 214/326/182 212/327/182 213/328/182
f 215/329/183 218/330/183 219/331/183 221/332/183
f 216/333/184 220/334/184 219/335/184 218/336/184
f 217/337/185 221/338/185 219/339/185 220/340/185
f 222/341/186 225/342/186 226/343/186 228/344/186
f 223/345/187 227/346/187 226/347/187 225/348/187
f 224/349/188 228/350/188 226/351/188 227/352/188
f 229/353/189 232/354/189 233/355/189 235/356/189
f 230/357/190 234/358/190 233/359/190 232/360/190
f 231/361/191 235/362/191 233/363/191 234/364/191
f 236/365/192 239/366/192 240/367/192 242/368/192
f 237/369/193 241/370/193 240/371/193 239/372/193
f 238/373/194 242/374/194 240/375/194 241/376/194
f 243/377/195 246/378/195 247/379/195 249/380/195
f 244/381/196 248/382/196 247/383/196 246/384/196
f 245/385/197 249/386/197 247/387/197 248/388/197
f 250/389/198 253/390/198 254/391/198 256/392/198
f 251/393/199 255/394/199 254/395/199 253/396/199
f 252/397/200 256/398/200 254/399/200 255/400/200
f 215/329/201 201/305/201 207/308/201 218/330/201
f 218/336/202 207/314/202 203/313/202 216/333/202
f 202/309/203 208/317/203 214/320/203 206/310/203
f 206/316/204 214/326/204 210/325/204 203/313/204
f 209/321/205 222/341/205 228/344/205 213/322/205
f 213/328/206 228/350/206 224/349/206 210/325/206
f 223/345/207 217/337/207 220/340/207 227/346/207
f 227/352/208 220/334/208 216/333/208 224/349/208
f 243/377/209 215/329/209 221/332/209 246/378/209
f 246/384/210 221/338/210 217/337/210 244/381/210
f 222/341/211 250/389/211 256/392/211 225/342/211
f 225/348/212 256/398/212 252/397/212 223/345/212
f 251/393/213 245/385/213 248/388/213 255/394/213
f 255/400/214 248/382/214 244/381/214 252/397/214
f 229/353/215 243/377/215 249/380/215 232/354/215
f 232/360/216 249/386/216 245/385/216 230/357/216
f 250/389/217 236/365/217 242/368/217 253/390/217
f 253/396/218 242/374/218 238/373/218 251/393/218
f 237/369/219 231/361/219 234/364/219 241/370/219
f 241/376/220 234/358/220 230/357/220 238/373/220
f 201/305/221 229/353/221 235/356/221 204/306/221
f 204/312/222 235/362/222 231/361/222 202/309/222
f 236/365/223 209/321/223 211/324/223 239/366/223
f 239/372/224 211/318/224 208/317/224 237/369/224
f 215/329/225 243/377/225 229/353/225 201/305/225
f 203/313/226 210/325/226 224/349/226 216/333/226
f 231/361/227 237/369/227 208/317/227 202/309/227
f 250/389/228 222/341/228 209/321/228 236/365/228
f 217/337/229 223/345/229 252/397/229 244/381/229
f 245/385/230 251/393/230 238/373/230 230/357/230
o AK_front_ring_visual
v 0.374000 0.020000 -0.013193
v 0.374800 0.020000 -0.014000
v 0.374234 0.020000 -0.013764
v 0.386000 0.020000 -0.013193
v 0.385200 0.020000 -0.014000
v 0.385766 0.020000 -0.013764
v 0.374000 0.016585 -0.012744
v 0.374800 0.016377 -0.013523
v 0.374234 0.016438 -0.013295
v 0.386000 0.016585 -0.012744
v 0.385200 0.016377 -0.013523
v 0.385766 0.016438 -0.013295
v 0.374000 0.013403 -0.011426
v 0.374800 0.013000 -0.012124
v 0.374234 0.013118 -0.011920
v 0.386000 0.013403 -0.011426
v 0.385200 0.013000 -0.012124
v 0.385766 0.013118 -0.011920
v 0.374000 0.010671 -0.009329
v 0.374800 0.010101 -0.009899
v 0.374234 0.010268 -0.009732
v 0.386000 0.010671 -0.009329
v 0.385200 0.010101 -0.009899
v 0.385766 0.010268 -0.009732
v 0.374000 0.008574 -0.006597
v 0.374800 0.007876 -0.007000
v 0.374234 0.008080 -0.006882
v 0.386000 0.008574 -0.006597
v 0.385200 0.007876 -0.007000
v 0.385766 0.008080 -0.006882
v 0.374000 0.007256 -0.003415
v 0.374800 0.006477 -0.003623
v 0.374234 0.006705 -0.003562
v 0.386000 0.007256 -0.003415
v 0.385200 0.006477 -0.003623
v 0.385766 0.006705 -0.003562
v 0.374000 0.006807 -0.000000
v 0.374800 0.006000 0.000000
v 0.374234 0.006236 -0.000000
v 0.386000 0.006807 0.000000
v 0.385200 0.006000 0.000000
v 0.385766 0.006236 0.000000
v 0.374000 0.007256 0.003415
v 0.374800 0.006477 0.003623
v 0.374234 0.006705 0.003562
v 0.386000 0.007256 0.003415
v 0.385200 0.006477 0.003623
v 0.385766 0.006705 0.003562
v 0.374000 0.008574 0.006597
v 0.374800 0.007876 0.007000
v 0.374234 0.008080 0.006882
v 0.386000 0.008574 0.006597
v 0.385200 0.007876 0.007000
v 0.385766 0.008080 0.006882
v 0.374000 0.010671 0.009329
v 0.374800 0.010101 0.009899
v 0.374234 0.010268 0.009732
v 0.386000 0.010671 0.009329
v 0.385200 0.010101 0.009899
v 0.385766 0.010268 0.009732
v 0.374000 0.013403 0.011426
v 0.374800 0.013000 0.012124
v 0.374234 0.013118 0.011920
v 0.386000 0.013403 0.011426
v 0.385200 0.013000 0.012124
v 0.385766 0.013118 0.011920
v 0.374000 0.016585 0.012744
v 0.374800 0.016377 0.013523
v 0.374234 0.016438 0.013295
v 0.386000 0.016585 0.012744
v 0.385200 0.016377 0.013523
v 0.385766 0.016438 0.013295
v 0.374000 0.020000 0.013193
v 0.374800 0.020000 0.014000
v 0.374234 0.020000 0.013764
v 0.386000 0.020000 0.013193
v 0.385200 0.020000 0.014000
v 0.385766 0.020000 0.013764
v 0.374000 0.023415 0.012744
v 0.374800 0.023623 0.013523
v 0.374234 0.023562 0.013295
v 0.386000 0.023415 0.012744
v 0.385200 0.023623 0.013523
v 0.385766 0.023562 0.013295
v 0.374000 0.026597 0.011426
v 0.374800 0.027000 0.012124
v 0.374234 0.026882 0.011920
v 0.386000 0.026597 0.011426
v 0.385200 0.027000 0.012124
v 0.385766 0.026882 0.011920
v 0.374000 0.029329 0.009329
v 0.374800 0.029899 0.009899
v 0.374234 0.029732 0.009732
v 0.386000 0.029329 0.009329
v 0.385200 0.029899 0.009899
v 0.385766 0.029732 0.009732
v 0.374000 0.031426 0.006597
v 0.374800 0.032124 0.007000
v 0.374234 0.031920 0.006882
v 0.386000 0.031426 0.006597
v 0.385200 0.032124 0.007000
v 0.385766 0.031920 0.006882
v 0.374000 0.032744 0.003415
v 0.374800 0.033523 0.003623
v 0.374234 0.033295 0.003562
v 0.386000 0.032744 0.003415
v 0.385200 0.033523 0.003623
v 0.385766 0.033295 0.003562
v 0.374000 0.033193 0.000000
v 0.374800 0.034000 0.000000
v 0.374234 0.033764 0.000000
v 0.386000 0.033193 -0.000000
v 0.385200 0.034000 0.000000
v 0.385766 0.033764 -0.000000
v 0.374000 0.032744 -0.003415
v 0.374800 0.033523 -0.003623
v 0.374234 0.033295 -0.003562
v 0.386000 0.032744 -0.003415
v 0.385200 0.033523 -0.003623
v 0.385766 0.033295 -0.003562
v 0.374000 0.031426 -0.006597
v 0.374800 0.032124 -0.007000
v 0.374234 0.031920 -0.006882
v 0.386000 0.031426 -0.006597
v 0.385200 0.032124 -0.007000
v 0.385766 0.031920 -0.006882
v 0.374000 0.029329 -0.009329
v 0.374800 0.029899 -0.009899
v 0.374234 0.029732 -0.009732
v 0.386000 0.029329 -0.009329
v 0.385200 0.029899 -0.009899
v 0.385766 0.029732 -0.009732
v 0.374000 0.026597 -0.011426
v 0.374800 0.027000 -0.012124
v 0.374234 0.026882 -0.011920
v 0.386000 0.026597 -0.011426
v 0.385200 0.027000 -0.012124
v 0.385766 0.026882 -0.011920
v 0.374000 0.023415 -0.012744
v 0.374800 0.023623 -0.013523
v 0.374234 0.023562 -0.013295
v 0.386000 0.023415 -0.012744
v 0.385200 0.023623 -0.013523
v 0.385766 0.023562 -0.013295
vn -0.3827 -0.1206 -0.9160
vn -0.9239 -0.0500 -0.3794
vn 0.3827 -0.1206 -0.9160
vn 0.9239 -0.0500 -0.3794
vn -0.3827 -0.3536 -0.8536
vn -0.9239 -0.1464 -0.3536
vn 0.3827 -0.3536 -0.8536
vn 0.9239 -0.1464 -0.3536
vn -0.3827 -0.5624 -0.7330
vn -0.9239 -0.2330 -0.3036
vn 0.3827 -0.5624 -0.7330
vn 0.9239 -0.2330 -0.3036
vn -0.3827 -0.7330 -0.5624
vn -0.9239 -0.3036 -0.2330
vn 0.3827 -0.7330 -0.5624
vn 0.9239 -0.3036 -0.2330
vn -0.3827 -0.8536 -0.3536
vn -0.9239 -0.3536 -0.1464
vn 0.3827 -0.8536 -0.3536
vn 0.9239 -0.3536 -0.1464
vn -0.3827 -0.9160 -0.1206
vn -0.9239 -0.3794 -0.0500
vn 0.3827 -0.9160 -0.1206
vn 0.9239 -0.3794 -0.0500
vn -0.3827 -0.9160 0.1206
vn -0.9239 -0.3794 0.0500
vn 0.3827 -0.9160 0.1206
vn 0.9239 -0.3794 0.0500
vn -0.3827 -0.8536 0.3536
vn -0.9239 -0.3536 0.1464
vn 0.3827 -0.8536 0.3536
vn 0.9239 -0.3536 0.1464
vn -0.3827 -0.7330 0.5624
vn -0.9239 -0.3036 0.2330
vn 0.3827 -0.7330 0.5624
vn 0.9239 -0.3036 0.2330
vn -0.3827 -0.5624 0.7330
vn -0.9239 -0.2330 0.3036
vn 0.3827 -0.5624 0.7330
vn 0.9239 -0.2330 0.3036
vn -0.3827 -0.3536 0.8536
vn -0.9239 -0.1464 0.3536
vn 0.3827 -0.3536 0.8536
vn 0.9239 -0.1464 0.3536
vn -0.3827 -0.1206 0.9160
vn -0.9239 -0.0500 0.3794
vn 0.3827 -0.1206 0.9160
vn 0.9239 -0.0500 0.3794
vn -0.3827 0.1206 0.9160
vn -0.9239 0.0500 0.3794
vn 0.3827 0.1206 0.9160
vn 0.9239 0.0500 0.3794
vn -0.3827 0.3536 0.8536
vn -0.9239 0.1464 0.3536
vn 0.3827 0.3536 0.8536
vn 0.9239 0.1464 0.3536
vn -0.3827 0.5624 0.7330
vn -0.9239 0.2330 0.3036
vn 0.3827 0.5624 0.7330
vn 0.9239 0.2330 0.3036
vn -0.3827 0.7330 0.5624
vn -0.9239 0.3036 0.2330
vn 0.3827 0.7330 0.5624
vn 0.9239 0.3036 0.2330
vn -0.3827 0.8536 0.3536
vn -0.9239 0.3536 0.1464
vn 0.3827 0.8536 0.3536
vn 0.9239 0.3536 0.1464
vn -0.3827 0.9160 0.1206
vn -0.9239 0.3794 0.0500
vn 0.3827 0.9160 0.1206
vn 0.9239 0.3794 0.0500
vn -0.3827 0.9160 -0.1206
vn -0.9239 0.3794 -0.0500
vn 0.3827 0.9160 -0.1206
vn 0.9239 0.3794 -0.0500
vn -0.3827 0.8536 -0.3536
vn -0.9239 0.3536 -0.1464
vn 0.3827 0.8536 -0.3536
vn 0.9239 0.3536 -0.1464
vn -0.3827 0.7330 -0.5624
vn -0.9239 0.3036 -0.2330
vn 0.3827 0.7330 -0.5624
vn 0.9239 0.3036 -0.2330
vn -0.3827 0.5624 -0.7330
vn -0.9239 0.2330 -0.3036
vn 0.3827 0.5624 -0.7330
vn 0.9239 0.2330 -0.3036
vn -0.3827 0.3536 -0.8536
vn -0.9239 0.1464 -0.3536
vn 0.3827 0.3536 -0.8536
vn 0.9239 0.1464 -0.3536
vn -0.3827 0.1206 -0.9160
vn -0.9239 0.0500 -0.3794
vn 0.3827 0.1206 -0.9160
vn 0.9239 0.0500 -0.3794
vn -1.0000 -0.0000 -0.0000
vn -0.0000 -0.1305 -0.9914
vn -0.0000 0.1305 -0.9914
vn 1.0000 -0.0000 -0.0000
vn -0.0000 -0.3827 -0.9239
vn -0.0000 -0.6088 -0.7934
vn -0.0000 -0.7934 -0.6088
vn -0.0000 -0.9239 -0.3827
vn -0.0000 -0.9914 -0.1305
vn -0.0000 -0.9914 0.1305
vn -0.0000 -0.9239 0.3827
vn -0.0000 -0.7934 0.6088
vn -0.0000 -0.6088 0.7934
vn -0.0000 -0.3827 0.9239
vn -0.0000 -0.1305 0.9914
vn -0.0000 0.1305 0.9914
vn -0.0000 0.3827 0.9239
vn -0.0000 0.6088 0.7934
vn -0.0000 0.7934 0.6088
vn -0.0000 0.9239 0.3827
vn -0.0000 0.9914 0.1305
vn -0.0000 0.9914 -0.1305
vn -0.0000 0.9239 -0.3827
vn -0.0000 0.7934 -0.6088
vn -0.0000 0.6088 -0.7934
vn -0.0000 0.3827 -0.9239
vt 0.517348 0.404465
vt 0.517348 0.460761
vt 0.503119 0.460788
vt 0.503119 0.404509
vt 0.282493 0.996810
vt 0.217507 0.996810
vt 0.219371 0.982652
vt 0.280629 0.982652
vt 0.702328 0.460761
vt 0.702328 0.404465
vt 0.716557 0.404509
vt 0.716557 0.460788
vt 0.154735 0.020010
vt 0.217507 0.003190
vt 0.219371 0.017348
vt 0.160200 0.033203
vt 0.517348 0.523551
vt 0.503119 0.523560
vt 0.154735 0.979990
vt 0.160200 0.966797
vt 0.702328 0.523551
vt 0.716557 0.523560
vt 0.098455 0.052503
vt 0.107149 0.063832
vt 0.517348 0.588556
vt 0.503119 0.588547
vt 0.098455 0.947497
vt 0.107149 0.936168
vt 0.702328 0.588556
vt 0.716557 0.588547
vt 0.052503 0.098455
vt 0.063832 0.107149
vt 0.517348 0.651346
vt 0.503119 0.651318
vt 0.052503 0.901545
vt 0.063832 0.892851
vt 0.702328 0.651346
vt 0.716557 0.651319
vt 0.020010 0.154735
vt 0.033203 0.160200
vt 0.517348 0.707642
vt 0.503119 0.707167
vt 0.020010 0.845265
vt 0.033203 0.839800
vt 0.702328 0.707642
vt 0.716557 0.707167
vt 0.003190 0.217507
vt 0.017348 0.219371
vt 0.922005 0.352261
vt 0.922005 0.306296
vt 0.936234 0.306252
vt 0.936234 0.351873
vt 0.003190 0.782493
vt 0.017348 0.780629
vt 0.737025 0.306296
vt 0.737025 0.352261
vt 0.722796 0.351873
vt 0.722796 0.306252
vt 0.003190 0.282493
vt 0.017348 0.280629
vt 0.922005 0.250000
vt 0.936234 0.249973
vt 0.003190 0.717507
vt 0.017348 0.719371
vt 0.737025 0.250000
vt 0.722796 0.249973
vt 0.020010 0.345265
vt 0.033203 0.339800
vt 0.922005 0.187210
vt 0.936234 0.187201
vt 0.020010 0.654735
vt 0.033203 0.660200
vt 0.737025 0.187210
vt 0.722796 0.187201
vt 0.052503 0.401545
vt 0.063832 0.392851
vt 0.922005 0.122205
vt 0.936234 0.122214
vt 0.052503 0.598455
vt 0.063832 0.607149
vt 0.737025 0.122205
vt 0.722796 0.122214
vt 0.098455 0.447497
vt 0.107149 0.436168
vt 0.922005 0.059415
vt 0.936234 0.059443
vt 0.098455 0.552503
vt 0.107149 0.563832
vt 0.737025 0.059415
vt 0.722796 0.059443
vt 0.154735 0.479990
vt 0.160200 0.466797
vt 0.922005 0.003119
vt 0.936234 0.003594
vt 0.154735 0.520010
vt 0.160200 0.533203
vt 0.737025 0.003119
vt 0.722796 0.003594
vt 0.217507 0.496810
vt 0.219371 0.482652
vt 0.702328 0.352261
vt 0.702328 0.306296
vt 0.716557 0.306252
vt 0.716557 0.351873
vt 0.217507 0.503190
vt 0.219371 0.517348
vt 0.517348 0.306296
vt 0.517348 0.352261
vt 0.503119 0.351873
vt 0.503119 0.306252
vt 0.282493 0.496810
vt 0.280629 0.482652
vt 0.702328 0.250000
vt 0.716557 0.249973
vt 0.282493 0.503190
vt 0.280629 0.517348
vt 0.517348 0.250000
vt 0.503119 0.249973
vt 0.345265 0.479990
vt 0.339800 0.466797
vt 0.702328 0.187210
vt 0.716557 0.187201
vt 0.345265 0.520010
vt 0.339800 0.533203
vt 0.517348 0.187210
vt 0.503119 0.187201
vt 0.401545 0.447497
vt 0.392851 0.436168
vt 0.702328 0.122205
vt 0.716557 0.122214
vt 0.401545 0.552503
vt 0.392851 0.563832
vt 0.517348 0.122205
vt 0.503119 0.122214
vt 0.447497 0.401545
vt 0.436168 0.392851
vt 0.702328 0.059415
vt 0.716557 0.059443
vt 0.447497 0.598455
vt 0.436168 0.607149
vt 0.517348 0.059415
vt 0.503119 0.059443
vt 0.479990 0.345265
vt 0.466797 0.339800
vt 0.702328 0.003119
vt 0.716557 0.003594
vt 0.479990 0.654735
vt 0.466797 0.660200
vt 0.517348 0.003119
vt 0.503119 0.003594
vt 0.496810 0.282493
vt 0.482652 0.280629
vt 0.737025 0.358500
vt 0.737025 0.404465
vt 0.722796 0.404509
vt 0.722796 0.358888
vt 0.496810 0.717507
vt 0.482652 0.719371
vt 0.922005 0.404465
vt 0.922005 0.358500
vt 0.936234 0.358888
vt 0.936234 0.404509
vt 0.496810 0.217507
vt 0.482652 0.219371
vt 0.737025 0.460761
vt 0.722796 0.460788
vt 0.496810 0.782493
vt 0.482652 0.780629
vt 0.922005 0.460761
vt 0.936234 0.460788
vt 0.479990 0.154735
vt 0.466797 0.160200
vt 0.737025 0.523551
vt 0.722796 0.523560
vt 0.479990 0.845265
vt 0.466797 0.839800
vt 0.922005 0.523551
vt 0.936234 0.523560
vt 0.447497 0.098455
vt 0.436168 0.107149
vt 0.737025 0.588556
vt 0.722796 0.588547
vt 0.447497 0.901545
vt 0.436168 0.892851
vt 0.922005 0.588556
vt 0.936234 0.588547
vt 0.401545 0.052503
vt 0.392851 0.063832
vt 0.737025 0.651346
vt 0.722796 0.651318
vt 0.401545 0.947497
vt 0.392851 0.936168
vt 0.922005 0.651346
vt 0.936234 0.651318
vt 0.345265 0.020010
vt 0.339800 0.033203
vt 0.737025 0.707642
vt 0.722796 0.707167
vt 0.345265 0.979990
vt 0.339800 0.966797
vt 0.922005 0.707642
vt 0.936234 0.707167
vt 0.282493 0.003190
vt 0.280629 0.017348
vt 0.517348 0.358500
vt 0.503119 0.358888
vt 0.702328 0.358500
vt 0.716557 0.358888
s 0
usemtl MAT_metal_dark_blued
f 258/401/231 264/402/231 265/403/231 259/404/231
f 259/405/232 265/406/232 263/407/232 257/408/232
f 267/409/233 261/410/233 262/411/233 268/412/233
f 268/413/234 262/414/234 260/415/234 266/416/234
f 264/402/235 270/417/235 271/418/235 265/403/235
f 265/406/236 271/419/236 269/420/236 263/407/236
f 273/421/237 267/409/237 268/412/237 274/422/237
f 274/423/238 268/413/238 266/416/238 272/424/238
f 270/417/239 276/425/239 277/426/239 271/418/239
f 271/419/240 277/427/240 275/428/240 269/420/240
f 279/429/241 273/421/241 274/422/241 280/430/241
f 280/431/242 274/423/242 272/424/242 278/432/242
f 276/425/243 282/433/243 283/434/243 277/426/243
f 277/427/244 283/435/244 281/436/244 275/428/244
f 285/437/245 279/429/245 280/430/245 286/438/245
f 286/439/246 280/431/246 278/432/246 284/440/246
f 282/433/247 288/441/247 289/442/247 283/434/247
f 283/435/248 289/443/248 287/444/248 281/436/248
f 291/445/249 285/437/249 286/438/249 292/446/249
f 292/447/250 286/439/250 284/440/250 290/448/250
f 288/449/251 294/450/251 295/451/251 289/452/251
f 289/443/252 295/453/252 293/454/252 287/444/252
f 297/455/253 291/456/253 292/457/253 298/458/253
f 298/459/254 292/447/254 290/448/254 296/460/254
f 294/450/255 300/461/255 301/462/255 295/451/255
f 295/453/256 301/463/256 299/464/256 293/454/256
f 303/465/257 297/455/257 298/458/257 304/466/257
f 304/467/258 298/459/258 296/460/258 302/468/258
f 300/461/259 306/469/259 307/470/259 301/462/259
f 301/463/260 307/471/260 305/472/260 299/464/260
f 309/473/261 303/465/261 304/466/261 310/474/261
f 310/475/262 304/467/262 302/468/262 308/476/262
f 306/469/263 312/477/263 313/478/263 307/470/263
f 307/471/264 313/479/264 311/480/264 305/472/264
f 315/481/265 309/473/265 310/474/265 316/482/265
f 316/483/266 310/475/266 308/476/266 314/484/266
f 312/477/267 318/485/267 319/486/267 313/478/267
f 313/479/268 319/487/268 317/488/268 311/480/268
f 321/489/269 315/481/269 316/482/269 322/490/269
f 322/491/270 316/483/270 314/484/270 320/492/270
f 318/485/271 324/493/271 325/494/271 319/486/271
f 319/487/272 325/495/272 323/496/272 317/488/272
f 327/497/273 321/489/273 322/490/273 328/498/273
f 328/499/274 322/491/274 320/492/274 326/500/274
f 324/501/275 330/502/275 331/503/275 325/504/275
f 325/495/276 331/505/276 329/506/276 323/496/276
f 333/507/277 327/508/277 328/509/277 334/510/277
f 334/511/278 328/499/278 326/500/278 332/512/278
f 330/502/279 336/513/279 337/514/279 331/503/279
f 331/505/280 337/515/280 335/516/280 329/506/280
f 339/517/281 333/507/281 334/510/281 340/518/281
f 340/519/282 334/511/282 332/512/282 338/520/282
f 336/513/283 342/521/283 343/522/283 337/514/283
f 337/515/284 343/523/284 341/524/284 335/516/284
f 345/525/285 339/517/285 340/518/285 346/526/285
f 346/527/286 340/519/286 338/520/286 344/528/286
f 342/521/287 348/529/287 349/530/287 343/522/287
f 343/523/288 349/531/288 347/532/288 341/524/288
f 351/533/289 345/525/289 346/526/289 352/534/289
f 352/535/290 346/527/290 344/528/290 350/536/290
f 348/529/291 354/537/291 355/538/291 349/530/291
f 349/531/292 355/539/292 353/540/292 347/532/292
f 357/541/293 351/533/293 352/534/293 358/542/293
f 358/543/294 352/535/294 350/536/294 356/544/294
f 354/537/295 360/545/295 361/546/295 355/538/295
f 355/539/296 361/547/296 359/548/296 353/540/296
f 363/549/297 357/541/297 358/542/297 364/550/297
f 364/551/298 358/543/298 356/544/298 362/552/298
f 360/553/299 366/554/299 367/555/299 361/556/299
f 361/547/300 367/557/300 365/558/300 359/548/300
f 369/559/301 363/560/301 364/561/301 370/562/301
f 370/563/302 364/551/302 362/552/302 368/564/302
f 366/554/303 372/565/303 373/566/303 367/555/303
f 367/557/304 373/567/304 371/568/304 365/558/304
f 375/569/305 369/559/305 370/562/305 376/570/305
f 376/571/306 370/563/306 368/564/306 374/572/306
f 372/565/307 378/573/307 379/574/307 373/566/307
f 373/567/308 379/575/308 377/576/308 371/568/308
f 381/577/309 375/569/309 376/570/309 382/578/309
f 382/579/310 376/571/310 374/572/310 380/580/310
f 378/573/311 384/581/311 385/582/311 379/574/311
f 379/575/312 385/583/312 383/584/312 377/576/312
f 387/585/313 381/577/313 382/578/313 388/586/313
f 388/587/314 382/579/314 380/580/314 386/588/314
f 384/581/315 390/589/315 391/590/315 385/582/315
f 385/583/316 391/591/316 389/592/316 383/584/316
f 393/593/317 387/585/317 388/586/317 394/594/317
f 394/595/318 388/587/318 386/588/318 392/596/318
f 390/589/319 396/597/319 397/598/319 391/590/319
f 391/591/320 397/599/320 395/600/320 389/592/320
f 399/601/321 393/593/321 394/594/321 400/602/321
f 400/603/322 394/595/322 392/596/322 398/604/322
f 396/605/323 258/401/323 259/404/323 397/606/323
f 397/599/324 259/405/324 257/408/324 395/600/324
f 261/410/325 399/607/325 400/608/325 262/411/325
f 262/414/326 400/603/326 398/604/326 260/415/326
f 257/408/327 263/407/327 269/420/327 275/428/327 281/436/327 287/444/327 293/454/327 299/464/327 305/472/327 311/480/327 317/488/327 323/496/327 329/506/327 335/516/327 341/524/327 347/532/327 353/540/327 359/548/327 365/558/327 371/568/327 377/576/327 383/584/327 389/592/327 395/600/327
f 258/401/328 261/410/328 267/409/328 264/402/328
f 396/605/329 399/607/329 261/410/329 258/401/329
f 266/416/330 260/415/330 398/604/330 392/596/330 386/588/330 380/580/330 374/572/330 368/564/330 362/552/330 356/544/330 350/536/330 344/528/330 338/520/330 332/512/330 326/500/330 320/492/330 314/484/330 308/476/330 302/468/330 296/460/330 290/448/330 284/440/330 278/432/330 272/424/330
f 264/402/331 267/409/331 273/421/331 270/417/331
f 270/417/332 273/421/332 279/429/332 276/425/332
f 276/425/333 279/429/333 285/437/333 282/433/333
f 282/433/334 285/437/334 291/445/334 288/441/334
f 288/449/335 291/456/335 297/455/335 294/450/335
f 294/450/336 297/455/336 303/465/336 300/461/336
f 300/461/337 303/465/337 309/473/337 306/469/337
f 306/469/338 309/473/338 315/481/338 312/477/338
f 312/477/339 315/481/339 321/489/339 318/485/339
f 318/485/340 321/489/340 327/497/340 324/493/340
f 324/501/341 327/508/341 333/507/341 330/502/341
f 330/502/342 333/507/342 339/517/342 336/513/342
f 336/513/343 339/517/343 345/525/343 342/521/343
f 342/521/344 345/525/344 351/533/344 348/529/344
f 348/529/345 351/533/345 357/541/345 354/537/345
f 354/537/346 357/541/346 363/549/346 360/545/346
f 360/553/347 363/560/347 369/559/347 366/554/347
f 366/554/348 369/559/348 375/569/348 372/565/348
f 372/565/349 375/569/349 381/577/349 378/573/349
f 378/573/350 381/577/350 387/585/350 384/581/350
f 384/581/351 387/585/351 393/593/351 390/589/351
f 390/589/352 393/593/352 399/601/352 396/597/352
o AK_front_sight_block_visual
v 0.393300 0.025000 0.011200
v 0.393300 0.025800 0.012000
v 0.392500 0.025800 0.011200
v 0.393300 0.025234 0.011766
v 0.392838 0.025338 0.011662
v 0.392734 0.025800 0.011766
v 0.392734 0.025234 0.011200
v 0.393300 0.064200 0.012000
v 0.393300 0.065000 0.011200
v 0.392500 0.064200 0.011200
v 0.393300 0.064766 0.011766
v 0.392838 0.064662 0.011662
v 0.392734 0.064766 0.011200
v 0.392734 0.064200 0.011766
v 0.393300 0.025000 -0.011200
v 0.392500 0.025800 -0.011200
v 0.393300 0.025800 -0.012000
v 0.392734 0.025234 -0.011200
v 0.392838 0.025338 -0.011662
v 0.392734 0.025800 -0.011766
v 0.393300 0.025234 -0.011766
v 0.393300 0.065000 -0.011200
v 0.393300 0.064200 -0.012000
v 0.392500 0.064200 -0.011200
v 0.393300 0.064766 -0.011766
v 0.392838 0.064662 -0.011662
v 0.392734 0.064200 -0.011766
v 0.392734 0.064766 -0.011200
v 0.416700 0.025000 0.011200
v 0.417500 0.025800 0.011200
v 0.416700 0.025800 0.012000
v 0.417266 0.025234 0.011200
v 0.417162 0.025338 0.011662
v 0.417266 0.025800 0.011766
v 0.416700 0.025234 0.011766
v 0.416700 0.065000 0.011200
v 0.416700 0.064200 0.012000
v 0.417500 0.064200 0.011200
v 0.416700 0.064766 0.011766
v 0.417162 0.064662 0.011662
v 0.417266 0.064200 0.011766
v 0.417266 0.064766 0.011200
v 0.416700 0.025000 -0.011200
v 0.416700 0.025800 -0.012000
v 0.417500 0.025800 -0.011200
v 0.416700 0.025234 -0.011766
v 0.417162 0.025338 -0.011662
v 0.417266 0.025800 -0.011766
v 0.417266 0.025234 -0.011200
v 0.416700 0.065000 -0.011200
v 0.417500 0.064200 -0.011200
v 0.416700 0.064200 -0.012000
v 0.417266 0.064766 -0.011200
v 0.417162 0.064662 -0.011662
v 0.417266 0.064200 -0.011766
v 0.416700 0.064766 -0.011766
v 0.402800 0.063000 0.002200
v 0.402800 0.063800 0.003000
v 0.402000 0.063800 0.002200
v 0.402800 0.063234 0.002766
v 0.402338 0.063338 0.002662
v 0.402234 0.063800 0.002766
v 0.402234 0.063234 0.002200
v 0.402800 0.076200 0.003000
v 0.402800 0.077000 0.002200
v 0.402000 0.076200 0.002200
v 0.402800 0.076766 0.002766
v 0.402338 0.076662 0.002662
v 0.402234 0.076766 0.002200
v 0.402234 0.076200 0.002766
v 0.402800 0.063000 -0.002200
v 0.402000 0.063800 -0.002200
v 0.402800 0.063800 -0.003000
v 0.402234 0.063234 -0.002200
v 0.402338 0.063338 -0.002662
v 0.402234 0.063800 -0.002766
v 0.402800 0.063234 -0.002766
v 0.402800 0.077000 -0.002200
v 0.402800 0.076200 -0.003000
v 0.402000 0.076200 -0.002200
v 0.402800 0.076766 -0.002766
v 0.402338 0.076662 -0.002662
v 0.402234 0.076200 -0.002766
v 0.402234 0.076766 -0.002200
v 0.407200 0.063000 0.002200
v 0.408000 0.063800 0.002200
v 0.407200 0.063800 0.003000
v 0.407766 0.063234 0.002200
v 0.407662 0.063338 0.002662
v 0.407766 0.063800 0.002766
v 0.407200 0.063234 0.002766
v 0.407200 0.077000 0.002200
v 0.407200 0.076200 0.003000
v 0.408000 0.076200 0.002200
v 0.407200 0.076766 0.002766
v 0.407662 0.076662 0.002662
v 0.407766 0.076200 0.002766
v 0.407766 0.076766 0.002200
v 0.407200 0.063000 -0.002200
v 0.407200 0.063800 -0.003000
v 0.408000 0.063800 -0.002200
v 0.407200 0.063234 -0.002766
v 0.407662 0.063338 -0.002662
v 0.407766 0.063800 -0.002766
v 0.407766 0.063234 -0.002200
v 0.407200 0.077000 -0.002200
v 0.408000 0.076200 -0.002200
v 0.407200 0.076200 -0.003000
v 0.407766 0.076766 -0.002200
v 0.407662 0.076662 -0.002662
v 0.407766 0.076200 -0.002766
v 0.407200 0.076766 -0.002766
vn -0.3251 -0.8881 0.3251
vn -0.3251 -0.3251 0.8881
vn -0.8881 -0.3251 0.3251
vn -0.3251 0.3251 0.8881
vn -0.3251 0.8881 0.3251
vn -0.8881 0.3251 0.3251
vn -0.3251 -0.8881 -0.3251
vn -0.8881 -0.3251 -0.3251
vn -0.3251 -0.3251 -0.8881
vn -0.3251 0.8881 -0.3251
vn -0.3251 0.3251 -0.8881
vn -0.8881 0.3251 -0.3251
vn 0.3251 -0.8881 0.3251
vn 0.8881 -0.3251 0.3251
vn 0.3251 -0.3251 0.8881
vn 0.3251 0.8881 0.3251
vn 0.3251 0.3251 0.8881
vn 0.8881 0.3251 0.3251
vn 0.3251 -0.8881 -0.3251
vn 0.3251 -0.3251 -0.8881
vn 0.8881 -0.3251 -0.3251
vn 0.3251 0.8881 -0.3251
vn 0.8881 0.3251 -0.3251
vn 0.3251 0.3251 -0.8881
vn -0.3827 -0.9239 -0.0000
vn -0.9239 -0.3827 -0.0000
vn -0.3827 -0.0000 0.9239
vn -0.9239 -0.0000 0.3827
vn -0.3827 0.9239 -0.0000
vn -0.9239 0.3827 -0.0000
vn -0.3827 -0.0000 -0.9239
vn -0.9239 -0.0000 -0.3827
vn -0.0000 -0.9239 -0.3827
vn -0.0000 -0.3827 -0.9239
vn -0.0000 0.9239 -0.3827
vn -0.0000 0.3827 -0.9239
vn 0.9239 -0.0000 -0.3827
vn 0.3827 -0.0000 -0.9239
vn 0.3827 -0.9239 -0.0000
vn 0.9239 -0.3827 -0.0000
vn 0.3827 0.9239 -0.0000
vn 0.9239 0.3827 -0.0000
vn 0.3827 -0.0000 0.9239
vn 0.9239 -0.0000 0.3827
vn -0.0000 -0.9239 0.3827
vn -0.0000 -0.3827 0.9239
vn -0.0000 0.9239 0.3827
vn -0.0000 0.3827 0.9239
vn -0.0000 -1.0000 -0.0000
vn -1.0000 -0.0000 -0.0000
vn -0.0000 -0.0000 1.0000
vn -0.0000 1.0000 -0.0000
vn -0.0000 -0.0000 -1.0000
vn 1.0000 -0.0000 -0.0000
vt 0.027460 0.515232
vt 0.017678 0.515232
vt 0.017678 0.509584
vt 0.027460 0.505450
vt 0.617943 0.484768
vt 0.627725 0.484768
vt 0.627725 0.490416
vt 0.617943 0.494550
vt 0.648407 0.484768
vt 0.648407 0.494550
vt 0.642760 0.494550
vt 0.638625 0.484768
vt 0.617943 0.015232
vt 0.617943 0.005450
vt 0.623591 0.005450
vt 0.627725 0.015232
vt 0.636180 0.801356
vt 0.636180 0.811137
vt 0.630532 0.811137
vt 0.626398 0.801355
vt 0.648407 0.015232
vt 0.638625 0.015232
vt 0.638625 0.009585
vt 0.648407 0.005450
vt 0.301356 0.515232
vt 0.301356 0.505450
vt 0.307003 0.505450
vt 0.311137 0.515232
vt 0.922303 0.484768
vt 0.932085 0.484768
vt 0.932085 0.490416
vt 0.922303 0.494550
vt 0.015232 0.484768
vt 0.015232 0.494550
vt 0.009584 0.494550
vt 0.005450 0.484768
vt 0.910076 0.801355
vt 0.919858 0.801355
vt 0.919858 0.807003
vt 0.910076 0.811137
vt 0.015232 0.015232
vt 0.005450 0.015232
vt 0.005450 0.009585
vt 0.015232 0.005450
vt 0.922303 0.015232
vt 0.922303 0.005450
vt 0.927951 0.005450
vt 0.932085 0.015232
vt 0.027460 0.801356
vt 0.027460 0.811137
vt 0.021812 0.811137
vt 0.017678 0.801355
vt 0.605716 0.984768
vt 0.615498 0.984768
vt 0.615498 0.990415
vt 0.605716 0.994550
vt 0.331820 0.484768
vt 0.331820 0.494550
vt 0.326172 0.494550
vt 0.322038 0.484768
vt 0.636180 0.515232
vt 0.626398 0.515232
vt 0.626398 0.509584
vt 0.636180 0.505450
vt 0.331820 0.015232
vt 0.322038 0.015232
vt 0.322038 0.009585
vt 0.331820 0.005450
vt 0.605716 0.515232
vt 0.605716 0.505450
vt 0.611363 0.505450
vt 0.615498 0.515232
vt 0.301355 0.801355
vt 0.311137 0.801355
vt 0.311137 0.807003
vt 0.301355 0.811137
vt 0.301355 0.484768
vt 0.311137 0.484768
vt 0.311137 0.490416
vt 0.301356 0.494550
vt 0.331820 0.984768
vt 0.331820 0.994550
vt 0.326172 0.994550
vt 0.322038 0.984768
vt 0.910076 0.515232
vt 0.910076 0.505450
vt 0.915724 0.505450
vt 0.919858 0.515232
vt 0.331820 0.515232
vt 0.322038 0.515232
vt 0.322038 0.509585
vt 0.331820 0.505450
vt 0.301356 0.015232
vt 0.301355 0.005450
vt 0.307003 0.005450
vt 0.311137 0.015232
vt 0.720445 0.831820
vt 0.710663 0.831820
vt 0.710663 0.826172
vt 0.720445 0.822038
vt 0.689981 0.983441
vt 0.699763 0.983441
vt 0.699763 0.989088
vt 0.689981 0.993223
vt 0.247555 0.983441
vt 0.247555 0.993223
vt 0.241907 0.993223
vt 0.237773 0.983441
vt 0.689981 0.831820
vt 0.689981 0.822038
vt 0.695629 0.822038
vt 0.699763 0.831820
vt 0.804710 0.885621
vt 0.804710 0.895403
vt 0.799063 0.895403
vt 0.794928 0.885621
vt 0.247555 0.831820
vt 0.237773 0.831820
vt 0.237773 0.826172
vt 0.247555 0.822038
vt 0.774246 0.831820
vt 0.774246 0.822038
vt 0.779894 0.822038
vt 0.784028 0.831820
vt 0.301355 0.983441
vt 0.311137 0.983441
vt 0.311137 0.989088
vt 0.301355 0.993223
vt 0.163289 0.983441
vt 0.163289 0.993223
vt 0.157642 0.993223
vt 0.153507 0.983441
vt 0.858511 0.885621
vt 0.868293 0.885621
vt 0.868293 0.891268
vt 0.858511 0.895403
vt 0.163289 0.831820
vt 0.153507 0.831820
vt 0.153507 0.826172
vt 0.163289 0.822038
vt 0.301355 0.831820
vt 0.301355 0.822038
vt 0.307003 0.822038
vt 0.311137 0.831820
vt 0.720445 0.885621
vt 0.720445 0.895403
vt 0.714797 0.895403
vt 0.710663 0.885621
vt 0.132825 0.983441
vt 0.142607 0.983441
vt 0.142607 0.989088
vt 0.132825 0.993223
vt 0.636180 0.983441
vt 0.636180 0.993223
vt 0.630532 0.993223
vt 0.626398 0.983441
vt 0.804710 0.831820
vt 0.794928 0.831820
vt 0.794928 0.826172
vt 0.804710 0.822038
vt 0.636180 0.831820
vt 0.626398 0.831820
vt 0.626398 0.826172
vt 0.636180 0.822038
vt 0.132825 0.831820
vt 0.132825 0.822038
vt 0.138473 0.822038
vt 0.142607 0.831820
vt 0.774246 0.885621
vt 0.784028 0.885621
vt 0.784028 0.891268
vt 0.774246 0.895403
vt 0.217090 0.983441
vt 0.226872 0.983441
vt 0.226872 0.989088
vt 0.217090 0.993223
vt 0.079024 0.983441
vt 0.079024 0.993223
vt 0.073376 0.993223
vt 0.069242 0.983441
vt 0.858511 0.831820
vt 0.858511 0.822038
vt 0.864159 0.822038
vt 0.868293 0.831820
vt 0.079024 0.831820
vt 0.069242 0.831820
vt 0.069242 0.826172
vt 0.079024 0.822038
vt 0.217090 0.831820
vt 0.217090 0.822038
vt 0.222738 0.822038
vt 0.226872 0.831820
s 0
usemtl MAT_metal_dark_blued
f 401/609/353 404/610/353 405/611/353 407/612/353
f 402/613/354 406/614/354 405/615/354 404/616/354
f 403/617/355 407/618/355 405/619/355 406/620/355
f 408/621/356 411/622/356 412/623/356 414/624/356
f 409/625/357 413/626/357 412/627/357 411/628/357
f 410/629/358 414/630/358 412/631/358 413/632/358
f 415/633/359 418/634/359 419/635/359 421/636/359
f 416/637/360 420/638/360 419/639/360 418/640/360
f 417/641/361 421/642/361 419/643/361 420/644/361
f 422/645/362 425/646/362 426/647/362 428/648/362
f 423/649/363 427/650/363 426/651/363 425/652/363
f 424/653/364 428/654/364 426/655/364 427/656/364
f 429/657/365 432/658/365 433/659/365 435/660/365
f 430/661/366 434/662/366 433/663/366 432/664/366
f 431/665/367 435/666/367 433/667/367 434/668/367
f 436/669/368 439/670/368 440/671/368 442/672/368
f 437/673/369 441/674/369 440/675/369 439/676/369
f 438/677/370 442/678/370 440/679/370 441/680/370
f 443/681/371 446/682/371 447/683/371 449/684/371
f 444/685/372 448/686/372 447/687/372 446/688/372
f 445/689/373 449/690/373 447/691/373 448/692/373
f 450/693/374 453/694/374 454/695/374 456/696/374
f 451/697/375 455/698/375 454/699/375 453/700/375
f 452/701/376 456/702/376 454/703/376 455/704/376
f 457/705/353 460/706/353 461/707/353 463/708/353
f 458/709/354 462/710/354 461/711/354 460/712/354
f 459/713/355 463/714/355 461/715/355 462/716/355
f 464/717/356 467/718/356 468/719/356 470/720/356
f 465/721/357 469/722/357 468/723/357 467/724/357
f 466/725/358 470/726/358 468/727/358 469/728/358
f 471/729/359 474/730/359 475/731/359 477/732/359
f 472/733/360 476/734/360 475/735/360 474/736/360
f 473/737/361 477/738/361 475/739/361 476/740/361
f 478/741/362 481/742/362 482/743/362 484/744/362
f 479/745/363 483/746/363 482/747/363 481/748/363
f 480/749/364 484/750/364 482/751/364 483/752/364
f 485/753/365 488/754/365 489/755/365 491/756/365
f 486/757/366 490/758/366 489/759/366 488/760/366
f 487/761/367 491/762/367 489/763/367 490/764/367
f 492/765/368 495/766/368 496/767/368 498/768/368
f 493/769/369 497/770/369 496/771/369 495/772/369
f 494/773/370 498/774/370 496/775/370 497/776/370
f 499/777/371 502/778/371 503/779/371 505/780/371
f 500/781/372 504/782/372 503/783/372 502/784/372
f 501/785/373 505/786/373 503/787/373 504/788/373
f 506/789/374 509/790/374 510/791/374 512/792/374
f 507/793/375 511/794/375 510/795/375 509/796/375
f 508/797/376 512/798/376 510/799/376 511/800/376
f 415/633/377 401/609/377 407/612/377 418/634/377
f 418/640/378 407/618/378 403/617/378 416/637/378
f 402/613/379 408/621/379 414/624/379 406/614/379
f 406/620/380 414/630/380 410/629/380 403/617/380
f 409/625/381 422/645/381 428/648/381 413/626/381
f 413/632/382 428/654/382 424/653/382 410/629/382
f 423/649/383 417/641/383 420/644/383 427/650/383
f 427/656/384 420/638/384 416/637/384 424/653/384
f 443/681/385 415/633/385 421/636/385 446/682/385
f 446/688/386 421/642/386 417/641/386 444/685/386
f 422/645/387 450/693/387 456/696/387 425/646/387
f 425/652/388 456/702/388 452/701/388 423/649/388
f 451/697/389 445/689/389 448/692/389 455/698/389
f 455/704/390 448/686/390 444/685/390 452/701/390
f 429/657/391 443/681/391 449/684/391 432/658/391
f 432/664/392 449/690/392 445/689/392 430/661/392
f 450/693/393 436/669/393 442/672/393 453/694/393
f 453/700/394 442/678/394 438/677/394 451/697/394
f 437/673/395 431/665/395 434/668/395 441/674/395
f 441/680/396 434/662/396 430/661/396 438/677/396
f 401/609/397 429/657/397 435/660/397 404/610/397
f 404/616/398 435/666/398 431/665/398 402/613/398
f 436/669/399 409/625/399 411/628/399 439/670/399
f 439/676/400 411/622/400 408/621/400 437/673/400
f 471/729/377 457/705/377 463/708/377 474/730/377
f 474/736/378 463/714/378 459/713/378 472/733/378
f 458/709/379 464/717/379 470/720/379 462/710/379
f 462/716/380 470/726/380 466/725/380 459/713/380
f 465/721/381 478/741/381 484/744/381 469/722/381
f 469/728/382 484/750/382 480/749/382 466/725/382
f 479/745/383 473/737/383 476/740/383 483/746/383
f 483/752/384 476/734/384 472/733/384 480/749/384
f 499/777/385 471/729/385 477/732/385 502/778/385
f 502/784/386 477/738/386 473/737/386 500/781/386
f 478/741/387 506/789/387 512/792/387 481/742/387
f 481/748/388 512/798/388 508/797/388 479/745/388
f 507/793/389 501/785/389 504/788/389 511/794/389
f 511/800/390 504/782/390 500/781/390 508/797/390
f 485/753/391 499/777/391 505/780/391 488/754/391
f 488/760/392 505/786/392 501/785/392 486/757/392
f 506/789/393 492/765/393 498/768/393 509/790/393
f 509/796/394 498/774/394 494/773/394 507/793/394
f 493/769/395 487/761/395 490/764/395 497/770/395
f 497/776/396 490/758/396 486/757/396 494/773/396
f 457/705/397 485/753/397 491/756/397 460/706/397
f 460/712/398 491/762/398 487/761/398 458/709/398
f 492/765/399 465/721/399 467/724/399 495/766/399
f 495/772/400 467/718/400 464/717/400 493/769/400
f 415/633/401 443/681/401 429/657/401 401/609/401
f 403/617/402 410/629/402 424/653/402 416/637/402
f 431/665/403 437/673/403 408/621/403 402/613/403
f 450/693/404 422/645/404 409/625/404 436/669/404
f 417/641/405 423/649/405 452/701/405 444/685/405
f 445/689/406 451/697/406 438/677/406 430/661/406
f 471/729/401 499/777/401 485/753/401 457/705/401
f 459/713/402 466/725/402 480/749/402 472/733/402
f 487/761/403 493/769/403 464/717/403 458/709/403
f 506/789/404 478/741/404 465/721/404 492/765/404
f 473/737/405 479/745/405 508/797/405 500/781/405
f 501/785/406 507/793/406 494/773/406 486/757/406
o AK_gas_block_visual
v 0.278300 0.030000 0.014200
v 0.278300 0.030800 0.015000
v 0.277500 0.030800 0.014200
v 0.278300 0.030234 0.014766
v 0.277838 0.030338 0.014662
v 0.277734 0.030800 0.014766
v 0.277734 0.030234 0.014200
v 0.278300 0.059200 0.015000
v 0.278300 0.060000 0.014200
v 0.277500 0.059200 0.014200
v 0.278300 0.059766 0.014766
v 0.277838 0.059662 0.014662
v 0.277734 0.059766 0.014200
v 0.277734 0.059200 0.014766
v 0.278300 0.030000 -0.014200
v 0.277500 0.030800 -0.014200
v 0.278300 0.030800 -0.015000
v 0.277734 0.030234 -0.014200
v 0.277838 0.030338 -0.014662
v 0.277734 0.030800 -0.014766
v 0.278300 0.030234 -0.014766
v 0.278300 0.060000 -0.014200
v 0.278300 0.059200 -0.015000
v 0.277500 0.059200 -0.014200
v 0.278300 0.059766 -0.014766
v 0.277838 0.059662 -0.014662
v 0.277734 0.059200 -0.014766
v 0.277734 0.059766 -0.014200
v 0.301700 0.030000 0.014200
v 0.302500 0.030800 0.014200
v 0.301700 0.030800 0.015000
v 0.302266 0.030234 0.014200
v 0.302162 0.030338 0.014662
v 0.302266 0.030800 0.014766
v 0.301700 0.030234 0.014766
v 0.301700 0.060000 0.014200
v 0.301700 0.059200 0.015000
v 0.302500 0.059200 0.014200
v 0.301700 0.059766 0.014766
v 0.302162 0.059662 0.014662
v 0.302266 0.059200 0.014766
v 0.302266 0.059766 0.014200
v 0.301700 0.030000 -0.014200
v 0.301700 0.030800 -0.015000
v 0.302500 0.030800 -0.014200
v 0.301700 0.030234 -0.014766
v 0.302162 0.030338 -0.014662
v 0.302266 0.030800 -0.014766
v 0.302266 0.030234 -0.014200
v 0.301700 0.060000 -0.014200
v 0.302500 0.059200 -0.014200
v 0.301700 0.059200 -0.015000
v 0.302266 0.059766 -0.014200
v 0.302162 0.059662 -0.014662
v 0.302266 0.059200 -0.014766
v 0.301700 0.059766 -0.014766
v 0.277000 0.031000 -0.003159
v 0.277800 0.031761 -0.003753
v 0.277800 0.030239 -0.003753
v 0.277234 0.031432 -0.003613
v 0.277338 0.031000 -0.003747
v 0.277800 0.031000 -0.003855
v 0.277234 0.030568 -0.003613
v 0.303000 0.031000 -0.003159
v 0.302200 0.030239 -0.003753
v 0.302200 0.031761 -0.003753
v 0.302766 0.030568 -0.003613
v 0.302662 0.031000 -0.003747
v 0.302200 0.031000 -0.003855
v 0.302766 0.031432 -0.003613
v 0.277000 0.029143 -0.002556
v 0.277800 0.029410 -0.003483
v 0.277800 0.028179 -0.002589
v 0.277234 0.029225 -0.003177
v 0.277338 0.028798 -0.003031
v 0.277800 0.028734 -0.003119
v 0.277234 0.028527 -0.002670
v 0.303000 0.029143 -0.002556
v 0.302200 0.028179 -0.002589
v 0.302200 0.029410 -0.003483
v 0.302766 0.028527 -0.002670
v 0.302662 0.028798 -0.003031
v 0.302200 0.028734 -0.003119
v 0.302766 0.029225 -0.003177
v 0.277000 0.027996 -0.000976
v 0.277800 0.027666 -0.001883
v 0.277800 0.027196 -0.000436
v 0.277234 0.027697 -0.001527
v 0.277338 0.027436 -0.001158
v 0.277800 0.027333 -0.001191
v 0.277234 0.027430 -0.000706
v 0.303000 0.027996 -0.000976
v 0.302200 0.027196 -0.000436
v 0.302200 0.027666 -0.001883
v 0.302766 0.027430 -0.000706
v 0.302662 0.027436 -0.001158
v 0.302200 0.027334 -0.001191
v 0.302766 0.027697 -0.001527
v 0.277000 0.027996 0.000976
v 0.277800 0.027196 0.000436
v 0.277800 0.027666 0.001883
v 0.277234 0.027430 0.000706
v 0.277338 0.027436 0.001158
v 0.277800 0.027333 0.001191
v 0.277234 0.027697 0.001527
v 0.303000 0.027996 0.000976
v 0.302200 0.027666 0.001883
v 0.302200 0.027196 0.000436
v 0.302766 0.027697 0.001527
v 0.302662 0.027436 0.001158
v 0.302200 0.027334 0.001191
v 0.302766 0.027430 0.000706
v 0.277000 0.029143 0.002556
v 0.277800 0.028179 0.002589
v 0.277800 0.029410 0.003483
v 0.277234 0.028527 0.002670
v 0.277338 0.028798 0.003031
v 0.277800 0.028734 0.003119
v 0.277234 0.029225 0.003177
v 0.303000 0.029143 0.002556
v 0.302200 0.029410 0.003483
v 0.302200 0.028179 0.002589
v 0.302766 0.029225 0.003177
v 0.302662 0.028798 0.003031
v 0.302200 0.028734 0.003119
v 0.302766 0.028527 0.002670
v 0.277000 0.031000 0.003159
v 0.277800 0.030239 0.003753
v 0.277800 0.031761 0.003753
v 0.277234 0.030568 0.003613
v 0.277338 0.031000 0.003747
v 0.277800 0.031000 0.003855
v 0.277234 0.031432 0.003613
v 0.303000 0.031000 0.003159
v 0.302200 0.031761 0.003753
v 0.302200 0.030239 0.003753
v 0.302766 0.031432 0.003613
v 0.302662 0.031000 0.003747
v 0.302200 0.031000 0.003855
v 0.302766 0.030568 0.003613
v 0.277000 0.032857 0.002556
v 0.277800 0.032590 0.003483
v 0.277800 0.033821 0.002589
v 0.277234 0.032775 0.003177
v 0.277338 0.033202 0.003031
v 0.277800 0.033266 0.003119
v 0.277234 0.033473 0.002670
v 0.303000 0.032857 0.002556
v 0.302200 0.033821 0.002589
v 0.302200 0.032590 0.003483
v 0.302766 0.033473 0.002670
v 0.302662 0.033202 0.003031
v 0.302200 0.033266 0.003119
v 0.302766 0.032775 0.003177
v 0.277000 0.034004 0.000976
v 0.277800 0.034334 0.001883
v 0.277800 0.034804 0.000436
v 0.277234 0.034303 0.001527
v 0.277338 0.034564 0.001158
v 0.277800 0.034667 0.001191
v 0.277234 0.034570 0.000706
v 0.303000 0.034004 0.000976
v 0.302200 0.034804 0.000436
v 0.302200 0.034334 0.001883
v 0.302766 0.034570 0.000706
v 0.302662 0.034564 0.001158
v 0.302200 0.034667 0.001191
v 0.302766 0.034303 0.001527
v 0.277000 0.034004 -0.000976
v 0.277800 0.034804 -0.000436
v 0.277800 0.034334 -0.001883
v 0.277234 0.034570 -0.000706
v 0.277338 0.034564 -0.001158
v 0.277800 0.034667 -0.001191
v 0.277234 0.034303 -0.001527
v 0.303000 0.034004 -0.000976
v 0.302200 0.034334 -0.001883
v 0.302200 0.034804 -0.000436
v 0.302766 0.034303 -0.001527
v 0.302662 0.034564 -0.001158
v 0.302200 0.034667 -0.001191
v 0.302766 0.034570 -0.000706
v 0.277000 0.032857 -0.002556
v 0.277800 0.033821 -0.002589
v 0.277800 0.032590 -0.003483
v 0.277234 0.033473 -0.002670
v 0.277338 0.033202 -0.003031
v 0.277800 0.033266 -0.003119
v 0.277234 0.032775 -0.003177
v 0.303000 0.032857 -0.002556
v 0.302200 0.032590 -0.003483
v 0.302200 0.033821 -0.002589
v 0.302766 0.032775 -0.003177
v 0.302662 0.033202 -0.003031
v 0.302200 0.033266 -0.003119
v 0.302766 0.033473 -0.002670
vn -0.3251 -0.8881 0.3251
vn -0.3251 -0.3251 0.8881
vn -0.8881 -0.3251 0.3251
vn -0.3251 0.3251 0.8881
vn -0.3251 0.8881 0.3251
vn -0.8881 0.3251 0.3251
vn -0.3251 -0.8881 -0.3251
vn -0.8881 -0.3251 -0.3251
vn -0.3251 -0.3251 -0.8881
vn -0.3251 0.8881 -0.3251
vn -0.3251 0.3251 -0.8881
vn -0.8881 0.3251 -0.3251
vn 0.3251 -0.8881 0.3251
vn 0.8881 -0.3251 0.3251
vn 0.3251 -0.3251 0.8881
vn 0.3251 0.8881 0.3251
vn 0.3251 0.3251 0.8881
vn 0.8881 0.3251 0.3251
vn 0.3251 -0.8881 -0.3251
vn 0.3251 -0.3251 -0.8881
vn 0.8881 -0.3251 -0.3251
vn 0.3251 0.8881 -0.3251
vn 0.8881 0.3251 -0.3251
vn 0.3251 0.3251 -0.8881
vn -0.8670 -0.0000 -0.4983
vn -0.2801 0.1629 -0.9460
vn -0.2801 -0.1629 -0.9460
vn 0.8670 -0.0000 -0.4983
vn 0.2801 -0.1629 -0.9460
vn 0.2801 0.1629 -0.9460
vn -0.8670 -0.2929 -0.4032
vn -0.2801 -0.4243 -0.8611
vn -0.2801 -0.6879 -0.6696
vn 0.8670 -0.2929 -0.4032
vn 0.2801 -0.6879 -0.6696
vn 0.2801 -0.4243 -0.8611
vn -0.8670 -0.4740 -0.1540
vn -0.2801 -0.8494 -0.4473
vn -0.2801 -0.9501 -0.1374
vn 0.8670 -0.4740 -0.1540
vn 0.2801 -0.9501 -0.1374
vn 0.2801 -0.8494 -0.4473
vn -0.8670 -0.4740 0.1540
vn -0.2801 -0.9501 0.1374
vn -0.2801 -0.8494 0.4473
vn 0.8670 -0.4740 0.1540
vn 0.2801 -0.8494 0.4473
vn 0.2801 -0.9501 0.1374
vn -0.8670 -0.2929 0.4032
vn -0.2801 -0.6879 0.6696
vn -0.2801 -0.4243 0.8611
vn 0.8670 -0.2929 0.4032
vn 0.2801 -0.4243 0.8611
vn 0.2801 -0.6879 0.6696
vn -0.8670 -0.0000 0.4983
vn -0.2801 -0.1629 0.9460
vn -0.2801 0.1629 0.9460
vn 0.8670 -0.0000 0.4983
vn 0.2801 0.1629 0.9460
vn 0.2801 -0.1629 0.9460
vn -0.8670 0.2929 0.4032
vn -0.2801 0.4243 0.8611
vn -0.2801 0.6879 0.6696
vn 0.8670 0.2929 0.4032
vn 0.2801 0.6879 0.6696
vn 0.2801 0.4243 0.8611
vn -0.8670 0.4740 0.1540
vn -0.2801 0.8494 0.4473
vn -0.2801 0.9501 0.1374
vn 0.8670 0.4740 0.1540
vn 0.2801 0.9501 0.1374
vn 0.2801 0.8494 0.4473
vn -0.8670 0.4740 -0.1540
vn -0.2801 0.9501 -0.1374
vn -0.2801 0.8494 -0.4473
vn 0.8670 0.4740 -0.1540
vn 0.2801 0.8494 -0.4473
vn 0.2801 0.9501 -0.1374
vn -0.8670 0.2929 -0.4032
vn -0.2801 0.6879 -0.6696
vn -0.2801 0.4243 -0.8611
vn 0.8670 0.2929 -0.4032
vn 0.2801 0.4243 -0.8611
vn 0.2801 0.6879 -0.6696
vn -0.3827 -0.9239 -0.0000
vn -0.9239 -0.3827 -0.0000
vn -0.3827 -0.0000 0.9239
vn -0.9239 -0.0000 0.3827
vn -0.3827 0.9239 -0.0000
vn -0.9239 0.3827 -0.0000
vn -0.3827 -0.0000 -0.9239
vn -0.9239 -0.0000 -0.3827
vn -0.0000 -0.9239 -0.3827
vn -0.0000 -0.3827 -0.9239
vn -0.0000 0.9239 -0.3827
vn -0.0000 0.3827 -0.9239
vn 0.9239 -0.0000 -0.3827
vn 0.3827 -0.0000 -0.9239
vn 0.3827 -0.9239 -0.0000
vn 0.9239 -0.3827 -0.0000
vn 0.3827 0.9239 -0.0000
vn 0.9239 0.3827 -0.0000
vn 0.3827 -0.0000 0.9239
vn 0.9239 -0.0000 0.3827
vn -0.0000 -0.9239 0.3827
vn -0.0000 -0.3827 0.9239
vn -0.0000 0.9239 0.3827
vn -0.0000 0.3827 0.9239
vn -0.3827 -0.2855 -0.8787
vn -0.9239 -0.1183 -0.3640
vn 0.3827 -0.2855 -0.8787
vn 0.9239 -0.1183 -0.3640
vn -0.0000 0.1334 -0.9911
vn -0.0000 -0.1334 -0.9911
vn -0.0000 -0.6904 -0.7234
vn -0.0000 -0.4746 -0.8802
vn -0.3827 -0.7474 -0.5430
vn -0.9239 -0.3096 -0.2249
vn 0.3827 -0.7474 -0.5430
vn 0.9239 -0.3096 -0.2249
vn -0.0000 -0.9838 -0.1794
vn -0.0000 -0.9013 -0.4331
vn -0.0000 -0.9013 0.4331
vn -0.0000 -0.9838 0.1794
vn -0.3827 -0.7474 0.5430
vn -0.9239 -0.3096 0.2249
vn 0.3827 -0.7474 0.5430
vn 0.9239 -0.3096 0.2249
vn -0.0000 -0.4746 0.8802
vn -0.0000 -0.6904 0.7234
vn -0.3827 -0.2855 0.8787
vn -0.9239 -0.1183 0.3640
vn 0.3827 -0.2855 0.8787
vn 0.9239 -0.1183 0.3640
vn -0.0000 0.1334 0.9911
vn -0.0000 -0.1334 0.9911
vn -0.3827 0.2855 0.8787
vn -0.9239 0.1183 0.3640
vn 0.3827 0.2855 0.8787
vn 0.9239 0.1183 0.3640
vn -0.0000 0.6904 0.7234
vn -0.0000 0.4746 0.8802
vn -0.3827 0.7474 0.5430
vn -0.9239 0.3096 0.2249
vn 0.3827 0.7474 0.5430
vn 0.9239 0.3096 0.2249
vn -0.0000 0.9838 0.1794
vn -0.0000 0.9013 0.4331
vn -0.0000 0.9013 -0.4331
vn -0.0000 0.9838 -0.1794
vn -0.3827 0.7474 -0.5430
vn -0.9239 0.3096 -0.2249
vn 0.3827 0.7474 -0.5430
vn 0.9239 0.3096 -0.2249
vn -0.0000 0.4746 -0.8802
vn -0.0000 0.6904 -0.7234
vn -0.3827 0.2855 -0.8787
vn -0.9239 0.1183 -0.3640
vn 0.3827 0.2855 -0.8787
vn 0.9239 0.1183 -0.3640
vn -0.0000 -1.0000 -0.0000
vn -1.0000 -0.0000 -0.0000
vn -0.0000 -0.0000 1.0000
vn -0.0000 1.0000 -0.0000
vn -0.0000 -0.0000 -1.0000
vn 1.0000 -0.0000 -0.0000
vn -0.0000 -0.3090 -0.9511
vn -0.0000 0.3090 -0.9511
vn -0.0000 -0.8090 -0.5878
vn -0.0000 -0.8090 0.5878
vn -0.0000 -0.3090 0.9511
vn -0.0000 0.3090 0.9511
vn -0.0000 0.8090 0.5878
vn -0.0000 0.8090 -0.5878
vt 0.918843 0.013051
vt 0.918843 0.003971
vt 0.924086 0.003971
vt 0.927924 0.013051
vt 0.627130 0.683884
vt 0.636211 0.683884
vt 0.636211 0.689127
vt 0.627130 0.692965
vt 0.335416 0.335417
vt 0.344497 0.335416
vt 0.344497 0.340659
vt 0.335416 0.344497
vt 0.627130 0.361519
vt 0.627130 0.352438
vt 0.632373 0.352438
vt 0.636211 0.361519
vt 0.653233 0.361519
vt 0.644152 0.361519
vt 0.644152 0.356276
vt 0.653233 0.352438
vt 0.013051 0.335416
vt 0.013051 0.344497
vt 0.007809 0.344497
vt 0.003971 0.335416
vt 0.918843 0.335416
vt 0.927924 0.335416
vt 0.927924 0.340659
vt 0.918843 0.344497
vt 0.335417 0.013051
vt 0.335416 0.003971
vt 0.340659 0.003971
vt 0.344497 0.013051
vt 0.361519 0.335416
vt 0.361519 0.344497
vt 0.356276 0.344497
vt 0.352438 0.335416
vt 0.653233 0.683884
vt 0.653233 0.692965
vt 0.647990 0.692965
vt 0.644152 0.683884
vt 0.361519 0.013051
vt 0.352438 0.013051
vt 0.352438 0.007809
vt 0.361519 0.003971
vt 0.013051 0.013051
vt 0.003971 0.013051
vt 0.003971 0.007809
vt 0.013051 0.003971
vt 0.653233 0.013051
vt 0.644152 0.013051
vt 0.644152 0.007809
vt 0.653233 0.003971
vt 0.335417 0.361519
vt 0.335416 0.352439
vt 0.340659 0.352439
vt 0.344497 0.361519
vt 0.361519 0.683884
vt 0.361519 0.692965
vt 0.356276 0.692965
vt 0.352438 0.683884
vt 0.918843 0.361519
vt 0.918843 0.352438
vt 0.924086 0.352438
vt 0.927924 0.361519
vt 0.361519 0.361519
vt 0.352438 0.361519
vt 0.352438 0.356276
vt 0.361519 0.352438
vt 0.013051 0.361519
vt 0.003971 0.361519
vt 0.003971 0.356276
vt 0.013051 0.352439
vt 0.653233 0.335416
vt 0.653233 0.344497
vt 0.647990 0.344497
vt 0.644152 0.335416
vt 0.627130 0.335416
vt 0.636211 0.335416
vt 0.636211 0.340659
vt 0.627130 0.344497
vt 0.335416 0.683884
vt 0.344497 0.683884
vt 0.344497 0.689127
vt 0.335416 0.692965
vt 0.918843 0.683884
vt 0.927924 0.683884
vt 0.927924 0.689127
vt 0.918843 0.692965
vt 0.013051 0.683884
vt 0.013051 0.692965
vt 0.007809 0.692965
vt 0.003971 0.683884
vt 0.627130 0.013051
vt 0.627130 0.003971
vt 0.632373 0.003971
vt 0.636211 0.013051
vt 0.426900 0.710454
vt 0.421179 0.702765
vt 0.426056 0.701181
vt 0.432622 0.702765
vt 0.202106 0.709987
vt 0.193470 0.709987
vt 0.193048 0.702825
vt 0.199191 0.700906
vt 0.184833 0.709987
vt 0.187749 0.700906
vt 0.332596 0.782165
vt 0.338317 0.789855
vt 0.333440 0.791439
vt 0.326875 0.789854
vt 0.184834 0.986949
vt 0.193470 0.986949
vt 0.193892 0.994110
vt 0.187749 0.996029
vt 0.202106 0.986949
vt 0.199191 0.996029
vt 0.447976 0.717302
vt 0.447867 0.707719
vt 0.452744 0.709303
vt 0.457124 0.714444
vt 0.175418 0.709987
vt 0.166782 0.709987
vt 0.166782 0.704744
vt 0.172503 0.700906
vt 0.070089 0.709987
vt 0.072568 0.700906
vt 0.076717 0.700906
vt 0.077435 0.709987
vt 0.353672 0.775318
vt 0.362820 0.778175
vt 0.359805 0.782324
vt 0.353563 0.784901
vt 0.070089 0.986949
vt 0.077435 0.986949
vt 0.077435 0.992191
vt 0.072568 0.996029
vt 0.175418 0.986949
vt 0.172503 0.996029
vt 0.167626 0.996029
vt 0.166782 0.986949
vt 0.461001 0.735230
vt 0.466546 0.727413
vt 0.469560 0.731562
vt 0.470082 0.738295
vt 0.062080 0.709987
vt 0.054733 0.709987
vt 0.054290 0.702825
vt 0.059600 0.700906
vt 0.045653 0.709987
vt 0.048718 0.700906
vt 0.366697 0.757390
vt 0.375778 0.754325
vt 0.375778 0.759453
vt 0.372242 0.765207
vt 0.045653 0.986949
vt 0.054733 0.986949
vt 0.055092 0.994110
vt 0.048718 0.996029
vt 0.062080 0.986949
vt 0.059600 0.996029
vt 0.461001 0.757390
vt 0.470082 0.754325
vt 0.470082 0.759453
vt 0.466546 0.765207
vt 0.035753 0.709987
vt 0.026672 0.709987
vt 0.026314 0.702825
vt 0.032688 0.700906
vt 0.019326 0.709987
vt 0.021806 0.700906
vt 0.366697 0.735230
vt 0.372242 0.727413
vt 0.375256 0.731562
vt 0.375778 0.738295
vt 0.019326 0.986949
vt 0.026672 0.986949
vt 0.027116 0.994110
vt 0.021806 0.996029
vt 0.035753 0.986949
vt 0.032688 0.996029
vt 0.447976 0.775318
vt 0.457124 0.778175
vt 0.454109 0.782324
vt 0.447867 0.784901
vt 0.011317 0.709987
vt 0.003971 0.709987
vt 0.003971 0.704744
vt 0.008837 0.700906
vt 0.236735 0.986949
vt 0.233820 0.996029
vt 0.228942 0.996029
vt 0.228099 0.986949
vt 0.353672 0.717302
vt 0.353563 0.707719
vt 0.358440 0.709303
vt 0.362820 0.714444
vt 0.236735 0.709987
vt 0.228099 0.709987
vt 0.228099 0.704744
vt 0.233820 0.700906
vt 0.011317 0.986949
vt 0.008837 0.996029
vt 0.004688 0.996029
vt 0.003971 0.986949
vt 0.426900 0.782165
vt 0.432621 0.789855
vt 0.427744 0.791439
vt 0.421179 0.789854
vt 0.246150 0.986949
vt 0.254786 0.986949
vt 0.255208 0.994110
vt 0.249065 0.996029
vt 0.263422 0.986949
vt 0.260507 0.996029
vt 0.332596 0.710454
vt 0.326875 0.702765
vt 0.331752 0.701181
vt 0.338317 0.702765
vt 0.263422 0.709987
vt 0.254786 0.709987
vt 0.254364 0.702825
vt 0.260507 0.700906
vt 0.246150 0.709987
vt 0.249065 0.700906
vt 0.405825 0.775318
vt 0.405934 0.784901
vt 0.401057 0.783316
vt 0.396677 0.778175
vt 0.272837 0.986949
vt 0.281474 0.986949
vt 0.281474 0.992191
vt 0.275752 0.996029
vt 0.092723 0.986949
vt 0.090243 0.996029
vt 0.086094 0.996029
vt 0.085376 0.986949
vt 0.311521 0.717302
vt 0.302373 0.714444
vt 0.305387 0.710295
vt 0.311630 0.707719
vt 0.092723 0.709987
vt 0.085376 0.709987
vt 0.085376 0.704744
vt 0.090243 0.700906
vt 0.272837 0.709987
vt 0.275752 0.700906
vt 0.280630 0.700906
vt 0.281474 0.709987
vt 0.392800 0.757390
vt 0.387255 0.765207
vt 0.384241 0.761058
vt 0.383719 0.754325
vt 0.100732 0.986949
vt 0.108078 0.986949
vt 0.108522 0.994110
vt 0.103211 0.996029
vt 0.117159 0.986949
vt 0.114094 0.996029
vt 0.298496 0.735230
vt 0.289415 0.738295
vt 0.289415 0.733167
vt 0.292951 0.727413
vt 0.117159 0.709987
vt 0.108078 0.709987
vt 0.107719 0.702825
vt 0.114094 0.700906
vt 0.100732 0.709987
vt 0.103212 0.700906
vt 0.392800 0.735230
vt 0.383719 0.738295
vt 0.383719 0.733167
vt 0.387255 0.727413
vt 0.127058 0.986949
vt 0.136139 0.986949
vt 0.136498 0.994110
vt 0.130124 0.996029
vt 0.143486 0.986949
vt 0.141006 0.996029
vt 0.298496 0.757390
vt 0.292951 0.765207
vt 0.289937 0.761058
vt 0.289415 0.754325
vt 0.143486 0.709987
vt 0.136139 0.709987
vt 0.135696 0.702825
vt 0.141006 0.700906
vt 0.127058 0.709987
vt 0.130124 0.700906
vt 0.405825 0.717302
vt 0.396677 0.714444
vt 0.399691 0.710296
vt 0.405934 0.707719
vt 0.151494 0.986949
vt 0.158841 0.986949
vt 0.158841 0.992191
vt 0.153974 0.996029
vt 0.211521 0.709987
vt 0.214436 0.700906
vt 0.219313 0.700906
vt 0.220157 0.709987
vt 0.311521 0.775318
vt 0.311630 0.784901
vt 0.306753 0.783316
vt 0.302373 0.778175
vt 0.211521 0.986949
vt 0.220157 0.986949
vt 0.220157 0.992191
vt 0.214436 0.996029
vt 0.151494 0.709987
vt 0.153974 0.700906
vt 0.158123 0.700906
vt 0.158841 0.709987
s 0
usemtl MAT_metal_dark_blued
f 513/801/407 516/802/407 517/803/407 519/804/407
f 514/805/408 518/806/408 517/807/408 516/808/408
f 515/809/409 519/810/409 517/811/409 518/812/409
f 520/813/410 523/814/410 524/815/410 526/816/410
f 521/817/411 525/818/411 524/819/411 523/820/411
f 522/821/412 526/822/412 524/823/412 525/824/412
f 527/825/413 530/826/413 531/827/413 533/828/413
f 528/829/414 532/830/414 531/831/414 530/832/414
f 529/833/415 533/834/415 531/835/415 532/836/415
f 534/837/416 537/838/416 538/839/416 540/840/416
f 535/841/417 539/842/417 538/843/417 537/844/417
f 536/845/418 540/846/418 538/847/418 539/848/418
f 541/849/419 544/850/419 545/851/419 547/852/419
f 542/853/420 546/854/420 545/855/420 544/856/420
f 543/857/421 547/858/421 545/859/421 546/860/421
f 548/861/422 551/862/422 552/863/422 554/864/422
f 549/865/423 553/866/423 552/867/423 551/868/423
f 550/869/424 554/870/424 552/871/424 553/872/424
f 555/873/425 558/874/425 559/875/425 561/876/425
f 556/877/426 560/878/426 559/879/426 558/880/426
f 557/881/427 561/882/427 559/883/427 560/884/427
f 562/885/428 565/886/428 566/887/428 568/888/428
f 563/889/429 567/890/429 566/891/429 565/892/429
f 564/893/430 568/894/430 566/895/430 567/896/430
f 569/897/431 572/898/431 573/899/431 575/900/431
f 570/901/432 574/902/432 573/903/432 572/904/432
f 571/905/433 575/906/433 573/903/433 574/902/433
f 576/907/434 579/908/434 580/909/434 582/910/434
f 577/911/435 581/912/435 580/913/435 579/914/435
f 578/915/436 582/916/436 580/913/436 581/912/436
f 583/917/437 586/918/437 587/919/437 589/920/437
f 584/921/438 588/922/438 587/923/438 586/924/438
f 585/925/439 589/926/439 587/927/439 588/928/439
f 590/929/440 593/930/440 594/931/440 596/932/440
f 591/933/441 595/934/441 594/935/441 593/936/441
f 592/937/442 596/938/442 594/939/442 595/940/442
f 597/941/443 600/942/443 601/943/443 603/944/443
f 598/945/444 602/946/444 601/947/444 600/948/444
f 599/949/445 603/950/445 601/947/445 602/946/445
f 604/951/446 607/952/446 608/953/446 610/954/446
f 605/955/447 609/956/447 608/957/447 607/958/447
f 606/959/448 610/960/448 608/957/448 609/956/448
f 611/961/449 614/962/449 615/963/449 617/964/449
f 612/965/450 616/966/450 615/967/450 614/968/450
f 613/969/451 617/970/451 615/967/451 616/966/451
f 618/971/452 621/972/452 622/973/452 624/974/452
f 619/975/453 623/976/453 622/977/453 621/978/453
f 620/979/454 624/980/454 622/977/454 623/976/454
f 625/981/455 628/982/455 629/983/455 631/984/455
f 626/985/456 630/986/456 629/987/456 628/988/456
f 627/989/457 631/990/457 629/991/457 630/992/457
f 632/993/458 635/994/458 636/995/458 638/996/458
f 633/997/459 637/998/459 636/999/459 635/1000/459
f 634/1001/460 638/1002/460 636/1003/460 637/1004/460
f 639/1005/461 642/1006/461 643/1007/461 645/1008/461
f 640/1009/462 644/1010/462 643/1011/462 642/1012/462
f 641/1013/463 645/1014/463 643/1011/463 644/1010/463
f 646/1015/464 649/1016/464 650/1017/464 652/1018/464
f 647/1019/465 651/1020/465 650/1021/465 649/1022/465
f 648/1023/466 652/1024/466 650/1021/466 651/1020/466
f 653/1025/467 656/1026/467 657/1027/467 659/1028/467
f 654/1029/468 658/1030/468 657/1031/468 656/1032/468
f 655/1033/469 659/1034/469 657/1035/469 658/1036/469
f 660/1037/470 663/1038/470 664/1039/470 666/1040/470
f 661/1041/471 665/1042/471 664/1043/471 663/1044/471
f 662/1045/472 666/1046/472 664/1047/472 665/1048/472
f 667/1049/473 670/1050/473 671/1051/473 673/1052/473
f 668/1053/474 672/1054/474 671/1055/474 670/1056/474
f 669/1057/475 673/1058/475 671/1055/475 672/1054/475
f 674/1059/476 677/1060/476 678/1061/476 680/1062/476
f 675/1063/477 679/1064/477 678/1065/477 677/1066/477
f 676/1067/478 680/1068/478 678/1065/478 679/1064/478
f 681/1069/479 684/1070/479 685/1071/479 687/1072/479
f 682/1073/480 686/1074/480 685/1075/480 684/1076/480
f 683/1077/481 687/1078/481 685/1075/481 686/1074/481
f 688/1079/482 691/1080/482 692/1081/482 694/1082/482
f 689/1083/483 693/1084/483 692/1085/483 691/1086/483
f 690/1087/484 694/1088/484 692/1085/484 693/1084/484
f 695/1089/485 698/1090/485 699/1091/485 701/1092/485
f 696/1093/486 700/1094/486 699/1095/486 698/1096/486
f 697/1097/487 701/1098/487 699/1099/487 700/1100/487
f 702/1101/488 705/1102/488 706/1103/488 708/1104/488
f 703/1105/489 707/1106/489 706/1107/489 705/1108/489
f 704/1109/490 708/1110/490 706/1111/490 707/1112/490
f 527/825/491 513/801/491 519/804/491 530/826/491
f 530/832/492 519/810/492 515/809/492 528/829/492
f 514/805/493 520/813/493 526/816/493 518/806/493
f 518/812/494 526/822/494 522/821/494 515/809/494
f 521/817/495 534/837/495 540/840/495 525/818/495
f 525/824/496 540/846/496 536/845/496 522/821/496
f 535/841/497 529/833/497 532/836/497 539/842/497
f 539/848/498 532/830/498 528/829/498 536/845/498
f 555/873/499 527/825/499 533/828/499 558/874/499
f 558/880/500 533/834/500 529/833/500 556/877/500
f 534/837/501 562/885/501 568/888/501 537/838/501
f 537/844/502 568/894/502 564/893/502 535/841/502
f 563/889/503 557/881/503 560/884/503 567/890/503
f 567/896/504 560/878/504 556/877/504 564/893/504
f 541/849/505 555/873/505 561/876/505 544/850/505
f 544/856/506 561/882/506 557/881/506 542/853/506
f 562/885/507 548/861/507 554/864/507 565/886/507
f 565/892/508 554/870/508 550/869/508 563/889/508
f 549/865/509 543/857/509 546/860/509 553/866/509
f 553/872/510 546/854/510 542/853/510 550/869/510
f 513/801/511 541/849/511 547/852/511 516/802/511
f 516/808/512 547/858/512 543/857/512 514/805/512
f 548/861/513 521/817/513 523/820/513 551/862/513
f 551/868/514 523/814/514 520/813/514 549/865/514
f 571/905/515 584/921/515 586/924/515 575/906/515
f 575/900/516 586/918/516 583/917/516 569/897/516
f 592/937/517 577/911/517 579/914/517 596/938/517
f 596/932/518 579/908/518 576/907/518 590/929/518
f 570/901/519 578/915/519 581/912/519 574/902/519
f 574/902/520 581/912/520 577/911/520 571/905/520
f 591/933/521 585/925/521 588/928/521 595/934/521
f 595/940/522 588/922/522 584/921/522 592/937/522
f 585/925/523 598/945/523 600/948/523 589/926/523
f 589/920/524 600/942/524 597/941/524 583/917/524
f 606/959/525 591/933/525 593/936/525 610/960/525
f 610/954/526 593/930/526 590/929/526 604/951/526
f 605/955/527 599/949/527 602/946/527 609/956/527
f 609/956/528 602/946/528 598/945/528 606/959/528
f 599/949/491 612/965/491 614/968/491 603/950/491
f 603/944/492 614/962/492 611/961/492 597/941/492
f 620/979/505 605/955/505 607/958/505 624/980/505
f 624/974/506 607/952/506 604/951/506 618/971/506
f 619/975/529 613/969/529 616/966/529 623/976/529
f 623/976/530 616/966/530 612/965/530 620/979/530
f 613/969/531 626/985/531 628/988/531 617/970/531
f 617/964/532 628/982/532 625/981/532 611/961/532
f 634/1001/533 619/975/533 621/978/533 638/1002/533
f 638/996/534 621/972/534 618/971/534 632/993/534
f 633/997/535 627/989/535 630/992/535 637/998/535
f 637/1004/536 630/986/536 626/985/536 634/1001/536
f 627/989/537 640/1009/537 642/1012/537 631/990/537
f 631/984/538 642/1006/538 639/1005/538 625/981/538
f 648/1023/539 633/997/539 635/1000/539 652/1024/539
f 652/1018/540 635/994/540 632/993/540 646/1015/540
f 647/1019/541 641/1013/541 644/1010/541 651/1020/541
f 651/1020/542 644/1010/542 640/1009/542 648/1023/542
f 641/1013/543 654/1029/543 656/1032/543 645/1014/543
f 645/1008/544 656/1026/544 653/1025/544 639/1005/544
f 662/1045/545 647/1019/545 649/1022/545 666/1046/545
f 666/1040/546 649/1016/546 646/1015/546 660/1037/546
f 661/1041/547 655/1033/547 658/1036/547 665/1042/547
f 665/1048/548 658/1030/548 654/1029/548 662/1045/548
f 655/1033/549 668/1053/549 670/1056/549 659/1034/549
f 659/1028/550 670/1050/550 667/1049/550 653/1025/550
f 676/1067/551 661/1041/551 663/1044/551 680/1068/551
f 680/1062/552 663/1038/552 660/1037/552 674/1059/552
f 675/1063/553 669/1057/553 672/1054/553 679/1064/553
f 679/1064/554 672/1054/554 668/1053/554 676/1067/554
f 669/1057/495 682/1073/495 684/1076/495 673/1058/495
f 673/1052/496 684/1070/496 681/1069/496 667/1049/496
f 690/1087/507 675/1063/507 677/1066/507 694/1088/507
f 694/1082/508 677/1060/508 674/1059/508 688/1079/508
f 689/1083/555 683/1077/555 686/1074/555 693/1084/555
f 693/1084/556 686/1074/556 682/1073/556 690/1087/556
f 683/1077/557 696/1093/557 698/1096/557 687/1078/557
f 687/1072/558 698/1090/558 695/1089/558 681/1069/558
f 704/1109/559 689/1083/559 691/1086/559 708/1110/559
f 708/1104/560 691/1080/560 688/1079/560 702/1101/560
f 703/1105/561 697/1097/561 700/1100/561 707/1106/561
f 707/1112/562 700/1094/562 696/1093/562 704/1109/562
f 697/1097/563 570/901/563 572/904/563 701/1098/563
f 701/1092/564 572/898/564 569/897/564 695/1089/564
f 578/915/565 703/1105/565 705/1108/565 582/916/565
f 582/910/566 705/1102/566 702/1101/566 576/907/566
f 527/825/567 555/873/567 541/849/567 513/801/567
f 515/809/568 522/821/568 536/845/568 528/829/568
f 543/857/569 549/865/569 520/813/569 514/805/569
f 562/885/570 534/837/570 521/817/570 548/861/570
f 529/833/571 535/841/571 564/893/571 556/877/571
f 557/881/572 563/889/572 550/869/572 542/853/572
f 569/897/568 583/917/568 597/941/568 611/961/568 625/981/568 639/1005/568 653/1025/568 667/1049/568 681/1069/568 695/1089/568
f 571/905/573 577/911/573 592/937/573 584/921/573
f 697/1097/574 703/1105/574 578/915/574 570/901/574
f 590/929/572 576/907/572 702/1101/572 688/1079/572 674/1059/572 660/1037/572 646/1015/572 632/993/572 618/971/572 604/951/572
f 585/925/575 591/933/575 606/959/575 598/945/575
f 599/949/567 605/955/567 620/979/567 612/965/567
f 613/969/576 619/975/576 634/1001/576 626/985/576
f 627/989/577 633/997/577 648/1023/577 640/1009/577
f 641/1013/578 647/1019/578 662/1045/578 654/1029/578
f 655/1033/579 661/1041/579 676/1067/579 668/1053/579
f 669/1057/570 675/1063/570 690/1087/570 682/1073/570
f 683/1077/580 689/1083/580 704/1109/580 696/1093/580
o AK_gas_tube_outer
v 0.195000 0.050000 -0.007485
v 0.196000 0.050000 -0.008500
v 0.195293 0.050000 -0.008203
v 0.275000 0.050000 -0.007485
v 0.274000 0.050000 -0.008500
v 0.274707 0.050000 -0.008203
v 0.195000 0.047440 -0.007033
v 0.196000 0.047093 -0.007987
v 0.195293 0.047195 -0.007708
v 0.275000 0.047440 -0.007033
v 0.274000 0.047093 -0.007987
v 0.274707 0.047195 -0.007708
v 0.195000 0.045189 -0.005734
v 0.196000 0.044536 -0.006511
v 0.195293 0.044727 -0.006284
v 0.275000 0.045189 -0.005734
v 0.274000 0.044536 -0.006511
v 0.274707 0.044727 -0.006284
v 0.195000 0.043518 -0.003742
v 0.196000 0.042639 -0.004250
v 0.195293 0.042896 -0.004101
v 0.275000 0.043518 -0.003742
v 0.274000 0.042639 -0.004250
v 0.274707 0.042896 -0.004101
v 0.195000 0.042629 -0.001300
v 0.196000 0.041629 -0.001476
v 0.195293 0.041922 -0.001424
v 0.275000 0.042629 -0.001300
v 0.274000 0.041629 -0.001476
v 0.274707 0.041922 -0.001424
v 0.195000 0.042629 0.001300
v 0.196000 0.041629 0.001476
v 0.195293 0.041922 0.001424
v 0.275000 0.042629 0.001300
v 0.274000 0.041629 0.001476
v 0.274707 0.041922 0.001424
v 0.195000 0.043518 0.003742
v 0.196000 0.042639 0.004250
v 0.195293 0.042896 0.004101
v 0.275000 0.043518 0.003742
v 0.274000 0.042639 0.004250
v 0.274707 0.042896 0.004101
v 0.195000 0.045189 0.005734
v 0.196000 0.044536 0.006511
v 0.195293 0.044727 0.006284
v 0.275000 0.045189 0.005734
v 0.274000 0.044536 0.006511
v 0.274707 0.044727 0.006284
v 0.195000 0.047440 0.007033
v 0.196000 0.047093 0.007987
v 0.195293 0.047195 0.007708
v 0.275000 0.047440 0.007033
v 0.274000 0.047093 0.007987
v 0.274707 0.047195 0.007708
v 0.195000 0.050000 0.007485
v 0.196000 0.050000 0.008500
v 0.195293 0.050000 0.008203
v 0.275000 0.050000 0.007485
v 0.274000 0.050000 0.008500
v 0.274707 0.050000 0.008203
v 0.195000 0.052560 0.007033
v 0.196000 0.052907 0.007987
v 0.195293 0.052805 0.007708
v 0.275000 0.052560 0.007033
v 0.274000 0.052907 0.007987
v 0.274707 0.052805 0.007708
v 0.195000 0.054811 0.005734
v 0.196000 0.055464 0.006511
v 0.195293 0.055273 0.006284
v 0.275000 0.054811 0.005734
v 0.274000 0.055464 0.006511
v 0.274707 0.055273 0.006284
v 0.195000 0.056482 0.003742
v 0.196000 0.057361 0.004250
v 0.195293 0.057104 0.004101
v 0.275000 0.056482 0.003742
v 0.274000 0.057361 0.004250
v 0.274707 0.057104 0.004101
v 0.195000 0.057371 0.001300
v 0.196000 0.058371 0.001476
v 0.195293 0.058078 0.001424
v 0.275000 0.057371 0.001300
v 0.274000 0.058371 0.001476
v 0.274707 0.058078 0.001424
v 0.195000 0.057371 -0.001300
v 0.196000 0.058371 -0.001476
v 0.195293 0.058078 -0.001424
v 0.275000 0.057371 -0.001300
v 0.274000 0.058371 -0.001476
v 0.274707 0.058078 -0.001424
v 0.195000 0.056482 -0.003742
v 0.196000 0.057361 -0.004250
v 0.195293 0.057104 -0.004101
v 0.275000 0.056482 -0.003742
v 0.274000 0.057361 -0.004250
v 0.274707 0.057104 -0.004101
v 0.195000 0.054811 -0.005734
v 0.196000 0.055464 -0.006511
v 0.195293 0.055273 -0.006284
v 0.275000 0.054811 -0.005734
v 0.274000 0.055464 -0.006511
v 0.274707 0.055273 -0.006284
v 0.195000 0.052560 -0.007033
v 0.196000 0.052907 -0.007987
v 0.195293 0.052805 -0.007708
v 0.275000 0.052560 -0.007033
v 0.274000 0.052907 -0.007987
v 0.274707 0.052805 -0.007708
vn -0.3827 -0.1604 -0.9098
vn -0.9239 -0.0665 -0.3769
vn 0.3827 -0.1604 -0.9098
vn 0.9239 -0.0665 -0.3769
vn -0.3827 -0.4619 -0.8001
vn -0.9239 -0.1913 -0.3314
vn 0.3827 -0.4619 -0.8001
vn 0.9239 -0.1913 -0.3314
vn -0.3827 -0.7077 -0.5939
vn -0.9239 -0.2932 -0.2460
vn 0.3827 -0.7077 -0.5939
vn 0.9239 -0.2932 -0.2460
vn -0.3827 -0.8682 -0.3160
vn -0.9239 -0.3596 -0.1309
vn 0.3827 -0.8682 -0.3160
vn 0.9239 -0.3596 -0.1309
vn -0.3827 -0.9239 -0.0000
vn -0.9239 -0.3827 -0.0000
vn 0.3827 -0.9239 -0.0000
vn 0.9239 -0.3827 -0.0000
vn -0.3827 -0.8682 0.3160
vn -0.9239 -0.3596 0.1309
vn 0.3827 -0.8682 0.3160
vn 0.9239 -0.3596 0.1309
vn -0.3827 -0.7077 0.5939
vn -0.9239 -0.2932 0.2460
vn 0.3827 -0.7077 0.5939
vn 0.9239 -0.2932 0.2460
vn -0.3827 -0.4619 0.8001
vn -0.9239 -0.1913 0.3314
vn 0.3827 -0.4619 0.8001
vn 0.9239 -0.1913 0.3314
vn -0.3827 -0.1604 0.9098
vn -0.9239 -0.0665 0.3769
vn 0.3827 -0.1604 0.9098
vn 0.9239 -0.0665 0.3769
vn -0.3827 0.1604 0.9098
vn -0.9239 0.0665 0.3769
vn 0.3827 0.1604 0.9098
vn 0.9239 0.0665 0.3769
vn -0.3827 0.4619 0.8001
vn -0.9239 0.1913 0.3314
vn 0.3827 0.4619 0.8001
vn 0.9239 0.1913 0.3314
vn -0.3827 0.7077 0.5939
vn -0.9239 0.2932 0.2460
vn 0.3827 0.7077 0.5939
vn 0.9239 0.2932 0.2460
vn -0.3827 0.8682 0.3160
vn -0.9239 0.3596 0.1309
vn 0.3827 0.8682 0.3160
vn 0.9239 0.3596 0.1309
vn -0.3827 0.9239 -0.0000
vn -0.9239 0.3827 -0.0000
vn 0.3827 0.9239 -0.0000
vn 0.9239 0.3827 -0.0000
vn -0.3827 0.8682 -0.3160
vn -0.9239 0.3596 -0.1309
vn 0.3827 0.8682 -0.3160
vn 0.9239 0.3596 -0.1309
vn -0.3827 0.7077 -0.5939
vn -0.9239 0.2932 -0.2460
vn 0.3827 0.7077 -0.5939
vn 0.9239 0.2932 -0.2460
vn -0.3827 0.4619 -0.8001
vn -0.9239 0.1913 -0.3314
vn 0.3827 0.4619 -0.8001
vn 0.9239 0.1913 -0.3314
vn -0.3827 0.1604 -0.9098
vn -0.9239 0.0665 -0.3769
vn 0.3827 0.1604 -0.9098
vn 0.9239 0.0665 -0.3769
vn -1.0000 -0.0000 -0.0000
vn -0.0000 -0.1736 -0.9848
vn -0.0000 0.1736 -0.9848
vn 1.0000 -0.0000 -0.0000
vn -0.0000 -0.5000 -0.8660
vn -0.0000 -0.7660 -0.6428
vn -0.0000 -0.9397 -0.3420
vn -0.0000 -1.0000 -0.0000
vn -0.0000 -0.9397 0.3420
vn -0.0000 -0.7660 0.6428
vn -0.0000 -0.5000 0.8660
vn -0.0000 -0.1736 0.9848
vn -0.0000 0.1736 0.9848
vn -0.0000 0.5000 0.8660
vn -0.0000 0.7660 0.6428
vn -0.0000 0.9397 0.3420
vn -0.0000 1.0000 -0.0000
vn -0.0000 0.9397 -0.3420
vn -0.0000 0.7660 -0.6428
vn -0.0000 0.5000 -0.8660
vt 0.213654 0.014457
vt 0.207272 0.014457
vt 0.207168 0.002007
vt 0.213543 0.002007
vt 0.537547 0.217781
vt 0.573702 0.224156
vt 0.569417 0.235931
vt 0.537547 0.230311
vt 0.207272 0.985543
vt 0.213654 0.985543
vt 0.213543 0.997993
vt 0.207167 0.997993
vt 0.573702 0.207167
vt 0.537547 0.213543
vt 0.537547 0.201012
vt 0.569417 0.195393
vt 0.188896 0.014457
vt 0.188811 0.002007
vt 0.605497 0.242513
vt 0.597443 0.252111
vt 0.188896 0.985543
vt 0.188811 0.997993
vt 0.605497 0.188811
vt 0.597443 0.179212
vt 0.160743 0.014457
vt 0.160687 0.002007
vt 0.629096 0.270637
vt 0.618245 0.276902
vt 0.160743 0.985543
vt 0.160687 0.997993
vt 0.629096 0.160687
vt 0.618245 0.154422
vt 0.126207 0.014457
vt 0.126188 0.002007
vt 0.641653 0.305136
vt 0.629313 0.307312
vt 0.126207 0.985543
vt 0.126188 0.997993
vt 0.641653 0.126188
vt 0.629313 0.124012
vt 0.089455 0.014457
vt 0.089474 0.002007
vt 0.641653 0.341849
vt 0.629313 0.339673
vt 0.089455 0.985543
vt 0.089474 0.997993
vt 0.641653 0.089474
vt 0.629313 0.091650
vt 0.054919 0.014457
vt 0.054975 0.002007
vt 0.629096 0.376349
vt 0.618245 0.370084
vt 0.054919 0.985543
vt 0.054975 0.997993
vt 0.629096 0.054975
vt 0.618245 0.061240
vt 0.026766 0.014457
vt 0.026851 0.002007
vt 0.605497 0.404473
vt 0.597443 0.394874
vt 0.026765 0.985543
vt 0.026851 0.997993
vt 0.605497 0.026851
vt 0.597443 0.036450
vt 0.008389 0.014457
vt 0.008494 0.002007
vt 0.573702 0.422829
vt 0.569417 0.411055
vt 0.008389 0.985543
vt 0.008494 0.997993
vt 0.573702 0.008494
vt 0.569417 0.020269
vt 0.002008 0.014457
vt 0.002119 0.002007
vt 0.537547 0.429204
vt 0.537547 0.416674
vt 0.002007 0.985543
vt 0.002119 0.997993
vt 0.537547 0.002119
vt 0.537547 0.014649
vt 0.217669 0.985543
vt 0.224051 0.985543
vt 0.224156 0.997993
vt 0.217781 0.997993
vt 0.501391 0.422829
vt 0.505677 0.411055
vt 0.224051 0.014457
vt 0.217669 0.014457
vt 0.217781 0.002007
vt 0.224156 0.002007
vt 0.501391 0.008494
vt 0.505677 0.020269
vt 0.242427 0.985543
vt 0.242513 0.997993
vt 0.469597 0.404473
vt 0.477651 0.394874
vt 0.242427 0.014457
vt 0.242513 0.002007
vt 0.469597 0.026851
vt 0.477651 0.036450
vt 0.270581 0.985543
vt 0.270637 0.997993
vt 0.445998 0.376349
vt 0.456849 0.370083
vt 0.270581 0.014457
vt 0.270637 0.002007
vt 0.445998 0.054975
vt 0.456849 0.061240
vt 0.305117 0.985543
vt 0.305136 0.997993
vt 0.433441 0.341849
vt 0.445781 0.339673
vt 0.305117 0.014457
vt 0.305136 0.002007
vt 0.433441 0.089474
vt 0.445781 0.091650
vt 0.341869 0.985543
vt 0.341849 0.997993
vt 0.433441 0.305136
vt 0.445781 0.307312
vt 0.341869 0.014457
vt 0.341850 0.002007
vt 0.433441 0.126188
vt 0.445781 0.124012
vt 0.376404 0.985543
vt 0.376349 0.997993
vt 0.445998 0.270637
vt 0.456849 0.276902
vt 0.376405 0.014457
vt 0.376349 0.002007
vt 0.445998 0.160687
vt 0.456849 0.154422
vt 0.404558 0.985543
vt 0.404473 0.997993
vt 0.469597 0.242513
vt 0.477651 0.252111
vt 0.404558 0.014457
vt 0.404473 0.002007
vt 0.469597 0.188811
vt 0.477651 0.179212
vt 0.422934 0.985543
vt 0.422829 0.997993
vt 0.501391 0.224156
vt 0.505677 0.235931
vt 0.422934 0.014457
vt 0.422829 0.002007
vt 0.501391 0.207167
vt 0.505677 0.195393
vt 0.429316 0.985543
vt 0.429205 0.997993
vt 0.429316 0.014457
vt 0.429205 0.002007
s 0
usemtl MAT_metal_dark_blued
f 710/1113/581 716/1114/581 717/1115/581 711/1116/581
f 711/1117/582 717/1118/582 715/1119/582 709/1120/582
f 719/1121/583 713/1122/583 714/1123/583 720/1124/583
f 720/1125/584 714/1126/584 712/1127/584 718/1128/584
f 716/1114/585 722/1129/585 723/1130/585 717/1115/585
f 717/1118/586 723/1131/586 721/1132/586 715/1119/586
f 725/1133/587 719/1121/587 720/1124/587 726/1134/587
f 726/1135/588 720/1125/588 718/1128/588 724/1136/588
f 722/1129/589 728/1137/589 729/1138/589 723/1130/589
f 723/1131/590 729/1139/590 727/1140/590 721/1132/590
f 731/1141/591 725/1133/591 726/1134/591 732/1142/591
f 732/1143/592 726/1135/592 724/1136/592 730/1144/592
f 728/1137/593 734/1145/593 735/1146/593 729/1138/593
f 729/1139/594 735/1147/594 733/1148/594 727/1140/594
f 737/1149/595 731/1141/595 732/1142/595 738/1150/595
f 738/1151/596 732/1143/596 730/1144/596 736/1152/596
f 734/1145/597 740/1153/597 741/1154/597 735/1146/597
f 735/1147/598 741/1155/598 739/1156/598 733/1148/598
f 743/1157/599 737/1149/599 738/1150/599 744/1158/599
f 744/1159/600 738/1151/600 736/1152/600 742/1160/600
f 740/1153/601 746/1161/601 747/1162/601 741/1154/601
f 741/1155/602 747/1163/602 745/1164/602 739/1156/602
f 749/1165/603 743/1157/603 744/1158/603 750/1166/603
f 750/1167/604 744/1159/604 742/1160/604 748/1168/604
f 746/1161/605 752/1169/605 753/1170/605 747/1162/605
f 747/1163/606 753/1171/606 751/1172/606 745/1164/606
f 755/1173/607 749/1165/607 750/1166/607 756/1174/607
f 756/1175/608 750/1167/608 748/1168/608 754/1176/608
f 752/1169/609 758/1177/609 759/1178/609 753/1170/609
f 753/1171/610 759/1179/610 757/1180/610 751/1172/610
f 761/1181/611 755/1173/611 756/1174/611 762/1182/611
f 762/1183/612 756/1175/612 754/1176/612 760/1184/612
f 758/1177/613 764/1185/613 765/1186/613 759/1178/613
f 759/1179/614 765/1187/614 763/1188/614 757/1180/614
f 767/1189/615 761/1181/615 762/1182/615 768/1190/615
f 768/1191/616 762/1183/616 760/1184/616 766/1192/616
f 764/1193/617 770/1194/617 771/1195/617 765/1196/617
f 765/1187/618 771/1197/618 769/1198/618 763/1188/618
f 773/1199/619 767/1200/619 768/1201/619 774/1202/619
f 774/1203/620 768/1191/620 766/1192/620 772/1204/620
f 770/1194/621 776/1205/621 777/1206/621 771/1195/621
f 771/1197/622 777/1207/622 775/1208/622 769/1198/622
f 779/1209/623 773/1199/623 774/1202/623 780/1210/623
f 780/1211/624 774/1203/624 772/1204/624 778/1212/624
f 776/1205/625 782/1213/625 783/1214/625 777/1206/625
f 777/1207/626 783/1215/626 781/1216/626 775/1208/626
f 785/1217/627 779/1209/627 780/1210/627 786/1218/627
f 786/1219/628 780/1211/628 778/1212/628 784/1220/628
f 782/1213/629 788/1221/629 789/1222/629 783/1214/629
f 783/1215/630 789/1223/630 787/1224/630 781/1216/630
f 791/1225/631 785/1217/631 786/1218/631 792/1226/631
f 792/1227/632 786/1219/632 784/1220/632 790/1228/632
f 788/1221/633 794/1229/633 795/1230/633 789/1222/633
f 789/1223/634 795/1231/634 793/1232/634 787/1224/634
f 797/1233/635 791/1225/635 792/1226/635 798/1234/635
f 798/1235/636 792/1227/636 790/1228/636 796/1236/636
f 794/1229/637 800/1237/637 801/1238/637 795/1230/637
f 795/1231/638 801/1239/638 799/1240/638 793/1232/638
f 803/1241/639 797/1233/639 798/1234/639 804/1242/639
f 804/1243/640 798/1235/640 796/1236/640 802/1244/640
f 800/1237/641 806/1245/641 807/1246/641 801/1238/641
f 801/1239/642 807/1247/642 805/1248/642 799/1240/642
f 809/1249/643 803/1241/643 804/1242/643 810/1250/643
f 810/1251/644 804/1243/644 802/1244/644 808/1252/644
f 806/1245/645 812/1253/645 813/1254/645 807/1246/645
f 807/1247/646 813/1255/646 811/1256/646 805/1248/646
f 815/1257/647 809/1249/647 810/1250/647 816/1258/647
f 816/1259/648 810/1251/648 808/1252/648 814/1260/648
f 812/1253/649 710/1261/649 711/1262/649 813/1254/649
f 813/1255/650 711/1117/650 709/1120/650 811/1256/650
f 713/1263/651 815/1257/651 816/1258/651 714/1264/651
f 714/1126/652 816/1259/652 814/1260/652 712/1127/652
f 709/1120/653 715/1119/653 721/1132/653 727/1140/653 733/1148/653 739/1156/653 745/1164/653 751/1172/653 757/1180/653 763/1188/653 769/1198/653 775/1208/653 781/1216/653 787/1224/653 793/1232/653 799/1240/653 805/1248/653 811/1256/653
f 710/1113/654 713/1122/654 719/1121/654 716/1114/654
f 812/1253/655 815/1257/655 713/1263/655 710/1261/655
f 718/1128/656 712/1127/656 814/1260/656 808/1252/656 802/1244/656 796/1236/656 790/1228/656 784/1220/656 778/1212/656 772/1204/656 766/1192/656 760/1184/656 754/1176/656 748/1168/656 742/1160/656 736/1152/656 730/1144/656 724/1136/656
f 716/1114/657 719/1121/657 725/1133/657 722/1129/657
f 722/1129/658 725/1133/658 731/1141/658 728/1137/658
f 728/1137/659 731/1141/659 737/1149/659 734/1145/659
f 734/1145/660 737/1149/660 743/1157/660 740/1153/660
f 740/1153/661 743/1157/661 749/1165/661 746/1161/661
f 746/1161/662 749/1165/662 755/1173/662 752/1169/662
f 752/1169/663 755/1173/663 761/1181/663 758/1177/663
f 758/1177/664 761/1181/664 767/1189/664 764/1185/664
f 764/1193/665 767/1200/665 773/1199/665 770/1194/665
f 770/1194/666 773/1199/666 779/1209/666 776/1205/666
f 776/1205/667 779/1209/667 785/1217/667 782/1213/667
f 782/1213/668 785/1217/668 791/1225/668 788/1221/668
f 788/1221/669 791/1225/669 797/1233/669 794/1229/669
f 794/1229/670 797/1233/670 803/1241/670 800/1237/670
f 800/1237/671 803/1241/671 809/1249/671 806/1245/671
f 806/1245/672 809/1249/672 815/1257/672 812/1253/672
o AK_grip_basecap_visual
v -0.114200 -0.160995 0.016200
v -0.114200 -0.160195 0.017000
v -0.115000 -0.160195 0.016200
v -0.114200 -0.160761 0.016766
v -0.114662 -0.160657 0.016662
v -0.114766 -0.160195 0.016766
v -0.114766 -0.160761 0.016200
v -0.114200 -0.156795 0.017000
v -0.114200 -0.155995 0.016200
v -0.115000 -0.156795 0.016200
v -0.114200 -0.156229 0.016766
v -0.114662 -0.156333 0.016662
v -0.114766 -0.156229 0.016200
v -0.114766 -0.156795 0.016766
v -0.114200 -0.160995 -0.016200
v -0.115000 -0.160195 -0.016200
v -0.114200 -0.160195 -0.017000
v -0.114766 -0.160761 -0.016200
v -0.114662 -0.160657 -0.016662
v -0.114766 -0.160195 -0.016766
v -0.114200 -0.160761 -0.016766
v -0.114200 -0.155995 -0.016200
v -0.114200 -0.156795 -0.017000
v -0.115000 -0.156795 -0.016200
v -0.114200 -0.156229 -0.016766
v -0.114662 -0.156333 -0.016662
v -0.114766 -0.156795 -0.016766
v -0.114766 -0.156229 -0.016200
v -0.065800 -0.160995 0.016200
v -0.065000 -0.160195 0.016200
v -0.065800 -0.160195 0.017000
v -0.065234 -0.160761 0.016200
v -0.065338 -0.160657 0.016662
v -0.065234 -0.160195 0.016766
v -0.065800 -0.160761 0.016766
v -0.065800 -0.155995 0.016200
v -0.065800 -0.156795 0.017000
v -0.065000 -0.156795 0.016200
v -0.065800 -0.156229 0.016766
v -0.065338 -0.156333 0.016662
v -0.065234 -0.156795 0.016766
v -0.065234 -0.156229 0.016200
v -0.065800 -0.160995 -0.016200
v -0.065800 -0.160195 -0.017000
v -0.065000 -0.160195 -0.016200
v -0.065800 -0.160761 -0.016766
v -0.065338 -0.160657 -0.016662
v -0.065234 -0.160195 -0.016766
v -0.065234 -0.160761 -0.016200
v -0.065800 -0.155995 -0.016200
v -0.065000 -0.156795 -0.016200
v -0.065800 -0.156795 -0.017000
v -0.065234 -0.156229 -0.016200
v -0.065338 -0.156333 -0.016662
v -0.065234 -0.156795 -0.016766
v -0.065800 -0.156229 -0.016766
vn -0.3251 -0.8881 0.3251
vn -0.3251 -0.3251 0.8881
vn -0.8881 -0.3251 0.3251
vn -0.3251 0.3251 0.8881
vn -0.3251 0.8881 0.3251
vn -0.8881 0.3251 0.3251
vn -0.3251 -0.8881 -0.3251
vn -0.8881 -0.3251 -0.3251
vn -0.3251 -0.3251 -0.8881
vn -0.3251 0.8881 -0.3251
vn -0.3251 0.3251 -0.8881
vn -0.8881 0.3251 -0.3251
vn 0.3251 -0.8881 0.3251
vn 0.8881 -0.3251 0.3251
vn 0.3251 -0.3251 0.8881
vn 0.3251 0.8881 0.3251
vn 0.3251 0.3251 0.8881
vn 0.8881 0.3251 0.3251
vn 0.3251 -0.8881 -0.3251
vn 0.3251 -0.3251 -0.8881
vn 0.8881 -0.3251 -0.3251
vn 0.3251 0.8881 -0.3251
vn 0.8881 0.3251 -0.3251
vn 0.3251 0.3251 -0.8881
vn -0.3827 -0.9239 -0.0000
vn -0.9239 -0.3827 -0.0000
vn -0.3827 -0.0000 0.9239
vn -0.9239 -0.0000 0.3827
vn -0.3827 0.9239 -0.0000
vn -0.9239 0.3827 -0.0000
vn -0.3827 -0.0000 -0.9239
vn -0.9239 -0.0000 -0.3827
vn -0.0000 -0.9239 -0.3827
vn -0.0000 -0.3827 -0.9239
vn -0.0000 0.9239 -0.3827
vn -0.0000 0.3827 -0.9239
vn 0.9239 -0.0000 -0.3827
vn 0.3827 -0.0000 -0.9239
vn 0.3827 -0.9239 -0.0000
vn 0.9239 -0.3827 -0.0000
vn 0.3827 0.9239 -0.0000
vn 0.9239 0.3827 -0.0000
vn 0.3827 -0.0000 0.9239
vn 0.9239 -0.0000 0.3827
vn -0.0000 -0.9239 0.3827
vn -0.0000 -0.3827 0.9239
vn -0.0000 0.9239 0.3827
vn -0.0000 0.3827 0.9239
vn -0.0000 -1.0000 -0.0000
vn -1.0000 -0.0000 -0.0000
vn -0.0000 -0.0000 1.0000
vn -0.0000 1.0000 -0.0000
vn -0.0000 -0.0000 -1.0000
vn 1.0000 -0.0000 -0.0000
vt 0.012692 0.012692
vt 0.003293 0.012692
vt 0.003293 0.007265
vt 0.012692 0.003293
vt 0.929994 0.012692
vt 0.929994 0.003293
vt 0.935420 0.003293
vt 0.939392 0.012692
vt 0.864668 0.987308
vt 0.874066 0.987308
vt 0.874066 0.992734
vt 0.864668 0.996707
vt 0.890051 0.012692
vt 0.880652 0.012692
vt 0.880652 0.007266
vt 0.890051 0.003293
vt 0.418708 0.581292
vt 0.418708 0.590690
vt 0.413282 0.590690
vt 0.409310 0.581292
vt 0.824725 0.987308
vt 0.824725 0.996707
vt 0.819299 0.996707
vt 0.815326 0.987308
vt 0.393325 0.012692
vt 0.393325 0.003293
vt 0.398751 0.003293
vt 0.402723 0.012692
vt 0.864668 0.606675
vt 0.864668 0.597277
vt 0.870094 0.597277
vt 0.874066 0.606675
vt 0.864668 0.581292
vt 0.874066 0.581292
vt 0.874066 0.586718
vt 0.864668 0.590690
vt 0.799341 0.581292
vt 0.808740 0.581292
vt 0.808740 0.586718
vt 0.799341 0.590690
vt 0.824725 0.581292
vt 0.824725 0.590690
vt 0.819298 0.590690
vt 0.815326 0.581292
vt 0.824725 0.606675
vt 0.815326 0.606675
vt 0.815326 0.601249
vt 0.824725 0.597277
vt 0.012692 0.581292
vt 0.012692 0.590690
vt 0.007265 0.590690
vt 0.003293 0.581292
vt 0.458651 0.606675
vt 0.458651 0.597277
vt 0.464077 0.597277
vt 0.468049 0.606675
vt 0.929994 0.581292
vt 0.939392 0.581292
vt 0.939392 0.586718
vt 0.929994 0.590690
vt 0.418708 0.012692
vt 0.409310 0.012692
vt 0.409310 0.007265
vt 0.418708 0.003293
vt 0.890051 0.581292
vt 0.890051 0.590690
vt 0.884625 0.590690
vt 0.880652 0.581292
vt 0.418708 0.606675
vt 0.409310 0.606675
vt 0.409310 0.601249
vt 0.418708 0.597277
vt 0.393325 0.581292
vt 0.402723 0.581292
vt 0.402723 0.586718
vt 0.393325 0.590690
vt 0.864668 0.012692
vt 0.864668 0.003293
vt 0.870094 0.003293
vt 0.874066 0.012692
vt 0.458651 0.987309
vt 0.468049 0.987309
vt 0.468049 0.992735
vt 0.458651 0.996707
vt 0.799341 0.012692
vt 0.799341 0.003293
vt 0.804768 0.003293
vt 0.808740 0.012692
vt 0.418708 0.987309
vt 0.418708 0.996707
vt 0.413282 0.996707
vt 0.409310 0.987308
vt 0.824725 0.012692
vt 0.815326 0.012692
vt 0.815326 0.007266
vt 0.824725 0.003293
s 0
usemtl MAT_metal_black_magazine
f 817/1265/673 820/1266/673 821/1267/673 823/1268/673
f 818/1269/674 822/1270/674 821/1271/674 820/1272/674
f 819/1273/675 823/1274/675 821/1275/675 822/1276/675
f 824/1277/676 827/1278/676 828/1279/676 830/1280/676
f 825/1281/677 829/1282/677 828/1283/677 827/1284/677
f 826/1285/678 830/1286/678 828/1287/678 829/1288/678
f 831/1289/679 834/1290/679 835/1291/679 837/1292/679
f 832/1293/680 836/1294/680 835/1295/680 834/1296/680
f 833/1297/681 837/1298/681 835/1299/681 836/1300/681
f 838/1301/682 841/1302/682 842/1303/682 844/1304/682
f 839/1305/683 843/1306/683 842/1307/683 841/1308/683
f 840/1309/684 844/1310/684 842/1311/684 843/1312/684
f 845/1313/685 848/1314/685 849/1315/685 851/1316/685
f 846/1317/686 850/1318/686 849/1319/686 848/1320/686
f 847/1321/687 851/1322/687 849/1323/687 850/1324/687
f 852/1325/688 855/1326/688 856/1327/688 858/1328/688
f 853/1329/689 857/1330/689 856/1331/689 855/1332/689
f 854/1333/690 858/1334/690 856/1335/690 857/1336/690
f 859/1337/691 862/1338/691 863/1339/691 865/1340/691
f 860/1341/692 864/1342/692 863/1343/692 862/1344/692
f 861/1345/693 865/1346/693 863/1347/693 864/1348/693
f 866/1349/694 869/1350/694 870/1351/694 872/1352/694
f 867/1353/695 871/1354/695 870/1355/695 869/1356/695
f 868/1357/696 872/1358/696 870/1359/696 871/1360/696
f 831/1289/697 817/1265/697 823/1268/697 834/1290/697
f 834/1296/698 823/1274/698 819/1273/698 832/1293/698
f 818/1269/699 824/1277/699 830/1280/699 822/1270/699
f 822/1276/700 830/1286/700 826/1285/700 819/1273/700
f 825/1281/701 838/1301/701 844/1304/701 829/1282/701
f 829/1288/702 844/1310/702 840/1309/702 826/1285/702
f 839/1305/703 833/1297/703 836/1300/703 843/1306/703
f 843/1312/704 836/1294/704 832/1293/704 840/1309/704
f 859/1337/705 831/1289/705 837/1292/705 862/1338/705
f 862/1344/706 837/1298/706 833/1297/706 860/1341/706
f 838/1301/707 866/1349/707 872/1352/707 841/1302/707
f 841/1308/708 872/1358/708 868/1357/708 839/1305/708
f 867/1353/709 861/1345/709 864/1348/709 871/1354/709
f 871/1360/710 864/1342/710 860/1341/710 868/1357/710
f 845/1313/711 859/1337/711 865/1340/711 848/1314/711
f 848/1320/712 865/1346/712 861/1345/712 846/1317/712
f 866/1349/713 852/1325/713 858/1328/713 869/1350/713
f 869/1356/714 858/1334/714 854/1333/714 867/1353/714
f 853/1329/715 847/1321/715 850/1324/715 857/1330/715
f 857/1336/716 850/1318/716 846/1317/716 854/1333/716
f 817/1265/717 845/1313/717 851/1316/717 820/1266/717
f 820/1272/718 851/1322/718 847/1321/718 818/1269/718
f 852/1325/719 825/1281/719 827/1284/719 855/1326/719
f 855/1332/720 827/1278/720 824/1277/720 853/1329/720
f 831/1289/721 859/1337/721 845/1313/721 817/1265/721
f 819/1273/722 826/1285/722 840/1309/722 832/1293/722
f 847/1321/723 853/1329/723 824/1277/723 818/1269/723
f 866/1349/724 838/1301/724 825/1281/724 852/1325/724
f 833/1297/725 839/1305/725 868/1357/725 860/1341/725
f 861/1345/726 867/1353/726 854/1333/726 846/1317/726
o AK_grip_main
v -0.090777 -0.150712 0.012000
v -0.091442 -0.147773 0.015000
v -0.094304 -0.148715 0.012000
v -0.090864 -0.150316 0.013498
v -0.092293 -0.150787 0.012000
v -0.092318 -0.150383 0.013435
v -0.092869 -0.148241 0.014599
v -0.091108 -0.149238 0.014599
v -0.092490 -0.149624 0.014210
v -0.093588 -0.150054 0.012000
v -0.093920 -0.148587 0.013498
v -0.093229 -0.149867 0.013435
v -0.115998 -0.041142 0.015000
v -0.116685 -0.038211 0.012000
v -0.118865 -0.042062 0.012000
v -0.116338 -0.039680 0.014599
v -0.117427 -0.041603 0.014599
v -0.117692 -0.040183 0.014210
v -0.118022 -0.039063 0.012000
v -0.116590 -0.038604 0.013498
v -0.117870 -0.039426 0.013435
v -0.118479 -0.041940 0.013498
v -0.118822 -0.040477 0.012000
v -0.118433 -0.040421 0.013435
v -0.090777 -0.150712 -0.012000
v -0.094304 -0.148715 -0.012000
v -0.091442 -0.147773 -0.015000
v -0.092293 -0.150787 -0.012000
v -0.090864 -0.150316 -0.013498
v -0.092318 -0.150383 -0.013435
v -0.093920 -0.148587 -0.013498
v -0.093588 -0.150054 -0.012000
v -0.093229 -0.149867 -0.013435
v -0.091108 -0.149238 -0.014599
v -0.092869 -0.148241 -0.014599
v -0.092490 -0.149624 -0.014210
v -0.116685 -0.038211 -0.012000
v -0.115998 -0.041142 -0.015000
v -0.118865 -0.042062 -0.012000
v -0.116590 -0.038604 -0.013498
v -0.118022 -0.039063 -0.012000
v -0.117870 -0.039426 -0.013435
v -0.117427 -0.041603 -0.014599
v -0.116338 -0.039680 -0.014599
v -0.117692 -0.040183 -0.014210
v -0.118822 -0.040477 -0.012000
v -0.118479 -0.041940 -0.013498
v -0.118433 -0.040421 -0.013435
v -0.053686 -0.138660 0.012000
v -0.052006 -0.134972 0.012000
v -0.054875 -0.135892 0.015000
v -0.052415 -0.137829 0.012000
v -0.053848 -0.138289 0.013498
v -0.052633 -0.137489 0.013435
v -0.052393 -0.135094 0.013498
v -0.051799 -0.136476 0.012000
v -0.052199 -0.136536 0.013435
v -0.054284 -0.137273 0.014599
v -0.053446 -0.135431 0.014599
v -0.052940 -0.136773 0.014210
v -0.098852 -0.032417 0.012000
v -0.097685 -0.035192 0.015000
v -0.094825 -0.034251 0.012000
v -0.098698 -0.032791 0.013498
v -0.097270 -0.032321 0.012000
v -0.097180 -0.032703 0.013435
v -0.096258 -0.034725 0.014599
v -0.098269 -0.033809 0.014599
v -0.096878 -0.033420 0.014210
v -0.095792 -0.032994 0.012000
v -0.095209 -0.034379 0.013498
v -0.096139 -0.033177 0.013435
v -0.053686 -0.138660 -0.012000
v -0.054875 -0.135892 -0.015000
v -0.052006 -0.134972 -0.012000
v -0.053848 -0.138289 -0.013498
v -0.052415 -0.137829 -0.012000
v -0.052633 -0.137489 -0.013435
v -0.053446 -0.135431 -0.014599
v -0.054284 -0.137273 -0.014599
v -0.052940 -0.136773 -0.014210
v -0.051799 -0.136476 -0.012000
v -0.052393 -0.135094 -0.013498
v -0.052199 -0.136536 -0.013435
v -0.098852 -0.032417 -0.012000
v -0.094825 -0.034251 -0.012000
v -0.097685 -0.035192 -0.015000
v -0.097270 -0.032321 -0.012000
v -0.098698 -0.032791 -0.013498
v -0.097180 -0.032703 -0.013435
v -0.095209 -0.034379 -0.013498
v -0.095792 -0.032994 -0.012000
v -0.096139 -0.033177 -0.013435
v -0.098269 -0.033809 -0.014599
v -0.096258 -0.034725 -0.014599
v -0.096878 -0.033420 -0.014210
v -0.090528 -0.159568 0.014000
v -0.091455 -0.156715 0.017000
v -0.094308 -0.157642 0.014000
v -0.090652 -0.159187 0.015498
v -0.092077 -0.159650 0.014000
v -0.092137 -0.159260 0.015435
v -0.092880 -0.157178 0.016599
v -0.090992 -0.158140 0.016599
v -0.092376 -0.158523 0.016210
v -0.093464 -0.158943 0.014000
v -0.093927 -0.157518 0.015498
v -0.093114 -0.158762 0.015435
v -0.092073 -0.154813 0.017000
v -0.093000 -0.151960 0.014000
v -0.094926 -0.155740 0.014000
v -0.092536 -0.153388 0.016599
v -0.093498 -0.155276 0.016599
v -0.093881 -0.153892 0.016210
v -0.094301 -0.152804 0.014000
v -0.092876 -0.152341 0.015498
v -0.094121 -0.153154 0.015435
v -0.094545 -0.155616 0.015498
v -0.095008 -0.154191 0.014000
v -0.094618 -0.154131 0.015435
v -0.090528 -0.159568 -0.014000
v -0.094308 -0.157642 -0.014000
v -0.091455 -0.156715 -0.017000
v -0.092077 -0.159650 -0.014000
v -0.090652 -0.159187 -0.015498
v -0.092137 -0.159260 -0.015435
v -0.093927 -0.157518 -0.015498
v -0.093464 -0.158943 -0.014000
v -0.093114 -0.158762 -0.015435
v -0.090992 -0.158140 -0.016599
v -0.092880 -0.157178 -0.016599
v -0.092376 -0.158523 -0.016210
v -0.093000 -0.151960 -0.014000
v -0.092073 -0.154813 -0.017000
v -0.094926 -0.155740 -0.014000
v -0.092876 -0.152341 -0.015498
v -0.094301 -0.152804 -0.014000
v -0.094121 -0.153154 -0.015435
v -0.093498 -0.155276 -0.016599
v -0.092536 -0.153388 -0.016599
v -0.093881 -0.153892 -0.016210
v -0.095008 -0.154191 -0.014000
v -0.094545 -0.155616 -0.015498
v -0.094618 -0.154131 -0.015435
v -0.048682 -0.145971 0.014000
v -0.046756 -0.142191 0.014000
v -0.049609 -0.143118 0.017000
v -0.047381 -0.145127 0.014000
v -0.048805 -0.145590 0.015498
v -0.047561 -0.144777 0.015435
v -0.047137 -0.142315 0.015498
v -0.046674 -0.143740 0.014000
v -0.047064 -0.143800 0.015435
v -0.049146 -0.144543 0.016599
v -0.048184 -0.142655 0.016599
v -0.047801 -0.144039 0.016210
v -0.051154 -0.138363 0.014000
v -0.050227 -0.141216 0.017000
v -0.047374 -0.140289 0.014000
v -0.051030 -0.138744 0.015498
v -0.049605 -0.138281 0.014000
v -0.049545 -0.138671 0.015435
v -0.048802 -0.140753 0.016599
v -0.050690 -0.139791 0.016599
v -0.049306 -0.139408 0.016210
v -0.048218 -0.138988 0.014000
v -0.047755 -0.140413 0.015498
v -0.048568 -0.139169 0.015435
v -0.048682 -0.145971 -0.014000
v -0.049609 -0.143118 -0.017000
v -0.046756 -0.142191 -0.014000
v -0.048805 -0.145590 -0.015498
v -0.047381 -0.145127 -0.014000
v -0.047561 -0.144777 -0.015435
v -0.048184 -0.142655 -0.016599
v -0.049146 -0.144543 -0.016599
v -0.047801 -0.144039 -0.016210
v -0.046674 -0.143740 -0.014000
v -0.047137 -0.142315 -0.015498
v -0.047064 -0.143800 -0.015435
v -0.051154 -0.138363 -0.014000
v -0.047374 -0.140289 -0.014000
v -0.050227 -0.141216 -0.017000
v -0.049605 -0.138281 -0.014000
v -0.051030 -0.138744 -0.015498
v -0.049545 -0.138671 -0.015435
v -0.047755 -0.140413 -0.015498
v -0.048218 -0.138988 -0.014000
v -0.048568 -0.139169 -0.015435
v -0.050690 -0.139791 -0.016599
v -0.048802 -0.140753 -0.016599
v -0.049306 -0.139408 -0.016210
vn 0.0404 -0.9637 0.2641
vn 0.0022 -0.7142 0.7000
vn -0.1716 -0.3031 0.9374
vn -0.6135 -0.3656 0.7000
vn -0.8471 -0.4613 0.2641
vn -0.4794 -0.8469 0.2301
vn -0.3954 -0.6985 0.5965
vn -0.3272 0.1852 0.9266
vn -0.4187 0.5998 0.6819
vn -0.5255 0.8122 0.2533
vn -0.8505 0.4815 0.2117
vn -0.9668 0.0327 0.2533
vn -0.7297 0.0504 0.6819
vn -0.7194 0.4073 0.5627
vn 0.0404 -0.9637 -0.2641
vn -0.4794 -0.8469 -0.2301
vn -0.8471 -0.4613 -0.2641
vn -0.6135 -0.3656 -0.7000
vn -0.1716 -0.3031 -0.9374
vn 0.0022 -0.7142 -0.7000
vn -0.3954 -0.6985 -0.5965
vn -0.5255 0.8122 -0.2533
vn -0.4187 0.5998 -0.6819
vn -0.3272 0.1852 -0.9266
vn -0.7297 0.0504 -0.6819
vn -0.9668 0.0327 -0.2533
vn -0.8505 0.4815 -0.2117
vn -0.7194 0.4073 -0.5627
vn 0.5338 -0.8033 0.2641
vn 0.8857 -0.4033 0.2301
vn 0.9564 0.1247 0.2641
vn 0.7112 0.0649 0.7000
vn 0.3170 -0.1444 0.9374
vn 0.4180 -0.5791 0.7000
vn 0.7304 -0.3326 0.5965
vn -0.0523 0.9660 0.2533
vn -0.0138 0.7313 0.6819
vn 0.1558 0.3421 0.9266
vn 0.5607 0.4697 0.6819
vn 0.7630 0.5947 0.2533
vn 0.4051 0.8895 0.2117
vn 0.3426 0.7524 0.5627
vn 0.5338 -0.8033 -0.2641
vn 0.4180 -0.5791 -0.7000
vn 0.3170 -0.1443 -0.9374
vn 0.7112 0.0649 -0.7000
vn 0.9564 0.1247 -0.2641
vn 0.8857 -0.4033 -0.2301
vn 0.7304 -0.3326 -0.5965
vn -0.0523 0.9660 -0.2533
vn 0.4051 0.8895 -0.2117
vn 0.7630 0.5947 -0.2533
vn 0.5607 0.4697 -0.6819
vn 0.1558 0.3421 -0.9266
vn -0.0138 0.7313 -0.6819
vn 0.3426 0.7524 -0.5627
vn 0.0439 -0.9655 0.2566
vn 0.0061 -0.7237 0.6901
vn -0.1647 -0.3233 0.9318
vn -0.5891 -0.4204 0.6901
vn -0.8069 -0.5320 0.2566
vn -0.4431 -0.8696 0.2178
vn -0.3707 -0.7275 0.5774
vn -0.3233 0.1647 0.9318
vn -0.4204 0.5891 0.6901
vn -0.5320 0.8069 0.2566
vn -0.8696 0.4431 0.2178
vn -0.9655 -0.0439 0.2566
vn -0.7237 -0.0061 0.6901
vn -0.7275 0.3707 0.5774
vn 0.0439 -0.9655 -0.2566
vn -0.4431 -0.8696 -0.2178
vn -0.8069 -0.5320 -0.2566
vn -0.5891 -0.4204 -0.6901
vn -0.1647 -0.3233 -0.9318
vn 0.0061 -0.7237 -0.6901
vn -0.3707 -0.7275 -0.5774
vn -0.5320 0.8069 -0.2566
vn -0.4204 0.5891 -0.6901
vn -0.3233 0.1647 -0.9318
vn -0.7237 -0.0061 -0.6901
vn -0.9655 -0.0439 -0.2566
vn -0.8696 0.4431 -0.2178
vn -0.7275 0.3707 -0.5774
vn 0.5320 -0.8069 0.2566
vn 0.8696 -0.4431 0.2178
vn 0.9655 0.0439 0.2566
vn 0.7237 0.0061 0.6901
vn 0.3233 -0.1647 0.9318
vn 0.4204 -0.5891 0.6901
vn 0.7275 -0.3707 0.5774
vn -0.0439 0.9655 0.2566
vn -0.0061 0.7237 0.6901
vn 0.1647 0.3233 0.9318
vn 0.5891 0.4204 0.6901
vn 0.8069 0.5320 0.2566
vn 0.4431 0.8696 0.2178
vn 0.3707 0.7275 0.5774
vn 0.5320 -0.8069 -0.2566
vn 0.4204 -0.5891 -0.6901
vn 0.3233 -0.1647 -0.9318
vn 0.7237 0.0061 -0.6901
vn 0.9655 0.0439 -0.2566
vn 0.8696 -0.4431 -0.2178
vn 0.7275 -0.3707 -0.5774
vn -0.0439 0.9655 -0.2566
vn 0.4431 0.8696 -0.2178
vn 0.8069 0.5320 -0.2566
vn 0.5891 0.4204 -0.6901
vn 0.1647 0.3233 -0.9318
vn -0.0061 0.7237 -0.6901
vn 0.3707 0.7275 -0.5774
vn 0.0495 -0.9988 -0.0000
vn -0.4927 -0.8702 -0.0000
vn -0.8818 -0.4715 -0.0000
vn -0.2522 -0.0581 0.9659
vn -0.6891 -0.1587 0.7071
vn -0.9411 -0.2167 0.2597
vn -0.5374 0.8434 -0.0000
vn -0.8702 0.4927 -0.0000
vn -0.9996 0.0268 -0.0000
vn -0.2522 -0.0581 -0.9659
vn -0.6891 -0.1587 -0.7071
vn -0.9411 -0.2167 -0.2597
vn 0.2984 -0.9184 -0.2597
vn 0.2185 -0.6725 -0.7071
vn 0.0800 -0.2461 -0.9659
vn -0.2984 0.9184 -0.2597
vn -0.2185 0.6725 -0.7071
vn -0.0800 0.2461 -0.9659
vn 0.8887 0.3778 -0.2597
vn 0.6507 0.2766 -0.7071
vn 0.2382 0.1013 -0.9659
vn 0.5471 -0.8371 -0.0000
vn 0.9101 -0.4144 -0.0000
vn 0.9906 0.1369 -0.0000
vn -0.0610 0.9981 -0.0000
vn 0.4144 0.9101 -0.0000
vn 0.7930 0.6093 -0.0000
vn 0.2382 0.1013 0.9659
vn 0.6507 0.2766 0.7071
vn 0.8887 0.3778 0.2597
vn 0.2984 -0.9184 0.2597
vn 0.2185 -0.6725 0.7071
vn 0.0800 -0.2461 0.9659
vn -0.2984 0.9184 0.2597
vn -0.2185 0.6725 0.7071
vn -0.0800 0.2461 0.9659
vn 0.0527 -0.9986 -0.0000
vn -0.4540 -0.8910 -0.0000
vn -0.8389 -0.5443 -0.0000
vn -0.2458 -0.0799 0.9660
vn -0.6725 -0.2185 0.7071
vn -0.9187 -0.2985 0.2585
vn -0.5443 0.8389 -0.0000
vn -0.8910 0.4540 -0.0000
vn -0.9986 -0.0527 -0.0000
vn -0.2458 -0.0799 -0.9660
vn -0.6725 -0.2185 -0.7071
vn -0.9187 -0.2985 -0.2585
vn 0.2985 -0.9187 -0.2585
vn 0.0799 -0.2458 -0.9660
vn -0.2985 0.9187 -0.2585
vn -0.0799 0.2458 -0.9660
vn 0.9187 0.2985 -0.2585
vn 0.6725 0.2185 -0.7071
vn 0.2458 0.0799 -0.9660
vn 0.5443 -0.8389 -0.0000
vn 0.8910 -0.4540 -0.0000
vn 0.9986 0.0527 -0.0000
vn -0.0527 0.9986 -0.0000
vn 0.4540 0.8910 -0.0000
vn 0.8389 0.5443 -0.0000
vn 0.2458 0.0799 0.9660
vn 0.6725 0.2185 0.7071
vn 0.9187 0.2985 0.2585
vn 0.2985 -0.9187 0.2585
vn 0.0799 -0.2458 0.9660
vn -0.2985 0.9187 0.2585
vn -0.0799 0.2458 0.9660
vn 0.3090 -0.9511 -0.0000
vn -0.9745 -0.2244 -0.0000
vn -0.0000 -0.0000 1.0000
vn -0.3090 0.9511 -0.0000
vn -0.0000 -0.0000 -1.0000
vn 0.9203 0.3912 -0.0000
vn -0.9511 -0.3090 -0.0000
vn 0.9511 0.3090 -0.0000
vt 0.579277 0.717921
vt 0.561509 0.718153
vt 0.561509 0.709845
vt 0.579277 0.709244
vt 0.532116 0.686785
vt 0.531517 0.677877
vt 0.540002 0.677523
vt 0.540424 0.686785
vt 0.530715 0.669017
vt 0.539611 0.669039
vt 0.548537 0.668855
vt 0.549266 0.677131
vt 0.579277 0.671010
vt 0.579277 0.688760
vt 0.561509 0.679079
vt 0.561509 0.670778
vt 0.579277 0.700154
vt 0.561509 0.701004
vt 0.473878 0.023464
vt 0.473120 0.005697
vt 0.481668 0.005697
vt 0.482770 0.023443
vt 0.767608 0.700154
vt 0.768157 0.709049
vt 0.759446 0.709425
vt 0.759060 0.700154
vt 0.768345 0.717921
vt 0.759253 0.717921
vt 0.750578 0.717921
vt 0.750578 0.709425
vt 0.579277 0.023447
vt 0.561509 0.023259
vt 0.570780 0.005697
vt 0.579277 0.005697
vt 0.491692 0.023208
vt 0.490150 0.005697
vt 0.721417 0.717921
vt 0.721417 0.709244
vt 0.729913 0.709845
vt 0.730289 0.718153
vt 0.721417 0.700154
vt 0.729913 0.700154
vt 0.721417 0.671010
vt 0.730289 0.670778
vt 0.729913 0.688760
vt 0.721417 0.688760
vt 0.739184 0.670180
vt 0.739184 0.687874
vt 0.025097 0.669017
vt 0.024296 0.686785
vt 0.015810 0.686785
vt 0.007328 0.668258
vt 0.739184 0.718753
vt 0.739184 0.710267
vt 0.768345 0.860061
vt 0.768157 0.868933
vt 0.759446 0.868558
vt 0.759253 0.860061
vt 0.767608 0.877829
vt 0.759060 0.877829
vt 0.081934 0.023464
vt 0.064168 0.022661
vt 0.074144 0.005697
vt 0.082692 0.005697
vt 0.739184 0.022711
vt 0.730289 0.023259
vt 0.729913 0.005697
vt 0.739184 0.004954
vt 0.721417 0.023447
vt 0.721417 0.005697
vt 0.750578 0.860061
vt 0.750578 0.868558
vt 0.579277 0.948899
vt 0.579277 0.966666
vt 0.570780 0.966666
vt 0.561509 0.948667
vt 0.910485 0.688760
vt 0.910485 0.679679
vt 0.918982 0.679079
vt 0.918982 0.688760
vt 0.910485 0.671010
vt 0.919357 0.670778
vt 0.928253 0.670180
vt 0.928253 0.678657
vt 0.303003 0.669017
vt 0.302202 0.677877
vt 0.284490 0.676710
vt 0.285234 0.668258
vt 0.301602 0.686785
vt 0.283603 0.686785
vt 0.879392 0.717921
vt 0.879580 0.709049
vt 0.888291 0.709425
vt 0.888484 0.717921
vt 0.880129 0.700154
vt 0.888677 0.700154
vt 0.359840 0.023464
vt 0.342075 0.022661
vt 0.352050 0.005697
vt 0.360598 0.005697
vt 0.928253 0.022711
vt 0.919357 0.023259
vt 0.918982 0.005697
vt 0.928253 0.004954
vt 0.910485 0.023447
vt 0.910485 0.005697
vt 0.897160 0.717921
vt 0.897159 0.709425
vt 0.721417 0.948899
vt 0.730289 0.948667
vt 0.729913 0.956975
vt 0.721417 0.966666
vt 0.739184 0.948068
vt 0.739184 0.956553
vt 0.252809 0.669017
vt 0.270578 0.668258
vt 0.262096 0.686785
vt 0.253611 0.686785
vt 0.750578 0.670179
vt 0.759473 0.670778
vt 0.759849 0.679079
vt 0.750578 0.687874
vt 0.768345 0.671010
vt 0.768345 0.679679
vt 0.768345 0.688760
vt 0.759849 0.683263
vt 0.729913 0.961164
vt 0.879392 0.860061
vt 0.888484 0.860061
vt 0.888291 0.868558
vt 0.879580 0.868934
vt 0.897160 0.860061
vt 0.897160 0.868558
vt 0.768345 0.023447
vt 0.759473 0.023259
vt 0.759848 0.005697
vt 0.768345 0.005697
vt 0.750578 0.022711
vt 0.750578 0.004954
vt 0.195972 0.023464
vt 0.195214 0.005697
vt 0.203762 0.005697
vt 0.213738 0.022661
vt 0.880129 0.877829
vt 0.888677 0.877829
vt 0.301370 0.715946
vt 0.292498 0.715946
vt 0.292874 0.707449
vt 0.301370 0.707074
vt 0.283603 0.715946
vt 0.283603 0.707449
vt 0.969259 0.330983
vt 0.969259 0.313215
vt 0.987026 0.322486
vt 0.987026 0.330983
vt 0.254459 0.899543
vt 0.254459 0.890648
vt 0.272209 0.890272
vt 0.272209 0.899543
vt 0.254459 0.881776
vt 0.272209 0.881776
vt 0.301370 0.698178
vt 0.292874 0.698178
vt 0.957414 0.330983
vt 0.948542 0.330983
vt 0.948917 0.322486
vt 0.957414 0.313215
vt 0.939646 0.330983
vt 0.939646 0.322486
vt 0.023464 0.976536
vt 0.023464 0.994303
vt 0.005697 0.985032
vt 0.005697 0.976536
vt 0.224875 0.881776
vt 0.233762 0.881776
vt 0.234137 0.890272
vt 0.224875 0.899543
vt 0.242625 0.881776
vt 0.242625 0.890648
vt 0.242625 0.899543
vt 0.234137 0.894864
vt 0.948917 0.317895
vt 0.467200 0.715946
vt 0.467200 0.707074
vt 0.475697 0.707449
vt 0.476073 0.715946
vt 0.467200 0.698178
vt 0.475697 0.698178
vt 0.254459 0.715946
vt 0.254459 0.707073
vt 0.272209 0.707449
vt 0.272209 0.715946
vt 0.254459 0.698178
vt 0.272209 0.698178
vt 0.969259 0.284054
vt 0.987026 0.284054
vt 0.987026 0.292551
vt 0.969259 0.301822
vt 0.484968 0.715946
vt 0.484968 0.707449
vt 0.189294 0.976536
vt 0.207062 0.976536
vt 0.207062 0.985032
vt 0.189294 0.994303
vt 0.939646 0.284054
vt 0.948542 0.284054
vt 0.948917 0.292551
vt 0.939646 0.292551
vt 0.957414 0.284054
vt 0.957414 0.301822
vt 0.242625 0.698178
vt 0.242625 0.707073
vt 0.234137 0.707449
vt 0.234137 0.702857
vt 0.242625 0.715945
vt 0.233762 0.715946
vt 0.224875 0.715946
vt 0.224875 0.698178
vt 0.948917 0.297143
vt 0.301370 0.976536
vt 0.301370 0.985408
vt 0.292874 0.985032
vt 0.292498 0.976536
vt 0.301370 0.994303
vt 0.292874 0.994303
vt 0.525945 0.715946
vt 0.525945 0.707073
vt 0.543696 0.707449
vt 0.543696 0.715946
vt 0.525945 0.698178
vt 0.543696 0.698178
vt 0.969259 0.591573
vt 0.987026 0.591573
vt 0.987026 0.600070
vt 0.969259 0.609341
vt 0.283603 0.976536
vt 0.283603 0.985032
vt 0.023464 0.715946
vt 0.005697 0.715946
vt 0.005697 0.707449
vt 0.023464 0.698178
vt 0.939646 0.591573
vt 0.948542 0.591573
vt 0.948917 0.600070
vt 0.939646 0.600070
vt 0.957414 0.591573
vt 0.957414 0.609341
vt 0.514112 0.698178
vt 0.514112 0.707073
vt 0.505623 0.707449
vt 0.505623 0.702857
vt 0.514112 0.715945
vt 0.505248 0.715946
vt 0.496361 0.715946
vt 0.496361 0.698178
vt 0.948917 0.604661
vt 0.467200 0.976536
vt 0.476072 0.976536
vt 0.475697 0.985032
vt 0.467200 0.985408
vt 0.484968 0.976536
vt 0.484968 0.985032
vt 0.969259 0.023464
vt 0.969259 0.014592
vt 0.987026 0.014968
vt 0.987026 0.023464
vt 0.969259 0.005697
vt 0.987026 0.005697
vt 0.525945 0.881776
vt 0.543696 0.881776
vt 0.543696 0.890272
vt 0.525945 0.899543
vt 0.467200 0.994303
vt 0.475697 0.994303
vt 0.189294 0.715946
vt 0.189294 0.698178
vt 0.197791 0.698178
vt 0.207062 0.715946
vt 0.496361 0.881776
vt 0.505248 0.881776
vt 0.505623 0.890272
vt 0.496361 0.890272
vt 0.514112 0.881776
vt 0.514112 0.899543
vt 0.957414 0.005697
vt 0.957414 0.014592
vt 0.948917 0.014968
vt 0.948917 0.010376
vt 0.957414 0.023464
vt 0.948542 0.023464
vt 0.939646 0.023464
vt 0.939646 0.005697
vt 0.505623 0.894864
s 0
usemtl MAT_grip_dark_bakelite
f 873/1361/727 876/1362/727 878/1363/727 877/1364/727
f 876/1365/728 880/1366/728 881/1367/728 878/1368/728
f 874/1369/729 879/1370/729 881/1367/729 880/1366/729
f 879/1370/730 883/1371/730 884/1372/730 881/1367/730
f 875/1373/731 882/1374/731 884/1375/731 883/1376/731
f 882/1377/732 877/1364/732 878/1363/732 884/1378/732
f 878/1368/733 881/1367/733 884/1372/733
f 885/1379/734 888/1380/734 890/1381/734 889/1382/734
f 888/1383/735 892/1384/735 893/1385/735 890/1386/735
f 886/1387/736 891/1388/736 893/1385/736 892/1384/736
f 891/1388/737 895/1389/737 896/1390/737 893/1385/737
f 887/1391/738 894/1392/738 896/1393/738 895/1394/738
f 894/1395/739 889/1382/739 890/1381/739 896/1396/739
f 890/1386/740 893/1385/740 896/1390/740
f 897/1397/741 900/1398/741 902/1399/741 901/1400/741
f 900/1398/742 904/1401/742 905/1402/742 902/1399/742
f 898/1403/743 903/1404/743 905/1405/743 904/1406/743
f 903/1404/744 907/1407/744 908/1408/744 905/1405/744
f 899/1409/745 906/1410/745 908/1411/745 907/1412/745
f 906/1413/746 901/1400/746 902/1399/746 908/1414/746
f 902/1399/747 905/1402/747 908/1414/747
f 909/1415/748 912/1416/748 914/1417/748 913/1418/748
f 912/1416/749 916/1419/749 917/1420/749 914/1417/749
f 910/1421/750 915/1422/750 917/1423/750 916/1424/750
f 915/1425/751 919/1426/751 920/1427/751 917/1428/751
f 911/1429/752 918/1430/752 920/1427/752 919/1426/752
f 918/1431/753 913/1418/753 914/1417/753 920/1432/753
f 914/1417/754 917/1420/754 920/1432/754
f 921/1433/755 924/1434/755 926/1435/755 925/1436/755
f 924/1437/756 928/1438/756 929/1439/756 926/1440/756
f 922/1441/757 927/1442/757 929/1439/757 928/1438/757
f 927/1442/758 931/1443/758 932/1444/758 929/1439/758
f 923/1445/759 930/1446/759 932/1447/759 931/1448/759
f 930/1446/760 925/1449/760 926/1450/760 932/1447/760
f 926/1440/761 929/1439/761 932/1444/761
f 933/1451/762 936/1452/762 938/1453/762 937/1454/762
f 936/1452/763 940/1455/763 941/1456/763 938/1453/763
f 934/1457/764 939/1458/764 941/1459/764 940/1460/764
f 939/1461/765 943/1462/765 944/1463/765 941/1464/765
f 935/1465/766 942/1466/766 944/1463/766 943/1462/766
f 942/1467/767 937/1454/767 938/1453/767 944/1468/767
f 938/1453/768 941/1456/768 944/1468/768
f 945/1469/769 948/1470/769 950/1471/769 949/1472/769
f 948/1470/770 952/1473/770 953/1474/770 950/1471/770
f 946/1475/771 951/1476/771 953/1477/771 952/1478/771
f 951/1479/772 955/1480/772 956/1481/772 953/1482/772
f 947/1483/773 954/1484/773 956/1481/773 955/1480/773
f 954/1484/774 949/1485/774 950/1486/774 956/1481/774
f 950/1471/775 953/1474/775 956/1487/775
f 957/1488/776 960/1489/776 962/1490/776 961/1491/776
f 960/1489/777 964/1492/777 965/1493/777 962/1490/777
f 958/1494/778 963/1495/778 965/1496/778 964/1497/778
f 963/1495/779 967/1498/779 968/1499/779 965/1496/779
f 959/1500/780 966/1501/780 968/1502/780 967/1503/780
f 966/1504/781 961/1491/781 962/1490/781 968/1505/781
f 962/1490/782 965/1493/782 968/1505/782
f 969/1506/783 972/1507/783 974/1508/783 973/1509/783
f 972/1507/784 976/1510/784 977/1511/784 974/1508/784
f 970/1512/785 975/1513/785 977/1514/785 976/1515/785
f 975/1516/786 979/1517/786 980/1518/786 977/1519/786
f 971/1520/787 978/1521/787 980/1518/787 979/1517/787
f 978/1522/788 973/1509/788 974/1508/788 980/1523/788
f 974/1508/789 977/1511/789 980/1523/789
f 981/1524/790 984/1525/790 986/1526/790 985/1527/790
f 984/1525/791 988/1528/791 989/1529/791 986/1526/791
f 982/1530/792 987/1531/792 989/1532/792 988/1533/792
f 987/1534/793 991/1535/793 992/1536/793 989/1537/793
f 983/1538/794 990/1539/794 992/1536/794 991/1535/794
f 990/1539/795 985/1540/795 986/1541/795 992/1536/795
f 986/1526/796 989/1529/796 992/1542/796
f 993/1543/797 996/1544/797 998/1545/797 997/1546/797
f 996/1544/798 1000/1547/798 1001/1548/798 998/1545/798
f 994/1549/799 999/1550/799 1001/1551/799 1000/1552/799
f 999/1550/800 1003/1553/800 1004/1554/800 1001/1551/800
f 995/1555/801 1002/1556/801 1004/1557/801 1003/1558/801
f 1002/1559/802 997/1546/802 998/1545/802 1004/1560/802
f 998/1545/803 1001/1548/803 1004/1560/803
f 1005/1561/804 1008/1562/804 1010/1563/804 1009/1564/804
f 1008/1565/805 1012/1566/805 1013/1567/805 1010/1568/805
f 1006/1569/806 1011/1570/806 1013/1567/806 1012/1566/806
f 1011/1571/807 1015/1572/807 1016/1573/807 1013/1574/807
f 1007/1575/808 1014/1576/808 1016/1573/808 1015/1572/808
f 1014/1576/809 1009/1577/809 1010/1578/809 1016/1573/809
f 1010/1568/810 1013/1567/810 1016/1579/810
f 1017/1580/811 1020/1581/811 1022/1582/811 1021/1583/811
f 1020/1581/812 1024/1584/812 1025/1585/812 1022/1582/812
f 1018/1586/813 1023/1587/813 1025/1588/813 1024/1589/813
f 1023/1587/814 1027/1590/814 1028/1591/814 1025/1588/814
f 1019/1592/815 1026/1593/815 1028/1594/815 1027/1595/815
f 1026/1596/816 1021/1583/816 1022/1582/816 1028/1597/816
f 1022/1582/817 1025/1585/817 1028/1597/817
f 1029/1598/818 1032/1599/818 1034/1600/818 1033/1601/818
f 1032/1602/819 1036/1603/819 1037/1604/819 1034/1605/819
f 1030/1606/820 1035/1607/820 1037/1604/820 1036/1603/820
f 1035/1608/821 1039/1609/821 1040/1610/821 1037/1611/821
f 1031/1612/822 1038/1613/822 1040/1610/822 1039/1609/822
f 1038/1613/823 1033/1614/823 1034/1615/823 1040/1610/823
f 1034/1605/824 1037/1604/824 1040/1616/824
f 1041/1617/825 1044/1618/825 1046/1619/825 1045/1620/825
f 1044/1618/826 1048/1621/826 1049/1622/826 1046/1619/826
f 1042/1623/827 1047/1624/827 1049/1625/827 1048/1626/827
f 1047/1624/828 1051/1627/828 1052/1628/828 1049/1625/828
f 1043/1629/829 1050/1630/829 1052/1631/829 1051/1632/829
f 1050/1633/830 1045/1620/830 1046/1619/830 1052/1634/830
f 1046/1619/831 1049/1622/831 1052/1634/831
f 1053/1635/832 1056/1636/832 1058/1637/832 1057/1638/832
f 1056/1639/833 1060/1640/833 1061/1641/833 1058/1642/833
f 1054/1643/834 1059/1644/834 1061/1641/834 1060/1640/834
f 1059/1645/835 1063/1646/835 1064/1647/835 1061/1648/835
f 1055/1649/836 1062/1650/836 1064/1647/836 1063/1646/836
f 1062/1650/837 1057/1651/837 1058/1652/837 1064/1647/837
f 1058/1642/838 1061/1641/838 1064/1653/838
f 897/1397/839 873/1361/839 877/1364/839 900/1398/839
f 900/1398/840 877/1364/840 882/1377/840 904/1401/840
f 904/1406/841 882/1374/841 875/1373/841 898/1403/841
f 874/1369/842 885/1379/842 889/1382/842 879/1370/842
f 879/1370/843 889/1382/843 894/1395/843 883/1371/843
f 883/1376/844 894/1392/844 887/1391/844 875/1373/844
f 886/1387/845 909/1415/845 913/1418/845 891/1388/845
f 891/1388/846 913/1418/846 918/1431/846 895/1389/846
f 895/1394/847 918/1430/847 911/1429/847 887/1391/847
f 910/1421/848 899/1409/848 907/1412/848 915/1422/848
f 915/1425/849 907/1407/849 903/1404/849 919/1426/849
f 919/1426/850 903/1404/850 898/1403/850 911/1429/850
f 945/1469/851 897/1397/851 901/1400/851 948/1470/851
f 948/1470/852 901/1400/852 906/1413/852 952/1473/852
f 952/1478/853 906/1410/853 899/1409/853 946/1475/853
f 909/1415/854 957/1488/854 961/1491/854 912/1416/854
f 912/1416/855 961/1491/855 966/1504/855 916/1419/855
f 916/1424/856 966/1501/856 959/1500/856 910/1421/856
f 958/1494/857 947/1483/857 955/1480/857 963/1495/857
f 963/1495/858 955/1480/858 951/1479/858 967/1498/858
f 967/1503/859 951/1476/859 946/1475/859 959/1500/859
f 921/1433/860 945/1469/860 949/1472/860 924/1434/860
f 924/1437/861 949/1485/861 954/1484/861 928/1438/861
f 928/1438/862 954/1484/862 947/1483/862 922/1441/862
f 957/1488/863 933/1451/863 937/1454/863 960/1489/863
f 960/1489/864 937/1454/864 942/1467/864 964/1492/864
f 964/1497/865 942/1466/865 935/1465/865 958/1494/865
f 934/1457/866 923/1445/866 931/1448/866 939/1458/866
f 939/1461/867 931/1443/867 927/1442/867 943/1462/867
f 943/1462/868 927/1442/868 922/1441/868 935/1465/868
f 873/1361/869 921/1433/869 925/1436/869 876/1362/869
f 876/1365/870 925/1449/870 930/1446/870 880/1366/870
f 880/1366/871 930/1446/871 923/1445/871 874/1369/871
f 933/1451/872 886/1387/872 892/1384/872 936/1452/872
f 936/1452/873 892/1384/873 888/1383/873 940/1455/873
f 940/1460/874 888/1380/874 885/1379/874 934/1457/874
f 993/1543/875 969/1506/875 973/1509/875 996/1544/875
f 996/1544/876 973/1509/876 978/1522/876 1000/1547/876
f 1000/1552/877 978/1521/877 971/1520/877 994/1549/877
f 970/1512/878 981/1524/878 985/1527/878 975/1513/878
f 975/1516/879 985/1540/879 990/1539/879 979/1517/879
f 979/1517/880 990/1539/880 983/1538/880 971/1520/880
f 982/1530/881 1005/1561/881 1009/1564/881 987/1531/881
f 987/1534/882 1009/1577/882 1014/1576/882 991/1535/882
f 991/1535/883 1014/1576/883 1007/1575/883 983/1538/883
f 1006/1569/884 995/1555/884 1003/1558/884 1011/1570/884
f 1011/1571/885 1003/1553/885 999/1550/885 1015/1572/885
f 1015/1572/886 999/1550/886 994/1549/886 1007/1575/886
f 1041/1617/887 993/1543/887 997/1546/887 1044/1618/887
f 1044/1618/852 997/1546/852 1002/1559/852 1048/1621/852
f 1048/1626/888 1002/1556/888 995/1555/888 1042/1623/888
f 1005/1561/889 1053/1635/889 1057/1638/889 1008/1562/889
f 1008/1565/855 1057/1651/855 1062/1650/855 1012/1566/855
f 1012/1566/890 1062/1650/890 1055/1649/890 1006/1569/890
f 1054/1643/891 1043/1629/891 1051/1632/891 1059/1644/891
f 1059/1645/892 1051/1627/892 1047/1624/892 1063/1646/892
f 1063/1646/893 1047/1624/893 1042/1623/893 1055/1649/893
f 1017/1580/894 1041/1617/894 1045/1620/894 1020/1581/894
f 1020/1581/895 1045/1620/895 1050/1633/895 1024/1584/895
f 1024/1589/896 1050/1630/896 1043/1629/896 1018/1586/896
f 1053/1635/897 1029/1598/897 1033/1601/897 1056/1636/897
f 1056/1639/898 1033/1614/898 1038/1613/898 1060/1640/898
f 1060/1640/899 1038/1613/899 1031/1612/899 1054/1643/899
f 1030/1606/900 1019/1592/900 1027/1595/900 1035/1607/900
f 1035/1608/901 1027/1590/901 1023/1587/901 1039/1609/901
f 1039/1609/902 1023/1587/902 1018/1586/902 1031/1612/902
f 969/1506/903 1017/1580/903 1021/1583/903 972/1507/903
f 972/1507/870 1021/1583/870 1026/1596/870 976/1510/870
f 976/1515/904 1026/1593/904 1019/1592/904 970/1512/904
f 1029/1598/905 982/1530/905 988/1533/905 1032/1599/905
f 1032/1602/873 988/1528/873 984/1525/873 1036/1603/873
f 1036/1603/906 984/1525/906 981/1524/906 1030/1606/906
f 897/1397/907 945/1469/907 921/1433/907 873/1361/907
f 875/1373/908 887/1391/908 911/1429/908 898/1403/908
f 923/1445/909 934/1457/909 885/1379/909 874/1369/909
f 957/1488/910 909/1415/910 886/1387/910 933/1451/910
f 899/1409/911 910/1421/911 959/1500/911 946/1475/911
f 947/1483/912 958/1494/912 935/1465/912 922/1441/912
f 993/1543/907 1041/1617/907 1017/1580/907 969/1506/907
f 971/1520/913 983/1538/913 1007/1575/913 994/1549/913
f 1019/1592/909 1030/1606/909 981/1524/909 970/1512/909
f 1053/1635/910 1005/1561/910 982/1530/910 1029/1598/910
f 995/1555/911 1006/1569/911 1055/1649/911 1042/1623/911
f 1043/1629/914 1054/1643/914 1031/1612/914 1018/1586/914
o AK_groove_grip_001
v -0.108287 -0.070542 -0.017400
v -0.108287 -0.070142 -0.017000
v -0.108687 -0.070142 -0.017400
v -0.108287 -0.070425 -0.017117
v -0.108518 -0.070373 -0.017169
v -0.108570 -0.070142 -0.017117
v -0.108570 -0.070425 -0.017400
v -0.108287 -0.067942 -0.017000
v -0.108287 -0.067542 -0.017400
v -0.108687 -0.067942 -0.017400
v -0.108287 -0.067659 -0.017117
v -0.108518 -0.067711 -0.017169
v -0.108570 -0.067659 -0.017400
v -0.108570 -0.067942 -0.017117
v -0.108287 -0.070542 -0.017400
v -0.108687 -0.070142 -0.017400
v -0.108287 -0.070142 -0.017800
v -0.108570 -0.070425 -0.017400
v -0.108518 -0.070373 -0.017631
v -0.108570 -0.070142 -0.017683
v -0.108287 -0.070425 -0.017683
v -0.108287 -0.067542 -0.017400
v -0.108287 -0.067942 -0.017800
v -0.108687 -0.067942 -0.017400
v -0.108287 -0.067659 -0.017683
v -0.108518 -0.067711 -0.017631
v -0.108570 -0.067942 -0.017683
v -0.108570 -0.067659 -0.017400
v -0.069087 -0.070542 -0.017400
v -0.068687 -0.070142 -0.017400
v -0.069087 -0.070142 -0.017000
v -0.068804 -0.070425 -0.017400
v -0.068856 -0.070373 -0.017169
v -0.068804 -0.070142 -0.017117
v -0.069087 -0.070425 -0.017117
v -0.069087 -0.067542 -0.017400
v -0.069087 -0.067942 -0.017000
v -0.068687 -0.067942 -0.017400
v -0.069087 -0.067659 -0.017117
v -0.068856 -0.067711 -0.017169
v -0.068804 -0.067942 -0.017117
v -0.068804 -0.067659 -0.017400
v -0.069087 -0.070542 -0.017400
v -0.069087 -0.070142 -0.017800
v -0.068687 -0.070142 -0.017400
v -0.069087 -0.070425 -0.017683
v -0.068856 -0.070373 -0.017631
v -0.068804 -0.070142 -0.017683
v -0.068804 -0.070425 -0.017400
v -0.069087 -0.067542 -0.017400
v -0.068687 -0.067942 -0.017400
v -0.069087 -0.067942 -0.017800
v -0.068804 -0.067659 -0.017400
v -0.068856 -0.067711 -0.017631
v -0.068804 -0.067942 -0.017683
v -0.069087 -0.067659 -0.017683
vn -0.3251 -0.8881 0.3251
vn -0.3251 -0.3251 0.8881
vn -0.8881 -0.3251 0.3251
vn -0.3251 0.3251 0.8881
vn -0.3251 0.8881 0.3251
vn -0.8881 0.3251 0.3251
vn -0.3251 -0.8881 -0.3251
vn -0.8881 -0.3251 -0.3251
vn -0.3251 -0.3251 -0.8881
vn -0.3251 0.8881 -0.3251
vn -0.3251 0.3251 -0.8881
vn -0.8881 0.3251 -0.3251
vn 0.3251 -0.8881 0.3251
vn 0.8881 -0.3251 0.3251
vn 0.3251 -0.3251 0.8881
vn 0.3251 0.8881 0.3251
vn 0.3251 0.3251 0.8881
vn 0.8881 0.3251 0.3251
vn 0.3251 -0.8881 -0.3251
vn 0.3251 -0.3251 -0.8881
vn 0.8881 -0.3251 -0.3251
vn 0.3251 0.8881 -0.3251
vn 0.8881 0.3251 -0.3251
vn 0.3251 0.3251 -0.8881
vn -0.3827 -0.9239 -0.0000
vn -0.9239 -0.3827 -0.0000
vn -0.3827 -0.0000 0.9239
vn -0.9239 -0.0000 0.3827
vn -0.3827 0.9239 -0.0000
vn -0.9239 0.3827 -0.0000
vn -0.3827 -0.0000 -0.9239
vn -0.9239 -0.0000 -0.3827
vn -0.0000 -0.9239 -0.3827
vn -0.0000 -0.3827 -0.9239
vn -0.0000 0.9239 -0.3827
vn -0.0000 0.3827 -0.9239
vn 0.9239 -0.0000 -0.3827
vn 0.3827 -0.0000 -0.9239
vn 0.3827 -0.9239 -0.0000
vn 0.9239 -0.3827 -0.0000
vn 0.3827 0.9239 -0.0000
vn 0.9239 0.3827 -0.0000
vn 0.3827 -0.0000 0.9239
vn 0.9239 -0.0000 0.3827
vn -0.0000 -0.9239 0.3827
vn -0.0000 -0.3827 0.9239
vn -0.0000 0.9239 0.3827
vn -0.0000 0.3827 0.9239
vn -0.0000 -1.0000 -0.0000
vn -1.0000 -0.0000 -0.0000
vn -0.0000 -0.0000 1.0000
vn -0.0000 1.0000 -0.0000
vn -0.0000 -0.0000 -1.0000
vn 1.0000 -0.0000 -0.0000
vt 0.164242 0.010888
vt 0.154260 0.010888
vt 0.154260 0.005125
vt 0.164242 0.000906
vt 0.142466 0.010888
vt 0.142466 0.000906
vt 0.148229 0.000906
vt 0.152447 0.010888
vt 0.207795 0.065789
vt 0.207795 0.075770
vt 0.202032 0.075770
vt 0.197813 0.065789
vt 0.087565 0.010888
vt 0.077583 0.010888
vt 0.077583 0.005125
vt 0.087565 0.000906
vt 0.186019 0.989112
vt 0.186019 0.999094
vt 0.180256 0.999094
vt 0.176037 0.989112
vt 0.207795 0.010888
vt 0.197813 0.010888
vt 0.197813 0.005125
vt 0.207795 0.000906
vt 0.170005 0.000906
vt 0.174224 0.010888
vt 0.207795 0.065789
vt 0.217777 0.065789
vt 0.217777 0.071552
vt 0.065789 0.989112
vt 0.075770 0.989112
vt 0.075770 0.994875
vt 0.065789 0.999094
vt 0.196000 0.989112
vt 0.196000 0.994875
vt 0.186019 0.999094
vt 0.010888 0.989112
vt 0.010888 0.999094
vt 0.005125 0.999094
vt 0.000906 0.989112
vt 0.207795 0.010888
vt 0.213558 0.000906
vt 0.217777 0.010888
vt 0.164242 0.989112
vt 0.164242 0.999094
vt 0.158479 0.999094
vt 0.154260 0.989112
vt 0.207795 0.142465
vt 0.217777 0.142465
vt 0.217777 0.148228
vt 0.207795 0.152447
vt 0.142465 0.989112
vt 0.152447 0.989112
vt 0.152447 0.994875
vt 0.142465 0.999094
vt 0.186019 0.010888
vt 0.176037 0.010888
vt 0.176037 0.005125
vt 0.186019 0.000906
vt 0.087565 0.989112
vt 0.087565 0.999094
vt 0.081802 0.999094
vt 0.077583 0.989112
vt 0.207795 0.087565
vt 0.207795 0.077583
vt 0.213558 0.077583
vt 0.217777 0.087565
vt 0.174224 0.989112
vt 0.174224 0.994875
vt 0.164242 0.999094
vt 0.065789 0.010888
vt 0.065789 0.000906
vt 0.071552 0.000906
vt 0.075770 0.010888
vt 0.207795 0.142465
vt 0.202032 0.152447
vt 0.197813 0.142465
vt 0.191782 0.000906
vt 0.196001 0.010888
vt 0.207795 0.087565
vt 0.197813 0.087565
vt 0.197813 0.081802
vt 0.010888 0.010888
vt 0.000906 0.010888
vt 0.000906 0.005125
vt 0.010888 0.000906
s 0
usemtl MAT_grip_dark_bakelite
f 1065/1654/915 1068/1655/915 1069/1656/915 1071/1657/915
f 1066/1658/916 1070/1659/916 1069/1660/916 1068/1661/916
f 1067/1662/917 1071/1663/917 1069/1664/917 1070/1665/917
f 1072/1666/918 1075/1667/918 1076/1668/918 1078/1669/918
f 1073/1670/919 1077/1671/919 1076/1672/919 1075/1673/919
f 1074/1674/920 1078/1675/920 1076/1676/920 1077/1677/920
f 1079/1654/921 1082/1657/921 1083/1678/921 1085/1679/921
f 1080/1680/922 1084/1681/922 1083/1682/922 1082/1663/922
f 1081/1683/923 1085/1684/923 1083/1685/923 1084/1686/923
f 1086/1670/924 1089/1687/924 1090/1688/924 1092/1689/924
f 1087/1690/925 1091/1691/925 1090/1692/925 1089/1693/925
f 1088/1694/926 1092/1677/926 1090/1695/926 1091/1696/926
f 1093/1697/927 1096/1698/927 1097/1699/927 1099/1700/927
f 1094/1701/928 1098/1702/928 1097/1703/928 1096/1704/928
f 1095/1705/929 1099/1706/929 1097/1707/929 1098/1708/929
f 1100/1709/930 1103/1710/930 1104/1711/930 1106/1712/930
f 1101/1713/931 1105/1714/931 1104/1715/931 1103/1716/931
f 1102/1717/932 1106/1718/932 1104/1719/932 1105/1720/932
f 1107/1697/933 1110/1721/933 1111/1722/933 1113/1723/933
f 1108/1724/934 1112/1725/934 1111/1726/934 1110/1727/934
f 1109/1728/935 1113/1704/935 1111/1729/935 1112/1730/935
f 1114/1709/936 1117/1712/936 1118/1731/936 1120/1732/936
f 1115/1733/937 1119/1734/937 1118/1735/937 1117/1718/937
f 1116/1736/938 1120/1737/938 1118/1738/938 1119/1739/938
f 1079/1654/939 1065/1654/939 1071/1657/939 1082/1657/939
f 1082/1663/940 1071/1663/940 1067/1662/940 1080/1680/940
f 1066/1658/941 1072/1666/941 1078/1669/941 1070/1659/941
f 1070/1665/942 1078/1675/942 1074/1674/942 1067/1662/942
f 1073/1670/943 1086/1670/943 1092/1689/943 1077/1671/943
f 1077/1677/944 1092/1677/944 1088/1694/944 1074/1674/944
f 1087/1690/945 1081/1683/945 1084/1686/945 1091/1691/945
f 1091/1696/946 1084/1681/946 1080/1680/946 1088/1694/946
f 1107/1697/947 1079/1654/947 1085/1679/947 1110/1721/947
f 1110/1727/948 1085/1684/948 1081/1683/948 1108/1724/948
f 1086/1670/949 1114/1709/949 1120/1732/949 1089/1687/949
f 1089/1693/950 1120/1737/950 1116/1736/950 1087/1690/950
f 1115/1733/951 1109/1728/951 1112/1730/951 1119/1734/951
f 1119/1739/952 1112/1725/952 1108/1724/952 1116/1736/952
f 1093/1697/953 1107/1697/953 1113/1723/953 1096/1698/953
f 1096/1704/954 1113/1704/954 1109/1728/954 1094/1701/954
f 1114/1709/955 1100/1709/955 1106/1712/955 1117/1712/955
f 1117/1718/956 1106/1718/956 1102/1717/956 1115/1733/956
f 1101/1713/957 1095/1705/957 1098/1708/957 1105/1714/957
f 1105/1720/958 1098/1702/958 1094/1701/958 1102/1717/958
f 1065/1654/959 1093/1697/959 1099/1700/959 1068/1655/959
f 1068/1661/960 1099/1706/960 1095/1705/960 1066/1658/960
f 1100/1709/961 1073/1670/961 1075/1673/961 1103/1710/961
f 1103/1716/962 1075/1667/962 1072/1666/962 1101/1713/962
f 1079/1654/963 1107/1697/963 1093/1697/963 1065/1654/963
f 1067/1662/964 1074/1674/964 1088/1694/964 1080/1680/964
f 1095/1705/965 1101/1713/965 1072/1666/965 1066/1658/965
f 1114/1709/966 1086/1670/966 1073/1670/966 1100/1709/966
f 1081/1683/967 1087/1690/967 1116/1736/967 1108/1724/967
f 1109/1728/968 1115/1733/968 1102/1717/968 1094/1701/968
o AK_groove_grip_002
v -0.108287 -0.095542 -0.017400
v -0.108287 -0.095142 -0.017000
v -0.108687 -0.095142 -0.017400
v -0.108287 -0.095425 -0.017117
v -0.108518 -0.095373 -0.017169
v -0.108570 -0.095142 -0.017117
v -0.108570 -0.095425 -0.017400
v -0.108287 -0.092942 -0.017000
v -0.108287 -0.092542 -0.017400
v -0.108687 -0.092942 -0.017400
v -0.108287 -0.092659 -0.017117
v -0.108518 -0.092711 -0.017169
v -0.108570 -0.092659 -0.017400
v -0.108570 -0.092942 -0.017117
v -0.108287 -0.095542 -0.017400
v -0.108687 -0.095142 -0.017400
v -0.108287 -0.095142 -0.017800
v -0.108570 -0.095425 -0.017400
v -0.108518 -0.095373 -0.017631
v -0.108570 -0.095142 -0.017683
v -0.108287 -0.095425 -0.017683
v -0.108287 -0.092542 -0.017400
v -0.108287 -0.092942 -0.017800
v -0.108687 -0.092942 -0.017400
v -0.108287 -0.092659 -0.017683
v -0.108518 -0.092711 -0.017631
v -0.108570 -0.092942 -0.017683
v -0.108570 -0.092659 -0.017400
v -0.069087 -0.095542 -0.017400
v -0.068687 -0.095142 -0.017400
v -0.069087 -0.095142 -0.017000
v -0.068804 -0.095425 -0.017400
v -0.068856 -0.095373 -0.017169
v -0.068804 -0.095142 -0.017117
v -0.069087 -0.095425 -0.017117
v -0.069087 -0.092542 -0.017400
v -0.069087 -0.092942 -0.017000
v -0.068687 -0.092942 -0.017400
v -0.069087 -0.092659 -0.017117
v -0.068856 -0.092711 -0.017169
v -0.068804 -0.092942 -0.017117
v -0.068804 -0.092659 -0.017400
v -0.069087 -0.095542 -0.017400
v -0.069087 -0.095142 -0.017800
v -0.068687 -0.095142 -0.017400
v -0.069087 -0.095425 -0.017683
v -0.068856 -0.095373 -0.017631
v -0.068804 -0.095142 -0.017683
v -0.068804 -0.095425 -0.017400
v -0.069087 -0.092542 -0.017400
v -0.068687 -0.092942 -0.017400
v -0.069087 -0.092942 -0.017800
v -0.068804 -0.092659 -0.017400
v -0.068856 -0.092711 -0.017631
v -0.068804 -0.092942 -0.017683
v -0.069087 -0.092659 -0.017683
vn -0.3251 -0.8881 0.3251
vn -0.3251 -0.3251 0.8881
vn -0.8881 -0.3251 0.3251
vn -0.3251 0.3251 0.8881
vn -0.3251 0.8881 0.3251
vn -0.8881 0.3251 0.3251
vn -0.3251 -0.8881 -0.3251
vn -0.8881 -0.3251 -0.3251
vn -0.3251 -0.3251 -0.8881
vn -0.3251 0.8881 -0.3251
vn -0.3251 0.3251 -0.8881
vn -0.8881 0.3251 -0.3251
vn 0.3251 -0.8881 0.3251
vn 0.8881 -0.3251 0.3251
vn 0.3251 -0.3251 0.8881
vn 0.3251 0.8881 0.3251
vn 0.3251 0.3251 0.8881
vn 0.8881 0.3251 0.3251
vn 0.3251 -0.8881 -0.3251
vn 0.3251 -0.3251 -0.8881
vn 0.8881 -0.3251 -0.3251
vn 0.3251 0.8881 -0.3251
vn 0.8881 0.3251 -0.3251
vn 0.3251 0.3251 -0.8881
vn -0.3827 -0.9239 -0.0000
vn -0.9239 -0.3827 -0.0000
vn -0.3827 -0.0000 0.9239
vn -0.9239 -0.0000 0.3827
vn -0.3827 0.9239 -0.0000
vn -0.9239 0.3827 -0.0000
vn -0.3827 -0.0000 -0.9239
vn -0.9239 -0.0000 -0.3827
vn -0.0000 -0.9239 -0.3827
vn -0.0000 -0.3827 -0.9239
vn -0.0000 0.9239 -0.3827
vn -0.0000 0.3827 -0.9239
vn 0.9239 -0.0000 -0.3827
vn 0.3827 -0.0000 -0.9239
vn 0.3827 -0.9239 -0.0000
vn 0.9239 -0.3827 -0.0000
vn 0.3827 0.9239 -0.0000
vn 0.9239 0.3827 -0.0000
vn 0.3827 -0.0000 0.9239
vn 0.9239 -0.0000 0.3827
vn -0.0000 -0.9239 0.3827
vn -0.0000 -0.3827 0.9239
vn -0.0000 0.9239 0.3827
vn -0.0000 0.3827 0.9239
vn -0.0000 -1.0000 -0.0000
vn -1.0000 -0.0000 -0.0000
vn -0.0000 -0.0000 1.0000
vn -0.0000 1.0000 -0.0000
vn -0.0000 -0.0000 -1.0000
vn 1.0000 -0.0000 -0.0000
vt 0.164242 0.010888
vt 0.154260 0.010888
vt 0.154260 0.005125
vt 0.164242 0.000906
vt 0.142466 0.010888
vt 0.142466 0.000906
vt 0.148229 0.000906
vt 0.152447 0.010888
vt 0.207795 0.065789
vt 0.207795 0.075770
vt 0.202032 0.075770
vt 0.197813 0.065789
vt 0.087565 0.010888
vt 0.077583 0.010888
vt 0.077583 0.005125
vt 0.087565 0.000906
vt 0.186019 0.989112
vt 0.186019 0.999094
vt 0.180256 0.999094
vt 0.176037 0.989112
vt 0.207795 0.010888
vt 0.197813 0.010888
vt 0.197813 0.005125
vt 0.207795 0.000906
vt 0.170005 0.000906
vt 0.174224 0.010888
vt 0.207795 0.065789
vt 0.217777 0.065789
vt 0.217777 0.071552
vt 0.065789 0.989112
vt 0.075770 0.989112
vt 0.075770 0.994875
vt 0.065789 0.999094
vt 0.196000 0.989112
vt 0.196000 0.994875
vt 0.186019 0.999094
vt 0.010888 0.989112
vt 0.010888 0.999094
vt 0.005125 0.999094
vt 0.000906 0.989112
vt 0.207795 0.010888
vt 0.213558 0.000906
vt 0.217777 0.010888
vt 0.164242 0.989112
vt 0.164242 0.999094
vt 0.158479 0.999094
vt 0.154260 0.989112
vt 0.207795 0.142465
vt 0.217777 0.142465
vt 0.217777 0.148228
vt 0.207795 0.152447
vt 0.142465 0.989112
vt 0.152447 0.989112
vt 0.152447 0.994875
vt 0.142465 0.999094
vt 0.186019 0.010888
vt 0.176037 0.010888
vt 0.176037 0.005125
vt 0.186019 0.000906
vt 0.087565 0.989112
vt 0.087565 0.999094
vt 0.081802 0.999094
vt 0.077583 0.989112
vt 0.207795 0.087565
vt 0.207795 0.077583
vt 0.213558 0.077583
vt 0.217777 0.087565
vt 0.174224 0.989112
vt 0.174224 0.994875
vt 0.164242 0.999094
vt 0.065789 0.010888
vt 0.065789 0.000906
vt 0.071552 0.000906
vt 0.075770 0.010888
vt 0.207795 0.142465
vt 0.202032 0.152447
vt 0.197813 0.142465
vt 0.191782 0.000906
vt 0.196001 0.010888
vt 0.207795 0.087565
vt 0.197813 0.087565
vt 0.197813 0.081802
vt 0.010888 0.010888
vt 0.000906 0.010888
vt 0.000906 0.005125
vt 0.010888 0.000906
s 0
usemtl MAT_grip_dark_bakelite
f 1121/1740/969 1124/1741/969 1125/1742/969 1127/1743/969
f 1122/1744/970 1126/1745/970 1125/1746/970 1124/1747/970
f 1123/1748/971 1127/1749/971 1125/1750/971 1126/1751/971
f 1128/1752/972 1131/1753/972 1132/1754/972 1134/1755/972
f 1129/1756/973 1133/1757/973 1132/1758/973 1131/1759/973
f 1130/1760/974 1134/1761/974 1132/1762/974 1133/1763/974
f 1135/1740/975 1138/1743/975 1139/1764/975 1141/1765/975
f 1136/1766/976 1140/1767/976 1139/1768/976 1138/1749/976
f 1137/1769/977 1141/1770/977 1139/1771/977 1140/1772/977
f 1142/1756/978 1145/1773/978 1146/1774/978 1148/1775/978
f 1143/1776/979 1147/1777/979 1146/1778/979 1145/1779/979
f 1144/1780/980 1148/1763/980 1146/1781/980 1147/1782/980
f 1149/1783/981 1152/1784/981 1153/1785/981 1155/1786/981
f 1150/1787/982 1154/1788/982 1153/1789/982 1152/1790/982
f 1151/1791/983 1155/1792/983 1153/1793/983 1154/1794/983
f 1156/1795/984 1159/1796/984 1160/1797/984 1162/1798/984
f 1157/1799/985 1161/1800/985 1160/1801/985 1159/1802/985
f 1158/1803/986 1162/1804/986 1160/1805/986 1161/1806/986
f 1163/1783/987 1166/1807/987 1167/1808/987 1169/1809/987
f 1164/1810/988 1168/1811/988 1167/1812/988 1166/1813/988
f 1165/1814/989 1169/1790/989 1167/1815/989 1168/1816/989
f 1170/1795/990 1173/1798/990 1174/1817/990 1176/1818/990
f 1171/1819/991 1175/1820/991 1174/1821/991 1173/1804/991
f 1172/1822/992 1176/1823/992 1174/1824/992 1175/1825/992
f 1135/1740/993 1121/1740/993 1127/1743/993 1138/1743/993
f 1138/1749/994 1127/1749/994 1123/1748/994 1136/1766/994
f 1122/1744/995 1128/1752/995 1134/1755/995 1126/1745/995
f 1126/1751/996 1134/1761/996 1130/1760/996 1123/1748/996
f 1129/1756/997 1142/1756/997 1148/1775/997 1133/1757/997
f 1133/1763/998 1148/1763/998 1144/1780/998 1130/1760/998
f 1143/1776/999 1137/1769/999 1140/1772/999 1147/1777/999
f 1147/1782/1000 1140/1767/1000 1136/1766/1000 1144/1780/1000
f 1163/1783/1001 1135/1740/1001 1141/1765/1001 1166/1807/1001
f 1166/1813/1002 1141/1770/1002 1137/1769/1002 1164/1810/1002
f 1142/1756/1003 1170/1795/1003 1176/1818/1003 1145/1773/1003
f 1145/1779/1004 1176/1823/1004 1172/1822/1004 1143/1776/1004
f 1171/1819/1005 1165/1814/1005 1168/1816/1005 1175/1820/1005
f 1175/1825/1006 1168/1811/1006 1164/1810/1006 1172/1822/1006
f 1149/1783/1007 1163/1783/1007 1169/1809/1007 1152/1784/1007
f 1152/1790/1008 1169/1790/1008 1165/1814/1008 1150/1787/1008
f 1170/1795/1009 1156/1795/1009 1162/1798/1009 1173/1798/1009
f 1173/1804/1010 1162/1804/1010 1158/1803/1010 1171/1819/1010
f 1157/1799/1011 1151/1791/1011 1154/1794/1011 1161/1800/1011
f 1161/1806/1012 1154/1788/1012 1150/1787/1012 1158/1803/1012
f 1121/1740/1013 1149/1783/1013 1155/1786/1013 1124/1741/1013
f 1124/1747/1014 1155/1792/1014 1151/1791/1014 1122/1744/1014
f 1156/1795/1015 1129/1756/1015 1131/1759/1015 1159/1796/1015
f 1159/1802/1016 1131/1753/1016 1128/1752/1016 1157/1799/1016
f 1135/1740/1017 1163/1783/1017 1149/1783/1017 1121/1740/1017
f 1123/1748/1018 1130/1760/1018 1144/1780/1018 1136/1766/1018
f 1151/1791/1019 1157/1799/1019 1128/1752/1019 1122/1744/1019
f 1170/1795/1020 1142/1756/1020 1129/1756/1020 1156/1795/1020
f 1137/1769/1021 1143/1776/1021 1172/1822/1021 1164/1810/1021
f 1165/1814/1022 1171/1819/1022 1158/1803/1022 1150/1787/1022
o AK_groove_grip_003
v -0.108287 -0.120542 -0.017400
v -0.108287 -0.120142 -0.017000
v -0.108687 -0.120142 -0.017400
v -0.108287 -0.120425 -0.017117
v -0.108518 -0.120373 -0.017169
v -0.108570 -0.120142 -0.017117
v -0.108570 -0.120425 -0.017400
v -0.108287 -0.117942 -0.017000
v -0.108287 -0.117542 -0.017400
v -0.108687 -0.117942 -0.017400
v -0.108287 -0.117659 -0.017117
v -0.108518 -0.117711 -0.017169
v -0.108570 -0.117659 -0.017400
v -0.108570 -0.117942 -0.017117
v -0.108287 -0.120542 -0.017400
v -0.108687 -0.120142 -0.017400
v -0.108287 -0.120142 -0.017800
v -0.108570 -0.120425 -0.017400
v -0.108518 -0.120373 -0.017631
v -0.108570 -0.120142 -0.017683
v -0.108287 -0.120425 -0.017683
v -0.108287 -0.117542 -0.017400
v -0.108287 -0.117942 -0.017800
v -0.108687 -0.117942 -0.017400
v -0.108287 -0.117659 -0.017683
v -0.108518 -0.117711 -0.017631
v -0.108570 -0.117942 -0.017683
v -0.108570 -0.117659 -0.017400
v -0.069087 -0.120542 -0.017400
v -0.068687 -0.120142 -0.017400
v -0.069087 -0.120142 -0.017000
v -0.068804 -0.120425 -0.017400
v -0.068856 -0.120373 -0.017169
v -0.068804 -0.120142 -0.017117
v -0.069087 -0.120425 -0.017117
v -0.069087 -0.117542 -0.017400
v -0.069087 -0.117942 -0.017000
v -0.068687 -0.117942 -0.017400
v -0.069087 -0.117659 -0.017117
v -0.068856 -0.117711 -0.017169
v -0.068804 -0.117942 -0.017117
v -0.068804 -0.117659 -0.017400
v -0.069087 -0.120542 -0.017400
v -0.069087 -0.120142 -0.017800
v -0.068687 -0.120142 -0.017400
v -0.069087 -0.120425 -0.017683
v -0.068856 -0.120373 -0.017631
v -0.068804 -0.120142 -0.017683
v -0.068804 -0.120425 -0.017400
v -0.069087 -0.117542 -0.017400
v -0.068687 -0.117942 -0.017400
v -0.069087 -0.117942 -0.017800
v -0.068804 -0.117659 -0.017400
v -0.068856 -0.117711 -0.017631
v -0.068804 -0.117942 -0.017683
v -0.069087 -0.117659 -0.017683
vn -0.3251 -0.8881 0.3251
vn -0.3251 -0.3251 0.8881
vn -0.8881 -0.3251 0.3251
vn -0.3251 0.3251 0.8881
vn -0.3251 0.8881 0.3251
vn -0.8881 0.3251 0.3251
vn -0.3251 -0.8881 -0.3251
vn -0.8881 -0.3251 -0.3251
vn -0.3251 -0.3251 -0.8881
vn -0.3251 0.8881 -0.3251
vn -0.3251 0.3251 -0.8881
vn -0.8881 0.3251 -0.3251
vn 0.3251 -0.8881 0.3251
vn 0.8881 -0.3251 0.3251
vn 0.3251 -0.3251 0.8881
vn 0.3251 0.8881 0.3251
vn 0.3251 0.3251 0.8881
vn 0.8881 0.3251 0.3251
vn 0.3251 -0.8881 -0.3251
vn 0.3251 -0.3251 -0.8881
vn 0.8881 -0.3251 -0.3251
vn 0.3251 0.8881 -0.3251
vn 0.8881 0.3251 -0.3251
vn 0.3251 0.3251 -0.8881
vn -0.3827 -0.9239 -0.0000
vn -0.9239 -0.3827 -0.0000
vn -0.3827 -0.0000 0.9239
vn -0.9239 -0.0000 0.3827
vn -0.3827 0.9239 -0.0000
vn -0.9239 0.3827 -0.0000
vn -0.3827 -0.0000 -0.9239
vn -0.9239 -0.0000 -0.3827
vn -0.0000 -0.9239 -0.3827
vn -0.0000 -0.3827 -0.9239
vn -0.0000 0.9239 -0.3827
vn -0.0000 0.3827 -0.9239
vn 0.9239 -0.0000 -0.3827
vn 0.3827 -0.0000 -0.9239
vn 0.3827 -0.9239 -0.0000
vn 0.9239 -0.3827 -0.0000
vn 0.3827 0.9239 -0.0000
vn 0.9239 0.3827 -0.0000
vn 0.3827 -0.0000 0.9239
vn 0.9239 -0.0000 0.3827
vn -0.0000 -0.9239 0.3827
vn -0.0000 -0.3827 0.9239
vn -0.0000 0.9239 0.3827
vn -0.0000 0.3827 0.9239
vn -0.0000 -1.0000 -0.0000
vn -1.0000 -0.0000 -0.0000
vn -0.0000 -0.0000 1.0000
vn -0.0000 1.0000 -0.0000
vn -0.0000 -0.0000 -1.0000
vn 1.0000 -0.0000 -0.0000
vt 0.164242 0.010888
vt 0.154260 0.010888
vt 0.154260 0.005125
vt 0.164242 0.000906
vt 0.142466 0.010888
vt 0.142466 0.000906
vt 0.148229 0.000906
vt 0.152447 0.010888
vt 0.207795 0.065789
vt 0.207795 0.075770
vt 0.202032 0.075770
vt 0.197813 0.065789
vt 0.087565 0.010888
vt 0.077583 0.010888
vt 0.077583 0.005125
vt 0.087565 0.000906
vt 0.186019 0.989112
vt 0.186019 0.999094
vt 0.180256 0.999094
vt 0.176037 0.989112
vt 0.207795 0.010888
vt 0.197813 0.010888
vt 0.197813 0.005125
vt 0.207795 0.000906
vt 0.170005 0.000906
vt 0.174224 0.010888
vt 0.207795 0.065789
vt 0.217777 0.065789
vt 0.217777 0.071552
vt 0.065789 0.989112
vt 0.075770 0.989112
vt 0.075770 0.994875
vt 0.065789 0.999094
vt 0.196000 0.989112
vt 0.196000 0.994875
vt 0.186019 0.999094
vt 0.010888 0.989112
vt 0.010888 0.999094
vt 0.005125 0.999094
vt 0.000906 0.989112
vt 0.207795 0.010888
vt 0.213558 0.000906
vt 0.217777 0.010888
vt 0.164242 0.989112
vt 0.164242 0.999094
vt 0.158479 0.999094
vt 0.154260 0.989112
vt 0.207795 0.142465
vt 0.217777 0.142465
vt 0.217777 0.148228
vt 0.207795 0.152447
vt 0.142465 0.989112
vt 0.152447 0.989112
vt 0.152447 0.994875
vt 0.142465 0.999094
vt 0.186019 0.010888
vt 0.176037 0.010888
vt 0.176037 0.005125
vt 0.186019 0.000906
vt 0.087565 0.989112
vt 0.087565 0.999094
vt 0.081802 0.999094
vt 0.077583 0.989112
vt 0.207795 0.087565
vt 0.207795 0.077583
vt 0.213558 0.077583
vt 0.217777 0.087565
vt 0.174224 0.989112
vt 0.174224 0.994875
vt 0.164242 0.999094
vt 0.065789 0.010888
vt 0.065789 0.000906
vt 0.071552 0.000906
vt 0.075770 0.010888
vt 0.207795 0.142465
vt 0.202032 0.152447
vt 0.197813 0.142465
vt 0.191782 0.000906
vt 0.196001 0.010888
vt 0.207795 0.087565
vt 0.197813 0.087565
vt 0.197813 0.081802
vt 0.010888 0.010888
vt 0.000906 0.010888
vt 0.000906 0.005125
vt 0.010888 0.000906
s 0
usemtl MAT_grip_dark_bakelite
f 1177/1826/1023 1180/1827/1023 1181/1828/1023 1183/1829/1023
f 1178/1830/1024 1182/1831/1024 1181/1832/1024 1180/1833/1024
f 1179/1834/1025 1183/1835/1025 1181/1836/1025 1182/1837/1025
f 1184/1838/1026 1187/1839/1026 1188/1840/1026 1190/1841/1026
f 1185/1842/1027 1189/1843/1027 1188/1844/1027 1187/1845/1027
f 1186/1846/1028 1190/1847/1028 1188/1848/1028 1189/1849/1028
f 1191/1826/1029 1194/1829/1029 1195/1850/1029 1197/1851/1029
f 1192/1852/1030 1196/1853/1030 1195/1854/1030 1194/1835/1030
f 1193/1855/1031 1197/1856/1031 1195/1857/1031 1196/1858/1031
f 1198/1842/1032 1201/1859/1032 1202/1860/1032 1204/1861/1032
f 1199/1862/1033 1203/1863/1033 1202/1864/1033 1201/1865/1033
f 1200/1866/1034 1204/1849/1034 1202/1867/1034 1203/1868/1034
f 1205/1869/1035 1208/1870/1035 1209/1871/1035 1211/1872/1035
f 1206/1873/1036 1210/1874/1036 1209/1875/1036 1208/1876/1036
f 1207/1877/1037 1211/1878/1037 1209/1879/1037 1210/1880/1037
f 1212/1881/1038 1215/1882/1038 1216/1883/1038 1218/1884/1038
f 1213/1885/1039 1217/1886/1039 1216/1887/1039 1215/1888/1039
f 1214/1889/1040 1218/1890/1040 1216/1891/1040 1217/1892/1040
f 1219/1869/1041 1222/1893/1041 1223/1894/1041 1225/1895/1041
f 1220/1896/1042 1224/1897/1042 1223/1898/1042 1222/1899/1042
f 1221/1900/1043 1225/1876/1043 1223/1901/1043 1224/1902/1043
f 1226/1881/1044 1229/1884/1044 1230/1903/1044 1232/1904/1044
f 1227/1905/1045 1231/1906/1045 1230/1907/1045 1229/1890/1045
f 1228/1908/1046 1232/1909/1046 1230/1910/1046 1231/1911/1046
f 1191/1826/1047 1177/1826/1047 1183/1829/1047 1194/1829/1047
f 1194/1835/1048 1183/1835/1048 1179/1834/1048 1192/1852/1048
f 1178/1830/1049 1184/1838/1049 1190/1841/1049 1182/1831/1049
f 1182/1837/1050 1190/1847/1050 1186/1846/1050 1179/1834/1050
f 1185/1842/1051 1198/1842/1051 1204/1861/1051 1189/1843/1051
f 1189/1849/1052 1204/1849/1052 1200/1866/1052 1186/1846/1052
f 1199/1862/1053 1193/1855/1053 1196/1858/1053 1203/1863/1053
f 1203/1868/1054 1196/1853/1054 1192/1852/1054 1200/1866/1054
f 1219/1869/1055 1191/1826/1055 1197/1851/1055 1222/1893/1055
f 1222/1899/1056 1197/1856/1056 1193/1855/1056 1220/1896/1056
f 1198/1842/1057 1226/1881/1057 1232/1904/1057 1201/1859/1057
f 1201/1865/1058 1232/1909/1058 1228/1908/1058 1199/1862/1058
f 1227/1905/1059 1221/1900/1059 1224/1902/1059 1231/1906/1059
f 1231/1911/1060 1224/1897/1060 1220/1896/1060 1228/1908/1060
f 1205/1869/1061 1219/1869/1061 1225/1895/1061 1208/1870/1061
f 1208/1876/1062 1225/1876/1062 1221/1900/1062 1206/1873/1062
f 1226/1881/1063 1212/1881/1063 1218/1884/1063 1229/1884/1063
f 1229/1890/1064 1218/1890/1064 1214/1889/1064 1227/1905/1064
f 1213/1885/1065 1207/1877/1065 1210/1880/1065 1217/1886/1065
f 1217/1892/1066 1210/1874/1066 1206/1873/1066 1214/1889/1066
f 1177/1826/1067 1205/1869/1067 1211/1872/1067 1180/1827/1067
f 1180/1833/1068 1211/1878/1068 1207/1877/1068 1178/1830/1068
f 1212/1881/1069 1185/1842/1069 1187/1845/1069 1215/1882/1069
f 1215/1888/1070 1187/1839/1070 1184/1838/1070 1213/1885/1070
f 1191/1826/1071 1219/1869/1071 1205/1869/1071 1177/1826/1071
f 1179/1834/1072 1186/1846/1072 1200/1866/1072 1192/1852/1072
f 1207/1877/1073 1213/1885/1073 1184/1838/1073 1178/1830/1073
f 1226/1881/1074 1198/1842/1074 1185/1842/1074 1212/1881/1074
f 1193/1855/1075 1199/1862/1075 1228/1908/1075 1220/1896/1075
f 1221/1900/1076 1227/1905/1076 1214/1889/1076 1206/1873/1076
o AK_groove_handguard_lower_001
v 0.085300 0.012000 -0.020300
v 0.085300 0.012300 -0.020000
v 0.085000 0.012300 -0.020300
v 0.085300 0.012088 -0.020088
v 0.085127 0.012127 -0.020127
v 0.085088 0.012300 -0.020088
v 0.085088 0.012088 -0.020300
v 0.085300 0.013700 -0.020000
v 0.085300 0.014000 -0.020300
v 0.085000 0.013700 -0.020300
v 0.085300 0.013912 -0.020088
v 0.085127 0.013873 -0.020127
v 0.085088 0.013912 -0.020300
v 0.085088 0.013700 -0.020088
v 0.085300 0.012000 -0.020300
v 0.085000 0.012300 -0.020300
v 0.085300 0.012300 -0.020600
v 0.085088 0.012088 -0.020300
v 0.085127 0.012127 -0.020473
v 0.085088 0.012300 -0.020512
v 0.085300 0.012088 -0.020512
v 0.085300 0.014000 -0.020300
v 0.085300 0.013700 -0.020600
v 0.085000 0.013700 -0.020300
v 0.085300 0.013912 -0.020512
v 0.085127 0.013873 -0.020473
v 0.085088 0.013700 -0.020512
v 0.085088 0.013912 -0.020300
v 0.184700 0.012000 -0.020300
v 0.185000 0.012300 -0.020300
v 0.184700 0.012300 -0.020000
v 0.184912 0.012088 -0.020300
v 0.184873 0.012127 -0.020127
v 0.184912 0.012300 -0.020088
v 0.184700 0.012088 -0.020088
v 0.184700 0.014000 -0.020300
v 0.184700 0.013700 -0.020000
v 0.185000 0.013700 -0.020300
v 0.184700 0.013912 -0.020088
v 0.184873 0.013873 -0.020127
v 0.184912 0.013700 -0.020088
v 0.184912 0.013912 -0.020300
v 0.184700 0.012000 -0.020300
v 0.184700 0.012300 -0.020600
v 0.185000 0.012300 -0.020300
v 0.184700 0.012088 -0.020512
v 0.184873 0.012127 -0.020473
v 0.184912 0.012300 -0.020512
v 0.184912 0.012088 -0.020300
v 0.184700 0.014000 -0.020300
v 0.185000 0.013700 -0.020300
v 0.184700 0.013700 -0.020600
v 0.184912 0.013912 -0.020300
v 0.184873 0.013873 -0.020473
v 0.184912 0.013700 -0.020512
v 0.184700 0.013912 -0.020512
vn -0.3251 -0.8881 0.3251
vn -0.3251 -0.3251 0.8881
vn -0.8881 -0.3251 0.3251
vn -0.3251 0.3251 0.8881
vn -0.3251 0.8881 0.3251
vn -0.8881 0.3251 0.3251
vn -0.3251 -0.8881 -0.3251
vn -0.8881 -0.3251 -0.3251
vn -0.3251 -0.3251 -0.8881
vn -0.3251 0.8881 -0.3251
vn -0.3251 0.3251 -0.8881
vn -0.8881 0.3251 -0.3251
vn 0.3251 -0.8881 0.3251
vn 0.8881 -0.3251 0.3251
vn 0.3251 -0.3251 0.8881
vn 0.3251 0.8881 0.3251
vn 0.3251 0.3251 0.8881
vn 0.8881 0.3251 0.3251
vn 0.3251 -0.8881 -0.3251
vn 0.3251 -0.3251 -0.8881
vn 0.8881 -0.3251 -0.3251
vn 0.3251 0.8881 -0.3251
vn 0.8881 0.3251 -0.3251
vn 0.3251 0.3251 -0.8881
vn -0.3827 -0.9239 -0.0000
vn -0.9239 -0.3827 -0.0000
vn -0.3827 -0.0000 0.9239
vn -0.9239 -0.0000 0.3827
vn -0.3827 0.9239 -0.0000
vn -0.9239 0.3827 -0.0000
vn -0.3827 -0.0000 -0.9239
vn -0.9239 -0.0000 -0.3827
vn -0.0000 -0.9239 -0.3827
vn -0.0000 -0.3827 -0.9239
vn -0.0000 0.9239 -0.3827
vn -0.0000 0.3827 -0.9239
vn 0.9239 -0.0000 -0.3827
vn 0.3827 -0.0000 -0.9239
vn 0.3827 -0.9239 -0.0000
vn 0.9239 -0.3827 -0.0000
vn 0.3827 0.9239 -0.0000
vn 0.9239 0.3827 -0.0000
vn 0.3827 -0.0000 0.9239
vn 0.9239 -0.0000 0.3827
vn -0.0000 -0.9239 0.3827
vn -0.0000 -0.3827 0.9239
vn -0.0000 0.9239 0.3827
vn -0.0000 0.3827 0.9239
vn -0.0000 -1.0000 -0.0000
vn -1.0000 -0.0000 -0.0000
vn -0.0000 -0.0000 1.0000
vn -0.0000 1.0000 -0.0000
vn -0.0000 -0.0000 -1.0000
vn 1.0000 -0.0000 -0.0000
vt 0.045257 0.003457
vt 0.042260 0.003456
vt 0.042260 0.001726
vt 0.045257 0.000459
vt 0.038344 0.003457
vt 0.038344 0.000459
vt 0.040074 0.000459
vt 0.041341 0.003457
vt 0.059083 0.017444
vt 0.059083 0.020441
vt 0.057353 0.020441
vt 0.056086 0.017444
vt 0.024357 0.003457
vt 0.021360 0.003456
vt 0.021360 0.001726
vt 0.024357 0.000459
vt 0.052170 0.996544
vt 0.052170 0.999541
vt 0.050440 0.999541
vt 0.049173 0.996544
vt 0.059083 0.003456
vt 0.056086 0.003456
vt 0.056086 0.001726
vt 0.059083 0.000459
vt 0.045257 0.003457
vt 0.045257 0.000459
vt 0.046987 0.000459
vt 0.048254 0.003456
vt 0.062080 0.017444
vt 0.062080 0.019174
vt 0.059083 0.020441
vt 0.017444 0.996544
vt 0.020441 0.996544
vt 0.020441 0.998274
vt 0.017444 0.999541
vt 0.055167 0.996544
vt 0.055167 0.998274
vt 0.003456 0.996544
vt 0.003456 0.999541
vt 0.001726 0.999541
vt 0.000459 0.996543
vt 0.059083 0.000459
vt 0.060813 0.000459
vt 0.062080 0.003456
vt 0.045257 0.996544
vt 0.045257 0.999541
vt 0.043526 0.999541
vt 0.042260 0.996544
vt 0.059083 0.038344
vt 0.062080 0.038344
vt 0.062080 0.040074
vt 0.059083 0.041341
vt 0.038344 0.996544
vt 0.041341 0.996544
vt 0.041341 0.998274
vt 0.038344 0.999541
vt 0.052170 0.003457
vt 0.049173 0.003456
vt 0.049173 0.001726
vt 0.052170 0.000459
vt 0.024357 0.996544
vt 0.024357 0.999541
vt 0.022626 0.999541
vt 0.021359 0.996543
vt 0.059083 0.024357
vt 0.059083 0.021359
vt 0.060813 0.021359
vt 0.062080 0.024357
vt 0.048254 0.996544
vt 0.048254 0.998274
vt 0.045257 0.999541
vt 0.017444 0.003457
vt 0.017444 0.000459
vt 0.019174 0.000459
vt 0.020441 0.003457
vt 0.057353 0.041341
vt 0.056086 0.038344
vt 0.052170 0.003457
vt 0.052170 0.000459
vt 0.053901 0.000459
vt 0.055167 0.003456
vt 0.056086 0.024357
vt 0.056086 0.022626
vt 0.059083 0.021359
vt 0.003457 0.003456
vt 0.000459 0.003456
vt 0.000459 0.001726
vt 0.003457 0.000459
s 0
usemtl MAT_wood_dark_reddish
f 1233/1912/1077 1236/1913/1077 1237/1914/1077 1239/1915/1077
f 1234/1916/1078 1238/1917/1078 1237/1918/1078 1236/1919/1078
f 1235/1920/1079 1239/1921/1079 1237/1922/1079 1238/1923/1079
f 1240/1924/1080 1243/1925/1080 1244/1926/1080 1246/1927/1080
f 1241/1928/1081 1245/1929/1081 1244/1930/1081 1243/1931/1081
f 1242/1932/1082 1246/1933/1082 1244/1934/1082 1245/1935/1082
f 1247/1936/1083 1250/1937/1083 1251/1938/1083 1253/1939/1083
f 1248/1920/1084 1252/1940/1084 1251/1941/1084 1250/1942/1084
f 1249/1943/1085 1253/1944/1085 1251/1945/1085 1252/1946/1085
f 1254/1928/1086 1257/1947/1086 1258/1948/1086 1260/1929/1086
f 1255/1949/1087 1259/1950/1087 1258/1951/1087 1257/1952/1087
f 1256/1932/1088 1260/1953/1088 1258/1954/1088 1259/1955/1088
f 1261/1956/1089 1264/1957/1089 1265/1958/1089 1267/1959/1089
f 1262/1960/1090 1266/1961/1090 1265/1962/1090 1264/1963/1090
f 1263/1964/1091 1267/1965/1091 1265/1966/1091 1266/1967/1091
f 1268/1968/1092 1271/1969/1092 1272/1970/1092 1274/1971/1092
f 1269/1972/1093 1273/1973/1093 1272/1974/1093 1271/1975/1093
f 1270/1976/1094 1274/1977/1094 1272/1978/1094 1273/1979/1094
f 1275/1956/1095 1278/1980/1095 1279/1981/1095 1281/1982/1095
f 1276/1983/1096 1280/1984/1096 1279/1985/1096 1278/1986/1096
f 1277/1960/1097 1281/1963/1097 1279/1987/1097 1280/1988/1097
f 1282/1989/1098 1285/1990/1098 1286/1991/1098 1288/1992/1098
f 1283/1976/1099 1287/1993/1099 1286/1994/1099 1285/1995/1099
f 1284/1996/1100 1288/1997/1100 1286/1998/1100 1287/1999/1100
f 1247/1936/1101 1233/1912/1101 1239/1915/1101 1250/1937/1101
f 1250/1942/1102 1239/1921/1102 1235/1920/1102 1248/1920/1102
f 1234/1916/1103 1240/1924/1103 1246/1927/1103 1238/1917/1103
f 1238/1923/1104 1246/1933/1104 1242/1932/1104 1235/1920/1104
f 1241/1928/1105 1254/1928/1105 1260/1929/1105 1245/1929/1105
f 1245/1935/1106 1260/1953/1106 1256/1932/1106 1242/1932/1106
f 1255/1949/1107 1249/1943/1107 1252/1946/1107 1259/1950/1107
f 1259/1955/1108 1252/1940/1108 1248/1920/1108 1256/1932/1108
f 1275/1956/1109 1247/1936/1109 1253/1939/1109 1278/1980/1109
f 1278/1986/1110 1253/1944/1110 1249/1943/1110 1276/1983/1110
f 1254/1928/1111 1282/1989/1111 1288/1992/1111 1257/1947/1111
f 1257/1952/1112 1288/1997/1112 1284/1996/1112 1255/1949/1112
f 1283/1976/1113 1277/1960/1113 1280/1988/1113 1287/1993/1113
f 1287/1999/1114 1280/1984/1114 1276/1983/1114 1284/1996/1114
f 1261/1956/1115 1275/1956/1115 1281/1982/1115 1264/1957/1115
f 1264/1963/1116 1281/1963/1116 1277/1960/1116 1262/1960/1116
f 1282/1989/1117 1268/1968/1117 1274/1971/1117 1285/1990/1117
f 1285/1995/1118 1274/1977/1118 1270/1976/1118 1283/1976/1118
f 1269/1972/1119 1263/1964/1119 1266/1967/1119 1273/1973/1119
f 1273/1979/1120 1266/1961/1120 1262/1960/1120 1270/1976/1120
f 1233/1912/1121 1261/1956/1121 1267/1959/1121 1236/1913/1121
f 1236/1919/1122 1267/1965/1122 1263/1964/1122 1234/1916/1122
f 1268/1968/1123 1241/1928/1123 1243/1931/1123 1271/1969/1123
f 1271/1975/1124 1243/1925/1124 1240/1924/1124 1269/1972/1124
f 1247/1936/1125 1275/1956/1125 1261/1956/1125 1233/1912/1125
f 1235/1920/1126 1242/1932/1126 1256/1932/1126 1248/1920/1126
f 1263/1964/1127 1269/1972/1127 1240/1924/1127 1234/1916/1127
f 1282/1989/1128 1254/1928/1128 1241/1928/1128 1268/1968/1128
f 1249/1943/1129 1255/1949/1129 1284/1996/1129 1276/1983/1129
f 1277/1960/1130 1283/1976/1130 1270/1976/1130 1262/1960/1130
o AK_groove_handguard_lower_002
v 0.085300 -0.004000 -0.020300
v 0.085300 -0.003700 -0.020000
v 0.085000 -0.003700 -0.020300
v 0.085300 -0.003912 -0.020088
v 0.085127 -0.003873 -0.020127
v 0.085088 -0.003700 -0.020088
v 0.085088 -0.003912 -0.020300
v 0.085300 -0.002300 -0.020000
v 0.085300 -0.002000 -0.020300
v 0.085000 -0.002300 -0.020300
v 0.085300 -0.002088 -0.020088
v 0.085127 -0.002127 -0.020127
v 0.085088 -0.002088 -0.020300
v 0.085088 -0.002300 -0.020088
v 0.085300 -0.004000 -0.020300
v 0.085000 -0.003700 -0.020300
v 0.085300 -0.003700 -0.020600
v 0.085088 -0.003912 -0.020300
v 0.085127 -0.003873 -0.020473
v 0.085088 -0.003700 -0.020512
v 0.085300 -0.003912 -0.020512
v 0.085300 -0.002000 -0.020300
v 0.085300 -0.002300 -0.020600
v 0.085000 -0.002300 -0.020300
v 0.085300 -0.002088 -0.020512
v 0.085127 -0.002127 -0.020473
v 0.085088 -0.002300 -0.020512
v 0.085088 -0.002088 -0.020300
v 0.184700 -0.004000 -0.020300
v 0.185000 -0.003700 -0.020300
v 0.184700 -0.003700 -0.020000
v 0.184912 -0.003912 -0.020300
v 0.184873 -0.003873 -0.020127
v 0.184912 -0.003700 -0.020088
v 0.184700 -0.003912 -0.020088
v 0.184700 -0.002000 -0.020300
v 0.184700 -0.002300 -0.020000
v 0.185000 -0.002300 -0.020300
v 0.184700 -0.002088 -0.020088
v 0.184873 -0.002127 -0.020127
v 0.184912 -0.002300 -0.020088
v 0.184912 -0.002088 -0.020300
v 0.184700 -0.004000 -0.020300
v 0.184700 -0.003700 -0.020600
v 0.185000 -0.003700 -0.020300
v 0.184700 -0.003912 -0.020512
v 0.184873 -0.003873 -0.020473
v 0.184912 -0.003700 -0.020512
v 0.184912 -0.003912 -0.020300
v 0.184700 -0.002000 -0.020300
v 0.185000 -0.002300 -0.020300
v 0.184700 -0.002300 -0.020600
v 0.184912 -0.002088 -0.020300
v 0.184873 -0.002127 -0.020473
v 0.184912 -0.002300 -0.020512
v 0.184700 -0.002088 -0.020512
vn -0.3251 -0.8881 0.3251
vn -0.3251 -0.3251 0.8881
vn -0.8881 -0.3251 0.3251
vn -0.3251 0.3251 0.8881
vn -0.3251 0.8881 0.3251
vn -0.8881 0.3251 0.3251
vn -0.3251 -0.8881 -0.3251
vn -0.8881 -0.3251 -0.3251
vn -0.3251 -0.3251 -0.8881
vn -0.3251 0.8881 -0.3251
vn -0.3251 0.3251 -0.8881
vn -0.8881 0.3251 -0.3251
vn 0.3251 -0.8881 0.3251
vn 0.8881 -0.3251 0.3251
vn 0.3251 -0.3251 0.8881
vn 0.3251 0.8881 0.3251
vn 0.3251 0.3251 0.8881
vn 0.8881 0.3251 0.3251
vn 0.3251 -0.8881 -0.3251
vn 0.3251 -0.3251 -0.8881
vn 0.8881 -0.3251 -0.3251
vn 0.3251 0.8881 -0.3251
vn 0.8881 0.3251 -0.3251
vn 0.3251 0.3251 -0.8881
vn -0.3827 -0.9239 -0.0000
vn -0.9239 -0.3827 -0.0000
vn -0.3827 -0.0000 0.9239
vn -0.9239 -0.0000 0.3827
vn -0.3827 0.9239 -0.0000
vn -0.9239 0.3827 -0.0000
vn -0.3827 -0.0000 -0.9239
vn -0.9239 -0.0000 -0.3827
vn -0.0000 -0.9239 -0.3827
vn -0.0000 -0.3827 -0.9239
vn -0.0000 0.9239 -0.3827
vn -0.0000 0.3827 -0.9239
vn 0.9239 -0.0000 -0.3827
vn 0.3827 -0.0000 -0.9239
vn 0.3827 -0.9239 -0.0000
vn 0.9239 -0.3827 -0.0000
vn 0.3827 0.9239 -0.0000
vn 0.9239 0.3827 -0.0000
vn 0.3827 -0.0000 0.9239
vn 0.9239 -0.0000 0.3827
vn -0.0000 -0.9239 0.3827
vn -0.0000 -0.3827 0.9239
vn -0.0000 0.9239 0.3827
vn -0.0000 0.3827 0.9239
vn -0.0000 -1.0000 -0.0000
vn -1.0000 -0.0000 -0.0000
vn -0.0000 -0.0000 1.0000
vn -0.0000 1.0000 -0.0000
vn -0.0000 -0.0000 -1.0000
vn 1.0000 -0.0000 -0.0000
vt 0.045257 0.003457
vt 0.042260 0.003456
vt 0.042260 0.001726
vt 0.045257 0.000459
vt 0.038344 0.003457
vt 0.038344 0.000459
vt 0.040074 0.000459
vt 0.041341 0.003457
vt 0.059083 0.017444
vt 0.059083 0.020441
vt 0.057353 0.020441
vt 0.056086 0.017444
vt 0.024357 0.003457
vt 0.021360 0.003456
vt 0.021360 0.001726
vt 0.024357 0.000459
vt 0.052170 0.996544
vt 0.052170 0.999541
vt 0.050440 0.999541
vt 0.049173 0.996544
vt 0.059083 0.003456
vt 0.056086 0.003456
vt 0.056086 0.001726
vt 0.059083 0.000459
vt 0.045257 0.003457
vt 0.045257 0.000459
vt 0.046987 0.000459
vt 0.048254 0.003456
vt 0.062080 0.017444
vt 0.062080 0.019174
vt 0.059083 0.020441
vt 0.017444 0.996544
vt 0.020441 0.996544
vt 0.020441 0.998274
vt 0.017444 0.999541
vt 0.055167 0.996544
vt 0.055167 0.998274
vt 0.003456 0.996544
vt 0.003456 0.999541
vt 0.001726 0.999541
vt 0.000459 0.996543
vt 0.059083 0.000459
vt 0.060813 0.000459
vt 0.062080 0.003456
vt 0.045257 0.996544
vt 0.045257 0.999541
vt 0.043526 0.999541
vt 0.042260 0.996544
vt 0.059083 0.038344
vt 0.062080 0.038344
vt 0.062080 0.040074
vt 0.059083 0.041341
vt 0.038344 0.996544
vt 0.041341 0.996544
vt 0.041341 0.998274
vt 0.038344 0.999541
vt 0.052170 0.003457
vt 0.049173 0.003456
vt 0.049173 0.001726
vt 0.052170 0.000459
vt 0.024357 0.996544
vt 0.024357 0.999541
vt 0.022626 0.999541
vt 0.021359 0.996543
vt 0.059083 0.024357
vt 0.059083 0.021359
vt 0.060813 0.021359
vt 0.062080 0.024357
vt 0.048254 0.996544
vt 0.048254 0.998274
vt 0.045257 0.999541
vt 0.017444 0.003457
vt 0.017444 0.000459
vt 0.019174 0.000459
vt 0.020441 0.003457
vt 0.057353 0.041341
vt 0.056086 0.038344
vt 0.052170 0.003457
vt 0.052170 0.000459
vt 0.053901 0.000459
vt 0.055167 0.003456
vt 0.056086 0.024357
vt 0.056086 0.022626
vt 0.059083 0.021359
vt 0.003457 0.003456
vt 0.000459 0.003456
vt 0.000459 0.001726
vt 0.003457 0.000459
s 0
usemtl MAT_wood_dark_reddish
f 1289/2000/1131 1292/2001/1131 1293/2002/1131 1295/2003/1131
f 1290/2004/1132 1294/2005/1132 1293/2006/1132 1292/2007/1132
f 1291/2008/1133 1295/2009/1133 1293/2010/1133 1294/2011/1133
f 1296/2012/1134 1299/2013/1134 1300/2014/1134 1302/2015/1134
f 1297/2016/1135 1301/2017/1135 1300/2018/1135 1299/2019/1135
f 1298/2020/1136 1302/2021/1136 1300/2022/1136 1301/2023/1136
f 1303/2024/1137 1306/2025/1137 1307/2026/1137 1309/2027/1137
f 1304/2008/1138 1308/2028/1138 1307/2029/1138 1306/2030/1138
f 1305/2031/1139 1309/2032/1139 1307/2033/1139 1308/2034/1139
f 1310/2016/1140 1313/2035/1140 1314/2036/1140 1316/2017/1140
f 1311/2037/1141 1315/2038/1141 1314/2039/1141 1313/2040/1141
f 1312/2020/1142 1316/2041/1142 1314/2042/1142 1315/2043/1142
f 1317/2044/1143 1320/2045/1143 1321/2046/1143 1323/2047/1143
f 1318/2048/1144 1322/2049/1144 1321/2050/1144 1320/2051/1144
f 1319/2052/1145 1323/2053/1145 1321/2054/1145 1322/2055/1145
f 1324/2056/1146 1327/2057/1146 1328/2058/1146 1330/2059/1146
f 1325/2060/1147 1329/2061/1147 1328/2062/1147 1327/2063/1147
f 1326/2064/1148 1330/2065/1148 1328/2066/1148 1329/2067/1148
f 1331/2044/1149 1334/2068/1149 1335/2069/1149 1337/2070/1149
f 1332/2071/1150 1336/2072/1150 1335/2073/1150 1334/2074/1150
f 1333/2048/1151 1337/2051/1151 1335/2075/1151 1336/2076/1151
f 1338/2077/1152 1341/2078/1152 1342/2079/1152 1344/2080/1152
f 1339/2064/1153 1343/2081/1153 1342/2082/1153 1341/2083/1153
f 1340/2084/1154 1344/2085/1154 1342/2086/1154 1343/2087/1154
f 1303/2024/1155 1289/2000/1155 1295/2003/1155 1306/2025/1155
f 1306/2030/1156 1295/2009/1156 1291/2008/1156 1304/2008/1156
f 1290/2004/1157 1296/2012/1157 1302/2015/1157 1294/2005/1157
f 1294/2011/1158 1302/2021/1158 1298/2020/1158 1291/2008/1158
f 1297/2016/1159 1310/2016/1159 1316/2017/1159 1301/2017/1159
f 1301/2023/1160 1316/2041/1160 1312/2020/1160 1298/2020/1160
f 1311/2037/1161 1305/2031/1161 1308/2034/1161 1315/2038/1161
f 1315/2043/1162 1308/2028/1162 1304/2008/1162 1312/2020/1162
f 1331/2044/1163 1303/2024/1163 1309/2027/1163 1334/2068/1163
f 1334/2074/1164 1309/2032/1164 1305/2031/1164 1332/2071/1164
f 1310/2016/1165 1338/2077/1165 1344/2080/1165 1313/2035/1165
f 1313/2040/1166 1344/2085/1166 1340/2084/1166 1311/2037/1166
f 1339/2064/1167 1333/2048/1167 1336/2076/1167 1343/2081/1167
f 1343/2087/1168 1336/2072/1168 1332/2071/1168 1340/2084/1168
f 1317/2044/1169 1331/2044/1169 1337/2070/1169 1320/2045/1169
f 1320/2051/1170 1337/2051/1170 1333/2048/1170 1318/2048/1170
f 1338/2077/1171 1324/2056/1171 1330/2059/1171 1341/2078/1171
f 1341/2083/1172 1330/2065/1172 1326/2064/1172 1339/2064/1172
f 1325/2060/1173 1319/2052/1173 1322/2055/1173 1329/2061/1173
f 1329/2067/1174 1322/2049/1174 1318/2048/1174 1326/2064/1174
f 1289/2000/1175 1317/2044/1175 1323/2047/1175 1292/2001/1175
f 1292/2007/1176 1323/2053/1176 1319/2052/1176 1290/2004/1176
f 1324/2056/1177 1297/2016/1177 1299/2019/1177 1327/2057/1177
f 1327/2063/1178 1299/2013/1178 1296/2012/1178 1325/2060/1178
f 1303/2024/1179 1331/2044/1179 1317/2044/1179 1289/2000/1179
f 1291/2008/1180 1298/2020/1180 1312/2020/1180 1304/2008/1180
f 1319/2052/1181 1325/2060/1181 1296/2012/1181 1290/2004/1181
f 1338/2077/1182 1310/2016/1182 1297/2016/1182 1324/2056/1182
f 1305/2031/1183 1311/2037/1183 1340/2084/1183 1332/2071/1183
f 1333/2048/1184 1339/2064/1184 1326/2064/1184 1318/2048/1184
o AK_groove_magazine_001
v -0.044850 -0.165500 -0.015400
v -0.044850 -0.165100 -0.015000
v -0.045250 -0.165100 -0.015400
v -0.044850 -0.165383 -0.015117
v -0.045081 -0.165331 -0.015169
v -0.045133 -0.165100 -0.015117
v -0.045133 -0.165383 -0.015400
v -0.044850 -0.035900 -0.015000
v -0.044850 -0.035500 -0.015400
v -0.045250 -0.035900 -0.015400
v -0.044850 -0.035617 -0.015117
v -0.045081 -0.035669 -0.015169
v -0.045133 -0.035617 -0.015400
v -0.045133 -0.035900 -0.015117
v -0.044850 -0.165500 -0.015400
v -0.045250 -0.165100 -0.015400
v -0.044850 -0.165100 -0.015800
v -0.045133 -0.165383 -0.015400
v -0.045081 -0.165331 -0.015631
v -0.045133 -0.165100 -0.015683
v -0.044850 -0.165383 -0.015683
v -0.044850 -0.035500 -0.015400
v -0.044850 -0.035900 -0.015800
v -0.045250 -0.035900 -0.015400
v -0.044850 -0.035617 -0.015683
v -0.045081 -0.035669 -0.015631
v -0.045133 -0.035900 -0.015683
v -0.045133 -0.035617 -0.015400
v -0.042650 -0.165500 -0.015400
v -0.042250 -0.165100 -0.015400
v -0.042650 -0.165100 -0.015000
v -0.042367 -0.165383 -0.015400
v -0.042419 -0.165331 -0.015169
v -0.042367 -0.165100 -0.015117
v -0.042650 -0.165383 -0.015117
v -0.042650 -0.035500 -0.015400
v -0.042650 -0.035900 -0.015000
v -0.042250 -0.035900 -0.015400
v -0.042650 -0.035617 -0.015117
v -0.042419 -0.035669 -0.015169
v -0.042367 -0.035900 -0.015117
v -0.042367 -0.035617 -0.015400
v -0.042650 -0.165500 -0.015400
v -0.042650 -0.165100 -0.015800
v -0.042250 -0.165100 -0.015400
v -0.042650 -0.165383 -0.015683
v -0.042419 -0.165331 -0.015631
v -0.042367 -0.165100 -0.015683
v -0.042367 -0.165383 -0.015400
v -0.042650 -0.035500 -0.015400
v -0.042250 -0.035900 -0.015400
v -0.042650 -0.035900 -0.015800
v -0.042367 -0.035617 -0.015400
v -0.042419 -0.035669 -0.015631
v -0.042367 -0.035900 -0.015683
v -0.042650 -0.035617 -0.015683
vn -0.3251 -0.8881 0.3251
vn -0.3251 -0.3251 0.8881
vn -0.8881 -0.3251 0.3251
vn -0.3251 0.3251 0.8881
vn -0.3251 0.8881 0.3251
vn -0.8881 0.3251 0.3251
vn -0.3251 -0.8881 -0.3251
vn -0.8881 -0.3251 -0.3251
vn -0.3251 -0.3251 -0.8881
vn -0.3251 0.8881 -0.3251
vn -0.3251 0.3251 -0.8881
vn -0.8881 0.3251 -0.3251
vn 0.3251 -0.8881 0.3251
vn 0.8881 -0.3251 0.3251
vn 0.3251 -0.3251 0.8881
vn 0.3251 0.8881 0.3251
vn 0.3251 0.3251 0.8881
vn 0.8881 0.3251 0.3251
vn 0.3251 -0.8881 -0.3251
vn 0.3251 -0.3251 -0.8881
vn 0.8881 -0.3251 -0.3251
vn 0.3251 0.8881 -0.3251
vn 0.8881 0.3251 -0.3251
vn 0.3251 0.3251 -0.8881
vn -0.3827 -0.9239 -0.0000
vn -0.9239 -0.3827 -0.0000
vn -0.3827 -0.0000 0.9239
vn -0.9239 -0.0000 0.3827
vn -0.3827 0.9239 -0.0000
vn -0.9239 0.3827 -0.0000
vn -0.3827 -0.0000 -0.9239
vn -0.9239 -0.0000 -0.3827
vn -0.0000 -0.9239 -0.3827
vn -0.0000 -0.3827 -0.9239
vn -0.0000 0.9239 -0.3827
vn -0.0000 0.3827 -0.9239
vn 0.9239 -0.0000 -0.3827
vn 0.3827 -0.0000 -0.9239
vn 0.3827 -0.9239 -0.0000
vn 0.9239 -0.3827 -0.0000
vn 0.3827 0.9239 -0.0000
vn 0.9239 0.3827 -0.0000
vn 0.3827 -0.0000 0.9239
vn 0.9239 -0.0000 0.3827
vn -0.0000 -0.9239 0.3827
vn -0.0000 -0.3827 0.9239
vn -0.0000 0.9239 0.3827
vn -0.0000 0.3827 0.9239
vn -0.0000 -1.0000 -0.0000
vn -1.0000 -0.0000 -0.0000
vn -0.0000 -0.0000 1.0000
vn -0.0000 1.0000 -0.0000
vn -0.0000 -0.0000 -1.0000
vn 1.0000 -0.0000 -0.0000
vt 0.065836 0.003558
vt 0.062762 0.003558
vt 0.062762 0.001783
vt 0.065836 0.000484
vt 0.044487 0.996442
vt 0.047561 0.996442
vt 0.047561 0.998217
vt 0.044487 0.999516
vt 0.051603 0.996442
vt 0.051604 0.999516
vt 0.049829 0.999516
vt 0.048530 0.996442
vt 0.044487 0.003558
vt 0.044487 0.000484
vt 0.046262 0.000484
vt 0.047561 0.003558
vt 0.065836 0.044487
vt 0.065836 0.047561
vt 0.064061 0.047561
vt 0.062762 0.044487
vt 0.051604 0.003558
vt 0.048530 0.003558
vt 0.048530 0.001783
vt 0.051604 0.000484
vt 0.065836 0.003558
vt 0.065836 0.000484
vt 0.067610 0.000484
vt 0.068910 0.003558
vt 0.054677 0.996442
vt 0.054677 0.998217
vt 0.003558 0.996442
vt 0.003558 0.999516
vt 0.001783 0.999516
vt 0.000484 0.996442
vt 0.065836 0.044487
vt 0.068910 0.044487
vt 0.068910 0.046262
vt 0.065836 0.047561
vt 0.003558 0.003558
vt 0.000484 0.003558
vt 0.000484 0.001783
vt 0.003558 0.000484
vt 0.051604 0.003558
vt 0.053378 0.000484
vt 0.054677 0.003558
vt 0.065836 0.020465
vt 0.065836 0.023539
vt 0.064061 0.023539
vt 0.062762 0.020465
vt 0.058720 0.996442
vt 0.061793 0.996442
vt 0.061793 0.998217
vt 0.058720 0.999516
vt 0.027581 0.996442
vt 0.027581 0.999516
vt 0.025806 0.999516
vt 0.024507 0.996442
vt 0.065836 0.027581
vt 0.062762 0.027581
vt 0.062762 0.025806
vt 0.065836 0.024507
vt 0.027581 0.003558
vt 0.024507 0.003558
vt 0.024507 0.001783
vt 0.027581 0.000484
vt 0.058720 0.003558
vt 0.058720 0.000484
vt 0.060494 0.000484
vt 0.061793 0.003558
vt 0.068910 0.020465
vt 0.068910 0.022239
vt 0.020465 0.996442
vt 0.023539 0.996442
vt 0.023539 0.998217
vt 0.020465 0.999516
vt 0.058720 0.996442
vt 0.056945 0.999516
vt 0.055646 0.996442
vt 0.065836 0.027581
vt 0.065836 0.024507
vt 0.067610 0.024507
vt 0.068910 0.027581
vt 0.058720 0.003558
vt 0.055646 0.003558
vt 0.055646 0.001783
vt 0.020465 0.003558
vt 0.020465 0.000484
vt 0.022239 0.000484
vt 0.023539 0.003558
s 0
usemtl MAT_metal_black_magazine
f 1345/2088/1185 1348/2089/1185 1349/2090/1185 1351/2091/1185
f 1346/2092/1186 1350/2093/1186 1349/2094/1186 1348/2095/1186
f 1347/2096/1187 1351/2097/1187 1349/2098/1187 1350/2099/1187
f 1352/2100/1188 1355/2101/1188 1356/2102/1188 1358/2103/1188
f 1353/2104/1189 1357/2105/1189 1356/2106/1189 1355/2107/1189
f 1354/2108/1190 1358/2109/1190 1356/2110/1190 1357/2111/1190
f 1359/2112/1191 1362/2113/1191 1363/2114/1191 1365/2115/1191
f 1360/2096/1192 1364/2116/1192 1363/2117/1192 1362/2097/1192
f 1361/2118/1193 1365/2119/1193 1363/2120/1193 1364/2121/1193
f 1366/2122/1194 1369/2123/1194 1370/2124/1194 1372/2125/1194
f 1367/2126/1195 1371/2127/1195 1370/2128/1195 1369/2129/1195
f 1368/2130/1196 1372/2111/1196 1370/2131/1196 1371/2132/1196
f 1373/2133/1197 1376/2134/1197 1377/2135/1197 1379/2136/1197
f 1374/2137/1198 1378/2138/1198 1377/2139/1198 1376/2140/1198
f 1375/2141/1199 1379/2142/1199 1377/2143/1199 1378/2144/1199
f 1380/2145/1200 1383/2146/1200 1384/2147/1200 1386/2148/1200
f 1381/2149/1201 1385/2150/1201 1384/2151/1201 1383/2152/1201
f 1382/2153/1202 1386/2154/1202 1384/2155/1202 1385/2156/1202
f 1387/2133/1203 1390/2157/1203 1391/2158/1203 1393/2134/1203
f 1388/2159/1204 1392/2160/1204 1391/2161/1204 1390/2162/1204
f 1389/2163/1205 1393/2140/1205 1391/2164/1205 1392/2165/1205
f 1394/2166/1206 1397/2167/1206 1398/2168/1206 1400/2169/1206
f 1395/2170/1207 1399/2171/1207 1398/2172/1207 1397/2154/1207
f 1396/2173/1208 1400/2174/1208 1398/2175/1208 1399/2176/1208
f 1359/2112/1209 1345/2088/1209 1351/2091/1209 1362/2113/1209
f 1362/2097/1210 1351/2097/1210 1347/2096/1210 1360/2096/1210
f 1346/2092/1211 1352/2100/1211 1358/2103/1211 1350/2093/1211
f 1350/2099/1212 1358/2109/1212 1354/2108/1212 1347/2096/1212
f 1353/2104/1213 1366/2122/1213 1372/2125/1213 1357/2105/1213
f 1357/2111/1214 1372/2111/1214 1368/2130/1214 1354/2108/1214
f 1367/2126/1215 1361/2118/1215 1364/2121/1215 1371/2127/1215
f 1371/2132/1216 1364/2116/1216 1360/2096/1216 1368/2130/1216
f 1387/2133/1217 1359/2112/1217 1365/2115/1217 1390/2157/1217
f 1390/2162/1218 1365/2119/1218 1361/2118/1218 1388/2159/1218
f 1366/2122/1219 1394/2166/1219 1400/2169/1219 1369/2123/1219
f 1369/2129/1220 1400/2174/1220 1396/2173/1220 1367/2126/1220
f 1395/2170/1221 1389/2163/1221 1392/2165/1221 1399/2171/1221
f 1399/2176/1222 1392/2160/1222 1388/2159/1222 1396/2173/1222
f 1373/2133/1223 1387/2133/1223 1393/2134/1223 1376/2134/1223
f 1376/2140/1224 1393/2140/1224 1389/2163/1224 1374/2137/1224
f 1394/2166/1225 1380/2145/1225 1386/2148/1225 1397/2167/1225
f 1397/2154/1226 1386/2154/1226 1382/2153/1226 1395/2170/1226
f 1381/2149/1227 1375/2141/1227 1378/2144/1227 1385/2150/1227
f 1385/2156/1228 1378/2138/1228 1374/2137/1228 1382/2153/1228
f 1345/2088/1229 1373/2133/1229 1379/2136/1229 1348/2089/1229
f 1348/2095/1230 1379/2142/1230 1375/2141/1230 1346/2092/1230
f 1380/2145/1231 1353/2104/1231 1355/2107/1231 1383/2146/1231
f 1383/2152/1232 1355/2101/1232 1352/2100/1232 1381/2149/1232
f 1359/2112/1233 1387/2133/1233 1373/2133/1233 1345/2088/1233
f 1347/2096/1234 1354/2108/1234 1368/2130/1234 1360/2096/1234
f 1375/2141/1235 1381/2149/1235 1352/2100/1235 1346/2092/1235
f 1394/2166/1236 1366/2122/1236 1353/2104/1236 1380/2145/1236
f 1361/2118/1237 1367/2126/1237 1396/2173/1237 1388/2159/1237
f 1389/2163/1238 1395/2170/1238 1382/2153/1238 1374/2137/1238
o AK_groove_magazine_002
v -0.019850 -0.165500 -0.015400
v -0.019850 -0.165100 -0.015000
v -0.020250 -0.165100 -0.015400
v -0.019850 -0.165383 -0.015117
v -0.020081 -0.165331 -0.015169
v -0.020133 -0.165100 -0.015117
v -0.020133 -0.165383 -0.015400
v -0.019850 -0.035900 -0.015000
v -0.019850 -0.035500 -0.015400
v -0.020250 -0.035900 -0.015400
v -0.019850 -0.035617 -0.015117
v -0.020081 -0.035669 -0.015169
v -0.020133 -0.035617 -0.015400
v -0.020133 -0.035900 -0.015117
v -0.019850 -0.165500 -0.015400
v -0.020250 -0.165100 -0.015400
v -0.019850 -0.165100 -0.015800
v -0.020133 -0.165383 -0.015400
v -0.020081 -0.165331 -0.015631
v -0.020133 -0.165100 -0.015683
v -0.019850 -0.165383 -0.015683
v -0.019850 -0.035500 -0.015400
v -0.019850 -0.035900 -0.015800
v -0.020250 -0.035900 -0.015400
v -0.019850 -0.035617 -0.015683
v -0.020081 -0.035669 -0.015631
v -0.020133 -0.035900 -0.015683
v -0.020133 -0.035617 -0.015400
v -0.017650 -0.165500 -0.015400
v -0.017250 -0.165100 -0.015400
v -0.017650 -0.165100 -0.015000
v -0.017367 -0.165383 -0.015400
v -0.017419 -0.165331 -0.015169
v -0.017367 -0.165100 -0.015117
v -0.017650 -0.165383 -0.015117
v -0.017650 -0.035500 -0.015400
v -0.017650 -0.035900 -0.015000
v -0.017250 -0.035900 -0.015400
v -0.017650 -0.035617 -0.015117
v -0.017419 -0.035669 -0.015169
v -0.017367 -0.035900 -0.015117
v -0.017367 -0.035617 -0.015400
v -0.017650 -0.165500 -0.015400
v -0.017650 -0.165100 -0.015800
v -0.017250 -0.165100 -0.015400
v -0.017650 -0.165383 -0.015683
v -0.017419 -0.165331 -0.015631
v -0.017367 -0.165100 -0.015683
v -0.017367 -0.165383 -0.015400
v -0.017650 -0.035500 -0.015400
v -0.017250 -0.035900 -0.015400
v -0.017650 -0.035900 -0.015800
v -0.017367 -0.035617 -0.015400
v -0.017419 -0.035669 -0.015631
v -0.017367 -0.035900 -0.015683
v -0.017650 -0.035617 -0.015683
vn -0.3251 -0.8881 0.3251
vn -0.3251 -0.3251 0.8881
vn -0.8881 -0.3251 0.3251
vn -0.3251 0.3251 0.8881
vn -0.3251 0.8881 0.3251
vn -0.8881 0.3251 0.3251
vn -0.3251 -0.8881 -0.3251
vn -0.8881 -0.3251 -0.3251
vn -0.3251 -0.3251 -0.8881
vn -0.3251 0.8881 -0.3251
vn -0.3251 0.3251 -0.8881
vn -0.8881 0.3251 -0.3251
vn 0.3251 -0.8881 0.3251
vn 0.8881 -0.3251 0.3251
vn 0.3251 -0.3251 0.8881
vn 0.3251 0.8881 0.3251
vn 0.3251 0.3251 0.8881
vn 0.8881 0.3251 0.3251
vn 0.3251 -0.8881 -0.3251
vn 0.3251 -0.3251 -0.8881
vn 0.8881 -0.3251 -0.3251
vn 0.3251 0.8881 -0.3251
vn 0.8881 0.3251 -0.3251
vn 0.3251 0.3251 -0.8881
vn -0.3827 -0.9239 -0.0000
vn -0.9239 -0.3827 -0.0000
vn -0.3827 -0.0000 0.9239
vn -0.9239 -0.0000 0.3827
vn -0.3827 0.9239 -0.0000
vn -0.9239 0.3827 -0.0000
vn -0.3827 -0.0000 -0.9239
vn -0.9239 -0.0000 -0.3827
vn -0.0000 -0.9239 -0.3827
vn -0.0000 -0.3827 -0.9239
vn -0.0000 0.9239 -0.3827
vn -0.0000 0.3827 -0.9239
vn 0.9239 -0.0000 -0.3827
vn 0.3827 -0.0000 -0.9239
vn 0.3827 -0.9239 -0.0000
vn 0.9239 -0.3827 -0.0000
vn 0.3827 0.9239 -0.0000
vn 0.9239 0.3827 -0.0000
vn 0.3827 -0.0000 0.9239
vn 0.9239 -0.0000 0.3827
vn -0.0000 -0.9239 0.3827
vn -0.0000 -0.3827 0.9239
vn -0.0000 0.9239 0.3827
vn -0.0000 0.3827 0.9239
vn -0.0000 -1.0000 -0.0000
vn -1.0000 -0.0000 -0.0000
vn -0.0000 -0.0000 1.0000
vn -0.0000 1.0000 -0.0000
vn -0.0000 -0.0000 -1.0000
vn 1.0000 -0.0000 -0.0000
vt 0.065836 0.003558
vt 0.062762 0.003558
vt 0.062762 0.001783
vt 0.065836 0.000484
vt 0.044487 0.996442
vt 0.047561 0.996442
vt 0.047561 0.998217
vt 0.044487 0.999516
vt 0.051603 0.996442
vt 0.051604 0.999516
vt 0.049829 0.999516
vt 0.048530 0.996442
vt 0.044487 0.003558
vt 0.044487 0.000484
vt 0.046262 0.000484
vt 0.047561 0.003558
vt 0.065836 0.044487
vt 0.065836 0.047561
vt 0.064061 0.047561
vt 0.062762 0.044487
vt 0.051604 0.003558
vt 0.048530 0.003558
vt 0.048530 0.001783
vt 0.051604 0.000484
vt 0.065836 0.003558
vt 0.065836 0.000484
vt 0.067610 0.000484
vt 0.068910 0.003558
vt 0.054677 0.996442
vt 0.054677 0.998217
vt 0.003558 0.996442
vt 0.003558 0.999516
vt 0.001783 0.999516
vt 0.000484 0.996442
vt 0.065836 0.044487
vt 0.068910 0.044487
vt 0.068910 0.046262
vt 0.065836 0.047561
vt 0.003558 0.003558
vt 0.000484 0.003558
vt 0.000484 0.001783
vt 0.003558 0.000484
vt 0.051604 0.003558
vt 0.053378 0.000484
vt 0.054677 0.003558
vt 0.065836 0.020465
vt 0.065836 0.023539
vt 0.064061 0.023539
vt 0.062762 0.020465
vt 0.058720 0.996442
vt 0.061793 0.996442
vt 0.061793 0.998217
vt 0.058720 0.999516
vt 0.027581 0.996442
vt 0.027581 0.999516
vt 0.025806 0.999516
vt 0.024507 0.996442
vt 0.065836 0.027581
vt 0.062762 0.027581
vt 0.062762 0.025806
vt 0.065836 0.024507
vt 0.027581 0.003558
vt 0.024507 0.003558
vt 0.024507 0.001783
vt 0.027581 0.000484
vt 0.058720 0.003558
vt 0.058720 0.000484
vt 0.060494 0.000484
vt 0.061793 0.003558
vt 0.068910 0.020465
vt 0.068910 0.022239
vt 0.020465 0.996442
vt 0.023539 0.996442
vt 0.023539 0.998217
vt 0.020465 0.999516
vt 0.058720 0.996442
vt 0.056945 0.999516
vt 0.055646 0.996442
vt 0.065836 0.027581
vt 0.065836 0.024507
vt 0.067610 0.024507
vt 0.068910 0.027581
vt 0.058720 0.003558
vt 0.055646 0.003558
vt 0.055646 0.001783
vt 0.020465 0.003558
vt 0.020465 0.000484
vt 0.022239 0.000484
vt 0.023539 0.003558
s 0
usemtl MAT_metal_black_magazine
f 1401/2177/1239 1404/2178/1239 1405/2179/1239 1407/2180/1239
f 1402/2181/1240 1406/2182/1240 1405/2183/1240 1404/2184/1240
f 1403/2185/1241 1407/2186/1241 1405/2187/1241 1406/2188/1241
f 1408/2189/1242 1411/2190/1242 1412/2191/1242 1414/2192/1242
f 1409/2193/1243 1413/2194/1243 1412/2195/1243 1411/2196/1243
f 1410/2197/1244 1414/2198/1244 1412/2199/1244 1413/2200/1244
f 1415/2201/1245 1418/2202/1245 1419/2203/1245 1421/2204/1245
f 1416/2185/1246 1420/2205/1246 1419/2206/1246 1418/2186/1246
f 1417/2207/1247 1421/2208/1247 1419/2209/1247 1420/2210/1247
f 1422/2211/1248 1425/2212/1248 1426/2213/1248 1428/2214/1248
f 1423/2215/1249 1427/2216/1249 1426/2217/1249 1425/2218/1249
f 1424/2219/1250 1428/2200/1250 1426/2220/1250 1427/2221/1250
f 1429/2222/1251 1432/2223/1251 1433/2224/1251 1435/2225/1251
f 1430/2226/1252 1434/2227/1252 1433/2228/1252 1432/2229/1252
f 1431/2230/1253 1435/2231/1253 1433/2232/1253 1434/2233/1253
f 1436/2234/1254 1439/2235/1254 1440/2236/1254 1442/2237/1254
f 1437/2238/1255 1441/2239/1255 1440/2240/1255 1439/2241/1255
f 1438/2242/1256 1442/2243/1256 1440/2244/1256 1441/2245/1256
f 1443/2222/1257 1446/2246/1257 1447/2247/1257 1449/2223/1257
f 1444/2248/1258 1448/2249/1258 1447/2250/1258 1446/2251/1258
f 1445/2252/1259 1449/2229/1259 1447/2253/1259 1448/2254/1259
f 1450/2255/1260 1453/2256/1260 1454/2257/1260 1456/2258/1260
f 1451/2259/1261 1455/2260/1261 1454/2261/1261 1453/2243/1261
f 1452/2262/1262 1456/2263/1262 1454/2264/1262 1455/2265/1262
f 1415/2201/1263 1401/2177/1263 1407/2180/1263 1418/2202/1263
f 1418/2186/1264 1407/2186/1264 1403/2185/1264 1416/2185/1264
f 1402/2181/1265 1408/2189/1265 1414/2192/1265 1406/2182/1265
f 1406/2188/1266 1414/2198/1266 1410/2197/1266 1403/2185/1266
f 1409/2193/1267 1422/2211/1267 1428/2214/1267 1413/2194/1267
f 1413/2200/1268 1428/2200/1268 1424/2219/1268 1410/2197/1268
f 1423/2215/1269 1417/2207/1269 1420/2210/1269 1427/2216/1269
f 1427/2221/1270 1420/2205/1270 1416/2185/1270 1424/2219/1270
f 1443/2222/1271 1415/2201/1271 1421/2204/1271 1446/2246/1271
f 1446/2251/1272 1421/2208/1272 1417/2207/1272 1444/2248/1272
f 1422/2211/1273 1450/2255/1273 1456/2258/1273 1425/2212/1273
f 1425/2218/1274 1456/2263/1274 1452/2262/1274 1423/2215/1274
f 1451/2259/1275 1445/2252/1275 1448/2254/1275 1455/2260/1275
f 1455/2265/1276 1448/2249/1276 1444/2248/1276 1452/2262/1276
f 1429/2222/1277 1443/2222/1277 1449/2223/1277 1432/2223/1277
f 1432/2229/1278 1449/2229/1278 1445/2252/1278 1430/2226/1278
f 1450/2255/1279 1436/2234/1279 1442/2237/1279 1453/2256/1279
f 1453/2243/1280 1442/2243/1280 1438/2242/1280 1451/2259/1280
f 1437/2238/1281 1431/2230/1281 1434/2233/1281 1441/2239/1281
f 1441/2245/1282 1434/2227/1282 1430/2226/1282 1438/2242/1282
f 1401/2177/1283 1429/2222/1283 1435/2225/1283 1404/2178/1283
f 1404/2184/1284 1435/2231/1284 1431/2230/1284 1402/2181/1284
f 1436/2234/1285 1409/2193/1285 1411/2196/1285 1439/2235/1285
f 1439/2241/1286 1411/2190/1286 1408/2189/1286 1437/2238/1286
f 1415/2201/1287 1443/2222/1287 1429/2222/1287 1401/2177/1287
f 1403/2185/1288 1410/2197/1288 1424/2219/1288 1416/2185/1288
f 1431/2230/1289 1437/2238/1289 1408/2189/1289 1402/2181/1289
f 1450/2255/1290 1422/2211/1290 1409/2193/1290 1436/2234/1290
f 1417/2207/1291 1423/2215/1291 1452/2262/1291 1444/2248/1291
f 1445/2252/1292 1451/2259/1292 1438/2242/1292 1430/2226/1292
o AK_groove_magazine_003
v 0.005150 -0.165500 -0.015400
v 0.005150 -0.165100 -0.015000
v 0.004750 -0.165100 -0.015400
v 0.005150 -0.165383 -0.015117
v 0.004919 -0.165331 -0.015169
v 0.004867 -0.165100 -0.015117
v 0.004867 -0.165383 -0.015400
v 0.005150 -0.035900 -0.015000
v 0.005150 -0.035500 -0.015400
v 0.004750 -0.035900 -0.015400
v 0.005150 -0.035617 -0.015117
v 0.004919 -0.035669 -0.015169
v 0.004867 -0.035617 -0.015400
v 0.004867 -0.035900 -0.015117
v 0.005150 -0.165500 -0.015400
v 0.004750 -0.165100 -0.015400
v 0.005150 -0.165100 -0.015800
v 0.004867 -0.165383 -0.015400
v 0.004919 -0.165331 -0.015631
v 0.004867 -0.165100 -0.015683
v 0.005150 -0.165383 -0.015683
v 0.005150 -0.035500 -0.015400
v 0.005150 -0.035900 -0.015800
v 0.004750 -0.035900 -0.015400
v 0.005150 -0.035617 -0.015683
v 0.004919 -0.035669 -0.015631
v 0.004867 -0.035900 -0.015683
v 0.004867 -0.035617 -0.015400
v 0.007350 -0.165500 -0.015400
v 0.007750 -0.165100 -0.015400
v 0.007350 -0.165100 -0.015000
v 0.007633 -0.165383 -0.015400
v 0.007581 -0.165331 -0.015169
v 0.007633 -0.165100 -0.015117
v 0.007350 -0.165383 -0.015117
v 0.007350 -0.035500 -0.015400
v 0.007350 -0.035900 -0.015000
v 0.007750 -0.035900 -0.015400
v 0.007350 -0.035617 -0.015117
v 0.007581 -0.035669 -0.015169
v 0.007633 -0.035900 -0.015117
v 0.007633 -0.035617 -0.015400
v 0.007350 -0.165500 -0.015400
v 0.007350 -0.165100 -0.015800
v 0.007750 -0.165100 -0.015400
v 0.007350 -0.165383 -0.015683
v 0.007581 -0.165331 -0.015631
v 0.007633 -0.165100 -0.015683
v 0.007633 -0.165383 -0.015400
v 0.007350 -0.035500 -0.015400
v 0.007750 -0.035900 -0.015400
v 0.007350 -0.035900 -0.015800
v 0.007633 -0.035617 -0.015400
v 0.007581 -0.035669 -0.015631
v 0.007633 -0.035900 -0.015683
v 0.007350 -0.035617 -0.015683
vn -0.3251 -0.8881 0.3251
vn -0.3251 -0.3251 0.8881
vn -0.8881 -0.3251 0.3251
vn -0.3251 0.3251 0.8881
vn -0.3251 0.8881 0.3251
vn -0.8881 0.3251 0.3251
vn -0.3251 -0.8881 -0.3251
vn -0.8881 -0.3251 -0.3251
vn -0.3251 -0.3251 -0.8881
vn -0.3251 0.8881 -0.3251
vn -0.3251 0.3251 -0.8881
vn -0.8881 0.3251 -0.3251
vn 0.3251 -0.8881 0.3251
vn 0.8881 -0.3251 0.3251
vn 0.3251 -0.3251 0.8881
vn 0.3251 0.8881 0.3251
vn 0.3251 0.3251 0.8881
vn 0.8881 0.3251 0.3251
vn 0.3251 -0.8881 -0.3251
vn 0.3251 -0.3251 -0.8881
vn 0.8881 -0.3251 -0.3251
vn 0.3251 0.8881 -0.3251
vn 0.8881 0.3251 -0.3251
vn 0.3251 0.3251 -0.8881
vn -0.3827 -0.9239 -0.0000
vn -0.9239 -0.3827 -0.0000
vn -0.3827 -0.0000 0.9239
vn -0.9239 -0.0000 0.3827
vn -0.3827 0.9239 -0.0000
vn -0.9239 0.3827 -0.0000
vn -0.3827 -0.0000 -0.9239
vn -0.9239 -0.0000 -0.3827
vn -0.0000 -0.9239 -0.3827
vn -0.0000 -0.3827 -0.9239
vn -0.0000 0.9239 -0.3827
vn -0.0000 0.3827 -0.9239
vn 0.9239 -0.0000 -0.3827
vn 0.3827 -0.0000 -0.9239
vn 0.3827 -0.9239 -0.0000
vn 0.9239 -0.3827 -0.0000
vn 0.3827 0.9239 -0.0000
vn 0.9239 0.3827 -0.0000
vn 0.3827 -0.0000 0.9239
vn 0.9239 -0.0000 0.3827
vn -0.0000 -0.9239 0.3827
vn -0.0000 -0.3827 0.9239
vn -0.0000 0.9239 0.3827
vn -0.0000 0.3827 0.9239
vn -0.0000 -1.0000 -0.0000
vn -1.0000 -0.0000 -0.0000
vn -0.0000 -0.0000 1.0000
vn -0.0000 1.0000 -0.0000
vn -0.0000 -0.0000 -1.0000
vn 1.0000 -0.0000 -0.0000
vt 0.065836 0.003558
vt 0.062762 0.003558
vt 0.062762 0.001783
vt 0.065836 0.000484
vt 0.044487 0.996442
vt 0.047561 0.996442
vt 0.047561 0.998217
vt 0.044487 0.999516
vt 0.051603 0.996442
vt 0.051604 0.999516
vt 0.049829 0.999516
vt 0.048530 0.996442
vt 0.044487 0.003558
vt 0.044487 0.000484
vt 0.046262 0.000484
vt 0.047561 0.003558
vt 0.065836 0.044487
vt 0.065836 0.047561
vt 0.064061 0.047561
vt 0.062762 0.044487
vt 0.051604 0.003558
vt 0.048530 0.003558
vt 0.048530 0.001783
vt 0.051604 0.000484
vt 0.065836 0.003558
vt 0.065836 0.000484
vt 0.067610 0.000484
vt 0.068910 0.003558
vt 0.054677 0.996442
vt 0.054677 0.998217
vt 0.003558 0.996442
vt 0.003558 0.999516
vt 0.001783 0.999516
vt 0.000484 0.996442
vt 0.065836 0.044487
vt 0.068910 0.044487
vt 0.068910 0.046262
vt 0.065836 0.047561
vt 0.003558 0.003558
vt 0.000484 0.003558
vt 0.000484 0.001783
vt 0.003558 0.000484
vt 0.051604 0.003558
vt 0.053378 0.000484
vt 0.054677 0.003558
vt 0.065836 0.020465
vt 0.065836 0.023539
vt 0.064061 0.023539
vt 0.062762 0.020465
vt 0.058720 0.996442
vt 0.061793 0.996442
vt 0.061793 0.998217
vt 0.058720 0.999516
vt 0.027581 0.996442
vt 0.027581 0.999516
vt 0.025806 0.999516
vt 0.024507 0.996442
vt 0.065836 0.027581
vt 0.062762 0.027581
vt 0.062762 0.025806
vt 0.065836 0.024507
vt 0.027581 0.003558
vt 0.024507 0.003558
vt 0.024507 0.001783
vt 0.027581 0.000484
vt 0.058720 0.003558
vt 0.058720 0.000484
vt 0.060494 0.000484
vt 0.061793 0.003558
vt 0.068910 0.020465
vt 0.068910 0.022239
vt 0.020465 0.996442
vt 0.023539 0.996442
vt 0.023539 0.998217
vt 0.020465 0.999516
vt 0.058720 0.996442
vt 0.056945 0.999516
vt 0.055646 0.996442
vt 0.065836 0.027581
vt 0.065836 0.024507
vt 0.067610 0.024507
vt 0.068910 0.027581
vt 0.058720 0.003558
vt 0.055646 0.003558
vt 0.055646 0.001783
vt 0.020465 0.003558
vt 0.020465 0.000484
vt 0.022239 0.000484
vt 0.023539 0.003558
s 0
usemtl MAT_metal_black_magazine
f 1457/2266/1293 1460/2267/1293 1461/2268/1293 1463/2269/1293
f 1458/2270/1294 1462/2271/1294 1461/2272/1294 1460/2273/1294
f 1459/2274/1295 1463/2275/1295 1461/2276/1295 1462/2277/1295
f 1464/2278/1296 1467/2279/1296 1468/2280/1296 1470/2281/1296
f 1465/2282/1297 1469/2283/1297 1468/2284/1297 1467/2285/1297
f 1466/2286/1298 1470/2287/1298 1468/2288/1298 1469/2289/1298
f 1471/2290/1299 1474/2291/1299 1475/2292/1299 1477/2293/1299
f 1472/2274/1300 1476/2294/1300 1475/2295/1300 1474/2275/1300
f 1473/2296/1301 1477/2297/1301 1475/2298/1301 1476/2299/1301
f 1478/2300/1302 1481/2301/1302 1482/2302/1302 1484/2303/1302
f 1479/2304/1303 1483/2305/1303 1482/2306/1303 1481/2307/1303
f 1480/2308/1304 1484/2289/1304 1482/2309/1304 1483/2310/1304
f 1485/2311/1305 1488/2312/1305 1489/2313/1305 1491/2314/1305
f 1486/2315/1306 1490/2316/1306 1489/2317/1306 1488/2318/1306
f 1487/2319/1307 1491/2320/1307 1489/2321/1307 1490/2322/1307
f 1492/2323/1308 1495/2324/1308 1496/2325/1308 1498/2326/1308
f 1493/2327/1309 1497/2328/1309 1496/2329/1309 1495/2330/1309
f 1494/2331/1310 1498/2332/1310 1496/2333/1310 1497/2334/1310
f 1499/2311/1311 1502/2335/1311 1503/2336/1311 1505/2312/1311
f 1500/2337/1312 1504/2338/1312 1503/2339/1312 1502/2340/1312
f 1501/2341/1313 1505/2318/1313 1503/2342/1313 1504/2343/1313
f 1506/2344/1314 1509/2345/1314 1510/2346/1314 1512/2347/1314
f 1507/2348/1315 1511/2349/1315 1510/2350/1315 1509/2332/1315
f 1508/2351/1316 1512/2352/1316 1510/2353/1316 1511/2354/1316
f 1471/2290/1317 1457/2266/1317 1463/2269/1317 1474/2291/1317
f 1474/2275/1318 1463/2275/1318 1459/2274/1318 1472/2274/1318
f 1458/2270/1319 1464/2278/1319 1470/2281/1319 1462/2271/1319
f 1462/2277/1320 1470/2287/1320 1466/2286/1320 1459/2274/1320
f 1465/2282/1321 1478/2300/1321 1484/2303/1321 1469/2283/1321
f 1469/2289/1322 1484/2289/1322 1480/2308/1322 1466/2286/1322
f 1479/2304/1323 1473/2296/1323 1476/2299/1323 1483/2305/1323
f 1483/2310/1324 1476/2294/1324 1472/2274/1324 1480/2308/1324
f 1499/2311/1325 1471/2290/1325 1477/2293/1325 1502/2335/1325
f 1502/2340/1326 1477/2297/1326 1473/2296/1326 1500/2337/1326
f 1478/2300/1327 1506/2344/1327 1512/2347/1327 1481/2301/1327
f 1481/2307/1328 1512/2352/1328 1508/2351/1328 1479/2304/1328
f 1507/2348/1329 1501/2341/1329 1504/2343/1329 1511/2349/1329
f 1511/2354/1330 1504/2338/1330 1500/2337/1330 1508/2351/1330
f 1485/2311/1331 1499/2311/1331 1505/2312/1331 1488/2312/1331
f 1488/2318/1332 1505/2318/1332 1501/2341/1332 1486/2315/1332
f 1506/2344/1333 1492/2323/1333 1498/2326/1333 1509/2345/1333
f 1509/2332/1334 1498/2332/1334 1494/2331/1334 1507/2348/1334
f 1493/2327/1335 1487/2319/1335 1490/2322/1335 1497/2328/1335
f 1497/2334/1336 1490/2316/1336 1486/2315/1336 1494/2331/1336
f 1457/2266/1337 1485/2311/1337 1491/2314/1337 1460/2267/1337
f 1460/2273/1338 1491/2320/1338 1487/2319/1338 1458/2270/1338
f 1492/2323/1339 1465/2282/1339 1467/2285/1339 1495/2324/1339
f 1495/2330/1340 1467/2279/1340 1464/2278/1340 1493/2327/1340
f 1471/2290/1341 1499/2311/1341 1485/2311/1341 1457/2266/1341
f 1459/2274/1342 1466/2286/1342 1480/2308/1342 1472/2274/1342
f 1487/2319/1343 1493/2327/1343 1464/2278/1343 1458/2270/1343
f 1506/2344/1344 1478/2300/1344 1465/2282/1344 1492/2323/1344
f 1473/2296/1345 1479/2304/1345 1508/2351/1345 1500/2337/1345
f 1501/2341/1346 1507/2348/1346 1494/2331/1346 1486/2315/1346
o AK_handguard_lower_main
v 0.073000 -0.010000 0.017000
v 0.073000 -0.007000 0.020000
v 0.070000 -0.007000 0.017000
v 0.073000 -0.009599 0.018498
v 0.071502 -0.009599 0.017000
v 0.071565 -0.009210 0.018435
v 0.071502 -0.007000 0.019599
v 0.073000 -0.008498 0.019599
v 0.071565 -0.008435 0.019210
v 0.070401 -0.008498 0.017000
v 0.070401 -0.007000 0.018498
v 0.070790 -0.008435 0.018435
v 0.073000 0.017000 0.020000
v 0.073000 0.020000 0.017000
v 0.070000 0.017000 0.017000
v 0.073000 0.018498 0.019599
v 0.071502 0.017000 0.019599
v 0.071565 0.018435 0.019210
v 0.071502 0.019599 0.017000
v 0.073000 0.019599 0.018498
v 0.071565 0.019210 0.018435
v 0.070401 0.017000 0.018498
v 0.070401 0.018498 0.017000
v 0.070790 0.018435 0.018435
v 0.073000 -0.010000 -0.017000
v 0.070000 -0.007000 -0.017000
v 0.073000 -0.007000 -0.020000
v 0.071502 -0.009599 -0.017000
v 0.073000 -0.009599 -0.018498
v 0.071565 -0.009210 -0.018435
v 0.070401 -0.007000 -0.018498
v 0.070401 -0.008498 -0.017000
v 0.070790 -0.008435 -0.018435
v 0.073000 -0.008498 -0.019599
v 0.071502 -0.007000 -0.019599
v 0.071565 -0.008435 -0.019210
v 0.073000 0.020000 -0.017000
v 0.073000 0.017000 -0.020000
v 0.070000 0.017000 -0.017000
v 0.073000 0.019599 -0.018498
v 0.071502 0.019599 -0.017000
v 0.071565 0.019210 -0.018435
v 0.071502 0.017000 -0.019599
v 0.073000 0.018498 -0.019599
v 0.071565 0.018435 -0.019210
v 0.070401 0.018498 -0.017000
v 0.070401 0.017000 -0.018498
v 0.070790 0.018435 -0.018435
v 0.197000 -0.010000 0.017000
v 0.200000 -0.007000 0.017000
v 0.197000 -0.007000 0.020000
v 0.198498 -0.009599 0.017000
v 0.197000 -0.009599 0.018498
v 0.198435 -0.009210 0.018435
v 0.199599 -0.007000 0.018498
v 0.199599 -0.008498 0.017000
v 0.199210 -0.008435 0.018435
v 0.197000 -0.008498 0.019599
v 0.198498 -0.007000 0.019599
v 0.198435 -0.008435 0.019210
v 0.197000 0.020000 0.017000
v 0.197000 0.017000 0.020000
v 0.200000 0.017000 0.017000
v 0.197000 0.019599 0.018498
v 0.198498 0.019599 0.017000
v 0.198435 0.019210 0.018435
v 0.198498 0.017000 0.019599
v 0.197000 0.018498 0.019599
v 0.198435 0.018435 0.019210
v 0.199599 0.018498 0.017000
v 0.199599 0.017000 0.018498
v 0.199210 0.018435 0.018435
v 0.197000 -0.010000 -0.017000
v 0.197000 -0.007000 -0.020000
v 0.200000 -0.007000 -0.017000
v 0.197000 -0.009599 -0.018498
v 0.198498 -0.009599 -0.017000
v 0.198435 -0.009210 -0.018435
v 0.198498 -0.007000 -0.019599
v 0.197000 -0.008498 -0.019599
v 0.198435 -0.008435 -0.019210
v 0.199599 -0.008498 -0.017000
v 0.199599 -0.007000 -0.018498
v 0.199210 -0.008435 -0.018435
v 0.197000 0.020000 -0.017000
v 0.200000 0.017000 -0.017000
v 0.197000 0.017000 -0.020000
v 0.198498 0.019599 -0.017000
v 0.197000 0.019599 -0.018498
v 0.198435 0.019210 -0.018435
v 0.199599 0.017000 -0.018498
v 0.199599 0.018498 -0.017000
v 0.199210 0.018435 -0.018435
v 0.197000 0.018498 -0.019599
v 0.198498 0.017000 -0.019599
v 0.198435 0.018435 -0.019210
vn -0.2566 -0.9318 0.2566
vn -0.2178 -0.6901 0.6901
vn -0.2566 -0.2566 0.9318
vn -0.6901 -0.2178 0.6901
vn -0.9318 -0.2566 0.2566
vn -0.6901 -0.6901 0.2178
vn -0.5774 -0.5774 0.5773
vn -0.2566 0.2566 0.9318
vn -0.2178 0.6901 0.6901
vn -0.2566 0.9318 0.2566
vn -0.6901 0.6901 0.2178
vn -0.9318 0.2566 0.2566
vn -0.6901 0.2178 0.6901
vn -0.5774 0.5774 0.5773
vn -0.2566 -0.9318 -0.2566
vn -0.6901 -0.6901 -0.2178
vn -0.9318 -0.2566 -0.2566
vn -0.6901 -0.2178 -0.6901
vn -0.2566 -0.2566 -0.9318
vn -0.2178 -0.6901 -0.6901
vn -0.5774 -0.5774 -0.5773
vn -0.2566 0.9318 -0.2566
vn -0.2178 0.6901 -0.6901
vn -0.2566 0.2566 -0.9318
vn -0.6901 0.2178 -0.6901
vn -0.9318 0.2566 -0.2566
vn -0.6901 0.6901 -0.2178
vn -0.5774 0.5774 -0.5773
vn 0.2566 -0.9318 0.2566
vn 0.6901 -0.6901 0.2178
vn 0.9318 -0.2566 0.2566
vn 0.6901 -0.2178 0.6901
vn 0.2566 -0.2566 0.9318
vn 0.2178 -0.6901 0.6901
vn 0.5774 -0.5774 0.5773
vn 0.2566 0.9318 0.2566
vn 0.2178 0.6901 0.6901
vn 0.2566 0.2566 0.9318
vn 0.6901 0.2178 0.6901
vn 0.9318 0.2566 0.2566
vn 0.6901 0.6901 0.2178
vn 0.5774 0.5774 0.5773
vn 0.2566 -0.9318 -0.2566
vn 0.2178 -0.6901 -0.6901
vn 0.2566 -0.2566 -0.9318
vn 0.6901 -0.2178 -0.6901
vn 0.9318 -0.2566 -0.2566
vn 0.6901 -0.6901 -0.2178
vn 0.5774 -0.5774 -0.5773
vn 0.2566 0.9318 -0.2566
vn 0.6901 0.6901 -0.2178
vn 0.9318 0.2566 -0.2566
vn 0.6901 0.2178 -0.6901
vn 0.2566 0.2566 -0.9318
vn 0.2178 0.6901 -0.6901
vn 0.5774 0.5774 -0.5773
vn -0.2585 -0.9660 -0.0000
vn -0.7071 -0.7071 -0.0000
vn -0.9660 -0.2585 -0.0000
vn -0.2585 -0.0000 0.9660
vn -0.7071 -0.0000 0.7071
vn -0.9660 -0.0000 0.2585
vn -0.2585 0.9660 -0.0000
vn -0.7071 0.7071 -0.0000
vn -0.9660 0.2585 -0.0000
vn -0.2585 -0.0000 -0.9660
vn -0.7071 -0.0000 -0.7071
vn -0.9660 -0.0000 -0.2585
vn -0.0000 -0.9660 -0.2585
vn -0.0000 -0.7071 -0.7071
vn -0.0000 -0.2585 -0.9660
vn -0.0000 0.9660 -0.2585
vn -0.0000 0.7071 -0.7071
vn -0.0000 0.2585 -0.9660
vn 0.9660 -0.0000 -0.2585
vn 0.7071 -0.0000 -0.7071
vn 0.2585 -0.0000 -0.9660
vn 0.2585 -0.9660 -0.0000
vn 0.7071 -0.7071 -0.0000
vn 0.9660 -0.2585 -0.0000
vn 0.2585 0.9660 -0.0000
vn 0.7071 0.7071 -0.0000
vn 0.9660 0.2585 -0.0000
vn 0.2585 -0.0000 0.9660
vn 0.7071 -0.0000 0.7071
vn 0.9660 -0.0000 0.2585
vn -0.0000 -0.9660 0.2585
vn -0.0000 -0.7071 0.7071
vn -0.0000 -0.2585 0.9660
vn -0.0000 0.9660 0.2585
vn -0.0000 0.7071 0.7071
vn -0.0000 0.2585 0.9660
vn -0.0000 -1.0000 -0.0000
vn -1.0000 -0.0000 -0.0000
vn -0.0000 -0.0000 1.0000
vn -0.0000 1.0000 -0.0000
vn -0.0000 -0.0000 -1.0000
vn 1.0000 -0.0000 -0.0000
vt 0.021289 0.021289
vt 0.012615 0.021289
vt 0.012983 0.012983
vt 0.021289 0.012615
vt 0.003919 0.021289
vt 0.003919 0.012983
vt 0.820682 0.021289
vt 0.820682 0.012615
vt 0.838052 0.012983
vt 0.838052 0.021289
vt 0.820682 0.003919
vt 0.838052 0.003919
vt 0.160253 0.978711
vt 0.177623 0.978711
vt 0.177623 0.987017
vt 0.160253 0.996081
vt 0.021289 0.003919
vt 0.012983 0.003919
vt 0.681718 0.021289
vt 0.664348 0.021289
vt 0.664348 0.012983
vt 0.681718 0.012615
vt 0.243362 0.739267
vt 0.252059 0.739267
vt 0.252426 0.747574
vt 0.243362 0.747574
vt 0.260733 0.739267
vt 0.260733 0.747941
vt 0.260733 0.756638
vt 0.252426 0.756638
vt 0.021289 0.978711
vt 0.021289 0.996081
vt 0.003919 0.987017
vt 0.003919 0.978711
vt 0.681718 0.003919
vt 0.664348 0.003919
vt 0.218154 0.021289
vt 0.218154 0.012615
vt 0.226461 0.012983
vt 0.226828 0.021289
vt 0.218154 0.003919
vt 0.226461 0.003919
vt 0.160253 0.781846
vt 0.160253 0.764475
vt 0.177623 0.773539
vt 0.177623 0.781846
vt 0.639140 0.756638
vt 0.639140 0.747941
vt 0.656510 0.747574
vt 0.656510 0.756638
vt 0.639140 0.739267
vt 0.656510 0.739267
vt 0.235525 0.021289
vt 0.235525 0.012983
vt 0.457598 0.739267
vt 0.466271 0.739267
vt 0.465904 0.747574
vt 0.457598 0.747941
vt 0.474968 0.739267
vt 0.474968 0.747574
vt 0.500176 0.739267
vt 0.500176 0.747941
vt 0.482806 0.747574
vt 0.482806 0.739267
vt 0.500176 0.756638
vt 0.482806 0.756638
vt 0.021289 0.781846
vt 0.003919 0.781846
vt 0.003919 0.773539
vt 0.021289 0.764475
vt 0.457598 0.756638
vt 0.465904 0.756638
vt 0.021289 0.739267
vt 0.021289 0.747941
vt 0.012983 0.747574
vt 0.012615 0.739267
vt 0.021289 0.756638
vt 0.012983 0.756638
vt 0.341795 0.781846
vt 0.341795 0.773172
vt 0.359165 0.773539
vt 0.359165 0.781846
vt 0.341795 0.764475
vt 0.359165 0.764475
vt 0.820682 0.739267
vt 0.838052 0.739267
vt 0.838052 0.747574
vt 0.820682 0.756638
vt 0.003919 0.739267
vt 0.003919 0.747574
vt 0.260733 0.021289
vt 0.252059 0.021289
vt 0.252426 0.012983
vt 0.260733 0.012615
vt 0.243362 0.021289
vt 0.243362 0.012982
vt 0.681718 0.739267
vt 0.681718 0.756638
vt 0.664348 0.747574
vt 0.664348 0.739267
vt 0.202831 0.764475
vt 0.202831 0.773172
vt 0.185461 0.773539
vt 0.185461 0.764475
vt 0.202831 0.781846
vt 0.185461 0.781846
vt 0.260733 0.003919
vt 0.252426 0.003919
vt 0.218154 0.739267
vt 0.226828 0.739267
vt 0.226461 0.747574
vt 0.218154 0.747941
vt 0.235525 0.739267
vt 0.235525 0.747574
vt 0.639140 0.021289
vt 0.639140 0.003919
vt 0.656510 0.012983
vt 0.656510 0.021289
vt 0.341795 0.996081
vt 0.341795 0.987384
vt 0.359165 0.987017
vt 0.359165 0.996081
vt 0.341795 0.978711
vt 0.359165 0.978711
vt 0.218154 0.756638
vt 0.226461 0.756638
vt 0.457598 0.021289
vt 0.457598 0.012615
vt 0.465904 0.012982
vt 0.466272 0.021289
vt 0.457598 0.003919
vt 0.465904 0.003919
vt 0.202831 0.978711
vt 0.202831 0.987384
vt 0.185461 0.987017
vt 0.185461 0.978711
vt 0.202831 0.996081
vt 0.185461 0.996081
vt 0.500176 0.021289
vt 0.482806 0.021289
vt 0.482806 0.012983
vt 0.500176 0.003919
vt 0.474968 0.021289
vt 0.474968 0.012983
s 0
usemtl MAT_wood_dark_reddish
f 1513/2355/1347 1516/2356/1347 1518/2357/1347 1517/2358/1347
f 1516/2356/1348 1520/2359/1348 1521/2360/1348 1518/2357/1348
f 1514/2361/1349 1519/2362/1349 1521/2363/1349 1520/2364/1349
f 1519/2362/1350 1523/2365/1350 1524/2366/1350 1521/2363/1350
f 1515/2367/1351 1522/2368/1351 1524/2369/1351 1523/2370/1351
f 1522/2371/1352 1517/2358/1352 1518/2357/1352 1524/2372/1352
f 1518/2357/1353 1521/2360/1353 1524/2372/1353
f 1525/2373/1354 1528/2374/1354 1530/2375/1354 1529/2376/1354
f 1528/2377/1355 1532/2378/1355 1533/2379/1355 1530/2380/1355
f 1526/2381/1356 1531/2382/1356 1533/2379/1356 1532/2378/1356
f 1531/2382/1357 1535/2383/1357 1536/2384/1357 1533/2379/1357
f 1527/2385/1358 1534/2386/1358 1536/2387/1358 1535/2388/1358
f 1534/2389/1359 1529/2376/1359 1530/2375/1359 1536/2390/1359
f 1530/2380/1360 1533/2379/1360 1536/2384/1360
f 1537/2391/1361 1540/2392/1361 1542/2393/1361 1541/2394/1361
f 1540/2392/1362 1544/2395/1362 1545/2396/1362 1542/2393/1362
f 1538/2397/1363 1543/2398/1363 1545/2399/1363 1544/2400/1363
f 1543/2401/1364 1547/2402/1364 1548/2403/1364 1545/2404/1364
f 1539/2405/1365 1546/2406/1365 1548/2403/1365 1547/2402/1365
f 1546/2407/1366 1541/2394/1366 1542/2393/1366 1548/2408/1366
f 1542/2393/1367 1545/2396/1367 1548/2408/1367
f 1549/2409/1368 1552/2410/1368 1554/2411/1368 1553/2412/1368
f 1552/2410/1369 1556/2413/1369 1557/2414/1369 1554/2411/1369
f 1550/2415/1370 1555/2416/1370 1557/2417/1370 1556/2418/1370
f 1555/2416/1371 1559/2419/1371 1560/2420/1371 1557/2417/1371
f 1551/2421/1372 1558/2422/1372 1560/2423/1372 1559/2424/1372
f 1558/2425/1373 1553/2412/1373 1554/2411/1373 1560/2426/1373
f 1554/2411/1374 1557/2414/1374 1560/2426/1374
f 1561/2427/1375 1564/2428/1375 1566/2429/1375 1565/2430/1375
f 1564/2428/1376 1568/2431/1376 1569/2432/1376 1566/2429/1376
f 1562/2433/1377 1567/2434/1377 1569/2435/1377 1568/2436/1377
f 1567/2434/1378 1571/2437/1378 1572/2438/1378 1569/2435/1378
f 1563/2439/1379 1570/2440/1379 1572/2441/1379 1571/2442/1379
f 1570/2443/1380 1565/2430/1380 1566/2429/1380 1572/2444/1380
f 1566/2429/1381 1569/2432/1381 1572/2444/1381
f 1573/2445/1382 1576/2446/1382 1578/2447/1382 1577/2448/1382
f 1576/2446/1383 1580/2449/1383 1581/2450/1383 1578/2447/1383
f 1574/2451/1384 1579/2452/1384 1581/2453/1384 1580/2454/1384
f 1579/2455/1385 1583/2456/1385 1584/2457/1385 1581/2458/1385
f 1575/2459/1386 1582/2460/1386 1584/2457/1386 1583/2456/1386
f 1582/2461/1387 1577/2448/1387 1578/2447/1387 1584/2462/1387
f 1578/2447/1388 1581/2450/1388 1584/2462/1388
f 1585/2463/1389 1588/2464/1389 1590/2465/1389 1589/2466/1389
f 1588/2464/1390 1592/2467/1390 1593/2468/1390 1590/2465/1390
f 1586/2469/1391 1591/2470/1391 1593/2471/1391 1592/2472/1391
f 1591/2473/1392 1595/2474/1392 1596/2475/1392 1593/2476/1392
f 1587/2477/1393 1594/2478/1393 1596/2475/1393 1595/2474/1393
f 1594/2479/1394 1589/2466/1394 1590/2465/1394 1596/2480/1394
f 1590/2465/1395 1593/2468/1395 1596/2480/1395
f 1597/2481/1396 1600/2482/1396 1602/2483/1396 1601/2484/1396
f 1600/2482/1397 1604/2485/1397 1605/2486/1397 1602/2483/1397
f 1598/2487/1398 1603/2488/1398 1605/2489/1398 1604/2490/1398
f 1603/2488/1399 1607/2491/1399 1608/2492/1399 1605/2489/1399
f 1599/2493/1400 1606/2494/1400 1608/2495/1400 1607/2496/1400
f 1606/2497/1401 1601/2484/1401 1602/2483/1401 1608/2498/1401
f 1602/2483/1402 1605/2486/1402 1608/2498/1402
f 1537/2391/1403 1513/2355/1403 1517/2358/1403 1540/2392/1403
f 1540/2392/1404 1517/2358/1404 1522/2371/1404 1544/2395/1404
f 1544/2400/1405 1522/2368/1405 1515/2367/1405 1538/2397/1405
f 1514/2361/1406 1525/2373/1406 1529/2376/1406 1519/2362/1406
f 1519/2362/1407 1529/2376/1407 1534/2389/1407 1523/2365/1407
f 1523/2370/1408 1534/2386/1408 1527/2385/1408 1515/2367/1408
f 1526/2381/1409 1549/2409/1409 1553/2412/1409 1531/2382/1409
f 1531/2382/1410 1553/2412/1410 1558/2425/1410 1535/2383/1410
f 1535/2388/1411 1558/2422/1411 1551/2421/1411 1527/2385/1411
f 1550/2415/1412 1539/2405/1412 1547/2402/1412 1555/2416/1412
f 1555/2416/1413 1547/2402/1413 1543/2401/1413 1559/2419/1413
f 1559/2424/1414 1543/2398/1414 1538/2397/1414 1551/2421/1414
f 1585/2463/1415 1537/2391/1415 1541/2394/1415 1588/2464/1415
f 1588/2464/1416 1541/2394/1416 1546/2407/1416 1592/2467/1416
f 1592/2472/1417 1546/2406/1417 1539/2405/1417 1586/2469/1417
f 1549/2409/1418 1597/2481/1418 1601/2484/1418 1552/2410/1418
f 1552/2410/1419 1601/2484/1419 1606/2497/1419 1556/2413/1419
f 1556/2418/1420 1606/2494/1420 1599/2493/1420 1550/2415/1420
f 1598/2487/1421 1587/2477/1421 1595/2474/1421 1603/2488/1421
f 1603/2488/1422 1595/2474/1422 1591/2473/1422 1607/2491/1422
f 1607/2496/1423 1591/2470/1423 1586/2469/1423 1599/2493/1423
f 1561/2427/1424 1585/2463/1424 1589/2466/1424 1564/2428/1424
f 1564/2428/1425 1589/2466/1425 1594/2479/1425 1568/2431/1425
f 1568/2436/1426 1594/2478/1426 1587/2477/1426 1562/2433/1426
f 1597/2481/1427 1573/2445/1427 1577/2448/1427 1600/2482/1427
f 1600/2482/1428 1577/2448/1428 1582/2461/1428 1604/2485/1428
f 1604/2490/1429 1582/2460/1429 1575/2459/1429 1598/2487/1429
f 1574/2451/1430 1563/2439/1430 1571/2442/1430 1579/2452/1430
f 1579/2455/1431 1571/2437/1431 1567/2434/1431 1583/2456/1431
f 1583/2456/1432 1567/2434/1432 1562/2433/1432 1575/2459/1432
f 1513/2355/1433 1561/2427/1433 1565/2430/1433 1516/2356/1433
f 1516/2356/1434 1565/2430/1434 1570/2443/1434 1520/2359/1434
f 1520/2364/1435 1570/2440/1435 1563/2439/1435 1514/2361/1435
f 1573/2445/1436 1526/2381/1436 1532/2378/1436 1576/2446/1436
f 1576/2446/1437 1532/2378/1437 1528/2377/1437 1580/2449/1437
f 1580/2454/1438 1528/2374/1438 1525/2373/1438 1574/2451/1438
f 1537/2391/1439 1585/2463/1439 1561/2427/1439 1513/2355/1439
f 1515/2367/1440 1527/2385/1440 1551/2421/1440 1538/2397/1440
f 1563/2439/1441 1574/2451/1441 1525/2373/1441 1514/2361/1441
f 1597/2481/1442 1549/2409/1442 1526/2381/1442 1573/2445/1442
f 1539/2405/1443 1550/2415/1443 1599/2493/1443 1586/2469/1443
f 1587/2477/1444 1598/2487/1444 1575/2459/1444 1562/2433/1444
o AK_handguard_upper_front_collar_visual
v 0.215000 0.050000 -0.012395
v 0.215600 0.050000 -0.013000
v 0.215176 0.050000 -0.012823
v 0.227000 0.050000 -0.012395
v 0.226400 0.050000 -0.013000
v 0.226824 0.050000 -0.012823
v 0.215000 0.046792 -0.011972
v 0.215600 0.046635 -0.012557
v 0.215176 0.046681 -0.012386
v 0.227000 0.046792 -0.011972
v 0.226400 0.046635 -0.012557
v 0.226824 0.046681 -0.012386
v 0.215000 0.043803 -0.010734
v 0.215600 0.043500 -0.011258
v 0.215176 0.043589 -0.011105
v 0.227000 0.043803 -0.010734
v 0.226400 0.043500 -0.011258
v 0.226824 0.043589 -0.011105
v 0.215000 0.041236 -0.008764
v 0.215600 0.040808 -0.009192
v 0.215176 0.040933 -0.009067
v 0.227000 0.041236 -0.008764
v 0.226400 0.040808 -0.009192
v 0.226824 0.040933 -0.009067
v 0.215000 0.039266 -0.006197
v 0.215600 0.038742 -0.006500
v 0.215176 0.038895 -0.006411
v 0.227000 0.039266 -0.006197
v 0.226400 0.038742 -0.006500
v 0.226824 0.038895 -0.006411
v 0.215000 0.038028 -0.003208
v 0.215600 0.037443 -0.003365
v 0.215176 0.037614 -0.003319
v 0.227000 0.038028 -0.003208
v 0.226400 0.037443 -0.003365
v 0.226824 0.037614 -0.003319
v 0.215000 0.037605 0.000000
v 0.215600 0.037000 0.000000
v 0.215176 0.037177 0.000000
v 0.227000 0.037605 0.000000
v 0.226400 0.037000 0.000000
v 0.226824 0.037177 0.000000
v 0.215000 0.038028 0.003208
v 0.215600 0.037443 0.003365
v 0.215176 0.037614 0.003319
v 0.227000 0.038028 0.003208
v 0.226400 0.037443 0.003365
v 0.226824 0.037614 0.003319
v 0.215000 0.039266 0.006197
v 0.215600 0.038742 0.006500
v 0.215176 0.038895 0.006411
v 0.227000 0.039266 0.006197
v 0.226400 0.038742 0.006500
v 0.226824 0.038895 0.006411
v 0.215000 0.041236 0.008764
v 0.215600 0.040808 0.009192
v 0.215176 0.040933 0.009067
v 0.227000 0.041236 0.008764
v 0.226400 0.040808 0.009192
v 0.226824 0.040933 0.009067
v 0.215000 0.043803 0.010734
v 0.215600 0.043500 0.011258
v 0.215176 0.043589 0.011105
v 0.227000 0.043803 0.010734
v 0.226400 0.043500 0.011258
v 0.226824 0.043589 0.011105
v 0.215000 0.046792 0.011972
v 0.215600 0.046635 0.012557
v 0.215176 0.046681 0.012386
v 0.227000 0.046792 0.011972
v 0.226400 0.046635 0.012557
v 0.226824 0.046681 0.012386
v 0.215000 0.050000 0.012395
v 0.215600 0.050000 0.013000
v 0.215176 0.050000 0.012823
v 0.227000 0.050000 0.012395
v 0.226400 0.050000 0.013000
v 0.226824 0.050000 0.012823
v 0.215000 0.053208 0.011972
v 0.215600 0.053365 0.012557
v 0.215176 0.053319 0.012386
v 0.227000 0.053208 0.011972
v 0.226400 0.053365 0.012557
v 0.226824 0.053319 0.012386
v 0.215000 0.056197 0.010734
v 0.215600 0.056500 0.011258
v 0.215176 0.056411 0.011105
v 0.227000 0.056197 0.010734
v 0.226400 0.056500 0.011258
v 0.226824 0.056411 0.011105
v 0.215000 0.058764 0.008764
v 0.215600 0.059192 0.009192
v 0.215176 0.059067 0.009067
v 0.227000 0.058764 0.008764
v 0.226400 0.059192 0.009192
v 0.226824 0.059067 0.009067
v 0.215000 0.060734 0.006197
v 0.215600 0.061258 0.006500
v 0.215176 0.061105 0.006411
v 0.227000 0.060734 0.006197
v 0.226400 0.061258 0.006500
v 0.226824 0.061105 0.006411
v 0.215000 0.061972 0.003208
v 0.215600 0.062557 0.003365
v 0.215176 0.062386 0.003319
v 0.227000 0.061972 0.003208
v 0.226400 0.062557 0.003365
v 0.226824 0.062386 0.003319
v 0.215000 0.062395 0.000000
v 0.215600 0.063000 0.000000
v 0.215176 0.062823 0.000000
v 0.227000 0.062395 0.000000
v 0.226400 0.063000 0.000000
v 0.226824 0.062823 0.000000
v 0.215000 0.061972 -0.003208
v 0.215600 0.062557 -0.003365
v 0.215176 0.062386 -0.003319
v 0.227000 0.061972 -0.003208
v 0.226400 0.062557 -0.003365
v 0.226824 0.062386 -0.003319
v 0.215000 0.060734 -0.006197
v 0.215600 0.061258 -0.006500
v 0.215176 0.061105 -0.006411
v 0.227000 0.060734 -0.006197
v 0.226400 0.061258 -0.006500
v 0.226824 0.061105 -0.006411
v 0.215000 0.058764 -0.008764
v 0.215600 0.059192 -0.009192
v 0.215176 0.059067 -0.009067
v 0.227000 0.058764 -0.008764
v 0.226400 0.059192 -0.009192
v 0.226824 0.059067 -0.009067
v 0.215000 0.056197 -0.010734
v 0.215600 0.056500 -0.011258
v 0.215176 0.056411 -0.011105
v 0.227000 0.056197 -0.010734
v 0.226400 0.056500 -0.011258
v 0.226824 0.056411 -0.011105
v 0.215000 0.053208 -0.011972
v 0.215600 0.053365 -0.012557
v 0.215176 0.053319 -0.012386
v 0.227000 0.053208 -0.011972
v 0.226400 0.053365 -0.012557
v 0.226824 0.053319 -0.012386
vn -0.3827 -0.1206 -0.9160
vn -0.9239 -0.0500 -0.3794
vn 0.3827 -0.1206 -0.9160
vn 0.9239 -0.0499 -0.3794
vn -0.3827 -0.3536 -0.8536
vn -0.9239 -0.1464 -0.3536
vn 0.3827 -0.3536 -0.8536
vn 0.9239 -0.1464 -0.3536
vn -0.3827 -0.5624 -0.7330
vn -0.9239 -0.2330 -0.3036
vn 0.3827 -0.5624 -0.7330
vn 0.9239 -0.2330 -0.3036
vn -0.3827 -0.7330 -0.5624
vn -0.9239 -0.3036 -0.2330
vn 0.3827 -0.7330 -0.5624
vn 0.9239 -0.3036 -0.2330
vn -0.3827 -0.8536 -0.3536
vn -0.9239 -0.3536 -0.1464
vn 0.3827 -0.8536 -0.3536
vn 0.9239 -0.3536 -0.1464
vn -0.3827 -0.9160 -0.1206
vn -0.9239 -0.3794 -0.0499
vn 0.3827 -0.9160 -0.1206
vn 0.9239 -0.3794 -0.0500
vn -0.3827 -0.9160 0.1206
vn -0.9239 -0.3794 0.0500
vn 0.3827 -0.9160 0.1206
vn 0.9239 -0.3794 0.0500
vn -0.3827 -0.8536 0.3536
vn -0.9239 -0.3536 0.1464
vn 0.3827 -0.8536 0.3536
vn 0.9239 -0.3536 0.1464
vn -0.3827 -0.7330 0.5624
vn -0.9239 -0.3036 0.2330
vn 0.3827 -0.7330 0.5624
vn 0.9239 -0.3036 0.2330
vn -0.3827 -0.5624 0.7330
vn -0.9239 -0.2330 0.3036
vn 0.3827 -0.5624 0.7330
vn 0.9239 -0.2330 0.3036
vn -0.3827 -0.3536 0.8536
vn -0.9239 -0.1464 0.3536
vn 0.3827 -0.3536 0.8536
vn 0.9239 -0.1464 0.3536
vn -0.3827 -0.1206 0.9160
vn -0.9239 -0.0500 0.3794
vn 0.3827 -0.1206 0.9160
vn 0.9239 -0.0499 0.3794
vn -0.3827 0.1206 0.9160
vn -0.9239 0.0499 0.3794
vn 0.3827 0.1206 0.9160
vn 0.9239 0.0500 0.3794
vn -0.3827 0.3536 0.8536
vn -0.9239 0.1464 0.3536
vn 0.3827 0.3536 0.8536
vn 0.9239 0.1464 0.3536
vn -0.3827 0.5624 0.7330
vn -0.9239 0.2330 0.3036
vn 0.3827 0.5624 0.7330
vn 0.9239 0.2330 0.3036
vn -0.3827 0.7330 0.5624
vn -0.9239 0.3036 0.2330
vn 0.3827 0.7330 0.5624
vn 0.9239 0.3036 0.2330
vn -0.3827 0.8536 0.3536
vn -0.9239 0.3536 0.1464
vn 0.3827 0.8536 0.3536
vn 0.9239 0.3536 0.1464
vn -0.3827 0.9160 0.1206
vn -0.9239 0.3794 0.0500
vn 0.3827 0.9160 0.1206
vn 0.9239 0.3794 0.0500
vn -0.3827 0.9160 -0.1206
vn -0.9239 0.3794 -0.0500
vn 0.3827 0.9160 -0.1206
vn 0.9239 0.3794 -0.0499
vn -0.3827 0.8536 -0.3536
vn -0.9239 0.3536 -0.1464
vn 0.3827 0.8536 -0.3536
vn 0.9239 0.3536 -0.1464
vn -0.3827 0.7330 -0.5624
vn -0.9239 0.3036 -0.2330
vn 0.3827 0.7330 -0.5624
vn 0.9239 0.3036 -0.2330
vn -0.3827 0.5624 -0.7330
vn -0.9239 0.2330 -0.3036
vn 0.3827 0.5624 -0.7330
vn 0.9239 0.2330 -0.3036
vn -0.3827 0.3536 -0.8536
vn -0.9239 0.1464 -0.3536
vn 0.3827 0.3536 -0.8536
vn 0.9239 0.1464 -0.3536
vn -0.3827 0.1206 -0.9160
vn -0.9239 0.0499 -0.3794
vn 0.3827 0.1206 -0.9160
vn 0.9239 0.0500 -0.3794
vn -1.0000 -0.0000 -0.0000
vn -0.0000 -0.1305 -0.9914
vn -0.0000 0.1305 -0.9914
vn 1.0000 -0.0000 -0.0000
vn -0.0000 -0.3827 -0.9239
vn -0.0000 -0.6088 -0.7934
vn -0.0000 -0.7934 -0.6088
vn -0.0000 -0.9239 -0.3827
vn -0.0000 -0.9914 -0.1305
vn -0.0000 -0.9914 0.1305
vn -0.0000 -0.9239 0.3827
vn -0.0000 -0.7934 0.6088
vn -0.0000 -0.6088 0.7934
vn -0.0000 -0.3827 0.9239
vn -0.0000 -0.1305 0.9914
vn -0.0000 0.1305 0.9914
vn -0.0000 0.3827 0.9239
vn -0.0000 0.6088 0.7934
vn -0.0000 0.7934 0.6088
vn -0.0000 0.9239 0.3827
vn -0.0000 0.9914 0.1305
vn -0.0000 0.9914 -0.1305
vn -0.0000 0.9239 -0.3827
vn -0.0000 0.7934 -0.6088
vn -0.0000 0.6088 -0.7934
vn -0.0000 0.3827 -0.9239
vt 0.514380 0.651249
vt 0.514380 0.716318
vt 0.502876 0.716310
vt 0.502876 0.651256
vt 0.282527 0.997067
vt 0.217473 0.997067
vt 0.218980 0.985620
vt 0.281020 0.985620
vt 0.721455 0.716318
vt 0.721455 0.651249
vt 0.732959 0.651256
vt 0.732959 0.716310
vt 0.154636 0.019771
vt 0.217473 0.002933
vt 0.218980 0.014380
vt 0.159054 0.030437
vt 0.514380 0.779170
vt 0.502876 0.779148
vt 0.154636 0.980229
vt 0.159054 0.969563
vt 0.721455 0.779170
vt 0.732959 0.779148
vt 0.098298 0.052298
vt 0.105326 0.061457
vt 0.514380 0.835521
vt 0.502876 0.835486
vt 0.098298 0.947703
vt 0.105326 0.938543
vt 0.721455 0.835521
vt 0.732959 0.835486
vt 0.052298 0.098298
vt 0.061457 0.105326
vt 0.514380 0.881532
vt 0.502876 0.881486
vt 0.052297 0.901703
vt 0.061457 0.894674
vt 0.721455 0.881532
vt 0.732959 0.881486
vt 0.019771 0.154636
vt 0.030437 0.159054
vt 0.514380 0.914066
vt 0.502876 0.913844
vt 0.019771 0.845364
vt 0.030437 0.840946
vt 0.721455 0.914066
vt 0.732959 0.913845
vt 0.002933 0.217473
vt 0.014380 0.218980
vt 0.721455 0.480283
vt 0.721455 0.463442
vt 0.732959 0.463388
vt 0.732959 0.480168
vt 0.002933 0.782527
vt 0.014380 0.781020
vt 0.514380 0.463442
vt 0.514380 0.480283
vt 0.502876 0.480168
vt 0.502876 0.463388
vt 0.002933 0.282527
vt 0.014380 0.281020
vt 0.721455 0.430907
vt 0.732959 0.430861
vt 0.002933 0.717473
vt 0.014380 0.718980
vt 0.514380 0.430907
vt 0.502876 0.430861
vt 0.019771 0.345364
vt 0.030437 0.340946
vt 0.721455 0.384897
vt 0.732959 0.384861
vt 0.019771 0.654636
vt 0.030437 0.659054
vt 0.514380 0.384897
vt 0.502876 0.384861
vt 0.052297 0.401702
vt 0.061457 0.394674
vt 0.721455 0.328545
vt 0.732959 0.328523
vt 0.052298 0.598298
vt 0.061457 0.605326
vt 0.514380 0.328545
vt 0.502876 0.328523
vt 0.098298 0.447703
vt 0.105326 0.438543
vt 0.721455 0.265693
vt 0.732959 0.265686
vt 0.098298 0.552298
vt 0.105326 0.561457
vt 0.514380 0.265693
vt 0.502876 0.265686
vt 0.154636 0.480229
vt 0.159054 0.469563
vt 0.721455 0.200624
vt 0.732959 0.200632
vt 0.154636 0.519771
vt 0.159054 0.530437
vt 0.514380 0.200624
vt 0.502876 0.200632
vt 0.217473 0.497067
vt 0.218980 0.485620
vt 0.721455 0.137773
vt 0.732959 0.137795
vt 0.217473 0.502933
vt 0.218980 0.514380
vt 0.514380 0.137773
vt 0.502876 0.137795
vt 0.282527 0.497067
vt 0.281020 0.485620
vt 0.721455 0.081421
vt 0.732959 0.081456
vt 0.282527 0.502933
vt 0.281020 0.514380
vt 0.514380 0.081421
vt 0.502876 0.081456
vt 0.345364 0.480229
vt 0.340946 0.469563
vt 0.721455 0.035410
vt 0.732959 0.035456
vt 0.345364 0.519771
vt 0.340946 0.530437
vt 0.514380 0.035410
vt 0.502876 0.035456
vt 0.401702 0.447703
vt 0.394674 0.438543
vt 0.721455 0.002876
vt 0.732959 0.003098
vt 0.401703 0.552297
vt 0.394674 0.561457
vt 0.514380 0.002876
vt 0.502876 0.003098
vt 0.447703 0.401703
vt 0.438543 0.394674
vt 0.750215 0.002876
vt 0.750215 0.048887
vt 0.738711 0.048922
vt 0.738711 0.003190
vt 0.447703 0.598298
vt 0.438543 0.605326
vt 0.957290 0.048887
vt 0.957290 0.002876
vt 0.968794 0.003190
vt 0.968794 0.048922
vt 0.480229 0.345364
vt 0.469563 0.340946
vt 0.750215 0.105238
vt 0.738711 0.105260
vt 0.480229 0.654636
vt 0.469563 0.659054
vt 0.957290 0.105238
vt 0.968794 0.105260
vt 0.497067 0.282527
vt 0.485620 0.281020
vt 0.750215 0.168090
vt 0.738711 0.168097
vt 0.497067 0.717473
vt 0.485620 0.718980
vt 0.957290 0.168090
vt 0.968794 0.168097
vt 0.497067 0.217473
vt 0.485620 0.218980
vt 0.750215 0.233159
vt 0.738711 0.233151
vt 0.497067 0.782527
vt 0.485620 0.781020
vt 0.957290 0.233159
vt 0.968794 0.233151
vt 0.480229 0.154636
vt 0.469563 0.159054
vt 0.750215 0.296011
vt 0.738711 0.295989
vt 0.480229 0.845364
vt 0.469563 0.840946
vt 0.957290 0.296011
vt 0.968794 0.295989
vt 0.447703 0.098298
vt 0.438543 0.105326
vt 0.750215 0.352362
vt 0.738711 0.351978
vt 0.447703 0.901703
vt 0.438543 0.894674
vt 0.957290 0.352362
vt 0.968794 0.351978
vt 0.401703 0.052298
vt 0.394674 0.061457
vt 0.514380 0.486035
vt 0.514380 0.532046
vt 0.502876 0.532081
vt 0.502876 0.486349
vt 0.401703 0.947703
vt 0.394674 0.938543
vt 0.721455 0.532046
vt 0.721455 0.486035
vt 0.732959 0.486349
vt 0.732959 0.532081
vt 0.345364 0.019771
vt 0.340946 0.030437
vt 0.514380 0.588397
vt 0.502876 0.588419
vt 0.345364 0.980229
vt 0.340946 0.969563
vt 0.721455 0.588397
vt 0.732959 0.588419
vt 0.282527 0.002933
vt 0.281020 0.014380
s 0
usemtl MAT_metal_dark_blued
f 1610/2499/1445 1616/2500/1445 1617/2501/1445 1611/2502/1445
f 1611/2503/1446 1617/2504/1446 1615/2505/1446 1609/2506/1446
f 1619/2507/1447 1613/2508/1447 1614/2509/1447 1620/2510/1447
f 1620/2511/1448 1614/2512/1448 1612/2513/1448 1618/2514/1448
f 1616/2500/1449 1622/2515/1449 1623/2516/1449 1617/2501/1449
f 1617/2504/1450 1623/2517/1450 1621/2518/1450 1615/2505/1450
f 1625/2519/1451 1619/2507/1451 1620/2510/1451 1626/2520/1451
f 1626/2521/1452 1620/2511/1452 1618/2514/1452 1624/2522/1452
f 1622/2515/1453 1628/2523/1453 1629/2524/1453 1623/2516/1453
f 1623/2517/1454 1629/2525/1454 1627/2526/1454 1621/2518/1454
f 1631/2527/1455 1625/2519/1455 1626/2520/1455 1632/2528/1455
f 1632/2529/1456 1626/2521/1456 1624/2522/1456 1630/2530/1456
f 1628/2523/1457 1634/2531/1457 1635/2532/1457 1629/2524/1457
f 1629/2525/1458 1635/2533/1458 1633/2534/1458 1627/2526/1458
f 1637/2535/1459 1631/2527/1459 1632/2528/1459 1638/2536/1459
f 1638/2537/1460 1632/2529/1460 1630/2530/1460 1636/2538/1460
f 1634/2531/1461 1640/2539/1461 1641/2540/1461 1635/2532/1461
f 1635/2533/1462 1641/2541/1462 1639/2542/1462 1633/2534/1462
f 1643/2543/1463 1637/2535/1463 1638/2536/1463 1644/2544/1463
f 1644/2545/1464 1638/2537/1464 1636/2538/1464 1642/2546/1464
f 1640/2547/1465 1646/2548/1465 1647/2549/1465 1641/2550/1465
f 1641/2541/1466 1647/2551/1466 1645/2552/1466 1639/2542/1466
f 1649/2553/1467 1643/2554/1467 1644/2555/1467 1650/2556/1467
f 1650/2557/1468 1644/2545/1468 1642/2546/1468 1648/2558/1468
f 1646/2548/1469 1652/2559/1469 1653/2560/1469 1647/2549/1469
f 1647/2551/1470 1653/2561/1470 1651/2562/1470 1645/2552/1470
f 1655/2563/1471 1649/2553/1471 1650/2556/1471 1656/2564/1471
f 1656/2565/1472 1650/2557/1472 1648/2558/1472 1654/2566/1472
f 1652/2559/1473 1658/2567/1473 1659/2568/1473 1653/2560/1473
f 1653/2561/1474 1659/2569/1474 1657/2570/1474 1651/2562/1474
f 1661/2571/1475 1655/2563/1475 1656/2564/1475 1662/2572/1475
f 1662/2573/1476 1656/2565/1476 1654/2566/1476 1660/2574/1476
f 1658/2567/1477 1664/2575/1477 1665/2576/1477 1659/2568/1477
f 1659/2569/1478 1665/2577/1478 1663/2578/1478 1657/2570/1478
f 1667/2579/1479 1661/2571/1479 1662/2572/1479 1668/2580/1479
f 1668/2581/1480 1662/2573/1480 1660/2574/1480 1666/2582/1480
f 1664/2575/1481 1670/2583/1481 1671/2584/1481 1665/2576/1481
f 1665/2577/1482 1671/2585/1482 1669/2586/1482 1663/2578/1482
f 1673/2587/1483 1667/2579/1483 1668/2580/1483 1674/2588/1483
f 1674/2589/1484 1668/2581/1484 1666/2582/1484 1672/2590/1484
f 1670/2583/1485 1676/2591/1485 1677/2592/1485 1671/2584/1485
f 1671/2585/1486 1677/2593/1486 1675/2594/1486 1669/2586/1486
f 1679/2595/1487 1673/2587/1487 1674/2588/1487 1680/2596/1487
f 1680/2597/1488 1674/2589/1488 1672/2590/1488 1678/2598/1488
f 1676/2591/1489 1682/2599/1489 1683/2600/1489 1677/2592/1489
f 1677/2593/1490 1683/2601/1490 1681/2602/1490 1675/2594/1490
f 1685/2603/1491 1679/2595/1491 1680/2596/1491 1686/2604/1491
f 1686/2605/1492 1680/2597/1492 1678/2598/1492 1684/2606/1492
f 1682/2599/1493 1688/2607/1493 1689/2608/1493 1683/2600/1493
f 1683/2601/1494 1689/2609/1494 1687/2610/1494 1681/2602/1494
f 1691/2611/1495 1685/2603/1495 1686/2604/1495 1692/2612/1495
f 1692/2613/1496 1686/2605/1496 1684/2606/1496 1690/2614/1496
f 1688/2607/1497 1694/2615/1497 1695/2616/1497 1689/2608/1497
f 1689/2609/1498 1695/2617/1498 1693/2618/1498 1687/2610/1498
f 1697/2619/1499 1691/2611/1499 1692/2612/1499 1698/2620/1499
f 1698/2621/1500 1692/2613/1500 1690/2614/1500 1696/2622/1500
f 1694/2615/1501 1700/2623/1501 1701/2624/1501 1695/2616/1501
f 1695/2617/1502 1701/2625/1502 1699/2626/1502 1693/2618/1502
f 1703/2627/1503 1697/2619/1503 1698/2620/1503 1704/2628/1503
f 1704/2629/1504 1698/2621/1504 1696/2622/1504 1702/2630/1504
f 1700/2631/1505 1706/2632/1505 1707/2633/1505 1701/2634/1505
f 1701/2625/1506 1707/2635/1506 1705/2636/1506 1699/2626/1506
f 1709/2637/1507 1703/2638/1507 1704/2639/1507 1710/2640/1507
f 1710/2641/1508 1704/2629/1508 1702/2630/1508 1708/2642/1508
f 1706/2632/1509 1712/2643/1509 1713/2644/1509 1707/2633/1509
f 1707/2635/1510 1713/2645/1510 1711/2646/1510 1705/2636/1510
f 1715/2647/1511 1709/2637/1511 1710/2640/1511 1716/2648/1511
f 1716/2649/1512 1710/2641/1512 1708/2642/1512 1714/2650/1512
f 1712/2643/1513 1718/2651/1513 1719/2652/1513 1713/2644/1513
f 1713/2645/1514 1719/2653/1514 1717/2654/1514 1711/2646/1514
f 1721/2655/1515 1715/2647/1515 1716/2648/1515 1722/2656/1515
f 1722/2657/1516 1716/2649/1516 1714/2650/1516 1720/2658/1516
f 1718/2651/1517 1724/2659/1517 1725/2660/1517 1719/2652/1517
f 1719/2653/1518 1725/2661/1518 1723/2662/1518 1717/2654/1518
f 1727/2663/1519 1721/2655/1519 1722/2656/1519 1728/2664/1519
f 1728/2665/1520 1722/2657/1520 1720/2658/1520 1726/2666/1520
f 1724/2659/1521 1730/2667/1521 1731/2668/1521 1725/2660/1521
f 1725/2661/1522 1731/2669/1522 1729/2670/1522 1723/2662/1522
f 1733/2671/1523 1727/2663/1523 1728/2664/1523 1734/2672/1523
f 1734/2673/1524 1728/2665/1524 1726/2666/1524 1732/2674/1524
f 1730/2667/1525 1736/2675/1525 1737/2676/1525 1731/2668/1525
f 1731/2669/1526 1737/2677/1526 1735/2678/1526 1729/2670/1526
f 1739/2679/1527 1733/2671/1527 1734/2672/1527 1740/2680/1527
f 1740/2681/1528 1734/2673/1528 1732/2674/1528 1738/2682/1528
f 1736/2683/1529 1742/2684/1529 1743/2685/1529 1737/2686/1529
f 1737/2677/1530 1743/2687/1530 1741/2688/1530 1735/2678/1530
f 1745/2689/1531 1739/2690/1531 1740/2691/1531 1746/2692/1531
f 1746/2693/1532 1740/2681/1532 1738/2682/1532 1744/2694/1532
f 1742/2684/1533 1748/2695/1533 1749/2696/1533 1743/2685/1533
f 1743/2687/1534 1749/2697/1534 1747/2698/1534 1741/2688/1534
f 1751/2699/1535 1745/2689/1535 1746/2692/1535 1752/2700/1535
f 1752/2701/1536 1746/2693/1536 1744/2694/1536 1750/2702/1536
f 1748/2695/1537 1610/2499/1537 1611/2502/1537 1749/2696/1537
f 1749/2697/1538 1611/2503/1538 1609/2506/1538 1747/2698/1538
f 1613/2508/1539 1751/2699/1539 1752/2700/1539 1614/2509/1539
f 1614/2512/1540 1752/2701/1540 1750/2702/1540 1612/2513/1540
f 1609/2506/1541 1615/2505/1541 1621/2518/1541 1627/2526/1541 1633/2534/1541 1639/2542/1541 1645/2552/1541 1651/2562/1541 1657/2570/1541 1663/2578/1541 1669/2586/1541 1675/2594/1541 1681/2602/1541 1687/2610/1541 1693/2618/1541 1699/2626/1541 1705/2636/1541 1711/2646/1541 1717/2654/1541 1723/2662/1541 1729/2670/1541 1735/2678/1541 1741/2688/1541 1747/2698/1541
f 1610/2499/1542 1613/2508/1542 1619/2507/1542 1616/2500/1542
f 1748/2695/1543 1751/2699/1543 1613/2508/1543 1610/2499/1543
f 1618/2514/1544 1612/2513/1544 1750/2702/1544 1744/2694/1544 1738/2682/1544 1732/2674/1544 1726/2666/1544 1720/2658/1544 1714/2650/1544 1708/2642/1544 1702/2630/1544 1696/2622/1544 1690/2614/1544 1684/2606/1544 1678/2598/1544 1672/2590/1544 1666/2582/1544 1660/2574/1544 1654/2566/1544 1648/2558/1544 1642/2546/1544 1636/2538/1544 1630/2530/1544 1624/2522/1544
f 1616/2500/1545 1619/2507/1545 1625/2519/1545 1622/2515/1545
f 1622/2515/1546 1625/2519/1546 1631/2527/1546 1628/2523/1546
f 1628/2523/1547 1631/2527/1547 1637/2535/1547 1634/2531/1547
f 1634/2531/1548 1637/2535/1548 1643/2543/1548 1640/2539/1548
f 1640/2547/1549 1643/2554/1549 1649/2553/1549 1646/2548/1549
f 1646/2548/1550 1649/2553/1550 1655/2563/1550 1652/2559/1550
f 1652/2559/1551 1655/2563/1551 1661/2571/1551 1658/2567/1551
f 1658/2567/1552 1661/2571/1552 1667/2579/1552 1664/2575/1552
f 1664/2575/1553 1667/2579/1553 1673/2587/1553 1670/2583/1553
f 1670/2583/1554 1673/2587/1554 1679/2595/1554 1676/2591/1554
f 1676/2591/1555 1679/2595/1555 1685/2603/1555 1682/2599/1555
f 1682/2599/1556 1685/2603/1556 1691/2611/1556 1688/2607/1556
f 1688/2607/1557 1691/2611/1557 1697/2619/1557 1694/2615/1557
f 1694/2615/1558 1697/2619/1558 1703/2627/1558 1700/2623/1558
f 1700/2631/1559 1703/2638/1559 1709/2637/1559 1706/2632/1559
f 1706/2632/1560 1709/2637/1560 1715/2647/1560 1712/2643/1560
f 1712/2643/1561 1715/2647/1561 1721/2655/1561 1718/2651/1561
f 1718/2651/1562 1721/2655/1562 1727/2663/1562 1724/2659/1562
f 1724/2659/1563 1727/2663/1563 1733/2671/1563 1730/2667/1563
f 1730/2667/1564 1733/2671/1564 1739/2679/1564 1736/2675/1564
f 1736/2683/1565 1739/2690/1565 1745/2689/1565 1742/2684/1565
f 1742/2684/1566 1745/2689/1566 1751/2699/1566 1748/2695/1566
o AK_handguard_upper_main
v 0.068000 0.039000 0.012000
v 0.068000 0.042000 0.015000
v 0.065000 0.042000 0.012000
v 0.068000 0.039401 0.013498
v 0.066502 0.039401 0.012000
v 0.066565 0.039790 0.013435
v 0.066502 0.042000 0.014599
v 0.068000 0.040502 0.014599
v 0.066565 0.040565 0.014210
v 0.065401 0.040502 0.012000
v 0.065401 0.042000 0.013498
v 0.065790 0.040565 0.013435
v 0.068000 0.058000 0.015000
v 0.068000 0.061000 0.012000
v 0.065000 0.058000 0.012000
v 0.068000 0.059498 0.014599
v 0.066502 0.058000 0.014599
v 0.066565 0.059435 0.014210
v 0.066502 0.060599 0.012000
v 0.068000 0.060599 0.013498
v 0.066565 0.060210 0.013435
v 0.065401 0.058000 0.013498
v 0.065401 0.059498 0.012000
v 0.065790 0.059435 0.013435
v 0.068000 0.039000 -0.012000
v 0.065000 0.042000 -0.012000
v 0.068000 0.042000 -0.015000
v 0.066502 0.039401 -0.012000
v 0.068000 0.039401 -0.013498
v 0.066565 0.039790 -0.013435
v 0.065401 0.042000 -0.013498
v 0.065401 0.040502 -0.012000
v 0.065790 0.040565 -0.013435
v 0.068000 0.040502 -0.014599
v 0.066502 0.042000 -0.014599
v 0.066565 0.040565 -0.014210
v 0.068000 0.061000 -0.012000
v 0.068000 0.058000 -0.015000
v 0.065000 0.058000 -0.012000
v 0.068000 0.060599 -0.013498
v 0.066502 0.060599 -0.012000
v 0.066565 0.060210 -0.013435
v 0.066502 0.058000 -0.014599
v 0.068000 0.059498 -0.014599
v 0.066565 0.059435 -0.014210
v 0.065401 0.059498 -0.012000
v 0.065401 0.058000 -0.013498
v 0.065790 0.059435 -0.013435
v 0.212000 0.039000 0.012000
v 0.215000 0.042000 0.012000
v 0.212000 0.042000 0.015000
v 0.213498 0.039401 0.012000
v 0.212000 0.039401 0.013498
v 0.213435 0.039790 0.013435
v 0.214599 0.042000 0.013498
v 0.214599 0.040502 0.012000
v 0.214210 0.040565 0.013435
v 0.212000 0.040502 0.014599
v 0.213498 0.042000 0.014599
v 0.213435 0.040565 0.014210
v 0.212000 0.061000 0.012000
v 0.212000 0.058000 0.015000
v 0.215000 0.058000 0.012000
v 0.212000 0.060599 0.013498
v 0.213498 0.060599 0.012000
v 0.213435 0.060210 0.013435
v 0.213498 0.058000 0.014599
v 0.212000 0.059498 0.014599
v 0.213435 0.059435 0.014210
v 0.214599 0.059498 0.012000
v 0.214599 0.058000 0.013498
v 0.214210 0.059435 0.013435
v 0.212000 0.039000 -0.012000
v 0.212000 0.042000 -0.015000
v 0.215000 0.042000 -0.012000
v 0.212000 0.039401 -0.013498
v 0.213498 0.039401 -0.012000
v 0.213435 0.039790 -0.013435
v 0.213498 0.042000 -0.014599
v 0.212000 0.040502 -0.014599
v 0.213435 0.040565 -0.014210
v 0.214599 0.040502 -0.012000
v 0.214599 0.042000 -0.013498
v 0.214210 0.040565 -0.013435
v 0.212000 0.061000 -0.012000
v 0.215000 0.058000 -0.012000
v 0.212000 0.058000 -0.015000
v 0.213498 0.060599 -0.012000
v 0.212000 0.060599 -0.013498
v 0.213435 0.060210 -0.013435
v 0.214599 0.058000 -0.013498
v 0.214599 0.059498 -0.012000
v 0.214210 0.059435 -0.013435
v 0.212000 0.059498 -0.014599
v 0.213498 0.058000 -0.014599
v 0.213435 0.059435 -0.014210
vn -0.2566 -0.9318 0.2566
vn -0.2178 -0.6901 0.6901
vn -0.2566 -0.2566 0.9318
vn -0.6901 -0.2178 0.6901
vn -0.9318 -0.2566 0.2566
vn -0.6901 -0.6901 0.2178
vn -0.5773 -0.5773 0.5774
vn -0.2566 0.2566 0.9318
vn -0.2178 0.6901 0.6901
vn -0.2566 0.9318 0.2566
vn -0.6901 0.6901 0.2178
vn -0.9318 0.2566 0.2566
vn -0.6901 0.2178 0.6901
vn -0.5773 0.5773 0.5774
vn -0.2566 -0.9318 -0.2566
vn -0.6901 -0.6901 -0.2178
vn -0.9318 -0.2566 -0.2566
vn -0.6901 -0.2178 -0.6901
vn -0.2566 -0.2566 -0.9318
vn -0.2178 -0.6901 -0.6901
vn -0.5773 -0.5773 -0.5774
vn -0.2566 0.9318 -0.2566
vn -0.2178 0.6901 -0.6901
vn -0.2566 0.2566 -0.9318
vn -0.6901 0.2178 -0.6901
vn -0.9318 0.2566 -0.2566
vn -0.6901 0.6901 -0.2178
vn -0.5773 0.5773 -0.5774
vn 0.2566 -0.9318 0.2566
vn 0.6901 -0.6901 0.2178
vn 0.9318 -0.2566 0.2566
vn 0.6901 -0.2178 0.6901
vn 0.2566 -0.2566 0.9318
vn 0.2178 -0.6901 0.6901
vn 0.5773 -0.5773 0.5774
vn 0.2566 0.9318 0.2566
vn 0.2178 0.6901 0.6901
vn 0.2566 0.2566 0.9318
vn 0.6901 0.2178 0.6901
vn 0.9318 0.2566 0.2566
vn 0.6901 0.6901 0.2178
vn 0.5773 0.5773 0.5774
vn 0.2566 -0.9318 -0.2566
vn 0.2178 -0.6901 -0.6901
vn 0.2566 -0.2566 -0.9318
vn 0.6901 -0.2178 -0.6901
vn 0.9318 -0.2566 -0.2566
vn 0.6901 -0.6901 -0.2178
vn 0.5773 -0.5773 -0.5774
vn 0.2566 0.9318 -0.2566
vn 0.6901 0.6901 -0.2178
vn 0.9318 0.2566 -0.2566
vn 0.6901 0.2178 -0.6901
vn 0.2566 0.2566 -0.9318
vn 0.2178 0.6901 -0.6901
vn 0.5773 0.5773 -0.5774
vn -0.2585 -0.9660 -0.0000
vn -0.7071 -0.7071 -0.0000
vn -0.9660 -0.2585 -0.0000
vn -0.2585 -0.0000 0.9660
vn -0.7071 -0.0000 0.7071
vn -0.9660 -0.0000 0.2585
vn -0.2585 0.9660 -0.0000
vn -0.7071 0.7071 -0.0000
vn -0.9660 0.2585 -0.0000
vn -0.2585 -0.0000 -0.9660
vn -0.7071 -0.0000 -0.7071
vn -0.9660 -0.0000 -0.2585
vn -0.0000 -0.9660 -0.2585
vn -0.0000 -0.7071 -0.7071
vn -0.0000 -0.2585 -0.9660
vn -0.0000 0.9660 -0.2585
vn -0.0000 0.7071 -0.7071
vn -0.0000 0.2585 -0.9660
vn 0.9660 -0.0000 -0.2585
vn 0.7071 -0.0000 -0.7071
vn 0.2585 -0.0000 -0.9660
vn 0.2585 -0.9660 -0.0000
vn 0.7071 -0.7071 -0.0000
vn 0.9660 -0.2585 -0.0000
vn 0.2585 0.9660 -0.0000
vn 0.7071 0.7071 -0.0000
vn 0.9660 0.2585 -0.0000
vn 0.2585 -0.0000 0.9660
vn 0.7071 -0.0000 0.7071
vn 0.9660 -0.0000 0.2585
vn -0.0000 -0.9660 0.2585
vn -0.0000 -0.7071 0.7071
vn -0.0000 -0.2585 0.9660
vn -0.0000 0.9660 0.2585
vn -0.0000 0.7071 0.7071
vn -0.0000 0.2585 0.9660
vn -0.0000 -1.0000 -0.0000
vn -1.0000 -0.0000 -0.0000
vn -0.0000 -0.0000 1.0000
vn -0.0000 1.0000 -0.0000
vn -0.0000 -0.0000 -1.0000
vn 1.0000 -0.0000 -0.0000
vt 0.023815 0.023815
vt 0.013908 0.023815
vt 0.014327 0.014327
vt 0.023815 0.013908
vt 0.003974 0.023815
vt 0.003974 0.014327
vt 0.695800 0.023815
vt 0.695800 0.013908
vt 0.715641 0.014327
vt 0.715641 0.023815
vt 0.695800 0.003974
vt 0.715641 0.003974
vt 0.849249 0.182543
vt 0.869090 0.182543
vt 0.869090 0.192032
vt 0.849249 0.202384
vt 0.023815 0.003974
vt 0.014327 0.003974
vt 0.589981 0.023815
vt 0.570140 0.023815
vt 0.570140 0.014327
vt 0.589981 0.013908
vt 0.210332 0.976185
vt 0.220266 0.976185
vt 0.220685 0.985673
vt 0.210332 0.985673
vt 0.230173 0.976185
vt 0.230173 0.986093
vt 0.230173 0.996026
vt 0.220685 0.996026
vt 0.743430 0.182543
vt 0.743430 0.202384
vt 0.723589 0.192032
vt 0.723589 0.182543
vt 0.589981 0.003974
vt 0.570140 0.003974
vt 0.182543 0.023815
vt 0.182543 0.013908
vt 0.192032 0.014327
vt 0.192451 0.023815
vt 0.182543 0.003974
vt 0.192032 0.003974
vt 0.849249 0.023815
vt 0.849249 0.003974
vt 0.869090 0.014327
vt 0.869090 0.023815
vt 0.542351 0.996026
vt 0.542351 0.986092
vt 0.562192 0.985673
vt 0.562192 0.996026
vt 0.542351 0.976185
vt 0.562192 0.976185
vt 0.202384 0.023815
vt 0.202384 0.014327
vt 0.388902 0.976185
vt 0.398809 0.976185
vt 0.398390 0.985673
vt 0.388902 0.986093
vt 0.408743 0.976185
vt 0.408743 0.985673
vt 0.436532 0.976185
vt 0.436532 0.986092
vt 0.416691 0.985673
vt 0.416691 0.976185
vt 0.436532 0.996026
vt 0.416691 0.996026
vt 0.743430 0.023815
vt 0.723589 0.023815
vt 0.723589 0.014327
vt 0.743430 0.003974
vt 0.388902 0.996026
vt 0.398390 0.996026
vt 0.023815 0.976185
vt 0.023815 0.986092
vt 0.014327 0.985673
vt 0.013908 0.976185
vt 0.023815 0.996026
vt 0.014327 0.996026
vt 0.849249 0.230173
vt 0.849249 0.220266
vt 0.869090 0.220685
vt 0.869090 0.230173
vt 0.849249 0.210332
vt 0.869090 0.210332
vt 0.695800 0.976185
vt 0.715641 0.976185
vt 0.715641 0.985673
vt 0.695800 0.996026
vt 0.003974 0.976185
vt 0.003974 0.985673
vt 0.230173 0.023815
vt 0.220266 0.023815
vt 0.220685 0.014327
vt 0.230174 0.013908
vt 0.210332 0.023815
vt 0.210332 0.014327
vt 0.589981 0.976185
vt 0.589981 0.996026
vt 0.570140 0.985673
vt 0.570140 0.976185
vt 0.743430 0.210332
vt 0.743430 0.220266
vt 0.723589 0.220685
vt 0.723589 0.210332
vt 0.743430 0.230173
vt 0.723589 0.230173
vt 0.230174 0.003974
vt 0.220685 0.003974
vt 0.182543 0.976185
vt 0.192451 0.976185
vt 0.192032 0.985673
vt 0.182543 0.986093
vt 0.202384 0.976185
vt 0.202384 0.985673
vt 0.542351 0.023815
vt 0.542351 0.003974
vt 0.562192 0.014327
vt 0.562192 0.023815
vt 0.849249 0.408743
vt 0.849249 0.398809
vt 0.869090 0.398390
vt 0.869090 0.408743
vt 0.849249 0.388902
vt 0.869090 0.388902
vt 0.182543 0.996026
vt 0.192032 0.996026
vt 0.388902 0.023815
vt 0.388902 0.013908
vt 0.398390 0.014327
vt 0.398809 0.023815
vt 0.388902 0.003974
vt 0.398390 0.003974
vt 0.743430 0.388902
vt 0.743430 0.398809
vt 0.723589 0.398390
vt 0.723589 0.388902
vt 0.743430 0.408743
vt 0.723589 0.408743
vt 0.436532 0.023815
vt 0.416691 0.023815
vt 0.416691 0.014327
vt 0.436532 0.003974
vt 0.408743 0.023815
vt 0.408743 0.014327
s 0
usemtl MAT_wood_dark_reddish
f 1753/2703/1567 1756/2704/1567 1758/2705/1567 1757/2706/1567
f 1756/2704/1568 1760/2707/1568 1761/2708/1568 1758/2705/1568
f 1754/2709/1569 1759/2710/1569 1761/2711/1569 1760/2712/1569
f 1759/2710/1570 1763/2713/1570 1764/2714/1570 1761/2711/1570
f 1755/2715/1571 1762/2716/1571 1764/2717/1571 1763/2718/1571
f 1762/2719/1572 1757/2706/1572 1758/2705/1572 1764/2720/1572
f 1758/2705/1573 1761/2708/1573 1764/2720/1573
f 1765/2721/1574 1768/2722/1574 1770/2723/1574 1769/2724/1574
f 1768/2725/1575 1772/2726/1575 1773/2727/1575 1770/2728/1575
f 1766/2729/1576 1771/2730/1576 1773/2727/1576 1772/2726/1576
f 1771/2730/1577 1775/2731/1577 1776/2732/1577 1773/2727/1577
f 1767/2733/1578 1774/2734/1578 1776/2735/1578 1775/2736/1578
f 1774/2737/1579 1769/2724/1579 1770/2723/1579 1776/2738/1579
f 1770/2728/1580 1773/2727/1580 1776/2732/1580
f 1777/2739/1581 1780/2740/1581 1782/2741/1581 1781/2742/1581
f 1780/2740/1582 1784/2743/1582 1785/2744/1582 1782/2741/1582
f 1778/2745/1583 1783/2746/1583 1785/2747/1583 1784/2748/1583
f 1783/2749/1584 1787/2750/1584 1788/2751/1584 1785/2752/1584
f 1779/2753/1585 1786/2754/1585 1788/2751/1585 1787/2750/1585
f 1786/2755/1586 1781/2742/1586 1782/2741/1586 1788/2756/1586
f 1782/2741/1587 1785/2744/1587 1788/2756/1587
f 1789/2757/1588 1792/2758/1588 1794/2759/1588 1793/2760/1588
f 1792/2758/1589 1796/2761/1589 1797/2762/1589 1794/2759/1589
f 1790/2763/1590 1795/2764/1590 1797/2765/1590 1796/2766/1590
f 1795/2764/1591 1799/2767/1591 1800/2768/1591 1797/2765/1591
f 1791/2769/1592 1798/2770/1592 1800/2771/1592 1799/2772/1592
f 1798/2773/1593 1793/2760/1593 1794/2759/1593 1800/2774/1593
f 1794/2759/1594 1797/2762/1594 1800/2774/1594
f 1801/2775/1595 1804/2776/1595 1806/2777/1595 1805/2778/1595
f 1804/2776/1596 1808/2779/1596 1809/2780/1596 1806/2777/1596
f 1802/2781/1597 1807/2782/1597 1809/2783/1597 1808/2784/1597
f 1807/2782/1598 1811/2785/1598 1812/2786/1598 1809/2783/1598
f 1803/2787/1599 1810/2788/1599 1812/2789/1599 1811/2790/1599
f 1810/2791/1600 1805/2778/1600 1806/2777/1600 1812/2792/1600
f 1806/2777/1601 1809/2780/1601 1812/2792/1601
f 1813/2793/1602 1816/2794/1602 1818/2795/1602 1817/2796/1602
f 1816/2794/1603 1820/2797/1603 1821/2798/1603 1818/2795/1603
f 1814/2799/1604 1819/2800/1604 1821/2801/1604 1820/2802/1604
f 1819/2803/1605 1823/2804/1605 1824/2805/1605 1821/2806/1605
f 1815/2807/1606 1822/2808/1606 1824/2805/1606 1823/2804/1606
f 1822/2809/1607 1817/2796/1607 1818/2795/1607 1824/2810/1607
f 1818/2795/1608 1821/2798/1608 1824/2810/1608
f 1825/2811/1609 1828/2812/1609 1830/2813/1609 1829/2814/1609
f 1828/2812/1610 1832/2815/1610 1833/2816/1610 1830/2813/1610
f 1826/2817/1611 1831/2818/1611 1833/2819/1611 1832/2820/1611
f 1831/2821/1612 1835/2822/1612 1836/2823/1612 1833/2824/1612
f 1827/2825/1613 1834/2826/1613 1836/2823/1613 1835/2822/1613
f 1834/2827/1614 1829/2814/1614 1830/2813/1614 1836/2828/1614
f 1830/2813/1615 1833/2816/1615 1836/2828/1615
f 1837/2829/1616 1840/2830/1616 1842/2831/1616 1841/2832/1616
f 1840/2830/1617 1844/2833/1617 1845/2834/1617 1842/2831/1617
f 1838/2835/1618 1843/2836/1618 1845/2837/1618 1844/2838/1618
f 1843/2836/1619 1847/2839/1619 1848/2840/1619 1845/2837/1619
f 1839/2841/1620 1846/2842/1620 1848/2843/1620 1847/2844/1620
f 1846/2845/1621 1841/2832/1621 1842/2831/1621 1848/2846/1621
f 1842/2831/1622 1845/2834/1622 1848/2846/1622
f 1777/2739/1623 1753/2703/1623 1757/2706/1623 1780/2740/1623
f 1780/2740/1624 1757/2706/1624 1762/2719/1624 1784/2743/1624
f 1784/2748/1625 1762/2716/1625 1755/2715/1625 1778/2745/1625
f 1754/2709/1626 1765/2721/1626 1769/2724/1626 1759/2710/1626
f 1759/2710/1627 1769/2724/1627 1774/2737/1627 1763/2713/1627
f 1763/2718/1628 1774/2734/1628 1767/2733/1628 1755/2715/1628
f 1766/2729/1629 1789/2757/1629 1793/2760/1629 1771/2730/1629
f 1771/2730/1630 1793/2760/1630 1798/2773/1630 1775/2731/1630
f 1775/2736/1631 1798/2770/1631 1791/2769/1631 1767/2733/1631
f 1790/2763/1632 1779/2753/1632 1787/2750/1632 1795/2764/1632
f 1795/2764/1633 1787/2750/1633 1783/2749/1633 1799/2767/1633
f 1799/2772/1634 1783/2746/1634 1778/2745/1634 1791/2769/1634
f 1825/2811/1635 1777/2739/1635 1781/2742/1635 1828/2812/1635
f 1828/2812/1636 1781/2742/1636 1786/2755/1636 1832/2815/1636
f 1832/2820/1637 1786/2754/1637 1779/2753/1637 1826/2817/1637
f 1789/2757/1638 1837/2829/1638 1841/2832/1638 1792/2758/1638
f 1792/2758/1639 1841/2832/1639 1846/2845/1639 1796/2761/1639
f 1796/2766/1640 1846/2842/1640 1839/2841/1640 1790/2763/1640
f 1838/2835/1641 1827/2825/1641 1835/2822/1641 1843/2836/1641
f 1843/2836/1642 1835/2822/1642 1831/2821/1642 1847/2839/1642
f 1847/2844/1643 1831/2818/1643 1826/2817/1643 1839/2841/1643
f 1801/2775/1644 1825/2811/1644 1829/2814/1644 1804/2776/1644
f 1804/2776/1645 1829/2814/1645 1834/2827/1645 1808/2779/1645
f 1808/2784/1646 1834/2826/1646 1827/2825/1646 1802/2781/1646
f 1837/2829/1647 1813/2793/1647 1817/2796/1647 1840/2830/1647
f 1840/2830/1648 1817/2796/1648 1822/2809/1648 1844/2833/1648
f 1844/2838/1649 1822/2808/1649 1815/2807/1649 1838/2835/1649
f 1814/2799/1650 1803/2787/1650 1811/2790/1650 1819/2800/1650
f 1819/2803/1651 1811/2785/1651 1807/2782/1651 1823/2804/1651
f 1823/2804/1652 1807/2782/1652 1802/2781/1652 1815/2807/1652
f 1753/2703/1653 1801/2775/1653 1805/2778/1653 1756/2704/1653
f 1756/2704/1654 1805/2778/1654 1810/2791/1654 1760/2707/1654
f 1760/2712/1655 1810/2788/1655 1803/2787/1655 1754/2709/1655
f 1813/2793/1656 1766/2729/1656 1772/2726/1656 1816/2794/1656
f 1816/2794/1657 1772/2726/1657 1768/2725/1657 1820/2797/1657
f 1820/2802/1658 1768/2722/1658 1765/2721/1658 1814/2799/1658
f 1777/2739/1659 1825/2811/1659 1801/2775/1659 1753/2703/1659
f 1755/2715/1660 1767/2733/1660 1791/2769/1660 1778/2745/1660
f 1803/2787/1661 1814/2799/1661 1765/2721/1661 1754/2709/1661
f 1837/2829/1662 1789/2757/1662 1766/2729/1662 1813/2793/1662
f 1779/2753/1663 1790/2763/1663 1839/2841/1663 1826/2817/1663
f 1827/2825/1664 1838/2835/1664 1815/2807/1664 1802/2781/1664
o AK_handguard_upper_rear_collar_visual
v 0.053000 0.050000 -0.012395
v 0.053600 0.050000 -0.013000
v 0.053176 0.050000 -0.012823
v 0.065000 0.050000 -0.012395
v 0.064400 0.050000 -0.013000
v 0.064824 0.050000 -0.012823
v 0.053000 0.046792 -0.011972
v 0.053600 0.046635 -0.012557
v 0.053176 0.046681 -0.012386
v 0.065000 0.046792 -0.011972
v 0.064400 0.046635 -0.012557
v 0.064824 0.046681 -0.012386
v 0.053000 0.043803 -0.010734
v 0.053600 0.043500 -0.011258
v 0.053176 0.043589 -0.011105
v 0.065000 0.043803 -0.010734
v 0.064400 0.043500 -0.011258
v 0.064824 0.043589 -0.011105
v 0.053000 0.041236 -0.008764
v 0.053600 0.040808 -0.009192
v 0.053176 0.040933 -0.009067
v 0.065000 0.041236 -0.008764
v 0.064400 0.040808 -0.009192
v 0.064824 0.040933 -0.009067
v 0.053000 0.039266 -0.006197
v 0.053600 0.038742 -0.006500
v 0.053176 0.038895 -0.006411
v 0.065000 0.039266 -0.006197
v 0.064400 0.038742 -0.006500
v 0.064824 0.038895 -0.006411
v 0.053000 0.038028 -0.003208
v 0.053600 0.037443 -0.003365
v 0.053176 0.037614 -0.003319
v 0.065000 0.038028 -0.003208
v 0.064400 0.037443 -0.003365
v 0.064824 0.037614 -0.003319
v 0.053000 0.037605 0.000000
v 0.053600 0.037000 0.000000
v 0.053176 0.037177 0.000000
v 0.065000 0.037605 0.000000
v 0.064400 0.037000 0.000000
v 0.064824 0.037177 0.000000
v 0.053000 0.038028 0.003208
v 0.053600 0.037443 0.003365
v 0.053176 0.037614 0.003319
v 0.065000 0.038028 0.003208
v 0.064400 0.037443 0.003365
v 0.064824 0.037614 0.003319
v 0.053000 0.039266 0.006197
v 0.053600 0.038742 0.006500
v 0.053176 0.038895 0.006411
v 0.065000 0.039266 0.006197
v 0.064400 0.038742 0.006500
v 0.064824 0.038895 0.006411
v 0.053000 0.041236 0.008764
v 0.053600 0.040808 0.009192
v 0.053176 0.040933 0.009067
v 0.065000 0.041236 0.008764
v 0.064400 0.040808 0.009192
v 0.064824 0.040933 0.009067
v 0.053000 0.043803 0.010734
v 0.053600 0.043500 0.011258
v 0.053176 0.043589 0.011105
v 0.065000 0.043803 0.010734
v 0.064400 0.043500 0.011258
v 0.064824 0.043589 0.011105
v 0.053000 0.046792 0.011972
v 0.053600 0.046635 0.012557
v 0.053176 0.046681 0.012386
v 0.065000 0.046792 0.011972
v 0.064400 0.046635 0.012557
v 0.064824 0.046681 0.012386
v 0.053000 0.050000 0.012395
v 0.053600 0.050000 0.013000
v 0.053176 0.050000 0.012823
v 0.065000 0.050000 0.012395
v 0.064400 0.050000 0.013000
v 0.064824 0.050000 0.012823
v 0.053000 0.053208 0.011972
v 0.053600 0.053365 0.012557
v 0.053176 0.053319 0.012386
v 0.065000 0.053208 0.011972
v 0.064400 0.053365 0.012557
v 0.064824 0.053319 0.012386
v 0.053000 0.056197 0.010734
v 0.053600 0.056500 0.011258
v 0.053176 0.056411 0.011105
v 0.065000 0.056197 0.010734
v 0.064400 0.056500 0.011258
v 0.064824 0.056411 0.011105
v 0.053000 0.058764 0.008764
v 0.053600 0.059192 0.009192
v 0.053176 0.059067 0.009067
v 0.065000 0.058764 0.008764
v 0.064400 0.059192 0.009192
v 0.064824 0.059067 0.009067
v 0.053000 0.060734 0.006197
v 0.053600 0.061258 0.006500
v 0.053176 0.061105 0.006411
v 0.065000 0.060734 0.006197
v 0.064400 0.061258 0.006500
v 0.064824 0.061105 0.006411
v 0.053000 0.061972 0.003208
v 0.053600 0.062557 0.003365
v 0.053176 0.062386 0.003319
v 0.065000 0.061972 0.003208
v 0.064400 0.062557 0.003365
v 0.064824 0.062386 0.003319
v 0.053000 0.062395 0.000000
v 0.053600 0.063000 0.000000
v 0.053176 0.062823 0.000000
v 0.065000 0.062395 0.000000
v 0.064400 0.063000 0.000000
v 0.064824 0.062823 0.000000
v 0.053000 0.061972 -0.003208
v 0.053600 0.062557 -0.003365
v 0.053176 0.062386 -0.003319
v 0.065000 0.061972 -0.003208
v 0.064400 0.062557 -0.003365
v 0.064824 0.062386 -0.003319
v 0.053000 0.060734 -0.006197
v 0.053600 0.061258 -0.006500
v 0.053176 0.061105 -0.006411
v 0.065000 0.060734 -0.006197
v 0.064400 0.061258 -0.006500
v 0.064824 0.061105 -0.006411
v 0.053000 0.058764 -0.008764
v 0.053600 0.059192 -0.009192
v 0.053176 0.059067 -0.009067
v 0.065000 0.058764 -0.008764
v 0.064400 0.059192 -0.009192
v 0.064824 0.059067 -0.009067
v 0.053000 0.056197 -0.010734
v 0.053600 0.056500 -0.011258
v 0.053176 0.056411 -0.011105
v 0.065000 0.056197 -0.010734
v 0.064400 0.056500 -0.011258
v 0.064824 0.056411 -0.011105
v 0.053000 0.053208 -0.011972
v 0.053600 0.053365 -0.012557
v 0.053176 0.053319 -0.012386
v 0.065000 0.053208 -0.011972
v 0.064400 0.053365 -0.012557
v 0.064824 0.053319 -0.012386
vn -0.3827 -0.1206 -0.9160
vn -0.9239 -0.0500 -0.3794
vn 0.3827 -0.1206 -0.9160
vn 0.9239 -0.0499 -0.3794
vn -0.3827 -0.3536 -0.8536
vn -0.9239 -0.1464 -0.3536
vn 0.3827 -0.3536 -0.8536
vn 0.9239 -0.1464 -0.3536
vn -0.3827 -0.5624 -0.7330
vn -0.9239 -0.2330 -0.3036
vn 0.3827 -0.5624 -0.7330
vn 0.9239 -0.2330 -0.3036
vn -0.3827 -0.7330 -0.5624
vn -0.9239 -0.3036 -0.2330
vn 0.3827 -0.7330 -0.5624
vn 0.9239 -0.3036 -0.2330
vn -0.3827 -0.8536 -0.3536
vn -0.9239 -0.3536 -0.1464
vn 0.3827 -0.8536 -0.3536
vn 0.9239 -0.3536 -0.1464
vn -0.3827 -0.9160 -0.1206
vn -0.9239 -0.3794 -0.0499
vn 0.3827 -0.9160 -0.1206
vn 0.9239 -0.3794 -0.0500
vn -0.3827 -0.9160 0.1206
vn -0.9239 -0.3794 0.0500
vn 0.3827 -0.9160 0.1206
vn 0.9239 -0.3794 0.0500
vn -0.3827 -0.8536 0.3536
vn -0.9239 -0.3536 0.1464
vn 0.3827 -0.8536 0.3536
vn 0.9239 -0.3536 0.1464
vn -0.3827 -0.7330 0.5624
vn -0.9239 -0.3036 0.2330
vn 0.3827 -0.7330 0.5624
vn 0.9239 -0.3036 0.2330
vn -0.3827 -0.5624 0.7330
vn -0.9239 -0.2330 0.3036
vn 0.3827 -0.5624 0.7330
vn 0.9239 -0.2330 0.3036
vn -0.3827 -0.3536 0.8536
vn -0.9239 -0.1464 0.3536
vn 0.3827 -0.3536 0.8536
vn 0.9239 -0.1464 0.3536
vn -0.3827 -0.1206 0.9160
vn -0.9239 -0.0500 0.3794
vn 0.3827 -0.1206 0.9160
vn 0.9239 -0.0499 0.3794
vn -0.3827 0.1206 0.9160
vn -0.9239 0.0499 0.3794
vn 0.3827 0.1206 0.9160
vn 0.9239 0.0500 0.3794
vn -0.3827 0.3536 0.8536
vn -0.9239 0.1464 0.3536
vn 0.3827 0.3536 0.8536
vn 0.9239 0.1464 0.3536
vn -0.3827 0.5624 0.7330
vn -0.9239 0.2330 0.3036
vn 0.3827 0.5624 0.7330
vn 0.9239 0.2330 0.3036
vn -0.3827 0.7330 0.5624
vn -0.9239 0.3036 0.2330
vn 0.3827 0.7330 0.5624
vn 0.9239 0.3036 0.2330
vn -0.3827 0.8536 0.3536
vn -0.9239 0.3536 0.1464
vn 0.3827 0.8536 0.3536
vn 0.9239 0.3536 0.1464
vn -0.3827 0.9160 0.1206
vn -0.9239 0.3794 0.0500
vn 0.3827 0.9160 0.1206
vn 0.9239 0.3794 0.0500
vn -0.3827 0.9160 -0.1206
vn -0.9239 0.3794 -0.0500
vn 0.3827 0.9160 -0.1206
vn 0.9239 0.3794 -0.0499
vn -0.3827 0.8536 -0.3536
vn -0.9239 0.3536 -0.1464
vn 0.3827 0.8536 -0.3536
vn 0.9239 0.3536 -0.1464
vn -0.3827 0.7330 -0.5624
vn -0.9239 0.3036 -0.2330
vn 0.3827 0.7330 -0.5624
vn 0.9239 0.3036 -0.2330
vn -0.3827 0.5624 -0.7330
vn -0.9239 0.2330 -0.3036
vn 0.3827 0.5624 -0.7330
vn 0.9239 0.2330 -0.3036
vn -0.3827 0.3536 -0.8536
vn -0.9239 0.1464 -0.3536
vn 0.3827 0.3536 -0.8536
vn 0.9239 0.1464 -0.3536
vn -0.3827 0.1206 -0.9160
vn -0.9239 0.0499 -0.3794
vn 0.3827 0.1206 -0.9160
vn 0.9239 0.0500 -0.3794
vn -1.0000 -0.0000 -0.0000
vn -0.0000 -0.1305 -0.9914
vn -0.0000 0.1305 -0.9914
vn 1.0000 -0.0000 -0.0000
vn -0.0000 -0.3827 -0.9239
vn -0.0000 -0.6088 -0.7934
vn -0.0000 -0.7934 -0.6088
vn -0.0000 -0.9239 -0.3827
vn -0.0000 -0.9914 -0.1305
vn -0.0000 -0.9914 0.1305
vn -0.0000 -0.9239 0.3827
vn -0.0000 -0.7934 0.6088
vn -0.0000 -0.6088 0.7934
vn -0.0000 -0.3827 0.9239
vn -0.0000 -0.1305 0.9914
vn -0.0000 0.1305 0.9914
vn -0.0000 0.3827 0.9239
vn -0.0000 0.6088 0.7934
vn -0.0000 0.7934 0.6088
vn -0.0000 0.9239 0.3827
vn -0.0000 0.9914 0.1305
vn -0.0000 0.9914 -0.1305
vn -0.0000 0.9239 -0.3827
vn -0.0000 0.7934 -0.6088
vn -0.0000 0.6088 -0.7934
vn -0.0000 0.3827 -0.9239
vt 0.514380 0.651249
vt 0.514380 0.716318
vt 0.502876 0.716310
vt 0.502876 0.651256
vt 0.282527 0.997067
vt 0.217473 0.997067
vt 0.218980 0.985620
vt 0.281020 0.985620
vt 0.721455 0.716318
vt 0.721455 0.651249
vt 0.732959 0.651256
vt 0.732959 0.716310
vt 0.154636 0.019771
vt 0.217473 0.002933
vt 0.218980 0.014380
vt 0.159054 0.030437
vt 0.514380 0.779170
vt 0.502876 0.779148
vt 0.154636 0.980229
vt 0.159054 0.969563
vt 0.721455 0.779170
vt 0.732959 0.779148
vt 0.098298 0.052298
vt 0.105326 0.061457
vt 0.514380 0.835521
vt 0.502876 0.835486
vt 0.098298 0.947703
vt 0.105326 0.938543
vt 0.721455 0.835521
vt 0.732959 0.835486
vt 0.052298 0.098298
vt 0.061457 0.105326
vt 0.514380 0.881532
vt 0.502876 0.881486
vt 0.052297 0.901703
vt 0.061457 0.894674
vt 0.721455 0.881532
vt 0.732959 0.881486
vt 0.019771 0.154636
vt 0.030437 0.159054
vt 0.514380 0.914066
vt 0.502876 0.913844
vt 0.019771 0.845364
vt 0.030437 0.840946
vt 0.721455 0.914066
vt 0.732959 0.913845
vt 0.002933 0.217473
vt 0.014380 0.218980
vt 0.721455 0.480283
vt 0.721455 0.463442
vt 0.732959 0.463388
vt 0.732959 0.480168
vt 0.002933 0.782527
vt 0.014380 0.781020
vt 0.514380 0.463442
vt 0.514380 0.480283
vt 0.502876 0.480168
vt 0.502876 0.463388
vt 0.002933 0.282527
vt 0.014380 0.281020
vt 0.721455 0.430907
vt 0.732959 0.430861
vt 0.002933 0.717473
vt 0.014380 0.718980
vt 0.514380 0.430907
vt 0.502876 0.430861
vt 0.019771 0.345364
vt 0.030437 0.340946
vt 0.721455 0.384897
vt 0.732959 0.384861
vt 0.019771 0.654636
vt 0.030437 0.659054
vt 0.514380 0.384897
vt 0.502876 0.384861
vt 0.052297 0.401702
vt 0.061457 0.394674
vt 0.721455 0.328545
vt 0.732959 0.328523
vt 0.052298 0.598298
vt 0.061457 0.605326
vt 0.514380 0.328545
vt 0.502876 0.328523
vt 0.098298 0.447703
vt 0.105326 0.438543
vt 0.721455 0.265693
vt 0.732959 0.265686
vt 0.098298 0.552298
vt 0.105326 0.561457
vt 0.514380 0.265693
vt 0.502876 0.265686
vt 0.154636 0.480229
vt 0.159054 0.469563
vt 0.721455 0.200624
vt 0.732959 0.200632
vt 0.154636 0.519771
vt 0.159054 0.530437
vt 0.514380 0.200624
vt 0.502876 0.200632
vt 0.217473 0.497067
vt 0.218980 0.485620
vt 0.721455 0.137773
vt 0.732959 0.137795
vt 0.217473 0.502933
vt 0.218980 0.514380
vt 0.514380 0.137773
vt 0.502876 0.137795
vt 0.282527 0.497067
vt 0.281020 0.485620
vt 0.721455 0.081421
vt 0.732959 0.081456
vt 0.282527 0.502933
vt 0.281020 0.514380
vt 0.514380 0.081421
vt 0.502876 0.081456
vt 0.345364 0.480229
vt 0.340946 0.469563
vt 0.721455 0.035410
vt 0.732959 0.035456
vt 0.345364 0.519771
vt 0.340946 0.530437
vt 0.514380 0.035410
vt 0.502876 0.035456
vt 0.401702 0.447703
vt 0.394674 0.438543
vt 0.721455 0.002876
vt 0.732959 0.003098
vt 0.401703 0.552297
vt 0.394674 0.561457
vt 0.514380 0.002876
vt 0.502876 0.003098
vt 0.447703 0.401703
vt 0.438543 0.394674
vt 0.750215 0.002876
vt 0.750215 0.048887
vt 0.738711 0.048922
vt 0.738711 0.003190
vt 0.447703 0.598298
vt 0.438543 0.605326
vt 0.957290 0.048887
vt 0.957290 0.002876
vt 0.968794 0.003190
vt 0.968794 0.048922
vt 0.480229 0.345364
vt 0.469563 0.340946
vt 0.750215 0.105238
vt 0.738711 0.105260
vt 0.480229 0.654636
vt 0.469563 0.659054
vt 0.957290 0.105238
vt 0.968794 0.105260
vt 0.497067 0.282527
vt 0.485620 0.281020
vt 0.750215 0.168090
vt 0.738711 0.168097
vt 0.497067 0.717473
vt 0.485620 0.718980
vt 0.957290 0.168090
vt 0.968794 0.168097
vt 0.497067 0.217473
vt 0.485620 0.218980
vt 0.750215 0.233159
vt 0.738711 0.233151
vt 0.497067 0.782527
vt 0.485620 0.781020
vt 0.957290 0.233159
vt 0.968794 0.233151
vt 0.480229 0.154636
vt 0.469563 0.159054
vt 0.750215 0.296011
vt 0.738711 0.295989
vt 0.480229 0.845364
vt 0.469563 0.840946
vt 0.957290 0.296011
vt 0.968794 0.295989
vt 0.447703 0.098298
vt 0.438543 0.105326
vt 0.750215 0.352362
vt 0.738711 0.351978
vt 0.447703 0.901703
vt 0.438543 0.894674
vt 0.957290 0.352362
vt 0.968794 0.351978
vt 0.401703 0.052298
vt 0.394674 0.061457
vt 0.514380 0.486035
vt 0.514380 0.532046
vt 0.502876 0.532081
vt 0.502876 0.486349
vt 0.401703 0.947703
vt 0.394674 0.938543
vt 0.721455 0.532046
vt 0.721455 0.486035
vt 0.732959 0.486349
vt 0.732959 0.532081
vt 0.345364 0.019771
vt 0.340946 0.030437
vt 0.514380 0.588397
vt 0.502876 0.588419
vt 0.345364 0.980229
vt 0.340946 0.969563
vt 0.721455 0.588397
vt 0.732959 0.588419
vt 0.282527 0.002933
vt 0.281020 0.014380
s 0
usemtl MAT_metal_dark_blued
f 1850/2847/1665 1856/2848/1665 1857/2849/1665 1851/2850/1665
f 1851/2851/1666 1857/2852/1666 1855/2853/1666 1849/2854/1666
f 1859/2855/1667 1853/2856/1667 1854/2857/1667 1860/2858/1667
f 1860/2859/1668 1854/2860/1668 1852/2861/1668 1858/2862/1668
f 1856/2848/1669 1862/2863/1669 1863/2864/1669 1857/2849/1669
f 1857/2852/1670 1863/2865/1670 1861/2866/1670 1855/2853/1670
f 1865/2867/1671 1859/2855/1671 1860/2858/1671 1866/2868/1671
f 1866/2869/1672 1860/2859/1672 1858/2862/1672 1864/2870/1672
f 1862/2863/1673 1868/2871/1673 1869/2872/1673 1863/2864/1673
f 1863/2865/1674 1869/2873/1674 1867/2874/1674 1861/2866/1674
f 1871/2875/1675 1865/2867/1675 1866/2868/1675 1872/2876/1675
f 1872/2877/1676 1866/2869/1676 1864/2870/1676 1870/2878/1676
f 1868/2871/1677 1874/2879/1677 1875/2880/1677 1869/2872/1677
f 1869/2873/1678 1875/2881/1678 1873/2882/1678 1867/2874/1678
f 1877/2883/1679 1871/2875/1679 1872/2876/1679 1878/2884/1679
f 1878/2885/1680 1872/2877/1680 1870/2878/1680 1876/2886/1680
f 1874/2879/1681 1880/2887/1681 1881/2888/1681 1875/2880/1681
f 1875/2881/1682 1881/2889/1682 1879/2890/1682 1873/2882/1682
f 1883/2891/1683 1877/2883/1683 1878/2884/1683 1884/2892/1683
f 1884/2893/1684 1878/2885/1684 1876/2886/1684 1882/2894/1684
f 1880/2895/1685 1886/2896/1685 1887/2897/1685 1881/2898/1685
f 1881/2889/1686 1887/2899/1686 1885/2900/1686 1879/2890/1686
f 1889/2901/1687 1883/2902/1687 1884/2903/1687 1890/2904/1687
f 1890/2905/1688 1884/2893/1688 1882/2894/1688 1888/2906/1688
f 1886/2896/1689 1892/2907/1689 1893/2908/1689 1887/2897/1689
f 1887/2899/1690 1893/2909/1690 1891/2910/1690 1885/2900/1690
f 1895/2911/1691 1889/2901/1691 1890/2904/1691 1896/2912/1691
f 1896/2913/1692 1890/2905/1692 1888/2906/1692 1894/2914/1692
f 1892/2907/1693 1898/2915/1693 1899/2916/1693 1893/2908/1693
f 1893/2909/1694 1899/2917/1694 1897/2918/1694 1891/2910/1694
f 1901/2919/1695 1895/2911/1695 1896/2912/1695 1902/2920/1695
f 1902/2921/1696 1896/2913/1696 1894/2914/1696 1900/2922/1696
f 1898/2915/1697 1904/2923/1697 1905/2924/1697 1899/2916/1697
f 1899/2917/1698 1905/2925/1698 1903/2926/1698 1897/2918/1698
f 1907/2927/1699 1901/2919/1699 1902/2920/1699 1908/2928/1699
f 1908/2929/1700 1902/2921/1700 1900/2922/1700 1906/2930/1700
f 1904/2923/1701 1910/2931/1701 1911/2932/1701 1905/2924/1701
f 1905/2925/1702 1911/2933/1702 1909/2934/1702 1903/2926/1702
f 1913/2935/1703 1907/2927/1703 1908/2928/1703 1914/2936/1703
f 1914/2937/1704 1908/2929/1704 1906/2930/1704 1912/2938/1704
f 1910/2931/1705 1916/2939/1705 1917/2940/1705 1911/2932/1705
f 1911/2933/1706 1917/2941/1706 1915/2942/1706 1909/2934/1706
f 1919/2943/1707 1913/2935/1707 1914/2936/1707 1920/2944/1707
f 1920/2945/1708 1914/2937/1708 1912/2938/1708 1918/2946/1708
f 1916/2939/1709 1922/2947/1709 1923/2948/1709 1917/2940/1709
f 1917/2941/1710 1923/2949/1710 1921/2950/1710 1915/2942/1710
f 1925/2951/1711 1919/2943/1711 1920/2944/1711 1926/2952/1711
f 1926/2953/1712 1920/2945/1712 1918/2946/1712 1924/2954/1712
f 1922/2947/1713 1928/2955/1713 1929/2956/1713 1923/2948/1713
f 1923/2949/1714 1929/2957/1714 1927/2958/1714 1921/2950/1714
f 1931/2959/1715 1925/2951/1715 1926/2952/1715 1932/2960/1715
f 1932/2961/1716 1926/2953/1716 1924/2954/1716 1930/2962/1716
f 1928/2955/1717 1934/2963/1717 1935/2964/1717 1929/2956/1717
f 1929/2957/1718 1935/2965/1718 1933/2966/1718 1927/2958/1718
f 1937/2967/1719 1931/2959/1719 1932/2960/1719 1938/2968/1719
f 1938/2969/1720 1932/2961/1720 1930/2962/1720 1936/2970/1720
f 1934/2963/1721 1940/2971/1721 1941/2972/1721 1935/2964/1721
f 1935/2965/1722 1941/2973/1722 1939/2974/1722 1933/2966/1722
f 1943/2975/1723 1937/2967/1723 1938/2968/1723 1944/2976/1723
f 1944/2977/1724 1938/2969/1724 1936/2970/1724 1942/2978/1724
f 1940/2979/1725 1946/2980/1725 1947/2981/1725 1941/2982/1725
f 1941/2973/1726 1947/2983/1726 1945/2984/1726 1939/2974/1726
f 1949/2985/1727 1943/2986/1727 1944/2987/1727 1950/2988/1727
f 1950/2989/1728 1944/2977/1728 1942/2978/1728 1948/2990/1728
f 1946/2980/1729 1952/2991/1729 1953/2992/1729 1947/2981/1729
f 1947/2983/1730 1953/2993/1730 1951/2994/1730 1945/2984/1730
f 1955/2995/1731 1949/2985/1731 1950/2988/1731 1956/2996/1731
f 1956/2997/1732 1950/2989/1732 1948/2990/1732 1954/2998/1732
f 1952/2991/1733 1958/2999/1733 1959/3000/1733 1953/2992/1733
f 1953/2993/1734 1959/3001/1734 1957/3002/1734 1951/2994/1734
f 1961/3003/1735 1955/2995/1735 1956/2996/1735 1962/3004/1735
f 1962/3005/1736 1956/2997/1736 1954/2998/1736 1960/3006/1736
f 1958/2999/1737 1964/3007/1737 1965/3008/1737 1959/3000/1737
f 1959/3001/1738 1965/3009/1738 1963/3010/1738 1957/3002/1738
f 1967/3011/1739 1961/3003/1739 1962/3004/1739 1968/3012/1739
f 1968/3013/1740 1962/3005/1740 1960/3006/1740 1966/3014/1740
f 1964/3007/1741 1970/3015/1741 1971/3016/1741 1965/3008/1741
f 1965/3009/1742 1971/3017/1742 1969/3018/1742 1963/3010/1742
f 1973/3019/1743 1967/3011/1743 1968/3012/1743 1974/3020/1743
f 1974/3021/1744 1968/3013/1744 1966/3014/1744 1972/3022/1744
f 1970/3015/1745 1976/3023/1745 1977/3024/1745 1971/3016/1745
f 1971/3017/1746 1977/3025/1746 1975/3026/1746 1969/3018/1746
f 1979/3027/1747 1973/3019/1747 1974/3020/1747 1980/3028/1747
f 1980/3029/1748 1974/3021/1748 1972/3022/1748 1978/3030/1748
f 1976/3031/1749 1982/3032/1749 1983/3033/1749 1977/3034/1749
f 1977/3025/1750 1983/3035/1750 1981/3036/1750 1975/3026/1750
f 1985/3037/1751 1979/3038/1751 1980/3039/1751 1986/3040/1751
f 1986/3041/1752 1980/3029/1752 1978/3030/1752 1984/3042/1752
f 1982/3032/1753 1988/3043/1753 1989/3044/1753 1983/3033/1753
f 1983/3035/1754 1989/3045/1754 1987/3046/1754 1981/3036/1754
f 1991/3047/1755 1985/3037/1755 1986/3040/1755 1992/3048/1755
f 1992/3049/1756 1986/3041/1756 1984/3042/1756 1990/3050/1756
f 1988/3043/1757 1850/2847/1757 1851/2850/1757 1989/3044/1757
f 1989/3045/1758 1851/2851/1758 1849/2854/1758 1987/3046/1758
f 1853/2856/1759 1991/3047/1759 1992/3048/1759 1854/2857/1759
f 1854/2860/1760 1992/3049/1760 1990/3050/1760 1852/2861/1760
f 1849/2854/1761 1855/2853/1761 1861/2866/1761 1867/2874/1761 1873/2882/1761 1879/2890/1761 1885/2900/1761 1891/2910/1761 1897/2918/1761 1903/2926/1761 1909/2934/1761 1915/2942/1761 1921/2950/1761 1927/2958/1761 1933/2966/1761 1939/2974/1761 1945/2984/1761 1951/2994/1761 1957/3002/1761 1963/3010/1761 1969/3018/1761 1975/3026/1761 1981/3036/1761 1987/3046/1761
f 1850/2847/1762 1853/2856/1762 1859/2855/1762 1856/2848/1762
f 1988/3043/1763 1991/3047/1763 1853/2856/1763 1850/2847/1763
f 1858/2862/1764 1852/2861/1764 1990/3050/1764 1984/3042/1764 1978/3030/1764 1972/3022/1764 1966/3014/1764 1960/3006/1764 1954/2998/1764 1948/2990/1764 1942/2978/1764 1936/2970/1764 1930/2962/1764 1924/2954/1764 1918/2946/1764 1912/2938/1764 1906/2930/1764 1900/2922/1764 1894/2914/1764 1888/2906/1764 1882/2894/1764 1876/2886/1764 1870/2878/1764 1864/2870/1764
f 1856/2848/1765 1859/2855/1765 1865/2867/1765 1862/2863/1765
f 1862/2863/1766 1865/2867/1766 1871/2875/1766 1868/2871/1766
f 1868/2871/1767 1871/2875/1767 1877/2883/1767 1874/2879/1767
f 1874/2879/1768 1877/2883/1768 1883/2891/1768 1880/2887/1768
f 1880/2895/1769 1883/2902/1769 1889/2901/1769 1886/2896/1769
f 1886/2896/1770 1889/2901/1770 1895/2911/1770 1892/2907/1770
f 1892/2907/1771 1895/2911/1771 1901/2919/1771 1898/2915/1771
f 1898/2915/1772 1901/2919/1772 1907/2927/1772 1904/2923/1772
f 1904/2923/1773 1907/2927/1773 1913/2935/1773 1910/2931/1773
f 1910/2931/1774 1913/2935/1774 1919/2943/1774 1916/2939/1774
f 1916/2939/1775 1919/2943/1775 1925/2951/1775 1922/2947/1775
f 1922/2947/1776 1925/2951/1776 1931/2959/1776 1928/2955/1776
f 1928/2955/1777 1931/2959/1777 1937/2967/1777 1934/2963/1777
f 1934/2963/1778 1937/2967/1778 1943/2975/1778 1940/2971/1778
f 1940/2979/1779 1943/2986/1779 1949/2985/1779 1946/2980/1779
f 1946/2980/1780 1949/2985/1780 1955/2995/1780 1952/2991/1780
f 1952/2991/1781 1955/2995/1781 1961/3003/1781 1958/2999/1781
f 1958/2999/1782 1961/3003/1782 1967/3011/1782 1964/3007/1782
f 1964/3007/1783 1967/3011/1783 1973/3019/1783 1970/3015/1783
f 1970/3015/1784 1973/3019/1784 1979/3027/1784 1976/3023/1784
f 1976/3031/1785 1979/3038/1785 1985/3037/1785 1982/3032/1785
f 1982/3032/1786 1985/3037/1786 1991/3047/1786 1988/3043/1786
o AK_lever_receiver_visual_001
v 0.009400 0.006000 -0.020400
v 0.009400 0.006400 -0.020000
v 0.009000 0.006400 -0.020400
v 0.009400 0.006117 -0.020117
v 0.009169 0.006169 -0.020169
v 0.009117 0.006400 -0.020117
v 0.009117 0.006117 -0.020400
v 0.009400 0.013600 -0.020000
v 0.009400 0.014000 -0.020400
v 0.009000 0.013600 -0.020400
v 0.009400 0.013883 -0.020117
v 0.009169 0.013831 -0.020169
v 0.009117 0.013883 -0.020400
v 0.009117 0.013600 -0.020117
v 0.009400 0.006000 -0.021600
v 0.009000 0.006400 -0.021600
v 0.009400 0.006400 -0.022000
v 0.009117 0.006117 -0.021600
v 0.009169 0.006169 -0.021831
v 0.009117 0.006400 -0.021883
v 0.009400 0.006117 -0.021883
v 0.009400 0.014000 -0.021600
v 0.009400 0.013600 -0.022000
v 0.009000 0.013600 -0.021600
v 0.009400 0.013883 -0.021883
v 0.009169 0.013831 -0.021831
v 0.009117 0.013600 -0.021883
v 0.009117 0.013883 -0.021600
v 0.030600 0.006000 -0.020400
v 0.031000 0.006400 -0.020400
v 0.030600 0.006400 -0.020000
v 0.030883 0.006117 -0.020400
v 0.030831 0.006169 -0.020169
v 0.030883 0.006400 -0.020117
v 0.030600 0.006117 -0.020117
v 0.030600 0.014000 -0.020400
v 0.030600 0.013600 -0.020000
v 0.031000 0.013600 -0.020400
v 0.030600 0.013883 -0.020117
v 0.030831 0.013831 -0.020169
v 0.030883 0.013600 -0.020117
v 0.030883 0.013883 -0.020400
v 0.030600 0.006000 -0.021600
v 0.030600 0.006400 -0.022000
v 0.031000 0.006400 -0.021600
v 0.030600 0.006117 -0.021883
v 0.030831 0.006169 -0.021831
v 0.030883 0.006400 -0.021883
v 0.030883 0.006117 -0.021600
v 0.030600 0.014000 -0.021600
v 0.031000 0.013600 -0.021600
v 0.030600 0.013600 -0.022000
v 0.030883 0.013883 -0.021600
v 0.030831 0.013831 -0.021831
v 0.030883 0.013600 -0.021883
v 0.030600 0.013883 -0.021883
vn -0.3251 -0.8881 0.3251
vn -0.3251 -0.3251 0.8881
vn -0.8881 -0.3251 0.3251
vn -0.3251 0.3251 0.8881
vn -0.3251 0.8881 0.3251
vn -0.8881 0.3251 0.3251
vn -0.3251 -0.8881 -0.3251
vn -0.8881 -0.3251 -0.3251
vn -0.3251 -0.3251 -0.8881
vn -0.3251 0.8881 -0.3251
vn -0.3251 0.3251 -0.8881
vn -0.8881 0.3251 -0.3251
vn 0.3251 -0.8881 0.3251
vn 0.8881 -0.3251 0.3251
vn 0.3251 -0.3251 0.8881
vn 0.3251 0.8881 0.3251
vn 0.3251 0.3251 0.8881
vn 0.8881 0.3251 0.3251
vn 0.3251 -0.8881 -0.3251
vn 0.3251 -0.3251 -0.8881
vn 0.8881 -0.3251 -0.3251
vn 0.3251 0.8881 -0.3251
vn 0.8881 0.3251 -0.3251
vn 0.3251 0.3251 -0.8881
vn -0.3827 -0.9239 -0.0000
vn -0.9239 -0.3827 -0.0000
vn -0.3827 -0.0000 0.9239
vn -0.9239 -0.0000 0.3827
vn -0.3827 0.9239 -0.0000
vn -0.9239 0.3827 -0.0000
vn -0.3827 -0.0000 -0.9239
vn -0.9239 -0.0000 -0.3827
vn -0.0000 -0.9239 -0.3827
vn -0.0000 -0.3827 -0.9239
vn -0.0000 0.9239 -0.3827
vn -0.0000 0.3827 -0.9239
vn 0.9239 -0.0000 -0.3827
vn 0.3827 -0.0000 -0.9239
vn 0.3827 -0.9239 -0.0000
vn 0.9239 -0.3827 -0.0000
vn 0.3827 0.9239 -0.0000
vn 0.9239 0.3827 -0.0000
vn 0.3827 -0.0000 0.9239
vn 0.9239 -0.0000 0.3827
vn -0.0000 -0.9239 0.3827
vn -0.0000 -0.3827 0.9239
vn -0.0000 0.9239 0.3827
vn -0.0000 0.3827 0.9239
vn -0.0000 -1.0000 -0.0000
vn -1.0000 -0.0000 -0.0000
vn -0.0000 -0.0000 1.0000
vn -0.0000 1.0000 -0.0000
vn -0.0000 -0.0000 -1.0000
vn 1.0000 -0.0000 -0.0000
vt 0.740235 0.019922
vt 0.722440 0.019922
vt 0.722440 0.009648
vt 0.740235 0.002127
vt 0.700392 0.019922
vt 0.700392 0.002126
vt 0.710666 0.002127
vt 0.718187 0.019922
vt 0.926693 0.340235
vt 0.926693 0.358030
vt 0.916419 0.358030
vt 0.908898 0.340235
vt 0.380078 0.019922
vt 0.362283 0.019922
vt 0.362283 0.009647
vt 0.380078 0.002126
vt 0.833464 0.963066
vt 0.833464 0.980861
vt 0.823190 0.980861
vt 0.815669 0.963066
vt 0.926693 0.019922
vt 0.908898 0.019922
vt 0.908898 0.009648
vt 0.926693 0.002127
vt 0.793621 0.019922
vt 0.793620 0.002127
vt 0.803895 0.002127
vt 0.811416 0.019922
vt 0.980078 0.340235
vt 0.997873 0.340235
vt 0.997873 0.350509
vt 0.980078 0.358030
vt 0.340235 0.963066
vt 0.358030 0.963066
vt 0.358030 0.973340
vt 0.340235 0.980861
vt 0.886849 0.963066
vt 0.904645 0.963066
vt 0.904645 0.973340
vt 0.886849 0.980861
vt 0.019922 0.963066
vt 0.019922 0.980861
vt 0.009648 0.980861
vt 0.002127 0.963066
vt 0.980078 0.019922
vt 0.980078 0.002127
vt 0.990352 0.002127
vt 0.997873 0.019922
vt 0.740235 0.963066
vt 0.740235 0.980861
vt 0.729961 0.980861
vt 0.722440 0.963066
vt 0.980078 0.700391
vt 0.997873 0.700391
vt 0.997873 0.710665
vt 0.980078 0.718187
vt 0.700391 0.963066
vt 0.718187 0.963066
vt 0.718187 0.973340
vt 0.700391 0.980861
vt 0.833464 0.019922
vt 0.815669 0.019922
vt 0.815669 0.009648
vt 0.833464 0.002126
vt 0.380078 0.963066
vt 0.380078 0.980861
vt 0.369804 0.980861
vt 0.362283 0.963066
vt 0.980078 0.380078
vt 0.980078 0.362283
vt 0.990352 0.362283
vt 0.997873 0.380078
vt 0.793620 0.963066
vt 0.811416 0.963066
vt 0.811416 0.973340
vt 0.793620 0.980861
vt 0.340235 0.019922
vt 0.340235 0.002127
vt 0.350509 0.002127
vt 0.358030 0.019922
vt 0.926693 0.700391
vt 0.926693 0.718187
vt 0.916419 0.718187
vt 0.908898 0.700391
vt 0.886849 0.019922
vt 0.886849 0.002126
vt 0.897124 0.002126
vt 0.904645 0.019922
vt 0.926693 0.380078
vt 0.908898 0.380078
vt 0.908898 0.369804
vt 0.926693 0.362283
vt 0.019922 0.019922
vt 0.002127 0.019922
vt 0.002127 0.009647
vt 0.019922 0.002126
s 0
usemtl MAT_metal_dark_blued
f 1993/3051/1787 1996/3052/1787 1997/3053/1787 1999/3054/1787
f 1994/3055/1788 1998/3056/1788 1997/3057/1788 1996/3058/1788
f 1995/3059/1789 1999/3060/1789 1997/3061/1789 1998/3062/1789
f 2000/3063/1790 2003/3064/1790 2004/3065/1790 2006/3066/1790
f 2001/3067/1791 2005/3068/1791 2004/3069/1791 2003/3070/1791
f 2002/3071/1792 2006/3072/1792 2004/3073/1792 2005/3074/1792
f 2007/3075/1793 2010/3076/1793 2011/3077/1793 2013/3078/1793
f 2008/3079/1794 2012/3080/1794 2011/3081/1794 2010/3082/1794
f 2009/3083/1795 2013/3084/1795 2011/3085/1795 2012/3086/1795
f 2014/3087/1796 2017/3088/1796 2018/3089/1796 2020/3090/1796
f 2015/3091/1797 2019/3092/1797 2018/3093/1797 2017/3094/1797
f 2016/3095/1798 2020/3096/1798 2018/3097/1798 2019/3098/1798
f 2021/3099/1799 2024/3100/1799 2025/3101/1799 2027/3102/1799
f 2022/3103/1800 2026/3104/1800 2025/3105/1800 2024/3106/1800
f 2023/3107/1801 2027/3108/1801 2025/3109/1801 2026/3110/1801
f 2028/3111/1802 2031/3112/1802 2032/3113/1802 2034/3114/1802
f 2029/3115/1803 2033/3116/1803 2032/3117/1803 2031/3118/1803
f 2030/3119/1804 2034/3120/1804 2032/3121/1804 2033/3122/1804
f 2035/3123/1805 2038/3124/1805 2039/3125/1805 2041/3126/1805
f 2036/3127/1806 2040/3128/1806 2039/3129/1806 2038/3130/1806
f 2037/3131/1807 2041/3132/1807 2039/3133/1807 2040/3134/1807
f 2042/3135/1808 2045/3136/1808 2046/3137/1808 2048/3138/1808
f 2043/3139/1809 2047/3140/1809 2046/3141/1809 2045/3142/1809
f 2044/3143/1810 2048/3144/1810 2046/3145/1810 2047/3146/1810
f 2007/3075/1811 1993/3051/1811 1999/3054/1811 2010/3076/1811
f 2010/3082/1812 1999/3060/1812 1995/3059/1812 2008/3079/1812
f 1994/3055/1813 2000/3063/1813 2006/3066/1813 1998/3056/1813
f 1998/3062/1814 2006/3072/1814 2002/3071/1814 1995/3059/1814
f 2001/3067/1815 2014/3087/1815 2020/3090/1815 2005/3068/1815
f 2005/3074/1816 2020/3096/1816 2016/3095/1816 2002/3071/1816
f 2015/3091/1817 2009/3083/1817 2012/3086/1817 2019/3092/1817
f 2019/3098/1818 2012/3080/1818 2008/3079/1818 2016/3095/1818
f 2035/3123/1819 2007/3075/1819 2013/3078/1819 2038/3124/1819
f 2038/3130/1820 2013/3084/1820 2009/3083/1820 2036/3127/1820
f 2014/3087/1821 2042/3135/1821 2048/3138/1821 2017/3088/1821
f 2017/3094/1822 2048/3144/1822 2044/3143/1822 2015/3091/1822
f 2043/3139/1823 2037/3131/1823 2040/3134/1823 2047/3140/1823
f 2047/3146/1824 2040/3128/1824 2036/3127/1824 2044/3143/1824
f 2021/3099/1825 2035/3123/1825 2041/3126/1825 2024/3100/1825
f 2024/3106/1826 2041/3132/1826 2037/3131/1826 2022/3103/1826
f 2042/3135/1827 2028/3111/1827 2034/3114/1827 2045/3136/1827
f 2045/3142/1828 2034/3120/1828 2030/3119/1828 2043/3139/1828
f 2029/3115/1829 2023/3107/1829 2026/3110/1829 2033/3116/1829
f 2033/3122/1830 2026/3104/1830 2022/3103/1830 2030/3119/1830
f 1993/3051/1831 2021/3099/1831 2027/3102/1831 1996/3052/1831
f 1996/3058/1832 2027/3108/1832 2023/3107/1832 1994/3055/1832
f 2028/3111/1833 2001/3067/1833 2003/3070/1833 2031/3112/1833
f 2031/3118/1834 2003/3064/1834 2000/3063/1834 2029/3115/1834
f 2007/3075/1835 2035/3123/1835 2021/3099/1835 1993/3051/1835
f 1995/3059/1836 2002/3071/1836 2016/3095/1836 2008/3079/1836
f 2023/3107/1837 2029/3115/1837 2000/3063/1837 1994/3055/1837
f 2042/3135/1838 2014/3087/1838 2001/3067/1838 2028/3111/1838
f 2009/3083/1839 2015/3091/1839 2044/3143/1839 2036/3127/1839
f 2037/3131/1840 2043/3139/1840 2030/3119/1840 2022/3103/1840
o AK_line_cleaningrod_visual_001
v 0.160000 0.006500 -0.001579
v 0.160400 0.006880 -0.001876
v 0.160400 0.006120 -0.001876
v 0.160117 0.006716 -0.001807
v 0.160169 0.006500 -0.001874
v 0.160400 0.006500 -0.001928
v 0.160117 0.006284 -0.001807
v 0.340000 0.006500 -0.001579
v 0.339600 0.006120 -0.001876
v 0.339600 0.006880 -0.001876
v 0.339883 0.006284 -0.001807
v 0.339831 0.006500 -0.001874
v 0.339600 0.006500 -0.001928
v 0.339883 0.006716 -0.001807
v 0.160000 0.005572 -0.001278
v 0.160400 0.005705 -0.001742
v 0.160400 0.005089 -0.001294
v 0.160117 0.005613 -0.001588
v 0.160169 0.005399 -0.001516
v 0.160400 0.005367 -0.001559
v 0.160117 0.005263 -0.001335
v 0.340000 0.005572 -0.001278
v 0.339600 0.005089 -0.001294
v 0.339600 0.005705 -0.001742
v 0.339883 0.005263 -0.001335
v 0.339831 0.005399 -0.001516
v 0.339600 0.005367 -0.001559
v 0.339883 0.005613 -0.001588
v 0.160000 0.004998 -0.000488
v 0.160400 0.004833 -0.000942
v 0.160400 0.004598 -0.000218
v 0.160117 0.004848 -0.000764
v 0.160169 0.004718 -0.000579
v 0.160400 0.004667 -0.000596
v 0.160117 0.004715 -0.000353
v 0.340000 0.004998 -0.000488
v 0.339600 0.004598 -0.000218
v 0.339600 0.004833 -0.000942
v 0.339883 0.004715 -0.000353
v 0.339831 0.004718 -0.000579
v 0.339600 0.004667 -0.000596
v 0.339883 0.004848 -0.000764
v 0.160000 0.004998 0.000488
v 0.160400 0.004598 0.000218
v 0.160400 0.004833 0.000942
v 0.160117 0.004715 0.000353
v 0.160169 0.004718 0.000579
v 0.160400 0.004667 0.000596
v 0.160117 0.004848 0.000764
v 0.340000 0.004998 0.000488
v 0.339600 0.004833 0.000942
v 0.339600 0.004598 0.000218
v 0.339883 0.004848 0.000764
v 0.339831 0.004718 0.000579
v 0.339600 0.004667 0.000596
v 0.339883 0.004715 0.000353
v 0.160000 0.005572 0.001278
v 0.160400 0.005089 0.001294
v 0.160400 0.005705 0.001742
v 0.160117 0.005263 0.001335
v 0.160169 0.005399 0.001516
v 0.160400 0.005367 0.001559
v 0.160117 0.005613 0.001588
v 0.340000 0.005572 0.001278
v 0.339600 0.005705 0.001742
v 0.339600 0.005089 0.001294
v 0.339883 0.005613 0.001588
v 0.339831 0.005399 0.001516
v 0.339600 0.005367 0.001559
v 0.339883 0.005263 0.001335
v 0.160000 0.006500 0.001579
v 0.160400 0.006120 0.001876
v 0.160400 0.006880 0.001876
v 0.160117 0.006284 0.001807
v 0.160169 0.006500 0.001874
v 0.160400 0.006500 0.001928
v 0.160117 0.006716 0.001807
v 0.340000 0.006500 0.001579
v 0.339600 0.006880 0.001876
v 0.339600 0.006120 0.001876
v 0.339883 0.006716 0.001807
v 0.339831 0.006500 0.001874
v 0.339600 0.006500 0.001928
v 0.339883 0.006284 0.001807
v 0.160000 0.007428 0.001278
v 0.160400 0.007295 0.001742
v 0.160400 0.007911 0.001294
v 0.160117 0.007387 0.001588
v 0.160169 0.007601 0.001516
v 0.160400 0.007633 0.001559
v 0.160117 0.007737 0.001335
v 0.340000 0.007428 0.001278
v 0.339600 0.007911 0.001294
v 0.339600 0.007295 0.001742
v 0.339883 0.007737 0.001335
v 0.339831 0.007601 0.001516
v 0.339600 0.007633 0.001559
v 0.339883 0.007387 0.001588
v 0.160000 0.008002 0.000488
v 0.160400 0.008167 0.000942
v 0.160400 0.008402 0.000218
v 0.160117 0.008152 0.000764
v 0.160169 0.008282 0.000579
v 0.160400 0.008333 0.000596
v 0.160117 0.008285 0.000353
v 0.340000 0.008002 0.000488
v 0.339600 0.008402 0.000218
v 0.339600 0.008167 0.000942
v 0.339883 0.008285 0.000353
v 0.339831 0.008282 0.000579
v 0.339600 0.008333 0.000596
v 0.339883 0.008152 0.000764
v 0.160000 0.008002 -0.000488
v 0.160400 0.008402 -0.000218
v 0.160400 0.008167 -0.000942
v 0.160117 0.008285 -0.000353
v 0.160169 0.008282 -0.000579
v 0.160400 0.008333 -0.000596
v 0.160117 0.008152 -0.000764
v 0.340000 0.008002 -0.000488
v 0.339600 0.008167 -0.000942
v 0.339600 0.008402 -0.000218
v 0.339883 0.008152 -0.000764
v 0.339831 0.008282 -0.000579
v 0.339600 0.008333 -0.000596
v 0.339883 0.008285 -0.000353
v 0.160000 0.007428 -0.001278
v 0.160400 0.007911 -0.001294
v 0.160400 0.007295 -0.001742
v 0.160117 0.007737 -0.001335
v 0.160169 0.007601 -0.001516
v 0.160400 0.007633 -0.001559
v 0.160117 0.007387 -0.001588
v 0.340000 0.007428 -0.001278
v 0.339600 0.007295 -0.001742
v 0.339600 0.007911 -0.001294
v 0.339883 0.007387 -0.001588
v 0.339831 0.007601 -0.001516
v 0.339600 0.007633 -0.001559
v 0.339883 0.007737 -0.001335
vn -0.8670 -0.0000 -0.4984
vn -0.2801 0.1629 -0.9460
vn -0.2801 -0.1629 -0.9460
vn 0.8670 -0.0000 -0.4984
vn 0.2801 -0.1629 -0.9461
vn 0.2801 0.1629 -0.9461
vn -0.8670 -0.2929 -0.4031
vn -0.2801 -0.4243 -0.8611
vn -0.2801 -0.6878 -0.6696
vn 0.8670 -0.2929 -0.4032
vn 0.2801 -0.6879 -0.6696
vn 0.2801 -0.4243 -0.8611
vn -0.8670 -0.4740 -0.1540
vn -0.2801 -0.8494 -0.4473
vn -0.2801 -0.9501 -0.1374
vn 0.8670 -0.4740 -0.1540
vn 0.2801 -0.9501 -0.1374
vn 0.2801 -0.8494 -0.4473
vn -0.8670 -0.4740 0.1540
vn -0.2801 -0.9501 0.1374
vn -0.2801 -0.8494 0.4473
vn 0.8670 -0.4740 0.1540
vn 0.2801 -0.8494 0.4473
vn 0.2801 -0.9501 0.1374
vn -0.8670 -0.2929 0.4032
vn -0.2801 -0.6879 0.6696
vn -0.2801 -0.4243 0.8611
vn 0.8670 -0.2929 0.4032
vn 0.2801 -0.4243 0.8611
vn 0.2801 -0.6878 0.6696
vn -0.8670 -0.0000 0.4983
vn -0.2801 -0.1629 0.9461
vn -0.2801 0.1629 0.9461
vn 0.8670 -0.0000 0.4983
vn 0.2801 0.1629 0.9460
vn 0.2801 -0.1629 0.9460
vn -0.8670 0.2929 0.4032
vn -0.2801 0.4243 0.8611
vn -0.2801 0.6878 0.6696
vn 0.8670 0.2929 0.4032
vn 0.2801 0.6879 0.6696
vn 0.2801 0.4243 0.8611
vn -0.8670 0.4740 0.1540
vn -0.2801 0.8494 0.4473
vn -0.2801 0.9501 0.1374
vn 0.8670 0.4740 0.1540
vn 0.2801 0.9501 0.1374
vn 0.2801 0.8494 0.4473
vn -0.8670 0.4740 -0.1540
vn -0.2801 0.9501 -0.1374
vn -0.2801 0.8494 -0.4473
vn 0.8670 0.4740 -0.1540
vn 0.2801 0.8494 -0.4473
vn 0.2801 0.9501 -0.1374
vn -0.8670 0.2929 -0.4032
vn -0.2801 0.6879 -0.6696
vn -0.2801 0.4243 -0.8611
vn 0.8670 0.2929 -0.4031
vn 0.2801 0.4243 -0.8611
vn 0.2801 0.6878 -0.6696
vn -0.3827 -0.2855 -0.8787
vn -0.9239 -0.1183 -0.3640
vn 0.3827 -0.2855 -0.8787
vn 0.9239 -0.1183 -0.3640
vn -0.0000 0.1334 -0.9911
vn -0.0000 -0.1334 -0.9911
vn -0.0000 -0.6904 -0.7234
vn -0.0000 -0.4746 -0.8802
vn -0.3827 -0.7474 -0.5430
vn -0.9239 -0.3096 -0.2250
vn 0.3827 -0.7474 -0.5430
vn 0.9239 -0.3096 -0.2250
vn -0.0000 -0.9838 -0.1794
vn -0.0000 -0.9013 -0.4331
vn -0.3827 -0.9239 -0.0000
vn -0.9239 -0.3827 -0.0000
vn 0.3827 -0.9239 -0.0000
vn 0.9239 -0.3827 -0.0000
vn -0.0000 -0.9013 0.4331
vn -0.0000 -0.9838 0.1794
vn -0.3827 -0.7474 0.5430
vn -0.9239 -0.3096 0.2250
vn 0.3827 -0.7474 0.5430
vn 0.9239 -0.3096 0.2250
vn -0.0000 -0.4746 0.8802
vn -0.0000 -0.6904 0.7234
vn -0.3827 -0.2855 0.8787
vn -0.9239 -0.1183 0.3640
vn 0.3827 -0.2855 0.8787
vn 0.9239 -0.1183 0.3640
vn -0.0000 0.1334 0.9911
vn -0.0000 -0.1334 0.9911
vn -0.3827 0.2855 0.8787
vn -0.9239 0.1183 0.3640
vn 0.3827 0.2855 0.8787
vn 0.9239 0.1183 0.3640
vn -0.0000 0.6904 0.7234
vn -0.0000 0.4746 0.8802
vn -0.3827 0.7474 0.5430
vn -0.9239 0.3096 0.2250
vn 0.3827 0.7474 0.5430
vn 0.9239 0.3096 0.2250
vn -0.0000 0.9838 0.1794
vn -0.0000 0.9013 0.4331
vn -0.3827 0.9239 -0.0000
vn -0.9239 0.3827 -0.0000
vn 0.3827 0.9239 -0.0000
vn 0.9239 0.3827 -0.0000
vn -0.0000 0.9013 -0.4331
vn -0.0000 0.9838 -0.1794
vn -0.3827 0.7474 -0.5430
vn -0.9239 0.3096 -0.2250
vn 0.3827 0.7474 -0.5430
vn 0.9239 0.3096 -0.2250
vn -0.0000 0.4746 -0.8802
vn -0.0000 0.6904 -0.7234
vn -0.3827 0.2855 -0.8787
vn -0.9239 0.1183 -0.3640
vn 0.3827 0.2855 -0.8787
vn 0.9239 0.1183 -0.3640
vn -1.0000 -0.0000 -0.0000
vn -0.0000 -0.3090 -0.9511
vn -0.0000 0.3090 -0.9511
vn 1.0000 -0.0000 -0.0000
vn -0.0000 -0.8090 -0.5878
vn -0.0000 -1.0000 -0.0000
vn -0.0000 -0.8090 0.5878
vn -0.0000 -0.3090 0.9511
vn -0.0000 0.3090 0.9511
vn -0.0000 0.8090 0.5878
vn -0.0000 1.0000 -0.0000
vn -0.0000 0.8090 -0.5878
vt 0.057514 0.026069
vt 0.056115 0.024189
vt 0.057308 0.023802
vt 0.058913 0.024189
vt 0.021277 0.002732
vt 0.020591 0.002732
vt 0.020504 0.000981
vt 0.021046 0.000512
vt 0.018795 0.002732
vt 0.019402 0.000512
vt 0.057514 0.020377
vt 0.058913 0.022257
vt 0.057720 0.022644
vt 0.056115 0.022257
vt 0.018795 0.997268
vt 0.020591 0.997268
vt 0.020625 0.999019
vt 0.019402 0.999488
vt 0.021277 0.997268
vt 0.021046 0.999488
vt 0.062666 0.027743
vt 0.062640 0.025400
vt 0.063832 0.025787
vt 0.064903 0.027044
vt 0.016837 0.002732
vt 0.015041 0.002732
vt 0.014933 0.000981
vt 0.016231 0.000512
vt 0.012822 0.002732
vt 0.013571 0.000512
vt 0.062666 0.018703
vt 0.064903 0.019402
vt 0.064166 0.020416
vt 0.062640 0.021046
vt 0.012822 0.997268
vt 0.015042 0.997268
vt 0.015129 0.999019
vt 0.013571 0.999488
vt 0.016838 0.997268
vt 0.016231 0.999488
vt 0.065851 0.032126
vt 0.067206 0.030215
vt 0.067943 0.031229
vt 0.068071 0.032875
vt 0.010401 0.002732
vt 0.008181 0.002732
vt 0.008094 0.000981
vt 0.009652 0.000512
vt 0.006385 0.002732
vt 0.006992 0.000512
vt 0.065851 0.014320
vt 0.068071 0.013571
vt 0.068071 0.014825
vt 0.067206 0.016231
vt 0.006386 0.997268
vt 0.008182 0.997268
vt 0.008290 0.999019
vt 0.006992 0.999488
vt 0.010401 0.997268
vt 0.009652 0.999488
vt 0.065851 0.037543
vt 0.068071 0.036794
vt 0.068071 0.038047
vt 0.067206 0.039454
vt 0.004428 0.002732
vt 0.002632 0.002732
vt 0.002598 0.000981
vt 0.003821 0.000512
vt 0.001946 0.002732
vt 0.002177 0.000512
vt 0.065851 0.008903
vt 0.067206 0.006992
vt 0.067943 0.008006
vt 0.068071 0.009652
vt 0.001946 0.997268
vt 0.002632 0.997268
vt 0.002719 0.999019
vt 0.002177 0.999488
vt 0.004428 0.997268
vt 0.003821 0.999488
vt 0.062666 0.041926
vt 0.064903 0.042624
vt 0.064166 0.043639
vt 0.062640 0.044269
vt 0.001198 0.002732
vt 0.000512 0.002731
vt 0.000512 0.001450
vt 0.000966 0.000512
vt 0.024421 0.997268
vt 0.024189 0.999488
vt 0.023802 0.999488
vt 0.023735 0.997268
vt 0.062666 0.004520
vt 0.062640 0.002177
vt 0.063832 0.002565
vt 0.064903 0.003821
vt 0.024421 0.002732
vt 0.023735 0.002732
vt 0.023735 0.001450
vt 0.024189 0.000512
vt 0.001198 0.997268
vt 0.000966 0.999488
vt 0.000579 0.999488
vt 0.000512 0.997268
vt 0.057514 0.043600
vt 0.058913 0.045480
vt 0.057720 0.045867
vt 0.056115 0.045480
vt 0.025169 0.997268
vt 0.025855 0.997268
vt 0.025942 0.999019
vt 0.025400 0.999488
vt 0.027651 0.997268
vt 0.027044 0.999488
vt 0.057514 0.002846
vt 0.056115 0.000966
vt 0.057308 0.000579
vt 0.058913 0.000966
vt 0.027651 0.002732
vt 0.025855 0.002732
vt 0.025821 0.000981
vt 0.027044 0.000512
vt 0.025169 0.002732
vt 0.025400 0.000512
vt 0.052362 0.041926
vt 0.052389 0.044269
vt 0.051196 0.043881
vt 0.050125 0.042624
vt 0.029608 0.997268
vt 0.031404 0.997268
vt 0.031513 0.999019
vt 0.030215 0.999488
vt 0.033624 0.997268
vt 0.032875 0.999488
vt 0.052362 0.004520
vt 0.050125 0.003821
vt 0.050862 0.002807
vt 0.052389 0.002177
vt 0.033624 0.002732
vt 0.031404 0.002732
vt 0.031317 0.000981
vt 0.032875 0.000512
vt 0.029608 0.002732
vt 0.030215 0.000512
vt 0.049178 0.037543
vt 0.047822 0.039454
vt 0.047085 0.038440
vt 0.046958 0.036794
vt 0.036044 0.997268
vt 0.038264 0.997268
vt 0.038352 0.999019
vt 0.036794 0.999488
vt 0.040060 0.997268
vt 0.039454 0.999488
vt 0.049178 0.008903
vt 0.046958 0.009652
vt 0.046958 0.008398
vt 0.047822 0.006992
vt 0.040060 0.002732
vt 0.038264 0.002732
vt 0.038156 0.000981
vt 0.039454 0.000512
vt 0.036045 0.002732
vt 0.036794 0.000512
vt 0.049178 0.032126
vt 0.046958 0.032875
vt 0.046958 0.031621
vt 0.047822 0.030215
vt 0.042018 0.997268
vt 0.043814 0.997268
vt 0.043848 0.999019
vt 0.042625 0.999488
vt 0.044500 0.997268
vt 0.044269 0.999488
vt 0.049178 0.014320
vt 0.047822 0.016231
vt 0.047085 0.015217
vt 0.046958 0.013571
vt 0.044500 0.002732
vt 0.043814 0.002732
vt 0.043727 0.000981
vt 0.044269 0.000512
vt 0.042018 0.002732
vt 0.042625 0.000512
vt 0.052362 0.027743
vt 0.050125 0.027044
vt 0.050862 0.026030
vt 0.052389 0.025400
vt 0.045248 0.997268
vt 0.045934 0.997268
vt 0.045934 0.998550
vt 0.045480 0.999488
vt 0.022025 0.002732
vt 0.022257 0.000512
vt 0.022644 0.000512
vt 0.022711 0.002732
vt 0.052362 0.018703
vt 0.052389 0.021046
vt 0.051196 0.020658
vt 0.050125 0.019402
vt 0.022025 0.997268
vt 0.022711 0.997268
vt 0.022711 0.998550
vt 0.022257 0.999488
vt 0.045248 0.002732
vt 0.045480 0.000512
vt 0.045867 0.000512
vt 0.045934 0.002732
s 0
usemtl MAT_metal_dark_blued
f 2049/3147/1841 2052/3148/1841 2053/3149/1841 2055/3150/1841
f 2050/3151/1842 2054/3152/1842 2053/3153/1842 2052/3154/1842
f 2051/3155/1843 2055/3156/1843 2053/3153/1843 2054/3152/1843
f 2056/3157/1844 2059/3158/1844 2060/3159/1844 2062/3160/1844
f 2057/3161/1845 2061/3162/1845 2060/3163/1845 2059/3164/1845
f 2058/3165/1846 2062/3166/1846 2060/3163/1846 2061/3162/1846
f 2063/3167/1847 2066/3168/1847 2067/3169/1847 2069/3170/1847
f 2064/3171/1848 2068/3172/1848 2067/3173/1848 2066/3174/1848
f 2065/3175/1849 2069/3176/1849 2067/3173/1849 2068/3172/1849
f 2070/3177/1850 2073/3178/1850 2074/3179/1850 2076/3180/1850
f 2071/3181/1851 2075/3182/1851 2074/3183/1851 2073/3184/1851
f 2072/3185/1852 2076/3186/1852 2074/3183/1852 2075/3182/1852
f 2077/3187/1853 2080/3188/1853 2081/3189/1853 2083/3190/1853
f 2078/3191/1854 2082/3192/1854 2081/3193/1854 2080/3194/1854
f 2079/3195/1855 2083/3196/1855 2081/3193/1855 2082/3192/1855
f 2084/3197/1856 2087/3198/1856 2088/3199/1856 2090/3200/1856
f 2085/3201/1857 2089/3202/1857 2088/3203/1857 2087/3204/1857
f 2086/3205/1858 2090/3206/1858 2088/3203/1858 2089/3202/1858
f 2091/3207/1859 2094/3208/1859 2095/3209/1859 2097/3210/1859
f 2092/3211/1860 2096/3212/1860 2095/3213/1860 2094/3214/1860
f 2093/3215/1861 2097/3216/1861 2095/3213/1861 2096/3212/1861
f 2098/3217/1862 2101/3218/1862 2102/3219/1862 2104/3220/1862
f 2099/3221/1863 2103/3222/1863 2102/3223/1863 2101/3224/1863
f 2100/3225/1864 2104/3226/1864 2102/3223/1864 2103/3222/1864
f 2105/3227/1865 2108/3228/1865 2109/3229/1865 2111/3230/1865
f 2106/3231/1866 2110/3232/1866 2109/3233/1866 2108/3234/1866
f 2107/3235/1867 2111/3236/1867 2109/3237/1867 2110/3238/1867
f 2112/3239/1868 2115/3240/1868 2116/3241/1868 2118/3242/1868
f 2113/3243/1869 2117/3244/1869 2116/3245/1869 2115/3246/1869
f 2114/3247/1870 2118/3248/1870 2116/3249/1870 2117/3250/1870
f 2119/3251/1871 2122/3252/1871 2123/3253/1871 2125/3254/1871
f 2120/3255/1872 2124/3256/1872 2123/3257/1872 2122/3258/1872
f 2121/3259/1873 2125/3260/1873 2123/3257/1873 2124/3256/1873
f 2126/3261/1874 2129/3262/1874 2130/3263/1874 2132/3264/1874
f 2127/3265/1875 2131/3266/1875 2130/3267/1875 2129/3268/1875
f 2128/3269/1876 2132/3270/1876 2130/3267/1876 2131/3266/1876
f 2133/3271/1877 2136/3272/1877 2137/3273/1877 2139/3274/1877
f 2134/3275/1878 2138/3276/1878 2137/3277/1878 2136/3278/1878
f 2135/3279/1879 2139/3280/1879 2137/3277/1879 2138/3276/1879
f 2140/3281/1880 2143/3282/1880 2144/3283/1880 2146/3284/1880
f 2141/3285/1881 2145/3286/1881 2144/3287/1881 2143/3288/1881
f 2142/3289/1882 2146/3290/1882 2144/3287/1882 2145/3286/1882
f 2147/3291/1883 2150/3292/1883 2151/3293/1883 2153/3294/1883
f 2148/3295/1884 2152/3296/1884 2151/3297/1884 2150/3298/1884
f 2149/3299/1885 2153/3300/1885 2151/3297/1885 2152/3296/1885
f 2154/3301/1886 2157/3302/1886 2158/3303/1886 2160/3304/1886
f 2155/3305/1887 2159/3306/1887 2158/3307/1887 2157/3308/1887
f 2156/3309/1888 2160/3310/1888 2158/3307/1888 2159/3306/1888
f 2161/3311/1889 2164/3312/1889 2165/3313/1889 2167/3314/1889
f 2162/3315/1890 2166/3316/1890 2165/3317/1890 2164/3318/1890
f 2163/3319/1891 2167/3320/1891 2165/3317/1891 2166/3316/1891
f 2168/3321/1892 2171/3322/1892 2172/3323/1892 2174/3324/1892
f 2169/3325/1893 2173/3326/1893 2172/3327/1893 2171/3328/1893
f 2170/3329/1894 2174/3330/1894 2172/3327/1894 2173/3326/1894
f 2175/3331/1895 2178/3332/1895 2179/3333/1895 2181/3334/1895
f 2176/3335/1896 2180/3336/1896 2179/3337/1896 2178/3338/1896
f 2177/3339/1897 2181/3340/1897 2179/3341/1897 2180/3342/1897
f 2182/3343/1898 2185/3344/1898 2186/3345/1898 2188/3346/1898
f 2183/3347/1899 2187/3348/1899 2186/3349/1899 2185/3350/1899
f 2184/3351/1900 2188/3352/1900 2186/3353/1900 2187/3354/1900
f 2051/3155/1901 2064/3171/1901 2066/3174/1901 2055/3156/1901
f 2055/3150/1902 2066/3168/1902 2063/3167/1902 2049/3147/1902
f 2072/3185/1903 2057/3161/1903 2059/3164/1903 2076/3186/1903
f 2076/3180/1904 2059/3158/1904 2056/3157/1904 2070/3177/1904
f 2050/3151/1905 2058/3165/1905 2061/3162/1905 2054/3152/1905
f 2054/3152/1906 2061/3162/1906 2057/3161/1906 2051/3155/1906
f 2071/3181/1907 2065/3175/1907 2068/3172/1907 2075/3182/1907
f 2075/3182/1908 2068/3172/1908 2064/3171/1908 2072/3185/1908
f 2065/3175/1909 2078/3191/1909 2080/3194/1909 2069/3176/1909
f 2069/3170/1910 2080/3188/1910 2077/3187/1910 2063/3167/1910
f 2086/3205/1911 2071/3181/1911 2073/3184/1911 2090/3206/1911
f 2090/3200/1912 2073/3178/1912 2070/3177/1912 2084/3197/1912
f 2085/3201/1913 2079/3195/1913 2082/3192/1913 2089/3202/1913
f 2089/3202/1914 2082/3192/1914 2078/3191/1914 2086/3205/1914
f 2079/3195/1915 2092/3211/1915 2094/3214/1915 2083/3196/1915
f 2083/3190/1916 2094/3208/1916 2091/3207/1916 2077/3187/1916
f 2100/3225/1917 2085/3201/1917 2087/3204/1917 2104/3226/1917
f 2104/3220/1918 2087/3198/1918 2084/3197/1918 2098/3217/1918
f 2099/3221/1919 2093/3215/1919 2096/3212/1919 2103/3222/1919
f 2103/3222/1920 2096/3212/1920 2092/3211/1920 2100/3225/1920
f 2093/3215/1921 2106/3231/1921 2108/3234/1921 2097/3216/1921
f 2097/3210/1922 2108/3228/1922 2105/3227/1922 2091/3207/1922
f 2114/3247/1923 2099/3221/1923 2101/3224/1923 2118/3248/1923
f 2118/3242/1924 2101/3218/1924 2098/3217/1924 2112/3239/1924
f 2113/3243/1925 2107/3235/1925 2110/3238/1925 2117/3244/1925
f 2117/3250/1926 2110/3232/1926 2106/3231/1926 2114/3247/1926
f 2107/3235/1927 2120/3255/1927 2122/3258/1927 2111/3236/1927
f 2111/3230/1928 2122/3252/1928 2119/3251/1928 2105/3227/1928
f 2128/3269/1929 2113/3243/1929 2115/3246/1929 2132/3270/1929
f 2132/3264/1930 2115/3240/1930 2112/3239/1930 2126/3261/1930
f 2127/3265/1931 2121/3259/1931 2124/3256/1931 2131/3266/1931
f 2131/3266/1932 2124/3256/1932 2120/3255/1932 2128/3269/1932
f 2121/3259/1933 2134/3275/1933 2136/3278/1933 2125/3260/1933
f 2125/3254/1934 2136/3272/1934 2133/3271/1934 2119/3251/1934
f 2142/3289/1935 2127/3265/1935 2129/3268/1935 2146/3290/1935
f 2146/3284/1936 2129/3262/1936 2126/3261/1936 2140/3281/1936
f 2141/3285/1937 2135/3279/1937 2138/3276/1937 2145/3286/1937
f 2145/3286/1938 2138/3276/1938 2134/3275/1938 2142/3289/1938
f 2135/3279/1939 2148/3295/1939 2150/3298/1939 2139/3280/1939
f 2139/3274/1940 2150/3292/1940 2147/3291/1940 2133/3271/1940
f 2156/3309/1941 2141/3285/1941 2143/3288/1941 2160/3310/1941
f 2160/3304/1942 2143/3282/1942 2140/3281/1942 2154/3301/1942
f 2155/3305/1943 2149/3299/1943 2152/3296/1943 2159/3306/1943
f 2159/3306/1944 2152/3296/1944 2148/3295/1944 2156/3309/1944
f 2149/3299/1945 2162/3315/1945 2164/3318/1945 2153/3300/1945
f 2153/3294/1946 2164/3312/1946 2161/3311/1946 2147/3291/1946
f 2170/3329/1947 2155/3305/1947 2157/3308/1947 2174/3330/1947
f 2174/3324/1948 2157/3302/1948 2154/3301/1948 2168/3321/1948
f 2169/3325/1949 2163/3319/1949 2166/3316/1949 2173/3326/1949
f 2173/3326/1950 2166/3316/1950 2162/3315/1950 2170/3329/1950
f 2163/3319/1951 2176/3335/1951 2178/3338/1951 2167/3320/1951
f 2167/3314/1952 2178/3332/1952 2175/3331/1952 2161/3311/1952
f 2184/3351/1953 2169/3325/1953 2171/3328/1953 2188/3352/1953
f 2188/3346/1954 2171/3322/1954 2168/3321/1954 2182/3343/1954
f 2183/3347/1955 2177/3339/1955 2180/3342/1955 2187/3348/1955
f 2187/3354/1956 2180/3336/1956 2176/3335/1956 2184/3351/1956
f 2177/3339/1957 2050/3151/1957 2052/3154/1957 2181/3340/1957
f 2181/3334/1958 2052/3148/1958 2049/3147/1958 2175/3331/1958
f 2058/3165/1959 2183/3347/1959 2185/3350/1959 2062/3166/1959
f 2062/3160/1960 2185/3344/1960 2182/3343/1960 2056/3157/1960
f 2049/3147/1961 2063/3167/1961 2077/3187/1961 2091/3207/1961 2105/3227/1961 2119/3251/1961 2133/3271/1961 2147/3291/1961 2161/3311/1961 2175/3331/1961
f 2051/3155/1962 2057/3161/1962 2072/3185/1962 2064/3171/1962
f 2177/3339/1963 2183/3347/1963 2058/3165/1963 2050/3151/1963
f 2070/3177/1964 2056/3157/1964 2182/3343/1964 2168/3321/1964 2154/3301/1964 2140/3281/1964 2126/3261/1964 2112/3239/1964 2098/3217/1964 2084/3197/1964
f 2065/3175/1965 2071/3181/1965 2086/3205/1965 2078/3191/1965
f 2079/3195/1966 2085/3201/1966 2100/3225/1966 2092/3211/1966
f 2093/3215/1967 2099/3221/1967 2114/3247/1967 2106/3231/1967
f 2107/3235/1968 2113/3243/1968 2128/3269/1968 2120/3255/1968
f 2121/3259/1969 2127/3265/1969 2142/3289/1969 2134/3275/1969
f 2135/3279/1970 2141/3285/1970 2156/3309/1970 2148/3295/1970
f 2149/3299/1971 2155/3305/1971 2170/3329/1971 2162/3315/1971
f 2163/3319/1972 2169/3325/1972 2184/3351/1972 2176/3335/1972
o AK_loop_sling_front_visual
v 0.190000 -0.027347 0.000370
v 0.190000 -0.027347 -0.000370
v 0.190000 -0.027410 0.000000
v 0.199989 -0.022257 -0.000370
v 0.199989 -0.022257 0.000370
v 0.200040 -0.022295 0.000000
v 0.197179 -0.024881 0.000690
v 0.196870 -0.024455 0.001215
v 0.197051 -0.024705 0.000998
v 0.196685 -0.024201 0.001345
v 0.196246 -0.023597 0.001345
v 0.196466 -0.023899 0.001409
v 0.196062 -0.023343 0.001215
v 0.195752 -0.022917 0.000690
v 0.195880 -0.023093 0.000998
v 0.195674 -0.022810 0.000370
v 0.195674 -0.022810 -0.000370
v 0.195637 -0.022758 0.000000
v 0.195752 -0.022917 -0.000690
v 0.196062 -0.023343 -0.001215
v 0.195880 -0.023093 -0.000998
v 0.196246 -0.023597 -0.001345
v 0.196685 -0.024201 -0.001345
v 0.196466 -0.023899 -0.001409
v 0.196870 -0.024455 -0.001215
v 0.197179 -0.024881 -0.000690
v 0.197051 -0.024705 -0.000998
v 0.197257 -0.024989 0.000370
v 0.197257 -0.024989 -0.000370
v 0.197295 -0.025040 0.000000
v 0.193612 -0.026115 0.001215
v 0.193774 -0.026616 0.000690
v 0.193707 -0.026409 0.000998
v 0.193284 -0.025106 0.001345
v 0.193515 -0.025817 0.001345
v 0.193399 -0.025462 0.001409
v 0.193024 -0.024307 0.000690
v 0.193187 -0.024808 0.001215
v 0.193091 -0.024514 0.000998
v 0.192983 -0.024181 -0.000370
v 0.192983 -0.024181 0.000370
v 0.192963 -0.024120 0.000000
v 0.193187 -0.024808 -0.001215
v 0.193024 -0.024307 -0.000690
v 0.193091 -0.024514 -0.000998
v 0.193515 -0.025817 -0.001345
v 0.193284 -0.025106 -0.001345
v 0.193399 -0.025462 -0.001409
v 0.193774 -0.026616 -0.000690
v 0.193612 -0.026115 -0.001215
v 0.193707 -0.026409 -0.000998
v 0.193815 -0.026742 0.000370
v 0.193815 -0.026742 -0.000370
v 0.193835 -0.026803 0.000000
v 0.190000 -0.026687 0.001215
v 0.190000 -0.027214 0.000690
v 0.190000 -0.026996 0.000998
v 0.190000 -0.025627 0.001345
v 0.190000 -0.026373 0.001345
v 0.190000 -0.026000 0.001409
v 0.190000 -0.024786 0.000690
v 0.190000 -0.025313 0.001215
v 0.190000 -0.025004 0.000998
v 0.190000 -0.024653 -0.000370
v 0.190000 -0.024653 0.000370
v 0.190000 -0.024590 0.000000
v 0.190000 -0.025313 -0.001215
v 0.190000 -0.024786 -0.000690
v 0.190000 -0.025004 -0.000998
v 0.190000 -0.026373 -0.001345
v 0.190000 -0.025627 -0.001345
v 0.190000 -0.026000 -0.001409
v 0.190000 -0.027214 -0.000690
v 0.190000 -0.026687 -0.001215
v 0.190000 -0.026996 -0.000998
v 0.199455 -0.021870 -0.001215
v 0.199881 -0.022179 -0.000690
v 0.199705 -0.022051 -0.000998
v 0.198597 -0.021246 -0.001345
v 0.199201 -0.021685 -0.001345
v 0.198899 -0.021466 -0.001409
v 0.197917 -0.020752 -0.000690
v 0.198343 -0.021062 -0.001215
v 0.198093 -0.020880 -0.000998
v 0.197810 -0.020674 0.000370
v 0.197810 -0.020674 -0.000370
v 0.197758 -0.020637 0.000000
v 0.198343 -0.021062 0.001215
v 0.197917 -0.020752 0.000690
v 0.198093 -0.020880 0.000998
v 0.199201 -0.021685 0.001345
v 0.198597 -0.021246 0.001345
v 0.198899 -0.021466 0.001409
v 0.199881 -0.022179 0.000690
v 0.199455 -0.021870 0.001215
v 0.199705 -0.022051 0.000998
v 0.201742 -0.018815 -0.000370
v 0.201742 -0.018815 0.000370
v 0.201803 -0.018835 0.000000
v 0.201115 -0.018612 -0.001215
v 0.201616 -0.018774 -0.000690
v 0.201409 -0.018707 -0.000998
v 0.200106 -0.018284 -0.001345
v 0.200817 -0.018515 -0.001345
v 0.200462 -0.018399 -0.001409
v 0.199307 -0.018024 -0.000690
v 0.199808 -0.018187 -0.001215
v 0.199514 -0.018091 -0.000998
v 0.199181 -0.017983 0.000370
v 0.199181 -0.017983 -0.000370
v 0.199120 -0.017963 0.000000
v 0.199808 -0.018187 0.001215
v 0.199307 -0.018024 0.000690
v 0.199514 -0.018091 0.000998
v 0.200817 -0.018515 0.001345
v 0.200106 -0.018284 0.001345
v 0.200462 -0.018399 0.001409
v 0.201616 -0.018774 0.000690
v 0.201115 -0.018612 0.001215
v 0.201409 -0.018707 0.000998
v 0.202347 -0.015000 -0.000370
v 0.202347 -0.015000 0.000370
v 0.202410 -0.015000 0.000000
v 0.201687 -0.015000 -0.001215
v 0.202214 -0.015000 -0.000690
v 0.201996 -0.015000 -0.000998
v 0.200627 -0.015000 -0.001345
v 0.201373 -0.015000 -0.001345
v 0.201000 -0.015000 -0.001409
v 0.199786 -0.015000 -0.000690
v 0.200313 -0.015000 -0.001215
v 0.200004 -0.015000 -0.000998
v 0.199653 -0.015000 0.000370
v 0.199653 -0.015000 -0.000370
v 0.199590 -0.015000 0.000000
v 0.200313 -0.015000 0.001215
v 0.199786 -0.015000 0.000690
v 0.200004 -0.015000 0.000998
v 0.201373 -0.015000 0.001345
v 0.200627 -0.015000 0.001345
v 0.201000 -0.015000 0.001409
v 0.202214 -0.015000 0.000690
v 0.201687 -0.015000 0.001215
v 0.201996 -0.015000 0.000998
v 0.201742 -0.011185 -0.000370
v 0.201742 -0.011185 0.000370
v 0.201803 -0.011165 0.000000
v 0.201115 -0.011388 -0.001215
v 0.201616 -0.011226 -0.000690
v 0.201409 -0.011293 -0.000998
v 0.200106 -0.011716 -0.001345
v 0.200817 -0.011485 -0.001345
v 0.200462 -0.011601 -0.001409
v 0.199307 -0.011976 -0.000690
v 0.199808 -0.011813 -0.001215
v 0.199514 -0.011909 -0.000998
v 0.199181 -0.012017 0.000370
v 0.199181 -0.012017 -0.000370
v 0.199120 -0.012037 0.000000
v 0.199808 -0.011813 0.001215
v 0.199307 -0.011976 0.000690
v 0.199514 -0.011909 0.000998
v 0.200817 -0.011485 0.001345
v 0.200106 -0.011716 0.001345
v 0.200462 -0.011601 0.001409
v 0.201616 -0.011226 0.000690
v 0.201115 -0.011388 0.001215
v 0.201409 -0.011293 0.000998
v 0.199989 -0.007743 -0.000370
v 0.199989 -0.007743 0.000370
v 0.200040 -0.007705 0.000000
v 0.199455 -0.008130 -0.001215
v 0.199881 -0.007821 -0.000690
v 0.199705 -0.007949 -0.000998
v 0.198597 -0.008754 -0.001345
v 0.199201 -0.008315 -0.001345
v 0.198899 -0.008534 -0.001409
v 0.197917 -0.009248 -0.000690
v 0.198343 -0.008938 -0.001215
v 0.198093 -0.009120 -0.000998
v 0.197810 -0.009326 0.000370
v 0.197810 -0.009326 -0.000370
v 0.197758 -0.009363 0.000000
v 0.198343 -0.008938 0.001215
v 0.197917 -0.009248 0.000690
v 0.198093 -0.009120 0.000998
v 0.199201 -0.008315 0.001345
v 0.198597 -0.008754 0.001345
v 0.198899 -0.008534 0.001409
v 0.199881 -0.007821 0.000690
v 0.199455 -0.008130 0.001215
v 0.199705 -0.007949 0.000998
v 0.197257 -0.005011 -0.000370
v 0.197257 -0.005011 0.000370
v 0.197295 -0.004960 0.000000
v 0.196870 -0.005545 -0.001215
v 0.197179 -0.005119 -0.000690
v 0.197051 -0.005295 -0.000998
v 0.196246 -0.006403 -0.001345
v 0.196685 -0.005799 -0.001345
v 0.196466 -0.006101 -0.001409
v 0.195752 -0.007083 -0.000690
v 0.196062 -0.006657 -0.001215
v 0.195880 -0.006907 -0.000998
v 0.195674 -0.007190 0.000370
v 0.195674 -0.007190 -0.000370
v 0.195637 -0.007242 0.000000
v 0.196062 -0.006657 0.001215
v 0.195752 -0.007083 0.000690
v 0.195880 -0.006907 0.000998
v 0.196685 -0.005799 0.001345
v 0.196246 -0.006403 0.001345
v 0.196466 -0.006101 0.001409
v 0.197179 -0.005119 0.000690
v 0.196870 -0.005545 0.001215
v 0.197051 -0.005295 0.000998
v 0.193815 -0.003258 -0.000370
v 0.193815 -0.003258 0.000370
v 0.193835 -0.003197 0.000000
v 0.193612 -0.003885 -0.001215
v 0.193774 -0.003384 -0.000690
v 0.193707 -0.003591 -0.000998
v 0.193284 -0.004894 -0.001345
v 0.193515 -0.004183 -0.001345
v 0.193399 -0.004538 -0.001409
v 0.193024 -0.005693 -0.000690
v 0.193187 -0.005192 -0.001215
v 0.193091 -0.005486 -0.000998
v 0.192983 -0.005819 0.000370
v 0.192983 -0.005819 -0.000370
v 0.192963 -0.005880 0.000000
v 0.193187 -0.005192 0.001215
v 0.193024 -0.005693 0.000690
v 0.193091 -0.005486 0.000998
v 0.193515 -0.004183 0.001345
v 0.193284 -0.004894 0.001345
v 0.193399 -0.004538 0.001409
v 0.193774 -0.003384 0.000690
v 0.193612 -0.003885 0.001215
v 0.193707 -0.003591 0.000998
v 0.190000 -0.002653 -0.000370
v 0.190000 -0.002653 0.000370
v 0.190000 -0.002590 0.000000
v 0.190000 -0.003313 -0.001215
v 0.190000 -0.002786 -0.000690
v 0.190000 -0.003004 -0.000998
v 0.190000 -0.004373 -0.001345
v 0.190000 -0.003627 -0.001345
v 0.190000 -0.004000 -0.001409
v 0.190000 -0.005214 -0.000690
v 0.190000 -0.004687 -0.001215
v 0.190000 -0.004996 -0.000998
v 0.190000 -0.005347 0.000370
v 0.190000 -0.005347 -0.000370
v 0.190000 -0.005410 0.000000
v 0.190000 -0.004687 0.001215
v 0.190000 -0.005214 0.000690
v 0.190000 -0.004996 0.000998
v 0.190000 -0.003627 0.001345
v 0.190000 -0.004373 0.001345
v 0.190000 -0.004000 0.001409
v 0.190000 -0.002786 0.000690
v 0.190000 -0.003313 0.001215
v 0.190000 -0.003004 0.000998
v 0.186185 -0.003258 -0.000370
v 0.186185 -0.003258 0.000370
v 0.186165 -0.003197 0.000000
v 0.186388 -0.003885 -0.001215
v 0.186226 -0.003384 -0.000690
v 0.186293 -0.003591 -0.000998
v 0.186716 -0.004894 -0.001345
v 0.186485 -0.004183 -0.001345
v 0.186601 -0.004538 -0.001409
v 0.186976 -0.005693 -0.000690
v 0.186813 -0.005192 -0.001215
v 0.186909 -0.005486 -0.000998
v 0.187017 -0.005819 0.000370
v 0.187017 -0.005819 -0.000370
v 0.187037 -0.005880 0.000000
v 0.186813 -0.005192 0.001215
v 0.186976 -0.005693 0.000690
v 0.186909 -0.005486 0.000998
v 0.186485 -0.004183 0.001345
v 0.186716 -0.004894 0.001345
v 0.186601 -0.004538 0.001409
v 0.186226 -0.003384 0.000690
v 0.186388 -0.003885 0.001215
v 0.186293 -0.003591 0.000998
v 0.182743 -0.005011 -0.000370
v 0.182743 -0.005011 0.000370
v 0.182705 -0.004960 0.000000
v 0.183130 -0.005545 -0.001215
v 0.182821 -0.005119 -0.000690
v 0.182949 -0.005295 -0.000998
v 0.183754 -0.006403 -0.001345
v 0.183315 -0.005799 -0.001345
v 0.183534 -0.006101 -0.001409
v 0.184248 -0.007083 -0.000690
v 0.183938 -0.006657 -0.001215
v 0.184120 -0.006907 -0.000998
v 0.184326 -0.007190 0.000370
v 0.184326 -0.007190 -0.000370
v 0.184363 -0.007242 0.000000
v 0.183938 -0.006657 0.001215
v 0.184248 -0.007083 0.000690
v 0.184120 -0.006907 0.000998
v 0.183315 -0.005799 0.001345
v 0.183754 -0.006403 0.001345
v 0.183534 -0.006101 0.001409
v 0.182821 -0.005119 0.000690
v 0.183130 -0.005545 0.001215
v 0.182949 -0.005295 0.000998
v 0.180011 -0.007743 -0.000370
v 0.180011 -0.007743 0.000370
v 0.179960 -0.007705 0.000000
v 0.180545 -0.008130 -0.001215
v 0.180119 -0.007821 -0.000690
v 0.180295 -0.007949 -0.000998
v 0.181403 -0.008754 -0.001345
v 0.180799 -0.008315 -0.001345
v 0.181101 -0.008534 -0.001409
v 0.182083 -0.009248 -0.000690
v 0.181657 -0.008938 -0.001215
v 0.181907 -0.009120 -0.000998
v 0.182190 -0.009326 0.000370
v 0.182190 -0.009326 -0.000370
v 0.182242 -0.009363 0.000000
v 0.181657 -0.008938 0.001215
v 0.182083 -0.009248 0.000690
v 0.181907 -0.009120 0.000998
v 0.180799 -0.008315 0.001345
v 0.181403 -0.008754 0.001345
v 0.181101 -0.008534 0.001409
v 0.180119 -0.007821 0.000690
v 0.180545 -0.008130 0.001215
v 0.180295 -0.007949 0.000998
v 0.178258 -0.011185 -0.000370
v 0.178258 -0.011185 0.000370
v 0.178197 -0.011165 0.000000
v 0.178885 -0.011388 -0.001215
v 0.178384 -0.011226 -0.000690
v 0.178591 -0.011293 -0.000998
v 0.179894 -0.011716 -0.001345
v 0.179183 -0.011485 -0.001345
v 0.179538 -0.011601 -0.001409
v 0.180693 -0.011976 -0.000690
v 0.180192 -0.011813 -0.001215
v 0.180486 -0.011909 -0.000998
v 0.180819 -0.012017 0.000370
v 0.180819 -0.012017 -0.000370
v 0.180880 -0.012037 0.000000
v 0.180192 -0.011813 0.001215
v 0.180693 -0.011976 0.000690
v 0.180486 -0.011909 0.000998
v 0.179183 -0.011485 0.001345
v 0.179894 -0.011716 0.001345
v 0.179538 -0.011601 0.001409
v 0.178384 -0.011226 0.000690
v 0.178885 -0.011388 0.001215
v 0.178591 -0.011293 0.000998
v 0.177653 -0.015000 -0.000370
v 0.177653 -0.015000 0.000370
v 0.177590 -0.015000 0.000000
v 0.178313 -0.015000 -0.001215
v 0.177786 -0.015000 -0.000690
v 0.178004 -0.015000 -0.000998
v 0.179373 -0.015000 -0.001345
v 0.178627 -0.015000 -0.001345
v 0.179000 -0.015000 -0.001409
v 0.180214 -0.015000 -0.000690
v 0.179687 -0.015000 -0.001215
v 0.179996 -0.015000 -0.000998
v 0.180347 -0.015000 0.000370
v 0.180347 -0.015000 -0.000370
v 0.180410 -0.015000 0.000000
v 0.179687 -0.015000 0.001215
v 0.180214 -0.015000 0.000690
v 0.179996 -0.015000 0.000998
v 0.178627 -0.015000 0.001345
v 0.179373 -0.015000 0.001345
v 0.179000 -0.015000 0.001409
v 0.177786 -0.015000 0.000690
v 0.178313 -0.015000 0.001215
v 0.178004 -0.015000 0.000998
v 0.178258 -0.018815 -0.000370
v 0.178258 -0.018815 0.000370
v 0.178197 -0.018835 0.000000
v 0.178885 -0.018612 -0.001215
v 0.178384 -0.018774 -0.000690
v 0.178591 -0.018707 -0.000998
v 0.179894 -0.018284 -0.001345
v 0.179183 -0.018515 -0.001345
v 0.179538 -0.018399 -0.001409
v 0.180693 -0.018024 -0.000690
v 0.180192 -0.018187 -0.001215
v 0.180486 -0.018091 -0.000998
v 0.180819 -0.017983 0.000370
v 0.180819 -0.017983 -0.000370
v 0.180880 -0.017963 0.000000
v 0.180192 -0.018187 0.001215
v 0.180693 -0.018024 0.000690
v 0.180486 -0.018091 0.000998
v 0.179183 -0.018515 0.001345
v 0.179894 -0.018284 0.001345
v 0.179538 -0.018399 0.001409
v 0.178384 -0.018774 0.000690
v 0.178885 -0.018612 0.001215
v 0.178591 -0.018707 0.000998
v 0.180011 -0.022257 -0.000370
v 0.180011 -0.022257 0.000370
v 0.179960 -0.022295 0.000000
v 0.180545 -0.021870 -0.001215
v 0.180119 -0.022179 -0.000690
v 0.180295 -0.022051 -0.000998
v 0.181403 -0.021246 -0.001345
v 0.180799 -0.021685 -0.001345
v 0.181101 -0.021466 -0.001409
v 0.182083 -0.020752 -0.000690
v 0.181657 -0.021062 -0.001215
v 0.181907 -0.020880 -0.000998
v 0.182190 -0.020674 0.000370
v 0.182190 -0.020674 -0.000370
v 0.182242 -0.020637 0.000000
v 0.181657 -0.021062 0.001215
v 0.182083 -0.020752 0.000690
v 0.181907 -0.020880 0.000998
v 0.180799 -0.021685 0.001345
v 0.181403 -0.021246 0.001345
v 0.181101 -0.021466 0.001409
v 0.180119 -0.022179 0.000690
v 0.180545 -0.021870 0.001215
v 0.180295 -0.022051 0.000998
v 0.182743 -0.024989 -0.000370
v 0.182743 -0.024989 0.000370
v 0.182705 -0.025040 0.000000
v 0.183130 -0.024455 -0.001215
v 0.182821 -0.024881 -0.000690
v 0.182949 -0.024705 -0.000998
v 0.183754 -0.023597 -0.001345
v 0.183315 -0.024201 -0.001345
v 0.183534 -0.023899 -0.001409
v 0.184248 -0.022917 -0.000690
v 0.183938 -0.023343 -0.001215
v 0.184120 -0.023093 -0.000998
v 0.184326 -0.022810 0.000370
v 0.184326 -0.022810 -0.000370
v 0.184363 -0.022758 0.000000
v 0.183938 -0.023343 0.001215
v 0.184248 -0.022917 0.000690
v 0.184120 -0.023093 0.000998
v 0.183315 -0.024201 0.001345
v 0.183754 -0.023597 0.001345
v 0.183534 -0.023899 0.001409
v 0.182821 -0.024881 0.000690
v 0.183130 -0.024455 0.001215
v 0.182949 -0.024705 0.000998
v 0.186185 -0.026742 -0.000370
v 0.186185 -0.026742 0.000370
v 0.186165 -0.026803 0.000000
v 0.186388 -0.026115 -0.001215
v 0.186226 -0.026616 -0.000690
v 0.186293 -0.026409 -0.000998
v 0.186716 -0.025106 -0.001345
v 0.186485 -0.025817 -0.001345
v 0.186601 -0.025462 -0.001409
v 0.186976 -0.024307 -0.000690
v 0.186813 -0.024808 -0.001215
v 0.186909 -0.024514 -0.000998
v 0.187017 -0.024181 0.000370
v 0.187017 -0.024181 -0.000370
v 0.187037 -0.024120 0.000000
v 0.186813 -0.024808 0.001215
v 0.186976 -0.024307 0.000690
v 0.186909 -0.024514 0.000998
v 0.186485 -0.025817 0.001345
v 0.186716 -0.025106 0.001345
v 0.186601 -0.025462 0.001409
v 0.186226 -0.026616 0.000690
v 0.186388 -0.026115 0.001215
v 0.186293 -0.026409 0.000998
vn 0.6972 -0.6972 0.1671
vn 0.6972 -0.6972 -0.1671
vn 0.3718 -0.7297 0.5738
vn 0.2637 -0.5176 0.8140
vn 0.0777 -0.1525 0.9852
vn -0.0777 0.1525 0.9852
vn -0.2637 0.5176 0.8140
vn -0.3718 0.7297 0.5738
vn -0.4476 0.8785 0.1671
vn -0.4476 0.8785 -0.1671
vn -0.3718 0.7297 -0.5738
vn -0.2637 0.5176 -0.8140
vn -0.0777 0.1525 -0.9852
vn 0.0777 -0.1525 -0.9852
vn 0.2637 -0.5176 -0.8140
vn 0.3718 -0.7297 -0.5738
vn 0.4476 -0.8785 0.1671
vn 0.4476 -0.8785 -0.1671
vn 0.1281 -0.8089 0.5738
vn 0.0909 -0.5738 0.8140
vn 0.0268 -0.1690 0.9852
vn -0.0268 0.1690 0.9852
vn -0.0909 0.5738 0.8140
vn -0.1281 0.8089 0.5738
vn -0.1542 0.9738 0.1671
vn -0.1542 0.9738 -0.1671
vn -0.1281 0.8089 -0.5738
vn -0.0909 0.5738 -0.8140
vn -0.0268 0.1690 -0.9852
vn 0.0268 -0.1690 -0.9852
vn 0.0909 -0.5738 -0.8140
vn 0.1281 -0.8089 -0.5738
vn 0.1542 -0.9738 0.1671
vn 0.1542 -0.9738 -0.1671
vn 0.4108 -0.4108 -0.8140
vn 0.5791 -0.5791 -0.5738
vn -0.1210 0.1210 -0.9852
vn 0.1210 -0.1210 -0.9852
vn -0.5791 0.5791 -0.5738
vn -0.4108 0.4108 -0.8140
vn -0.6972 0.6972 0.1671
vn -0.6972 0.6972 -0.1671
vn -0.4108 0.4108 0.8140
vn -0.5791 0.5791 0.5738
vn 0.1210 -0.1210 0.9852
vn -0.1210 0.1210 0.9852
vn 0.5791 -0.5791 0.5738
vn 0.4108 -0.4108 0.8140
vn 0.8785 -0.4476 0.1671
vn 0.8785 -0.4476 -0.1671
vn 0.5176 -0.2637 -0.8140
vn 0.7297 -0.3718 -0.5738
vn -0.1525 0.0777 -0.9852
vn 0.1525 -0.0777 -0.9852
vn -0.7297 0.3718 -0.5738
vn -0.5176 0.2637 -0.8140
vn -0.8785 0.4476 0.1671
vn -0.8785 0.4476 -0.1671
vn -0.5176 0.2637 0.8140
vn -0.7297 0.3718 0.5738
vn 0.1525 -0.0777 0.9852
vn -0.1525 0.0777 0.9852
vn 0.7297 -0.3718 0.5738
vn 0.5176 -0.2637 0.8140
vn 0.9738 -0.1542 0.1671
vn 0.9738 -0.1542 -0.1671
vn 0.5738 -0.0909 -0.8140
vn 0.8089 -0.1281 -0.5738
vn -0.1690 0.0268 -0.9852
vn 0.1690 -0.0268 -0.9852
vn -0.8089 0.1281 -0.5738
vn -0.5738 0.0909 -0.8140
vn -0.9738 0.1542 0.1671
vn -0.9738 0.1542 -0.1671
vn -0.5738 0.0909 0.8140
vn -0.8089 0.1281 0.5738
vn 0.1690 -0.0268 0.9852
vn -0.1690 0.0268 0.9852
vn 0.8089 -0.1281 0.5738
vn 0.5738 -0.0909 0.8140
vn 0.9738 0.1542 0.1671
vn 0.9738 0.1542 -0.1671
vn 0.5738 0.0909 -0.8140
vn 0.8089 0.1281 -0.5738
vn -0.1690 -0.0268 -0.9852
vn 0.1690 0.0268 -0.9852
vn -0.8089 -0.1281 -0.5738
vn -0.5738 -0.0909 -0.8140
vn -0.9738 -0.1542 0.1671
vn -0.9738 -0.1542 -0.1671
vn -0.5738 -0.0909 0.8140
vn -0.8089 -0.1281 0.5738
vn 0.1690 0.0268 0.9852
vn -0.1690 -0.0268 0.9852
vn 0.8089 0.1281 0.5738
vn 0.5738 0.0909 0.8140
vn 0.8785 0.4476 0.1671
vn 0.8785 0.4476 -0.1671
vn 0.5176 0.2637 -0.8140
vn 0.7297 0.3718 -0.5738
vn -0.1525 -0.0777 -0.9852
vn 0.1525 0.0777 -0.9852
vn -0.7297 -0.3718 -0.5738
vn -0.5176 -0.2637 -0.8140
vn -0.8785 -0.4476 0.1671
vn -0.8785 -0.4476 -0.1671
vn -0.5176 -0.2637 0.8140
vn -0.7297 -0.3718 0.5738
vn 0.1525 0.0777 0.9852
vn -0.1525 -0.0777 0.9852
vn 0.7297 0.3718 0.5738
vn 0.5176 0.2637 0.8140
vn 0.6972 0.6972 0.1671
vn 0.6972 0.6972 -0.1671
vn 0.4108 0.4108 -0.8140
vn 0.5791 0.5791 -0.5738
vn -0.1210 -0.1210 -0.9852
vn 0.1210 0.1210 -0.9852
vn -0.5791 -0.5791 -0.5738
vn -0.4108 -0.4108 -0.8140
vn -0.6972 -0.6972 0.1671
vn -0.6972 -0.6972 -0.1671
vn -0.4108 -0.4108 0.8140
vn -0.5791 -0.5791 0.5738
vn 0.1210 0.1210 0.9852
vn -0.1210 -0.1210 0.9852
vn 0.5791 0.5791 0.5738
vn 0.4108 0.4108 0.8140
vn 0.4476 0.8785 0.1671
vn 0.4476 0.8785 -0.1671
vn 0.2637 0.5176 -0.8140
vn 0.3718 0.7297 -0.5738
vn -0.0777 -0.1525 -0.9852
vn 0.0777 0.1525 -0.9852
vn -0.3718 -0.7297 -0.5738
vn -0.2637 -0.5176 -0.8140
vn -0.4476 -0.8785 0.1671
vn -0.4476 -0.8785 -0.1671
vn -0.2637 -0.5176 0.8140
vn -0.3718 -0.7297 0.5738
vn 0.0777 0.1525 0.9852
vn -0.0777 -0.1525 0.9852
vn 0.3718 0.7297 0.5738
vn 0.2637 0.5176 0.8140
vn 0.1542 0.9738 0.1671
vn 0.1542 0.9738 -0.1671
vn 0.0909 0.5738 -0.8140
vn 0.1281 0.8089 -0.5738
vn -0.0268 -0.1690 -0.9852
vn 0.0268 0.1690 -0.9852
vn -0.1281 -0.8089 -0.5738
vn -0.0909 -0.5738 -0.8140
vn -0.1542 -0.9738 0.1671
vn -0.1542 -0.9738 -0.1671
vn -0.0909 -0.5738 0.8140
vn -0.1281 -0.8089 0.5738
vn 0.0268 0.1690 0.9852
vn -0.0268 -0.1690 0.9852
vn 0.1281 0.8089 0.5738
vn 0.0909 0.5738 0.8140
vn -0.1448 -0.9141 0.3786
vn 0.1448 -0.9141 -0.3786
vn 0.1448 -0.9141 0.3786
vn -0.1448 -0.9141 -0.3786
vn 0.6545 -0.6545 0.3787
vn 0.8247 -0.4202 0.3786
vn 0.6545 -0.6545 -0.3787
vn 0.8247 -0.4202 -0.3786
vn 0.1756 -0.3446 0.9222
vn 0.4202 -0.8247 0.3787
vn 0.2735 -0.2735 0.9222
vn -0.1756 0.3446 0.9222
vn -0.2735 0.2735 0.9222
vn -0.4202 0.8247 0.3787
vn -0.6545 0.6545 0.3787
vn -0.4202 0.8247 -0.3787
vn -0.6545 0.6545 -0.3787
vn -0.1756 0.3446 -0.9222
vn -0.2735 0.2735 -0.9222
vn 0.1756 -0.3446 -0.9222
vn 0.2735 -0.2735 -0.9222
vn 0.4202 -0.8247 -0.3787
vn 0.0605 -0.3820 0.9222
vn -0.0605 0.3820 0.9222
vn -0.1448 0.9141 0.3786
vn -0.1448 0.9141 -0.3786
vn -0.0605 0.3820 -0.9222
vn 0.0605 -0.3820 -0.9222
vn -0.0605 -0.3820 0.9222
vn 0.0605 0.3820 0.9222
vn 0.1448 0.9141 0.3786
vn 0.1448 0.9141 -0.3786
vn 0.0605 0.3820 -0.9222
vn -0.0605 -0.3820 -0.9222
vn 0.3446 -0.1756 -0.9222
vn -0.3446 0.1756 -0.9222
vn -0.8247 0.4202 -0.3786
vn -0.8247 0.4202 0.3786
vn -0.3446 0.1756 0.9222
vn 0.3446 -0.1756 0.9222
vn 0.9141 -0.1448 0.3787
vn 0.9141 -0.1448 -0.3787
vn 0.3820 -0.0605 -0.9222
vn -0.3820 0.0605 -0.9222
vn -0.9141 0.1448 -0.3786
vn -0.9141 0.1448 0.3786
vn -0.3820 0.0605 0.9222
vn 0.3820 -0.0605 0.9222
vn 0.9141 0.1448 0.3787
vn 0.9141 0.1448 -0.3787
vn 0.3820 0.0605 -0.9222
vn -0.3820 -0.0605 -0.9222
vn -0.9141 -0.1448 -0.3786
vn -0.9141 -0.1448 0.3786
vn -0.3820 -0.0605 0.9222
vn 0.3820 0.0605 0.9222
vn 0.8247 0.4202 0.3787
vn 0.8247 0.4202 -0.3787
vn 0.3446 0.1756 -0.9222
vn -0.3446 -0.1756 -0.9222
vn -0.8247 -0.4202 -0.3787
vn -0.8247 -0.4202 0.3787
vn -0.3446 -0.1756 0.9222
vn 0.3446 0.1756 0.9222
vn 0.6545 0.6545 0.3787
vn 0.6545 0.6545 -0.3787
vn 0.2735 0.2735 -0.9222
vn -0.2735 -0.2735 -0.9222
vn -0.6545 -0.6545 -0.3787
vn -0.6545 -0.6545 0.3787
vn -0.2735 -0.2735 0.9222
vn 0.2735 0.2735 0.9222
vn 0.4202 0.8247 0.3787
vn 0.4202 0.8247 -0.3787
vn 0.1756 0.3446 -0.9222
vn -0.1756 -0.3446 -0.9222
vn -0.4202 -0.8247 -0.3786
vn -0.4202 -0.8247 0.3786
vn -0.1756 -0.3446 0.9222
vn 0.1756 0.3446 0.9222
vn -0.9141 0.1448 0.3787
vn -0.9141 0.1448 -0.3787
vn 0.9141 -0.1448 -0.3786
vn 0.9141 -0.1448 0.3786
vn -0.9141 -0.1448 0.3787
vn -0.9141 -0.1448 -0.3787
vn 0.9141 0.1448 -0.3786
vn 0.9141 0.1448 0.3786
vn -0.4202 -0.8247 0.3787
vn -0.4202 -0.8247 -0.3787
vn 0.4202 0.8247 -0.3786
vn 0.4202 0.8247 0.3786
vt 0.069790 0.273931
vt 0.049941 0.422102
vt 0.033855 0.421148
vt 0.053947 0.271163
vt 0.022734 0.422102
vt 0.042583 0.273931
vt 0.063886 0.577061
vt 0.063886 0.422939
vt 0.080034 0.423916
vt 0.080034 0.576084
vt 0.091826 0.426262
vt 0.091826 0.573738
vt 0.101753 0.571758
vt 0.101753 0.428242
vt 0.113571 0.430598
vt 0.113571 0.569402
vt 0.114020 0.432954
vt 0.114020 0.567045
vt 0.114398 0.565066
vt 0.114398 0.434934
vt 0.114848 0.437290
vt 0.114848 0.562710
vt 0.841613 0.562710
vt 0.841613 0.437290
vt 0.852697 0.438258
vt 0.852697 0.561742
vt 0.862285 0.560905
vt 0.862285 0.439094
vt 0.873370 0.440062
vt 0.873370 0.559938
vt 0.889492 0.439094
vt 0.889492 0.560905
vt 0.903437 0.561742
vt 0.903437 0.438258
vt 0.919559 0.437290
vt 0.919559 0.562710
vt 0.931377 0.434934
vt 0.931377 0.565066
vt 0.941304 0.567045
vt 0.941304 0.432954
vt 0.953122 0.430598
vt 0.953122 0.569402
vt 0.953571 0.428242
vt 0.953572 0.571758
vt 0.953949 0.573737
vt 0.953949 0.426262
vt 0.954373 0.423916
vt 0.954373 0.576084
vt 0.002087 0.576084
vt 0.002087 0.423916
vt 0.013146 0.422939
vt 0.013146 0.577061
vt 0.049941 0.577898
vt 0.033855 0.578852
vt 0.022734 0.577898
vt 0.083522 0.723641
vt 0.099421 0.720804
vt 0.110615 0.713995
vt 0.120037 0.708250
vt 0.131255 0.701412
vt 0.131104 0.694574
vt 0.130978 0.688829
vt 0.130827 0.681991
vt 0.825633 0.681991
vt 0.836965 0.679183
vt 0.846766 0.676754
vt 0.858097 0.673947
vt 0.873973 0.676754
vt 0.887704 0.679183
vt 0.903580 0.681991
vt 0.914797 0.688829
vt 0.924220 0.694574
vt 0.935438 0.701412
vt 0.935287 0.708250
vt 0.935160 0.713994
vt 0.934986 0.720804
vt 0.021474 0.720804
vt 0.032782 0.723641
vt 0.069790 0.726069
vt 0.053947 0.728837
vt 0.042583 0.726069
vt 0.935160 0.286005
vt 0.934986 0.279196
vt 0.021474 0.279196
vt 0.032782 0.276359
vt 0.924220 0.305426
vt 0.935438 0.298588
vt 0.935287 0.291750
vt 0.887704 0.320817
vt 0.903580 0.318009
vt 0.914797 0.311170
vt 0.846766 0.323245
vt 0.858097 0.326053
vt 0.873973 0.323245
vt 0.130977 0.311171
vt 0.130827 0.318009
vt 0.825633 0.318009
vt 0.836965 0.320817
vt 0.120037 0.291750
vt 0.131255 0.298588
vt 0.131104 0.305426
vt 0.083522 0.276359
vt 0.099420 0.279196
vt 0.110615 0.286005
vt 0.107546 0.147889
vt 0.092165 0.143578
vt 0.080339 0.147889
vt 0.899421 0.166696
vt 0.898110 0.156090
vt 0.058350 0.156090
vt 0.070132 0.151671
vt 0.891725 0.196944
vt 0.901800 0.186293
vt 0.900507 0.175642
vt 0.857779 0.220915
vt 0.873186 0.216542
vt 0.883261 0.205891
vt 0.817247 0.224698
vt 0.829047 0.229072
vt 0.844453 0.224698
vt 0.162514 0.205891
vt 0.161221 0.216542
vt 0.795239 0.216542
vt 0.807040 0.220915
vt 0.154817 0.175642
vt 0.164893 0.186293
vt 0.163600 0.196944
vt 0.120872 0.151671
vt 0.136297 0.156090
vt 0.146354 0.166696
vt 0.159512 0.056314
vt 0.144767 0.050882
vt 0.132305 0.056314
vt 0.850231 0.080012
vt 0.847354 0.066648
vt 0.109106 0.066648
vt 0.121540 0.061080
vt 0.846998 0.118128
vt 0.855502 0.104707
vt 0.852637 0.091286
vt 0.816591 0.148333
vt 0.831352 0.142822
vt 0.839855 0.129401
vt 0.776616 0.153100
vt 0.789062 0.158610
vt 0.803823 0.153100
vt 0.205919 0.129401
vt 0.203055 0.142822
vt 0.753406 0.142822
vt 0.765851 0.148333
vt 0.202687 0.091286
vt 0.211191 0.104707
vt 0.208326 0.118128
vt 0.172280 0.061080
vt 0.187052 0.066648
vt 0.195544 0.080012
vt 0.220601 0.008170
vt 0.206529 0.002178
vt 0.193395 0.008170
vt 0.792404 0.034440
vt 0.787632 0.019604
vt 0.168609 0.019688
vt 0.181973 0.013454
vt 0.794420 0.076691
vt 0.801075 0.061814
vt 0.796363 0.046937
vt 0.768171 0.110174
vt 0.782173 0.104065
vt 0.788829 0.089188
vt 0.728853 0.115458
vt 0.742057 0.121567
vt 0.756059 0.115458
vt 0.256946 0.089188
vt 0.252233 0.104066
vt 0.704227 0.104065
vt 0.717431 0.110174
vt 0.258962 0.046937
vt 0.265617 0.061814
vt 0.260905 0.076691
vt 0.232713 0.013454
vt 0.246719 0.019625
vt 0.253371 0.034440
vt 0.284835 0.008170
vt 0.271397 0.002061
vt 0.684759 0.002178
vt 0.749627 0.002061
vt 0.763065 0.008170
vt 0.698832 0.008170
vt 0.731601 0.034440
vt 0.724949 0.019625
vt 0.710943 0.013454
vt 0.774487 0.013454
vt 0.739135 0.076691
vt 0.743848 0.061814
vt 0.737192 0.046937
vt 0.717259 0.110174
vt 0.730464 0.104065
vt 0.735176 0.089188
vt 0.227607 0.115458
vt 0.277829 0.115458
vt 0.263827 0.121567
vt 0.214403 0.121567
vt 0.692633 0.121567
vt 0.705838 0.115458
vt 0.310599 0.089188
vt 0.303943 0.104065
vt 0.289941 0.110174
vt 0.239029 0.110174
vt 0.318132 0.046937
vt 0.322845 0.061814
vt 0.316189 0.076691
vt 0.296257 0.013454
vt 0.309402 0.019604
vt 0.314174 0.034440
vt 0.610535 0.056314
vt 0.671625 0.008170
vt 0.622997 0.050882
vt 0.637742 0.056314
vt 0.673774 0.080012
vt 0.665282 0.066648
vt 0.650510 0.061080
vt 0.686556 0.118128
vt 0.689421 0.104707
vt 0.680917 0.091286
vt 0.239201 0.110174
vt 0.287621 0.148333
vt 0.275175 0.142822
vt 0.225997 0.104065
vt 0.681285 0.142822
vt 0.684150 0.129401
vt 0.325593 0.153100
vt 0.310832 0.158610
vt 0.298386 0.153100
vt 0.250623 0.115458
vt 0.361625 0.129401
vt 0.353122 0.142822
vt 0.338361 0.148333
vt 0.374407 0.091286
vt 0.377272 0.104707
vt 0.368768 0.118128
vt 0.660204 0.013454
vt 0.599770 0.061080
vt 0.587336 0.066648
vt 0.646840 0.019688
vt 0.369124 0.066648
vt 0.372001 0.080012
vt 0.558569 0.147889
vt 0.570395 0.143578
vt 0.585776 0.147889
vt 0.624584 0.166696
vt 0.614527 0.156090
vt 0.599102 0.151671
vt 0.641830 0.196944
vt 0.643123 0.186293
vt 0.633047 0.175642
vt 0.328809 0.220915
vt 0.317009 0.216542
vt 0.639451 0.216542
vt 0.640744 0.205891
vt 0.366223 0.224698
vt 0.350817 0.229072
vt 0.339016 0.224698
vt 0.405031 0.205891
vt 0.394955 0.216542
vt 0.379549 0.220915
vt 0.422277 0.175642
vt 0.423570 0.186293
vt 0.413494 0.196944
vt 0.548362 0.151671
vt 0.536581 0.156090
vt 0.419880 0.156090
vt 0.421191 0.166696
vt 0.520814 0.273931
vt 0.532177 0.271163
vt 0.548020 0.273931
vt 0.588845 0.286005
vt 0.577651 0.279196
vt 0.561752 0.276359
vt 0.609334 0.305426
vt 0.609485 0.298588
vt 0.598268 0.291750
vt 0.358735 0.320817
vt 0.347403 0.318009
vt 0.609057 0.318009
vt 0.609208 0.311170
vt 0.395743 0.323245
vt 0.379867 0.326053
vt 0.368536 0.323245
vt 0.436567 0.311171
vt 0.425350 0.318009
vt 0.409474 0.320817
vt 0.457057 0.291750
vt 0.457208 0.298588
vt 0.445990 0.305426
vt 0.511012 0.276359
vt 0.499704 0.279196
vt 0.456756 0.279196
vt 0.456930 0.286005
vt 0.500964 0.422102
vt 0.512085 0.421148
vt 0.528171 0.422102
vt 0.570056 0.426262
vt 0.558264 0.423916
vt 0.542116 0.422939
vt 0.592250 0.432954
vt 0.591801 0.430598
vt 0.579983 0.428242
vt 0.374467 0.438258
vt 0.363383 0.437290
vt 0.593078 0.437290
vt 0.592628 0.434934
vt 0.411262 0.439094
vt 0.395140 0.440062
vt 0.384055 0.439095
vt 0.453147 0.434934
vt 0.441329 0.437290
vt 0.425207 0.438258
vt 0.475341 0.428242
vt 0.474892 0.430598
vt 0.463074 0.432954
vt 0.491376 0.422939
vt 0.480317 0.423916
vt 0.476143 0.423916
vt 0.475719 0.426262
vt 0.500964 0.577898
vt 0.512085 0.578852
vt 0.528171 0.577898
vt 0.570056 0.573737
vt 0.558264 0.576084
vt 0.542116 0.577061
vt 0.592250 0.567045
vt 0.591801 0.569402
vt 0.579983 0.571758
vt 0.374467 0.561742
vt 0.363383 0.562710
vt 0.593078 0.562710
vt 0.592628 0.565066
vt 0.411262 0.560905
vt 0.395140 0.559938
vt 0.384055 0.560905
vt 0.453147 0.565066
vt 0.441329 0.562710
vt 0.425207 0.561742
vt 0.475341 0.571758
vt 0.474892 0.569402
vt 0.463074 0.567045
vt 0.491376 0.577061
vt 0.480317 0.576084
vt 0.476143 0.576084
vt 0.475719 0.573737
vt 0.520813 0.726069
vt 0.532177 0.728837
vt 0.548020 0.726069
vt 0.588845 0.713994
vt 0.577651 0.720804
vt 0.561752 0.723641
vt 0.609334 0.694574
vt 0.609485 0.701412
vt 0.598267 0.708250
vt 0.358735 0.679183
vt 0.347403 0.681991
vt 0.609057 0.681991
vt 0.609208 0.688829
vt 0.395743 0.676754
vt 0.379867 0.673947
vt 0.368536 0.676754
vt 0.436567 0.688829
vt 0.425350 0.681991
vt 0.409474 0.679183
vt 0.457057 0.708250
vt 0.457208 0.701412
vt 0.445990 0.694574
vt 0.511012 0.723641
vt 0.499704 0.720804
vt 0.456756 0.720804
vt 0.456930 0.713994
vt 0.558569 0.852111
vt 0.570395 0.856422
vt 0.585776 0.852111
vt 0.624584 0.833304
vt 0.614527 0.843910
vt 0.599102 0.848328
vt 0.641830 0.803055
vt 0.643123 0.813706
vt 0.633047 0.824357
vt 0.328809 0.779084
vt 0.317009 0.783458
vt 0.639451 0.783458
vt 0.640744 0.794109
vt 0.366223 0.775302
vt 0.350817 0.770928
vt 0.339016 0.775302
vt 0.405031 0.794109
vt 0.394956 0.783458
vt 0.379549 0.779084
vt 0.422277 0.824358
vt 0.423570 0.813706
vt 0.413494 0.803055
vt 0.548362 0.848328
vt 0.536581 0.843910
vt 0.419880 0.843910
vt 0.421191 0.833304
vt 0.610535 0.943686
vt 0.622997 0.949118
vt 0.637742 0.943686
vt 0.673774 0.919988
vt 0.665282 0.933352
vt 0.650510 0.938919
vt 0.686556 0.881872
vt 0.689421 0.895293
vt 0.680917 0.908714
vt 0.287621 0.851667
vt 0.275175 0.857178
vt 0.681285 0.857178
vt 0.684150 0.870599
vt 0.325593 0.846900
vt 0.310832 0.841390
vt 0.298386 0.846900
vt 0.361625 0.870599
vt 0.353122 0.857178
vt 0.338361 0.851667
vt 0.374407 0.908714
vt 0.377272 0.895293
vt 0.368768 0.881872
vt 0.599770 0.938919
vt 0.587336 0.933352
vt 0.369124 0.933352
vt 0.372001 0.919988
vt 0.671625 0.991830
vt 0.684759 0.997822
vt 0.698832 0.991830
vt 0.731601 0.965560
vt 0.724949 0.980375
vt 0.710943 0.986546
vt 0.739135 0.923309
vt 0.743848 0.938186
vt 0.737192 0.953063
vt 0.239201 0.889826
vt 0.225997 0.895934
vt 0.730463 0.895934
vt 0.735176 0.910812
vt 0.277829 0.884542
vt 0.263827 0.878433
vt 0.250623 0.884542
vt 0.310599 0.910812
vt 0.303943 0.895934
vt 0.289941 0.889826
vt 0.318132 0.953063
vt 0.322845 0.938186
vt 0.316189 0.923309
vt 0.660203 0.986546
vt 0.646839 0.980312
vt 0.309402 0.980395
vt 0.314174 0.965560
vt 0.220602 0.991830
vt 0.284835 0.991830
vt 0.271397 0.997939
vt 0.206529 0.997822
vt 0.749627 0.997938
vt 0.763065 0.991830
vt 0.792404 0.965560
vt 0.787632 0.980395
vt 0.774487 0.986546
vt 0.794419 0.923308
vt 0.801075 0.938186
vt 0.796362 0.953063
vt 0.717259 0.889826
vt 0.768171 0.889826
vt 0.782173 0.895934
vt 0.788829 0.910812
vt 0.227608 0.884542
vt 0.214403 0.878433
vt 0.692633 0.878433
vt 0.742057 0.878433
vt 0.756059 0.884542
vt 0.705837 0.884542
vt 0.256946 0.910812
vt 0.252233 0.895934
vt 0.239029 0.889826
vt 0.258962 0.953063
vt 0.265618 0.938186
vt 0.260905 0.923309
vt 0.296257 0.986546
vt 0.232713 0.986546
vt 0.246719 0.980375
vt 0.253371 0.965560
vt 0.159512 0.943686
vt 0.144767 0.949118
vt 0.193395 0.991830
vt 0.132305 0.943686
vt 0.850231 0.919988
vt 0.847354 0.933352
vt 0.168610 0.980312
vt 0.109106 0.933352
vt 0.121540 0.938919
vt 0.181973 0.986546
vt 0.846998 0.881872
vt 0.855502 0.895293
vt 0.852637 0.908714
vt 0.816591 0.851667
vt 0.831352 0.857178
vt 0.839855 0.870599
vt 0.728853 0.884542
vt 0.776616 0.846900
vt 0.789062 0.841390
vt 0.803823 0.846900
vt 0.205920 0.870599
vt 0.203055 0.857178
vt 0.704227 0.895934
vt 0.753405 0.857178
vt 0.765851 0.851667
vt 0.717431 0.889826
vt 0.202687 0.908714
vt 0.211191 0.895293
vt 0.208326 0.881872
vt 0.172280 0.938920
vt 0.187052 0.933352
vt 0.195544 0.919988
vt 0.107546 0.852111
vt 0.092165 0.856422
vt 0.080339 0.852111
vt 0.899421 0.833304
vt 0.898110 0.843910
vt 0.058351 0.843910
vt 0.070132 0.848328
vt 0.891724 0.803055
vt 0.901800 0.813706
vt 0.900507 0.824357
vt 0.857779 0.779084
vt 0.873186 0.783458
vt 0.883261 0.794109
vt 0.817246 0.775302
vt 0.829047 0.770928
vt 0.844453 0.775302
vt 0.162514 0.794109
vt 0.161221 0.783458
vt 0.795239 0.783458
vt 0.807039 0.779084
vt 0.154817 0.824357
vt 0.164893 0.813706
vt 0.163600 0.803055
vt 0.120872 0.848328
vt 0.136297 0.843910
vt 0.146354 0.833304
s 0
usemtl MAT_metal_dark_blued
f 2193/3355/1973 2216/3356/1973 2218/3357/1973 2194/3358/1973
f 2194/3358/1974 2218/3357/1974 2217/3359/1974 2192/3360/1974
f 2220/3361/1975 2195/3362/1975 2197/3363/1975 2221/3364/1975
f 2221/3364/1976 2197/3363/1976 2196/3365/1976 2219/3366/1976
f 2223/3367/1977 2198/3368/1977 2200/3369/1977 2224/3370/1977
f 2224/3370/1978 2200/3369/1978 2199/3371/1978 2222/3372/1978
f 2226/3373/1979 2201/3374/1979 2203/3375/1979 2227/3376/1979
f 2227/3377/1980 2203/3378/1980 2202/3379/1980 2225/3380/1980
f 2229/3381/1981 2204/3382/1981 2206/3383/1981 2230/3384/1981
f 2230/3384/1982 2206/3383/1982 2205/3385/1982 2228/3386/1982
f 2232/3387/1983 2207/3388/1983 2209/3389/1983 2233/3390/1983
f 2233/3390/1984 2209/3389/1984 2208/3391/1984 2231/3392/1984
f 2235/3393/1985 2210/3394/1985 2212/3395/1985 2236/3396/1985
f 2236/3396/1986 2212/3395/1986 2211/3397/1986 2234/3398/1986
f 2238/3399/1987 2213/3400/1987 2215/3401/1987 2239/3402/1987
f 2239/3403/1988 2215/3404/1988 2214/3405/1988 2237/3406/1988
f 2216/3356/1989 2240/3407/1989 2242/3408/1989 2218/3357/1989
f 2218/3357/1990 2242/3408/1990 2241/3409/1990 2217/3359/1990
f 2244/3410/1991 2220/3361/1991 2221/3364/1991 2245/3411/1991
f 2245/3411/1992 2221/3364/1992 2219/3366/1992 2243/3412/1992
f 2247/3413/1993 2223/3367/1993 2224/3370/1993 2248/3414/1993
f 2248/3414/1994 2224/3370/1994 2222/3372/1994 2246/3415/1994
f 2250/3416/1995 2226/3373/1995 2227/3376/1995 2251/3417/1995
f 2251/3418/1996 2227/3377/1996 2225/3380/1996 2249/3419/1996
f 2253/3420/1997 2229/3381/1997 2230/3384/1997 2254/3421/1997
f 2254/3421/1998 2230/3384/1998 2228/3386/1998 2252/3422/1998
f 2256/3423/1999 2232/3387/1999 2233/3390/1999 2257/3424/1999
f 2257/3424/2000 2233/3390/2000 2231/3392/2000 2255/3425/2000
f 2259/3426/2001 2235/3393/2001 2236/3396/2001 2260/3427/2001
f 2260/3427/2002 2236/3396/2002 2234/3398/2002 2258/3428/2002
f 2262/3429/2003 2238/3399/2003 2239/3402/2003 2263/3430/2003
f 2263/3431/2004 2239/3403/2004 2237/3406/2004 2261/3432/2004
f 2240/3407/2005 2189/3433/2005 2191/3434/2005 2242/3408/2005
f 2242/3408/2006 2191/3434/2006 2190/3435/2006 2241/3409/2006
f 2213/3400/2007 2264/3436/2007 2266/3437/2007 2215/3401/2007
f 2215/3404/2008 2266/3438/2008 2265/3439/2008 2214/3405/2008
f 2210/3394/2009 2267/3440/2009 2269/3441/2009 2212/3395/2009
f 2212/3395/2010 2269/3441/2010 2268/3442/2010 2211/3397/2010
f 2207/3388/2011 2270/3443/2011 2272/3444/2011 2209/3389/2011
f 2209/3389/2012 2272/3444/2012 2271/3445/2012 2208/3391/2012
f 2204/3382/2013 2273/3446/2013 2275/3447/2013 2206/3383/2013
f 2206/3383/2014 2275/3447/2014 2274/3448/2014 2205/3385/2014
f 2201/3374/2015 2276/3449/2015 2278/3450/2015 2203/3375/2015
f 2203/3378/2016 2278/3451/2016 2277/3452/2016 2202/3379/2016
f 2198/3368/2017 2279/3453/2017 2281/3454/2017 2200/3369/2017
f 2200/3369/2018 2281/3454/2018 2280/3455/2018 2199/3371/2018
f 2195/3362/2019 2282/3456/2019 2284/3457/2019 2197/3363/2019
f 2197/3363/2020 2284/3457/2020 2283/3458/2020 2196/3365/2020
f 2286/3459/2021 2193/3355/2021 2194/3358/2021 2287/3460/2021
f 2287/3460/2022 2194/3358/2022 2192/3360/2022 2285/3461/2022
f 2264/3436/2023 2288/3462/2023 2290/3463/2023 2266/3437/2023
f 2266/3438/2024 2290/3464/2024 2289/3465/2024 2265/3439/2024
f 2267/3440/2025 2291/3466/2025 2293/3467/2025 2269/3441/2025
f 2269/3441/2026 2293/3467/2026 2292/3468/2026 2268/3442/2026
f 2270/3443/2027 2294/3469/2027 2296/3470/2027 2272/3444/2027
f 2272/3444/2028 2296/3470/2028 2295/3471/2028 2271/3445/2028
f 2273/3446/2029 2297/3472/2029 2299/3473/2029 2275/3447/2029
f 2275/3447/2030 2299/3473/2030 2298/3474/2030 2274/3448/2030
f 2276/3449/2031 2300/3475/2031 2302/3476/2031 2278/3450/2031
f 2278/3451/2032 2302/3477/2032 2301/3478/2032 2277/3452/2032
f 2279/3453/2033 2303/3479/2033 2305/3480/2033 2281/3454/2033
f 2281/3454/2034 2305/3480/2034 2304/3481/2034 2280/3455/2034
f 2282/3456/2035 2306/3482/2035 2308/3483/2035 2284/3457/2035
f 2284/3457/2036 2308/3483/2036 2307/3484/2036 2283/3458/2036
f 2310/3485/2037 2286/3459/2037 2287/3460/2037 2311/3486/2037
f 2311/3486/2038 2287/3460/2038 2285/3461/2038 2309/3487/2038
f 2288/3462/2039 2312/3488/2039 2314/3489/2039 2290/3463/2039
f 2290/3464/2040 2314/3490/2040 2313/3491/2040 2289/3465/2040
f 2291/3466/2041 2315/3492/2041 2317/3493/2041 2293/3467/2041
f 2293/3467/2042 2317/3493/2042 2316/3494/2042 2292/3468/2042
f 2294/3469/2043 2318/3495/2043 2320/3496/2043 2296/3470/2043
f 2296/3470/2044 2320/3496/2044 2319/3497/2044 2295/3471/2044
f 2297/3472/2045 2321/3498/2045 2323/3499/2045 2299/3473/2045
f 2299/3473/2046 2323/3499/2046 2322/3500/2046 2298/3474/2046
f 2300/3475/2047 2324/3501/2047 2326/3502/2047 2302/3476/2047
f 2302/3477/2048 2326/3503/2048 2325/3504/2048 2301/3478/2048
f 2303/3479/2049 2327/3505/2049 2329/3506/2049 2305/3480/2049
f 2305/3480/2050 2329/3506/2050 2328/3507/2050 2304/3481/2050
f 2306/3482/2051 2330/3508/2051 2332/3509/2051 2308/3483/2051
f 2308/3483/2052 2332/3509/2052 2331/3510/2052 2307/3484/2052
f 2334/3511/2053 2310/3485/2053 2311/3486/2053 2335/3512/2053
f 2335/3512/2054 2311/3486/2054 2309/3487/2054 2333/3513/2054
f 2312/3488/2055 2336/3514/2055 2338/3515/2055 2314/3489/2055
f 2314/3490/2056 2338/3516/2056 2337/3517/2056 2313/3491/2056
f 2315/3492/2057 2339/3518/2057 2341/3519/2057 2317/3493/2057
f 2317/3493/2058 2341/3519/2058 2340/3520/2058 2316/3494/2058
f 2318/3495/2059 2342/3521/2059 2344/3522/2059 2320/3496/2059
f 2320/3496/2060 2344/3522/2060 2343/3523/2060 2319/3497/2060
f 2321/3498/2061 2345/3524/2061 2347/3525/2061 2323/3499/2061
f 2323/3499/2062 2347/3525/2062 2346/3526/2062 2322/3500/2062
f 2324/3501/2063 2348/3527/2063 2350/3528/2063 2326/3502/2063
f 2326/3503/2064 2350/3529/2064 2349/3530/2064 2325/3504/2064
f 2327/3505/2065 2351/3531/2065 2353/3532/2065 2329/3506/2065
f 2329/3506/2066 2353/3532/2066 2352/3533/2066 2328/3507/2066
f 2330/3508/2067 2354/3534/2067 2356/3535/2067 2332/3509/2067
f 2332/3509/2068 2356/3535/2068 2355/3536/2068 2331/3510/2068
f 2358/3537/2069 2334/3511/2069 2335/3512/2069 2359/3538/2069
f 2359/3539/2070 2335/3540/2070 2333/3541/2070 2357/3542/2070
f 2336/3514/2071 2360/3543/2071 2362/3544/2071 2338/3515/2071
f 2338/3515/2072 2362/3544/2072 2361/3545/2072 2337/3546/2072
f 2339/3518/2073 2363/3547/2073 2365/3548/2073 2341/3519/2073
f 2341/3519/2074 2365/3548/2074 2364/3549/2074 2340/3520/2074
f 2342/3521/2075 2366/3550/2075 2368/3551/2075 2344/3522/2075
f 2344/3522/2076 2368/3551/2076 2367/3552/2076 2343/3523/2076
f 2345/3553/2077 2369/3554/2077 2371/3555/2077 2347/3556/2077
f 2347/3525/2078 2371/3557/2078 2370/3558/2078 2346/3526/2078
f 2348/3527/2079 2372/3559/2079 2374/3560/2079 2350/3528/2079
f 2350/3528/2080 2374/3560/2080 2373/3561/2080 2349/3562/2080
f 2351/3531/2081 2375/3563/2081 2377/3564/2081 2353/3532/2081
f 2353/3532/2082 2377/3564/2082 2376/3565/2082 2352/3533/2082
f 2354/3534/2083 2378/3566/2083 2380/3567/2083 2356/3535/2083
f 2356/3535/2084 2380/3567/2084 2379/3568/2084 2355/3536/2084
f 2382/3569/2085 2358/3570/2085 2359/3539/2085 2383/3571/2085
f 2383/3571/2086 2359/3539/2086 2357/3542/2086 2381/3572/2086
f 2360/3543/2087 2384/3573/2087 2386/3574/2087 2362/3544/2087
f 2362/3544/2088 2386/3574/2088 2385/3575/2088 2361/3545/2088
f 2363/3547/2089 2387/3576/2089 2389/3577/2089 2365/3548/2089
f 2365/3548/2090 2389/3577/2090 2388/3578/2090 2364/3549/2090
f 2366/3579/2091 2390/3580/2091 2392/3581/2091 2368/3582/2091
f 2368/3551/2092 2392/3583/2092 2391/3584/2092 2367/3552/2092
f 2369/3554/2093 2393/3585/2093 2395/3586/2093 2371/3555/2093
f 2371/3555/2094 2395/3586/2094 2394/3587/2094 2370/3588/2094
f 2372/3559/2095 2396/3589/2095 2398/3590/2095 2374/3560/2095
f 2374/3560/2096 2398/3590/2096 2397/3591/2096 2373/3561/2096
f 2375/3563/2097 2399/3592/2097 2401/3593/2097 2377/3564/2097
f 2377/3564/2098 2401/3593/2098 2400/3594/2098 2376/3565/2098
f 2378/3595/2099 2402/3596/2099 2404/3597/2099 2380/3598/2099
f 2380/3567/2100 2404/3599/2100 2403/3600/2100 2379/3568/2100
f 2406/3601/2101 2382/3569/2101 2383/3571/2101 2407/3602/2101
f 2407/3602/2102 2383/3571/2102 2381/3572/2102 2405/3603/2102
f 2384/3573/2103 2408/3604/2103 2410/3605/2103 2386/3574/2103
f 2386/3574/2104 2410/3605/2104 2409/3606/2104 2385/3575/2104
f 2387/3576/2105 2411/3607/2105 2413/3608/2105 2389/3577/2105
f 2389/3577/2106 2413/3608/2106 2412/3609/2106 2388/3578/2106
f 2390/3580/2107 2414/3610/2107 2416/3611/2107 2392/3581/2107
f 2392/3583/2108 2416/3612/2108 2415/3613/2108 2391/3584/2108
f 2393/3585/2109 2417/3614/2109 2419/3615/2109 2395/3586/2109
f 2395/3586/2110 2419/3615/2110 2418/3616/2110 2394/3587/2110
f 2396/3589/2111 2420/3617/2111 2422/3618/2111 2398/3590/2111
f 2398/3590/2112 2422/3618/2112 2421/3619/2112 2397/3591/2112
f 2399/3592/2113 2423/3620/2113 2425/3621/2113 2401/3593/2113
f 2401/3593/2114 2425/3621/2114 2424/3622/2114 2400/3594/2114
f 2402/3596/2115 2426/3623/2115 2428/3624/2115 2404/3597/2115
f 2404/3599/2116 2428/3625/2116 2427/3626/2116 2403/3600/2116
f 2430/3627/2117 2406/3601/2117 2407/3602/2117 2431/3628/2117
f 2431/3628/2118 2407/3602/2118 2405/3603/2118 2429/3629/2118
f 2408/3604/2119 2432/3630/2119 2434/3631/2119 2410/3605/2119
f 2410/3605/2120 2434/3631/2120 2433/3632/2120 2409/3606/2120
f 2411/3607/2121 2435/3633/2121 2437/3634/2121 2413/3608/2121
f 2413/3608/2122 2437/3634/2122 2436/3635/2122 2412/3609/2122
f 2414/3610/2123 2438/3636/2123 2440/3637/2123 2416/3611/2123
f 2416/3612/2124 2440/3638/2124 2439/3639/2124 2415/3613/2124
f 2417/3614/2125 2441/3640/2125 2443/3641/2125 2419/3615/2125
f 2419/3615/2126 2443/3641/2126 2442/3642/2126 2418/3616/2126
f 2420/3617/2127 2444/3643/2127 2446/3644/2127 2422/3618/2127
f 2422/3618/2128 2446/3644/2128 2445/3645/2128 2421/3619/2128
f 2423/3620/2129 2447/3646/2129 2449/3647/2129 2425/3621/2129
f 2425/3621/2130 2449/3647/2130 2448/3648/2130 2424/3622/2130
f 2426/3623/2131 2450/3649/2131 2452/3650/2131 2428/3624/2131
f 2428/3625/2132 2452/3651/2132 2451/3652/2132 2427/3626/2132
f 2454/3653/1997 2430/3627/1997 2431/3628/1997 2455/3654/1997
f 2455/3654/1998 2431/3628/1998 2429/3629/1998 2453/3655/1998
f 2432/3630/2000 2456/3656/2000 2458/3657/2000 2434/3631/2000
f 2434/3631/1999 2458/3657/1999 2457/3658/1999 2433/3632/1999
f 2435/3633/2002 2459/3659/2002 2461/3660/2002 2437/3634/2002
f 2437/3634/2001 2461/3660/2001 2460/3661/2001 2436/3635/2001
f 2438/3636/2004 2462/3662/2004 2464/3663/2004 2440/3637/2004
f 2440/3638/2003 2464/3664/2003 2463/3665/2003 2439/3639/2003
f 2441/3640/2005 2465/3666/2005 2467/3667/2005 2443/3641/2005
f 2443/3641/2006 2467/3667/2006 2466/3668/2006 2442/3642/2006
f 2444/3643/1992 2468/3669/1992 2470/3670/1992 2446/3644/1992
f 2446/3644/1991 2470/3670/1991 2469/3671/1991 2445/3645/1991
f 2447/3646/1994 2471/3672/1994 2473/3673/1994 2449/3647/1994
f 2449/3647/1993 2473/3673/1993 2472/3674/1993 2448/3648/1993
f 2450/3649/1996 2474/3675/1996 2476/3676/1996 2452/3650/1996
f 2452/3651/1995 2476/3677/1995 2475/3678/1995 2451/3652/1995
f 2478/3679/1981 2454/3653/1981 2455/3654/1981 2479/3680/1981
f 2479/3680/1982 2455/3654/1982 2453/3655/1982 2477/3681/1982
f 2456/3656/1984 2480/3682/1984 2482/3683/1984 2458/3657/1984
f 2458/3657/1983 2482/3683/1983 2481/3684/1983 2457/3658/1983
f 2459/3659/1986 2483/3685/1986 2485/3686/1986 2461/3660/1986
f 2461/3660/1985 2485/3686/1985 2484/3687/1985 2460/3661/1985
f 2462/3662/1988 2486/3688/1988 2488/3689/1988 2464/3663/1988
f 2464/3664/1987 2488/3690/1987 2487/3691/1987 2463/3665/1987
f 2465/3666/1989 2489/3692/1989 2491/3693/1989 2467/3667/1989
f 2467/3667/1990 2491/3693/1990 2490/3694/1990 2466/3668/1990
f 2468/3669/1976 2492/3695/1976 2494/3696/1976 2470/3670/1976
f 2470/3670/1975 2494/3696/1975 2493/3697/1975 2469/3671/1975
f 2471/3672/1978 2495/3698/1978 2497/3699/1978 2473/3673/1978
f 2473/3673/1977 2497/3699/1977 2496/3700/1977 2472/3674/1977
f 2474/3675/1980 2498/3701/1980 2500/3702/1980 2476/3676/1980
f 2476/3677/1979 2500/3703/1979 2499/3704/1979 2475/3678/1979
f 2502/3705/2013 2478/3679/2013 2479/3680/2013 2503/3706/2013
f 2503/3706/2014 2479/3680/2014 2477/3681/2014 2501/3707/2014
f 2480/3682/2012 2504/3708/2012 2506/3709/2012 2482/3683/2012
f 2482/3683/2011 2506/3709/2011 2505/3710/2011 2481/3684/2011
f 2483/3685/2010 2507/3711/2010 2509/3712/2010 2485/3686/2010
f 2485/3686/2009 2509/3712/2009 2508/3713/2009 2484/3687/2009
f 2486/3688/2008 2510/3714/2008 2512/3715/2008 2488/3689/2008
f 2488/3690/2007 2512/3716/2007 2511/3717/2007 2487/3691/2007
f 2489/3692/1973 2513/3718/1973 2515/3719/1973 2491/3693/1973
f 2491/3693/1974 2515/3719/1974 2514/3720/1974 2490/3694/1974
f 2492/3695/2020 2516/3721/2020 2518/3722/2020 2494/3696/2020
f 2494/3696/2019 2518/3722/2019 2517/3723/2019 2493/3697/2019
f 2495/3698/2018 2519/3724/2018 2521/3725/2018 2497/3699/2018
f 2497/3699/2017 2521/3725/2017 2520/3726/2017 2496/3700/2017
f 2498/3701/2016 2522/3727/2016 2524/3728/2016 2500/3702/2016
f 2500/3703/2015 2524/3729/2015 2523/3730/2015 2499/3704/2015
f 2526/3731/2029 2502/3705/2029 2503/3706/2029 2527/3732/2029
f 2527/3732/2030 2503/3706/2030 2501/3707/2030 2525/3733/2030
f 2504/3708/2028 2528/3734/2028 2530/3735/2028 2506/3709/2028
f 2506/3709/2027 2530/3735/2027 2529/3736/2027 2505/3710/2027
f 2507/3711/2026 2531/3737/2026 2533/3738/2026 2509/3712/2026
f 2509/3712/2025 2533/3738/2025 2532/3739/2025 2508/3713/2025
f 2510/3714/2024 2534/3740/2024 2536/3741/2024 2512/3715/2024
f 2512/3716/2023 2536/3742/2023 2535/3743/2023 2511/3717/2023
f 2513/3718/2021 2537/3744/2021 2539/3745/2021 2515/3719/2021
f 2515/3719/2022 2539/3745/2022 2538/3746/2022 2514/3720/2022
f 2516/3721/2036 2540/3747/2036 2542/3748/2036 2518/3722/2036
f 2518/3722/2035 2542/3748/2035 2541/3749/2035 2517/3723/2035
f 2519/3724/2034 2543/3750/2034 2545/3751/2034 2521/3725/2034
f 2521/3725/2033 2545/3751/2033 2544/3752/2033 2520/3726/2033
f 2522/3727/2032 2546/3753/2032 2548/3754/2032 2524/3728/2032
f 2524/3729/2031 2548/3755/2031 2547/3756/2031 2523/3730/2031
f 2550/3757/2045 2526/3731/2045 2527/3732/2045 2551/3758/2045
f 2551/3758/2046 2527/3732/2046 2525/3733/2046 2549/3759/2046
f 2528/3734/2044 2552/3760/2044 2554/3761/2044 2530/3735/2044
f 2530/3735/2043 2554/3761/2043 2553/3762/2043 2529/3736/2043
f 2531/3737/2042 2555/3763/2042 2557/3764/2042 2533/3738/2042
f 2533/3738/2041 2557/3764/2041 2556/3765/2041 2532/3739/2041
f 2534/3740/2040 2558/3766/2040 2560/3767/2040 2536/3741/2040
f 2536/3742/2039 2560/3768/2039 2559/3769/2039 2535/3743/2039
f 2537/3744/2037 2561/3770/2037 2563/3771/2037 2539/3745/2037
f 2539/3745/2038 2563/3771/2038 2562/3772/2038 2538/3746/2038
f 2540/3747/2052 2564/3773/2052 2566/3774/2052 2542/3748/2052
f 2542/3748/2051 2566/3774/2051 2565/3775/2051 2541/3749/2051
f 2543/3750/2050 2567/3776/2050 2569/3777/2050 2545/3751/2050
f 2545/3751/2049 2569/3777/2049 2568/3778/2049 2544/3752/2049
f 2546/3753/2048 2570/3779/2048 2572/3780/2048 2548/3754/2048
f 2548/3755/2047 2572/3781/2047 2571/3782/2047 2547/3756/2047
f 2574/3783/2061 2550/3757/2061 2551/3758/2061 2575/3784/2061
f 2575/3784/2062 2551/3758/2062 2549/3759/2062 2573/3785/2062
f 2552/3760/2060 2576/3786/2060 2578/3787/2060 2554/3761/2060
f 2554/3761/2059 2578/3787/2059 2577/3788/2059 2553/3762/2059
f 2555/3763/2058 2579/3789/2058 2581/3790/2058 2557/3764/2058
f 2557/3764/2057 2581/3790/2057 2580/3791/2057 2556/3765/2057
f 2558/3766/2056 2582/3792/2056 2584/3793/2056 2560/3767/2056
f 2560/3768/2055 2584/3794/2055 2583/3795/2055 2559/3769/2055
f 2561/3770/2053 2585/3796/2053 2587/3797/2053 2563/3771/2053
f 2563/3771/2054 2587/3797/2054 2586/3798/2054 2562/3772/2054
f 2564/3773/2068 2588/3799/2068 2590/3800/2068 2566/3774/2068
f 2566/3774/2067 2590/3800/2067 2589/3801/2067 2565/3775/2067
f 2567/3776/2066 2591/3802/2066 2593/3803/2066 2569/3777/2066
f 2569/3777/2065 2593/3803/2065 2592/3804/2065 2568/3778/2065
f 2570/3779/2064 2594/3805/2064 2596/3806/2064 2572/3780/2064
f 2572/3781/2063 2596/3807/2063 2595/3808/2063 2571/3782/2063
f 2598/3809/2077 2574/3810/2077 2575/3811/2077 2599/3812/2077
f 2599/3813/2078 2575/3784/2078 2573/3785/2078 2597/3814/2078
f 2576/3786/2076 2600/3815/2076 2602/3816/2076 2578/3787/2076
f 2578/3787/2075 2602/3816/2075 2601/3817/2075 2577/3788/2075
f 2579/3789/2074 2603/3818/2074 2605/3819/2074 2581/3790/2074
f 2581/3790/2073 2605/3819/2073 2604/3820/2073 2580/3791/2073
f 2582/3821/2072 2606/3822/2072 2608/3823/2072 2584/3794/2072
f 2584/3794/2071 2608/3823/2071 2607/3824/2071 2583/3795/2071
f 2585/3796/2069 2609/3825/2069 2611/3826/2069 2587/3797/2069
f 2587/3827/2070 2611/3828/2070 2610/3829/2070 2586/3830/2070
f 2588/3799/2084 2612/3831/2084 2614/3832/2084 2590/3800/2084
f 2590/3800/2083 2614/3832/2083 2613/3833/2083 2589/3801/2083
f 2591/3802/2082 2615/3834/2082 2617/3835/2082 2593/3803/2082
f 2593/3803/2081 2617/3835/2081 2616/3836/2081 2592/3804/2081
f 2594/3837/2080 2618/3838/2080 2620/3839/2080 2596/3807/2080
f 2596/3807/2079 2620/3839/2079 2619/3840/2079 2595/3808/2079
f 2622/3841/2093 2598/3809/2093 2599/3812/2093 2623/3842/2093
f 2623/3842/2094 2599/3812/2094 2597/3843/2094 2621/3844/2094
f 2600/3815/2092 2624/3845/2092 2626/3846/2092 2602/3816/2092
f 2602/3847/2091 2626/3848/2091 2625/3849/2091 2601/3850/2091
f 2603/3818/2090 2627/3851/2090 2629/3852/2090 2605/3819/2090
f 2605/3819/2089 2629/3852/2089 2628/3853/2089 2604/3820/2089
f 2606/3822/2088 2630/3854/2088 2632/3855/2088 2608/3823/2088
f 2608/3823/2087 2632/3855/2087 2631/3856/2087 2607/3824/2087
f 2609/3857/2085 2633/3858/2085 2635/3859/2085 2611/3828/2085
f 2611/3828/2086 2635/3859/2086 2634/3860/2086 2610/3829/2086
f 2612/3831/2100 2636/3861/2100 2638/3862/2100 2614/3832/2100
f 2614/3863/2099 2638/3864/2099 2637/3865/2099 2613/3866/2099
f 2615/3834/2098 2639/3867/2098 2641/3868/2098 2617/3835/2098
f 2617/3835/2097 2641/3868/2097 2640/3869/2097 2616/3836/2097
f 2618/3838/2096 2642/3870/2096 2644/3871/2096 2620/3839/2096
f 2620/3839/2095 2644/3871/2095 2643/3872/2095 2619/3840/2095
f 2646/3873/2109 2622/3841/2109 2623/3842/2109 2647/3874/2109
f 2647/3874/2110 2623/3842/2110 2621/3844/2110 2645/3875/2110
f 2624/3845/2108 2648/3876/2108 2650/3877/2108 2626/3846/2108
f 2626/3848/2107 2650/3878/2107 2649/3879/2107 2625/3849/2107
f 2627/3851/2106 2651/3880/2106 2653/3881/2106 2629/3852/2106
f 2629/3852/2105 2653/3881/2105 2652/3882/2105 2628/3853/2105
f 2630/3854/2104 2654/3883/2104 2656/3884/2104 2632/3855/2104
f 2632/3855/2103 2656/3884/2103 2655/3885/2103 2631/3856/2103
f 2633/3858/2101 2657/3886/2101 2659/3887/2101 2635/3859/2101
f 2635/3859/2102 2659/3887/2102 2658/3888/2102 2634/3860/2102
f 2636/3861/2116 2660/3889/2116 2662/3890/2116 2638/3862/2116
f 2638/3864/2115 2662/3891/2115 2661/3892/2115 2637/3865/2115
f 2639/3867/2114 2663/3893/2114 2665/3894/2114 2641/3868/2114
f 2641/3868/2113 2665/3894/2113 2664/3895/2113 2640/3869/2113
f 2642/3870/2112 2666/3896/2112 2668/3897/2112 2644/3871/2112
f 2644/3871/2111 2668/3897/2111 2667/3898/2111 2643/3872/2111
f 2189/3433/2125 2646/3873/2125 2647/3874/2125 2191/3434/2125
f 2191/3434/2126 2647/3874/2126 2645/3875/2126 2190/3435/2126
f 2648/3876/2124 2262/3429/2124 2263/3430/2124 2650/3877/2124
f 2650/3878/2123 2263/3431/2123 2261/3432/2123 2649/3879/2123
f 2651/3880/2122 2259/3426/2122 2260/3427/2122 2653/3881/2122
f 2653/3881/2121 2260/3427/2121 2258/3428/2121 2652/3882/2121
f 2654/3883/2120 2256/3423/2120 2257/3424/2120 2656/3884/2120
f 2656/3884/2119 2257/3424/2119 2255/3425/2119 2655/3885/2119
f 2657/3886/2117 2253/3420/2117 2254/3421/2117 2659/3887/2117
f 2659/3887/2118 2254/3421/2118 2252/3422/2118 2658/3888/2118
f 2660/3889/2132 2250/3416/2132 2251/3417/2132 2662/3890/2132
f 2662/3891/2131 2251/3418/2131 2249/3419/2131 2661/3892/2131
f 2663/3893/2130 2247/3413/2130 2248/3414/2130 2665/3894/2130
f 2665/3894/2129 2248/3414/2129 2246/3415/2129 2664/3895/2129
f 2666/3896/2128 2244/3410/2128 2245/3411/2128 2668/3897/2128
f 2668/3897/2127 2245/3411/2127 2243/3412/2127 2667/3898/2127
f 2666/3896/2133 2646/3873/2133 2189/3433/2133 2244/3410/2133
f 2190/3435/2134 2261/3432/2134 2237/3406/2134 2241/3409/2134
f 2244/3410/2135 2189/3433/2135 2240/3407/2135 2220/3361/2135
f 2645/3875/2136 2649/3879/2136 2261/3432/2136 2190/3435/2136
f 2195/3362/2137 2216/3356/2137 2193/3355/2137 2282/3456/2137
f 2282/3456/2138 2193/3355/2138 2286/3459/2138 2306/3482/2138
f 2217/3359/2139 2214/3405/2139 2265/3439/2139 2192/3360/2139
f 2192/3360/2140 2265/3439/2140 2289/3465/2140 2285/3461/2140
f 2223/3367/2141 2219/3366/2141 2196/3365/2141 2198/3368/2141
f 2220/3361/2142 2240/3407/2142 2216/3356/2142 2195/3362/2142
f 2198/3368/2143 2196/3365/2143 2283/3458/2143 2279/3453/2143
f 2226/3373/2144 2222/3372/2144 2199/3371/2144 2201/3374/2144
f 2201/3374/2145 2199/3371/2145 2280/3455/2145 2276/3449/2145
f 2229/3381/2146 2225/3380/2146 2202/3379/2146 2204/3382/2146
f 2204/3382/2147 2202/3379/2147 2277/3452/2147 2273/3446/2147
f 2232/3387/2148 2228/3386/2148 2205/3385/2148 2207/3388/2148
f 2207/3388/2149 2205/3385/2149 2274/3448/2149 2270/3443/2149
f 2235/3393/2150 2231/3392/2150 2208/3391/2150 2210/3394/2150
f 2210/3394/2151 2208/3391/2151 2271/3445/2151 2267/3440/2151
f 2238/3399/2152 2234/3398/2152 2211/3397/2152 2213/3400/2152
f 2213/3400/2153 2211/3397/2153 2268/3442/2153 2264/3436/2153
f 2241/3409/2154 2237/3406/2154 2214/3405/2154 2217/3359/2154
f 2247/3413/2155 2243/3412/2155 2219/3366/2155 2223/3367/2155
f 2250/3416/2156 2246/3415/2156 2222/3372/2156 2226/3373/2156
f 2253/3420/2157 2249/3419/2157 2225/3380/2157 2229/3381/2157
f 2256/3423/2158 2252/3422/2158 2228/3386/2158 2232/3387/2158
f 2259/3426/2159 2255/3425/2159 2231/3392/2159 2235/3393/2159
f 2262/3429/2160 2258/3428/2160 2234/3398/2160 2238/3399/2160
f 2663/3893/2161 2667/3898/2161 2243/3412/2161 2247/3413/2161
f 2660/3889/2162 2664/3895/2162 2246/3415/2162 2250/3416/2162
f 2657/3886/2163 2661/3892/2163 2249/3419/2163 2253/3420/2163
f 2654/3883/2164 2658/3888/2164 2252/3422/2164 2256/3423/2164
f 2651/3880/2165 2655/3885/2165 2255/3425/2165 2259/3426/2165
f 2648/3876/2166 2652/3882/2166 2258/3428/2166 2262/3429/2166
f 2264/3436/2167 2268/3442/2167 2292/3468/2167 2288/3462/2167
f 2267/3440/2168 2271/3445/2168 2295/3471/2168 2291/3466/2168
f 2270/3443/2169 2274/3448/2169 2298/3474/2169 2294/3469/2169
f 2273/3446/2170 2277/3452/2170 2301/3478/2170 2297/3472/2170
f 2276/3449/2171 2280/3455/2171 2304/3481/2171 2300/3475/2171
f 2279/3453/2172 2283/3458/2172 2307/3484/2172 2303/3479/2172
f 2306/3482/2173 2286/3459/2173 2310/3485/2173 2330/3508/2173
f 2285/3461/2174 2289/3465/2174 2313/3491/2174 2309/3487/2174
f 2288/3462/2175 2292/3468/2175 2316/3494/2175 2312/3488/2175
f 2291/3466/2176 2295/3471/2176 2319/3497/2176 2315/3492/2176
f 2294/3469/2177 2298/3474/2177 2322/3500/2177 2318/3495/2177
f 2297/3472/2178 2301/3478/2178 2325/3504/2178 2321/3498/2178
f 2300/3475/2179 2304/3481/2179 2328/3507/2179 2324/3501/2179
f 2303/3479/2180 2307/3484/2180 2331/3510/2180 2327/3505/2180
f 2330/3508/2181 2310/3485/2181 2334/3511/2181 2354/3534/2181
f 2309/3487/2182 2313/3491/2182 2337/3517/2182 2333/3513/2182
f 2312/3488/2183 2316/3494/2183 2340/3520/2183 2336/3514/2183
f 2315/3492/2184 2319/3497/2184 2343/3523/2184 2339/3518/2184
f 2318/3495/2185 2322/3500/2185 2346/3526/2185 2342/3521/2185
f 2321/3498/2186 2325/3504/2186 2349/3530/2186 2345/3524/2186
f 2324/3501/2187 2328/3507/2187 2352/3533/2187 2348/3527/2187
f 2327/3505/2188 2331/3510/2188 2355/3536/2188 2351/3531/2188
f 2354/3534/2189 2334/3511/2189 2358/3537/2189 2378/3566/2189
f 2333/3541/2190 2337/3546/2190 2361/3545/2190 2357/3542/2190
f 2336/3514/2191 2340/3520/2191 2364/3549/2191 2360/3543/2191
f 2339/3518/2192 2343/3523/2192 2367/3552/2192 2363/3547/2192
f 2342/3521/2193 2346/3526/2193 2370/3558/2193 2366/3550/2193
f 2345/3553/2194 2349/3562/2194 2373/3561/2194 2369/3554/2194
f 2348/3527/2195 2352/3533/2195 2376/3565/2195 2372/3559/2195
f 2351/3531/2196 2355/3536/2196 2379/3568/2196 2375/3563/2196
f 2378/3595/2197 2358/3570/2197 2382/3569/2197 2402/3596/2197
f 2357/3542/2198 2361/3545/2198 2385/3575/2198 2381/3572/2198
f 2360/3543/2199 2364/3549/2199 2388/3578/2199 2384/3573/2199
f 2363/3547/2200 2367/3552/2200 2391/3584/2200 2387/3576/2200
f 2366/3579/2201 2370/3588/2201 2394/3587/2201 2390/3580/2201
f 2369/3554/2202 2373/3561/2202 2397/3591/2202 2393/3585/2202
f 2372/3559/2203 2376/3565/2203 2400/3594/2203 2396/3589/2203
f 2375/3563/2204 2379/3568/2204 2403/3600/2204 2399/3592/2204
f 2402/3596/2205 2382/3569/2205 2406/3601/2205 2426/3623/2205
f 2381/3572/2206 2385/3575/2206 2409/3606/2206 2405/3603/2206
f 2384/3573/2207 2388/3578/2207 2412/3609/2207 2408/3604/2207
f 2387/3576/2208 2391/3584/2208 2415/3613/2208 2411/3607/2208
f 2390/3580/2209 2394/3587/2209 2418/3616/2209 2414/3610/2209
f 2393/3585/2210 2397/3591/2210 2421/3619/2210 2417/3614/2210
f 2396/3589/2211 2400/3594/2211 2424/3622/2211 2420/3617/2211
f 2399/3592/2212 2403/3600/2212 2427/3626/2212 2423/3620/2212
f 2426/3623/2163 2406/3601/2163 2430/3627/2163 2450/3649/2163
f 2405/3603/2164 2409/3606/2164 2433/3632/2164 2429/3629/2164
f 2408/3604/2165 2412/3609/2165 2436/3635/2165 2432/3630/2165
f 2411/3607/2166 2415/3613/2166 2439/3639/2166 2435/3633/2166
f 2414/3610/2136 2418/3616/2136 2442/3642/2136 2438/3636/2136
f 2417/3614/2133 2421/3619/2133 2445/3645/2133 2441/3640/2133
f 2420/3617/2161 2424/3622/2161 2448/3648/2161 2444/3643/2161
f 2423/3620/2162 2427/3626/2162 2451/3652/2162 2447/3646/2162
f 2450/3649/2157 2430/3627/2157 2454/3653/2157 2474/3675/2157
f 2429/3629/2158 2433/3632/2158 2457/3658/2158 2453/3655/2158
f 2432/3630/2159 2436/3635/2159 2460/3661/2159 2456/3656/2159
f 2435/3633/2160 2439/3639/2160 2463/3665/2160 2459/3659/2160
f 2438/3636/2134 2442/3642/2134 2466/3668/2134 2462/3662/2134
f 2441/3640/2135 2445/3645/2135 2469/3671/2135 2465/3666/2135
f 2444/3643/2155 2448/3648/2155 2472/3674/2155 2468/3669/2155
f 2447/3646/2156 2451/3652/2156 2475/3678/2156 2471/3672/2156
f 2474/3675/2146 2454/3653/2146 2478/3679/2146 2498/3701/2146
f 2453/3655/2148 2457/3658/2148 2481/3684/2148 2477/3681/2148
f 2456/3656/2150 2460/3661/2150 2484/3687/2150 2480/3682/2150
f 2459/3659/2152 2463/3665/2152 2487/3691/2152 2483/3685/2152
f 2462/3662/2154 2466/3668/2154 2490/3694/2154 2486/3688/2154
f 2465/3666/2142 2469/3671/2142 2493/3697/2142 2489/3692/2142
f 2468/3669/2141 2472/3674/2141 2496/3700/2141 2492/3695/2141
f 2471/3672/2144 2475/3678/2144 2499/3704/2144 2495/3698/2144
f 2498/3701/2147 2478/3679/2147 2502/3705/2147 2522/3727/2147
f 2477/3681/2149 2481/3684/2149 2505/3710/2149 2501/3707/2149
f 2480/3682/2151 2484/3687/2151 2508/3713/2151 2504/3708/2151
f 2483/3685/2153 2487/3691/2153 2511/3717/2153 2507/3711/2153
f 2486/3688/2139 2490/3694/2139 2514/3720/2139 2510/3714/2139
f 2489/3692/2137 2493/3697/2137 2517/3723/2137 2513/3718/2137
f 2492/3695/2143 2496/3700/2143 2520/3726/2143 2516/3721/2143
f 2495/3698/2145 2499/3704/2145 2523/3730/2145 2519/3724/2145
f 2522/3727/2170 2502/3705/2170 2526/3731/2170 2546/3753/2170
f 2501/3707/2169 2505/3710/2169 2529/3736/2169 2525/3733/2169
f 2504/3708/2168 2508/3713/2168 2532/3739/2168 2528/3734/2168
f 2507/3711/2167 2511/3717/2167 2535/3743/2167 2531/3737/2167
f 2510/3714/2140 2514/3720/2140 2538/3746/2140 2534/3740/2140
f 2513/3718/2138 2517/3723/2138 2541/3749/2138 2537/3744/2138
f 2516/3721/2172 2520/3726/2172 2544/3752/2172 2540/3747/2172
f 2519/3724/2171 2523/3730/2171 2547/3756/2171 2543/3750/2171
f 2546/3753/2213 2526/3731/2213 2550/3757/2213 2570/3779/2213
f 2525/3733/2214 2529/3736/2214 2553/3762/2214 2549/3759/2214
f 2528/3734/2176 2532/3739/2176 2556/3765/2176 2552/3760/2176
f 2531/3737/2175 2535/3743/2175 2559/3769/2175 2555/3763/2175
f 2534/3740/2215 2538/3746/2215 2562/3772/2215 2558/3766/2215
f 2537/3744/2216 2541/3749/2216 2565/3775/2216 2561/3770/2216
f 2540/3747/2180 2544/3752/2180 2568/3778/2180 2564/3773/2180
f 2543/3750/2179 2547/3756/2179 2571/3782/2179 2567/3776/2179
f 2570/3779/2217 2550/3757/2217 2574/3783/2217 2594/3805/2217
f 2549/3759/2218 2553/3762/2218 2577/3788/2218 2573/3785/2218
f 2552/3760/2184 2556/3765/2184 2580/3791/2184 2576/3786/2184
f 2555/3763/2183 2559/3769/2183 2583/3795/2183 2579/3789/2183
f 2558/3766/2219 2562/3772/2219 2586/3798/2219 2582/3792/2219
f 2561/3770/2220 2565/3775/2220 2589/3801/2220 2585/3796/2220
f 2564/3773/2188 2568/3778/2188 2592/3804/2188 2588/3799/2188
f 2567/3776/2187 2571/3782/2187 2595/3808/2187 2591/3802/2187
f 2594/3837/2194 2574/3810/2194 2598/3809/2194 2618/3838/2194
f 2573/3785/2193 2577/3788/2193 2601/3817/2193 2597/3814/2193
f 2576/3786/2192 2580/3791/2192 2604/3820/2192 2600/3815/2192
f 2579/3789/2191 2583/3795/2191 2607/3824/2191 2603/3818/2191
f 2582/3821/2190 2586/3830/2190 2610/3829/2190 2606/3822/2190
f 2585/3796/2189 2589/3801/2189 2613/3833/2189 2609/3825/2189
f 2588/3799/2196 2592/3804/2196 2616/3836/2196 2612/3831/2196
f 2591/3802/2195 2595/3808/2195 2619/3840/2195 2615/3834/2195
f 2618/3838/2202 2598/3809/2202 2622/3841/2202 2642/3870/2202
f 2597/3843/2201 2601/3850/2201 2625/3849/2201 2621/3844/2201
f 2600/3815/2200 2604/3820/2200 2628/3853/2200 2624/3845/2200
f 2603/3818/2199 2607/3824/2199 2631/3856/2199 2627/3851/2199
f 2606/3822/2198 2610/3829/2198 2634/3860/2198 2630/3854/2198
f 2609/3857/2197 2613/3866/2197 2637/3865/2197 2633/3858/2197
f 2612/3831/2204 2616/3836/2204 2640/3869/2204 2636/3861/2204
f 2615/3834/2203 2619/3840/2203 2643/3872/2203 2639/3867/2203
f 2642/3870/2221 2622/3841/2221 2646/3873/2221 2666/3896/2221
f 2621/3844/2222 2625/3849/2222 2649/3879/2222 2645/3875/2222
f 2624/3845/2208 2628/3853/2208 2652/3882/2208 2648/3876/2208
f 2627/3851/2207 2631/3856/2207 2655/3885/2207 2651/3880/2207
f 2630/3854/2223 2634/3860/2223 2658/3888/2223 2654/3883/2223
f 2633/3858/2224 2637/3865/2224 2661/3892/2224 2657/3886/2224
f 2636/3861/2212 2640/3869/2212 2664/3895/2212 2660/3889/2212
f 2639/3867/2211 2643/3872/2211 2667/3898/2211 2663/3893/2211
o AK_loop_sling_rear_visual
v -0.470000 -0.053071 0.000370
v -0.470000 -0.053071 -0.000370
v -0.470000 -0.053135 0.000000
v -0.459202 -0.047570 -0.000370
v -0.459202 -0.047570 0.000370
v -0.459151 -0.047607 0.000000
v -0.462233 -0.050415 0.000690
v -0.462543 -0.049989 0.001215
v -0.462361 -0.050239 0.000998
v -0.462727 -0.049735 0.001345
v -0.463166 -0.049131 0.001345
v -0.462947 -0.049433 0.001409
v -0.463351 -0.048877 0.001215
v -0.463660 -0.048451 0.000690
v -0.463532 -0.048627 0.000998
v -0.463738 -0.048343 0.000370
v -0.463738 -0.048343 -0.000370
v -0.463775 -0.048292 0.000000
v -0.463660 -0.048451 -0.000690
v -0.463351 -0.048877 -0.001215
v -0.463532 -0.048627 -0.000998
v -0.463166 -0.049131 -0.001345
v -0.462727 -0.049735 -0.001345
v -0.462947 -0.049433 -0.001409
v -0.462543 -0.049989 -0.001215
v -0.462233 -0.050415 -0.000690
v -0.462361 -0.050239 -0.000998
v -0.462155 -0.050522 0.000370
v -0.462155 -0.050522 -0.000370
v -0.462118 -0.050574 0.000000
v -0.466079 -0.051791 0.001215
v -0.465917 -0.052292 0.000690
v -0.465984 -0.052085 0.000998
v -0.466407 -0.050782 0.001345
v -0.466176 -0.051493 0.001345
v -0.466292 -0.051137 0.001409
v -0.466667 -0.049983 0.000690
v -0.466504 -0.050484 0.001215
v -0.466600 -0.050190 0.000998
v -0.466708 -0.049857 -0.000370
v -0.466708 -0.049857 0.000370
v -0.466728 -0.049796 0.000000
v -0.466504 -0.050484 -0.001215
v -0.466667 -0.049983 -0.000690
v -0.466600 -0.050190 -0.000998
v -0.466176 -0.051493 -0.001345
v -0.466407 -0.050782 -0.001345
v -0.466292 -0.051137 -0.001409
v -0.465917 -0.052292 -0.000690
v -0.466079 -0.051791 -0.001215
v -0.465984 -0.052085 -0.000998
v -0.465876 -0.052418 0.000370
v -0.465876 -0.052418 -0.000370
v -0.465856 -0.052479 0.000000
v -0.470000 -0.052412 0.001215
v -0.470000 -0.052939 0.000690
v -0.470000 -0.052721 0.000998
v -0.470000 -0.051351 0.001345
v -0.470000 -0.052098 0.001345
v -0.470000 -0.051725 0.001409
v -0.470000 -0.050511 0.000690
v -0.470000 -0.051037 0.001215
v -0.470000 -0.050728 0.000998
v -0.470000 -0.050378 -0.000370
v -0.470000 -0.050378 0.000370
v -0.470000 -0.050315 0.000000
v -0.470000 -0.051037 -0.001215
v -0.470000 -0.050511 -0.000690
v -0.470000 -0.050728 -0.000998
v -0.470000 -0.052098 -0.001345
v -0.470000 -0.051351 -0.001345
v -0.470000 -0.051725 -0.001409
v -0.470000 -0.052939 -0.000690
v -0.470000 -0.052412 -0.001215
v -0.470000 -0.052721 -0.000998
v -0.459736 -0.047182 -0.001215
v -0.459310 -0.047492 -0.000690
v -0.459486 -0.047364 -0.000998
v -0.460594 -0.046559 -0.001345
v -0.459990 -0.046998 -0.001345
v -0.460292 -0.046778 -0.001409
v -0.461274 -0.046065 -0.000690
v -0.460848 -0.046374 -0.001215
v -0.461098 -0.046193 -0.000998
v -0.461381 -0.045987 0.000370
v -0.461381 -0.045987 -0.000370
v -0.461433 -0.045949 0.000000
v -0.460848 -0.046374 0.001215
v -0.461274 -0.046065 0.000690
v -0.461098 -0.046193 0.000998
v -0.459990 -0.046998 0.001345
v -0.460594 -0.046559 0.001345
v -0.460292 -0.046778 0.001409
v -0.459310 -0.047492 0.000690
v -0.459736 -0.047182 0.001215
v -0.459486 -0.047364 0.000998
v -0.457307 -0.043849 -0.000370
v -0.457307 -0.043849 0.000370
v -0.457246 -0.043869 0.000000
v -0.457934 -0.043645 -0.001215
v -0.457433 -0.043808 -0.000690
v -0.457640 -0.043741 -0.000998
v -0.458943 -0.043317 -0.001345
v -0.458232 -0.043548 -0.001345
v -0.458587 -0.043433 -0.001409
v -0.459742 -0.043058 -0.000690
v -0.459241 -0.043221 -0.001215
v -0.459535 -0.043125 -0.000998
v -0.459868 -0.043017 0.000370
v -0.459868 -0.043017 -0.000370
v -0.459928 -0.042997 0.000000
v -0.459241 -0.043221 0.001215
v -0.459742 -0.043058 0.000690
v -0.459535 -0.043125 0.000998
v -0.458232 -0.043548 0.001345
v -0.458943 -0.043317 0.001345
v -0.458587 -0.043433 0.001409
v -0.457433 -0.043808 0.000690
v -0.457934 -0.043645 0.001215
v -0.457640 -0.043741 0.000998
v -0.456653 -0.039725 -0.000370
v -0.456653 -0.039725 0.000370
v -0.456590 -0.039725 0.000000
v -0.457313 -0.039725 -0.001215
v -0.456786 -0.039725 -0.000690
v -0.457004 -0.039725 -0.000998
v -0.458373 -0.039725 -0.001345
v -0.457627 -0.039725 -0.001345
v -0.458000 -0.039725 -0.001409
v -0.459214 -0.039725 -0.000690
v -0.458687 -0.039725 -0.001215
v -0.458996 -0.039725 -0.000998
v -0.459347 -0.039725 0.000370
v -0.459347 -0.039725 -0.000370
v -0.459410 -0.039725 0.000000
v -0.458687 -0.039725 0.001215
v -0.459214 -0.039725 0.000690
v -0.458996 -0.039725 0.000998
v -0.457627 -0.039725 0.001345
v -0.458373 -0.039725 0.001345
v -0.458000 -0.039725 0.001409
v -0.456786 -0.039725 0.000690
v -0.457313 -0.039725 0.001215
v -0.457004 -0.039725 0.000998
v -0.457307 -0.035600 -0.000370
v -0.457307 -0.035600 0.000370
v -0.457246 -0.035581 0.000000
v -0.457934 -0.035804 -0.001215
v -0.457433 -0.035641 -0.000690
v -0.457640 -0.035709 -0.000998
v -0.458943 -0.036132 -0.001345
v -0.458232 -0.035901 -0.001345
v -0.458587 -0.036016 -0.001409
v -0.459742 -0.036392 -0.000690
v -0.459241 -0.036229 -0.001215
v -0.459535 -0.036324 -0.000998
v -0.459868 -0.036433 0.000370
v -0.459868 -0.036433 -0.000370
v -0.459928 -0.036452 0.000000
v -0.459241 -0.036229 0.001215
v -0.459742 -0.036392 0.000690
v -0.459535 -0.036324 0.000998
v -0.458232 -0.035901 0.001345
v -0.458943 -0.036132 0.001345
v -0.458587 -0.036016 0.001409
v -0.457433 -0.035641 0.000690
v -0.457934 -0.035804 0.001215
v -0.457640 -0.035709 0.000998
v -0.459202 -0.031880 -0.000370
v -0.459202 -0.031880 0.000370
v -0.459151 -0.031842 0.000000
v -0.459736 -0.032267 -0.001215
v -0.459310 -0.031958 -0.000690
v -0.459486 -0.032086 -0.000998
v -0.460594 -0.032891 -0.001345
v -0.459990 -0.032452 -0.001345
v -0.460292 -0.032671 -0.001409
v -0.461274 -0.033385 -0.000690
v -0.460848 -0.033075 -0.001215
v -0.461098 -0.033257 -0.000998
v -0.461381 -0.033463 0.000370
v -0.461381 -0.033463 -0.000370
v -0.461433 -0.033500 0.000000
v -0.460848 -0.033075 0.001215
v -0.461274 -0.033385 0.000690
v -0.461098 -0.033257 0.000998
v -0.459990 -0.032452 0.001345
v -0.460594 -0.032891 0.001345
v -0.460292 -0.032671 0.001409
v -0.459310 -0.031958 0.000690
v -0.459736 -0.032267 0.001215
v -0.459486 -0.032086 0.000998
v -0.462155 -0.028927 -0.000370
v -0.462155 -0.028927 0.000370
v -0.462118 -0.028876 0.000000
v -0.462543 -0.029461 -0.001215
v -0.462233 -0.029034 -0.000690
v -0.462361 -0.029211 -0.000998
v -0.463166 -0.030319 -0.001345
v -0.462727 -0.029714 -0.001345
v -0.462947 -0.030016 -0.001409
v -0.463660 -0.030999 -0.000690
v -0.463351 -0.030572 -0.001215
v -0.463532 -0.030822 -0.000998
v -0.463738 -0.031106 0.000370
v -0.463738 -0.031106 -0.000370
v -0.463775 -0.031157 0.000000
v -0.463351 -0.030572 0.001215
v -0.463660 -0.030999 0.000690
v -0.463532 -0.030822 0.000998
v -0.462727 -0.029714 0.001345
v -0.463166 -0.030319 0.001345
v -0.462947 -0.030016 0.001409
v -0.462233 -0.029034 0.000690
v -0.462543 -0.029461 0.001215
v -0.462361 -0.029211 0.000998
v -0.465876 -0.027031 -0.000370
v -0.465876 -0.027031 0.000370
v -0.465856 -0.026971 0.000000
v -0.466079 -0.027658 -0.001215
v -0.465917 -0.027157 -0.000690
v -0.465984 -0.027365 -0.000998
v -0.466407 -0.028667 -0.001345
v -0.466176 -0.027957 -0.001345
v -0.466292 -0.028312 -0.001409
v -0.466667 -0.029467 -0.000690
v -0.466504 -0.028966 -0.001215
v -0.466600 -0.029259 -0.000998
v -0.466708 -0.029593 0.000370
v -0.466708 -0.029593 -0.000370
v -0.466728 -0.029653 0.000000
v -0.466504 -0.028966 0.001215
v -0.466667 -0.029467 0.000690
v -0.466600 -0.029259 0.000998
v -0.466176 -0.027957 0.001345
v -0.466407 -0.028667 0.001345
v -0.466292 -0.028312 0.001409
v -0.465917 -0.027157 0.000690
v -0.466079 -0.027658 0.001215
v -0.465984 -0.027365 0.000998
v -0.470000 -0.026378 -0.000370
v -0.470000 -0.026378 0.000370
v -0.470000 -0.026315 0.000000
v -0.470000 -0.027037 -0.001215
v -0.470000 -0.026511 -0.000690
v -0.470000 -0.026728 -0.000998
v -0.470000 -0.028098 -0.001345
v -0.470000 -0.027351 -0.001345
v -0.470000 -0.027725 -0.001409
v -0.470000 -0.028939 -0.000690
v -0.470000 -0.028412 -0.001215
v -0.470000 -0.028721 -0.000998
v -0.470000 -0.029071 0.000370
v -0.470000 -0.029071 -0.000370
v -0.470000 -0.029135 0.000000
v -0.470000 -0.028412 0.001215
v -0.470000 -0.028939 0.000690
v -0.470000 -0.028721 0.000998
v -0.470000 -0.027351 0.001345
v -0.470000 -0.028098 0.001345
v -0.470000 -0.027725 0.001409
v -0.470000 -0.026511 0.000690
v -0.470000 -0.027037 0.001215
v -0.470000 -0.026728 0.000998
v -0.474124 -0.027031 -0.000370
v -0.474124 -0.027031 0.000370
v -0.474144 -0.026971 0.000000
v -0.473921 -0.027658 -0.001215
v -0.474083 -0.027157 -0.000690
v -0.474016 -0.027365 -0.000998
v -0.473593 -0.028667 -0.001345
v -0.473824 -0.027957 -0.001345
v -0.473708 -0.028312 -0.001409
v -0.473333 -0.029467 -0.000690
v -0.473496 -0.028966 -0.001215
v -0.473400 -0.029259 -0.000998
v -0.473292 -0.029593 0.000370
v -0.473292 -0.029593 -0.000370
v -0.473272 -0.029653 0.000000
v -0.473496 -0.028966 0.001215
v -0.473333 -0.029467 0.000690
v -0.473400 -0.029259 0.000998
v -0.473824 -0.027957 0.001345
v -0.473593 -0.028667 0.001345
v -0.473708 -0.028312 0.001409
v -0.474083 -0.027157 0.000690
v -0.473921 -0.027658 0.001215
v -0.474016 -0.027365 0.000998
v -0.477845 -0.028927 -0.000370
v -0.477845 -0.028927 0.000370
v -0.477882 -0.028876 0.000000
v -0.477457 -0.029461 -0.001215
v -0.477767 -0.029034 -0.000690
v -0.477639 -0.029211 -0.000998
v -0.476834 -0.030319 -0.001345
v -0.477273 -0.029714 -0.001345
v -0.477053 -0.030016 -0.001409
v -0.476340 -0.030999 -0.000690
v -0.476649 -0.030572 -0.001215
v -0.476468 -0.030822 -0.000998
v -0.476262 -0.031106 0.000370
v -0.476262 -0.031106 -0.000370
v -0.476225 -0.031157 0.000000
v -0.476649 -0.030572 0.001215
v -0.476340 -0.030999 0.000690
v -0.476468 -0.030822 0.000998
v -0.477273 -0.029714 0.001345
v -0.476834 -0.030319 0.001345
v -0.477053 -0.030016 0.001409
v -0.477767 -0.029034 0.000690
v -0.477457 -0.029461 0.001215
v -0.477639 -0.029211 0.000998
v -0.480798 -0.031880 -0.000370
v -0.480798 -0.031880 0.000370
v -0.480849 -0.031842 0.000000
v -0.480264 -0.032267 -0.001215
v -0.480690 -0.031958 -0.000690
v -0.480514 -0.032086 -0.000998
v -0.479406 -0.032891 -0.001345
v -0.480010 -0.032452 -0.001345
v -0.479708 -0.032671 -0.001409
v -0.478726 -0.033385 -0.000690
v -0.479152 -0.033075 -0.001215
v -0.478902 -0.033257 -0.000998
v -0.478619 -0.033463 0.000370
v -0.478619 -0.033463 -0.000370
v -0.478567 -0.033500 0.000000
v -0.479152 -0.033075 0.001215
v -0.478726 -0.033385 0.000690
v -0.478902 -0.033257 0.000998
v -0.480010 -0.032452 0.001345
v -0.479406 -0.032891 0.001345
v -0.479708 -0.032671 0.001409
v -0.480690 -0.031958 0.000690
v -0.480264 -0.032267 0.001215
v -0.480514 -0.032086 0.000998
v -0.482693 -0.035600 -0.000370
v -0.482693 -0.035600 0.000370
v -0.482754 -0.035581 0.000000
v -0.482066 -0.035804 -0.001215
v -0.482567 -0.035641 -0.000690
v -0.482360 -0.035709 -0.000998
v -0.481057 -0.036132 -0.001345
v -0.481768 -0.035901 -0.001345
v -0.481413 -0.036016 -0.001409
v -0.480258 -0.036392 -0.000690
v -0.480759 -0.036229 -0.001215
v -0.480465 -0.036324 -0.000998
v -0.480132 -0.036433 0.000370
v -0.480132 -0.036433 -0.000370
v -0.480072 -0.036452 0.000000
v -0.480759 -0.036229 0.001215
v -0.480258 -0.036392 0.000690
v -0.480465 -0.036324 0.000998
v -0.481768 -0.035901 0.001345
v -0.481057 -0.036132 0.001345
v -0.481413 -0.036016 0.001409
v -0.482567 -0.035641 0.000690
v -0.482066 -0.035804 0.001215
v -0.482360 -0.035709 0.000998
v -0.483347 -0.039725 -0.000370
v -0.483347 -0.039725 0.000370
v -0.483410 -0.039725 0.000000
v -0.482687 -0.039725 -0.001215
v -0.483214 -0.039725 -0.000690
v -0.482996 -0.039725 -0.000998
v -0.481627 -0.039725 -0.001345
v -0.482373 -0.039725 -0.001345
v -0.482000 -0.039725 -0.001409
v -0.480786 -0.039725 -0.000690
v -0.481313 -0.039725 -0.001215
v -0.481004 -0.039725 -0.000998
v -0.480653 -0.039725 0.000370
v -0.480653 -0.039725 -0.000370
v -0.480590 -0.039725 0.000000
v -0.481313 -0.039725 0.001215
v -0.480786 -0.039725 0.000690
v -0.481004 -0.039725 0.000998
v -0.482373 -0.039725 0.001345
v -0.481627 -0.039725 0.001345
v -0.482000 -0.039725 0.001409
v -0.483214 -0.039725 0.000690
v -0.482687 -0.039725 0.001215
v -0.482996 -0.039725 0.000998
v -0.482693 -0.043849 -0.000370
v -0.482693 -0.043849 0.000370
v -0.482754 -0.043869 0.000000
v -0.482066 -0.043645 -0.001215
v -0.482567 -0.043808 -0.000690
v -0.482360 -0.043741 -0.000998
v -0.481057 -0.043317 -0.001345
v -0.481768 -0.043548 -0.001345
v -0.481413 -0.043433 -0.001409
v -0.480258 -0.043058 -0.000690
v -0.480759 -0.043221 -0.001215
v -0.480465 -0.043125 -0.000998
v -0.480132 -0.043017 0.000370
v -0.480132 -0.043017 -0.000370
v -0.480072 -0.042997 0.000000
v -0.480759 -0.043221 0.001215
v -0.480258 -0.043058 0.000690
v -0.480465 -0.043125 0.000998
v -0.481768 -0.043548 0.001345
v -0.481057 -0.043317 0.001345
v -0.481413 -0.043433 0.001409
v -0.482567 -0.043808 0.000690
v -0.482066 -0.043645 0.001215
v -0.482360 -0.043741 0.000998
v -0.480798 -0.047570 -0.000370
v -0.480798 -0.047570 0.000370
v -0.480849 -0.047607 0.000000
v -0.480264 -0.047182 -0.001215
v -0.480690 -0.047492 -0.000690
v -0.480514 -0.047364 -0.000998
v -0.479406 -0.046559 -0.001345
v -0.480010 -0.046998 -0.001345
v -0.479708 -0.046778 -0.001409
v -0.478726 -0.046065 -0.000690
v -0.479152 -0.046374 -0.001215
v -0.478902 -0.046193 -0.000998
v -0.478619 -0.045987 0.000370
v -0.478619 -0.045987 -0.000370
v -0.478567 -0.045949 0.000000
v -0.479152 -0.046374 0.001215
v -0.478726 -0.046065 0.000690
v -0.478902 -0.046193 0.000998
v -0.480010 -0.046998 0.001345
v -0.479406 -0.046559 0.001345
v -0.479708 -0.046778 0.001409
v -0.480690 -0.047492 0.000690
v -0.480264 -0.047182 0.001215
v -0.480514 -0.047364 0.000998
v -0.477845 -0.050522 -0.000370
v -0.477845 -0.050522 0.000370
v -0.477882 -0.050574 0.000000
v -0.477457 -0.049989 -0.001215
v -0.477767 -0.050415 -0.000690
v -0.477639 -0.050239 -0.000998
v -0.476834 -0.049131 -0.001345
v -0.477273 -0.049735 -0.001345
v -0.477053 -0.049433 -0.001409
v -0.476340 -0.048451 -0.000690
v -0.476649 -0.048877 -0.001215
v -0.476468 -0.048627 -0.000998
v -0.476262 -0.048343 0.000370
v -0.476262 -0.048343 -0.000370
v -0.476225 -0.048292 0.000000
v -0.476649 -0.048877 0.001215
v -0.476340 -0.048451 0.000690
v -0.476468 -0.048627 0.000998
v -0.477273 -0.049735 0.001345
v -0.476834 -0.049131 0.001345
v -0.477053 -0.049433 0.001409
v -0.477767 -0.050415 0.000690
v -0.477457 -0.049989 0.001215
v -0.477639 -0.050239 0.000998
v -0.474124 -0.052418 -0.000370
v -0.474124 -0.052418 0.000370
v -0.474144 -0.052479 0.000000
v -0.473921 -0.051791 -0.001215
v -0.474083 -0.052292 -0.000690
v -0.474016 -0.052085 -0.000998
v -0.473593 -0.050782 -0.001345
v -0.473824 -0.051493 -0.001345
v -0.473708 -0.051137 -0.001409
v -0.473333 -0.049983 -0.000690
v -0.473496 -0.050484 -0.001215
v -0.473400 -0.050190 -0.000998
v -0.473292 -0.049857 0.000370
v -0.473292 -0.049857 -0.000370
v -0.473272 -0.049796 0.000000
v -0.473496 -0.050484 0.001215
v -0.473333 -0.049983 0.000690
v -0.473400 -0.050190 0.000998
v -0.473824 -0.051493 0.001345
v -0.473593 -0.050782 0.001345
v -0.473708 -0.051137 0.001409
v -0.474083 -0.052292 0.000690
v -0.473921 -0.051791 0.001215
v -0.474016 -0.052085 0.000998
vn 0.6972 -0.6972 0.1671
vn 0.6972 -0.6972 -0.1671
vn 0.3718 -0.7297 0.5738
vn 0.2637 -0.5176 0.8140
vn 0.0777 -0.1525 0.9852
vn -0.0777 0.1525 0.9852
vn -0.2637 0.5176 0.8140
vn -0.3718 0.7297 0.5738
vn -0.4476 0.8785 0.1671
vn -0.4476 0.8785 -0.1671
vn -0.3718 0.7297 -0.5738
vn -0.2637 0.5176 -0.8140
vn -0.0777 0.1525 -0.9852
vn 0.0777 -0.1525 -0.9852
vn 0.2637 -0.5176 -0.8140
vn 0.3718 -0.7297 -0.5738
vn 0.4476 -0.8785 0.1671
vn 0.4476 -0.8785 -0.1671
vn 0.1281 -0.8089 0.5738
vn 0.0909 -0.5738 0.8140
vn 0.0268 -0.1690 0.9852
vn -0.0268 0.1690 0.9852
vn -0.0909 0.5738 0.8140
vn -0.1281 0.8089 0.5738
vn -0.1542 0.9738 0.1671
vn -0.1542 0.9738 -0.1671
vn -0.1281 0.8089 -0.5738
vn -0.0909 0.5738 -0.8140
vn -0.0268 0.1690 -0.9852
vn 0.0268 -0.1690 -0.9852
vn 0.0909 -0.5738 -0.8140
vn 0.1281 -0.8089 -0.5738
vn 0.1542 -0.9738 0.1671
vn 0.1542 -0.9738 -0.1671
vn 0.4108 -0.4108 -0.8140
vn 0.5791 -0.5791 -0.5738
vn -0.1210 0.1210 -0.9852
vn 0.1210 -0.1210 -0.9852
vn -0.5791 0.5791 -0.5738
vn -0.4108 0.4108 -0.8140
vn -0.6972 0.6972 0.1671
vn -0.6972 0.6972 -0.1671
vn -0.4108 0.4108 0.8140
vn -0.5791 0.5791 0.5738
vn 0.1210 -0.1210 0.9852
vn -0.1210 0.1210 0.9852
vn 0.5791 -0.5791 0.5738
vn 0.4108 -0.4108 0.8140
vn 0.8785 -0.4476 0.1671
vn 0.8785 -0.4476 -0.1671
vn 0.5176 -0.2637 -0.8140
vn 0.7297 -0.3718 -0.5738
vn -0.1525 0.0777 -0.9852
vn 0.1525 -0.0777 -0.9852
vn -0.7297 0.3718 -0.5738
vn -0.5176 0.2637 -0.8140
vn -0.8785 0.4476 0.1671
vn -0.8785 0.4476 -0.1671
vn -0.5176 0.2637 0.8140
vn -0.7297 0.3718 0.5738
vn 0.1525 -0.0777 0.9852
vn -0.1525 0.0777 0.9852
vn 0.7297 -0.3718 0.5738
vn 0.5176 -0.2637 0.8140
vn 0.9738 -0.1542 0.1671
vn 0.9738 -0.1542 -0.1671
vn 0.5738 -0.0909 -0.8140
vn 0.8089 -0.1281 -0.5738
vn -0.1690 0.0268 -0.9852
vn 0.1690 -0.0268 -0.9852
vn -0.8089 0.1281 -0.5738
vn -0.5738 0.0909 -0.8140
vn -0.9738 0.1542 0.1671
vn -0.9738 0.1542 -0.1671
vn -0.5738 0.0909 0.8140
vn -0.8089 0.1281 0.5738
vn 0.1690 -0.0268 0.9852
vn -0.1690 0.0268 0.9852
vn 0.8089 -0.1281 0.5738
vn 0.5738 -0.0909 0.8140
vn 0.9738 0.1542 0.1671
vn 0.9738 0.1542 -0.1671
vn 0.5738 0.0909 -0.8140
vn 0.8089 0.1281 -0.5738
vn -0.1690 -0.0268 -0.9852
vn 0.1690 0.0268 -0.9852
vn -0.8089 -0.1281 -0.5738
vn -0.5738 -0.0909 -0.8140
vn -0.9738 -0.1542 0.1671
vn -0.9738 -0.1542 -0.1671
vn -0.5738 -0.0909 0.8140
vn -0.8089 -0.1281 0.5738
vn 0.1690 0.0268 0.9852
vn -0.1690 -0.0268 0.9852
vn 0.8089 0.1281 0.5738
vn 0.5738 0.0909 0.8140
vn 0.8785 0.4476 0.1671
vn 0.8785 0.4476 -0.1671
vn 0.5176 0.2637 -0.8140
vn 0.7297 0.3718 -0.5738
vn -0.1525 -0.0777 -0.9852
vn 0.1525 0.0777 -0.9852
vn -0.7297 -0.3718 -0.5738
vn -0.5176 -0.2637 -0.8140
vn -0.8785 -0.4476 0.1671
vn -0.8785 -0.4476 -0.1671
vn -0.5176 -0.2637 0.8140
vn -0.7297 -0.3718 0.5738
vn 0.1525 0.0777 0.9852
vn -0.1525 -0.0777 0.9852
vn 0.7297 0.3718 0.5738
vn 0.5176 0.2637 0.8140
vn 0.6972 0.6972 0.1671
vn 0.6972 0.6972 -0.1671
vn 0.4108 0.4108 -0.8140
vn 0.5791 0.5791 -0.5738
vn -0.1210 -0.1210 -0.9852
vn 0.1210 0.1210 -0.9852
vn -0.5791 -0.5791 -0.5738
vn -0.4108 -0.4108 -0.8140
vn -0.6972 -0.6972 0.1671
vn -0.6972 -0.6972 -0.1671
vn -0.4108 -0.4108 0.8140
vn -0.5791 -0.5791 0.5738
vn 0.1210 0.1210 0.9852
vn -0.1210 -0.1210 0.9852
vn 0.5791 0.5791 0.5738
vn 0.4108 0.4108 0.8140
vn 0.4476 0.8785 0.1671
vn 0.4476 0.8785 -0.1671
vn 0.2637 0.5176 -0.8140
vn 0.3718 0.7297 -0.5738
vn -0.0777 -0.1525 -0.9852
vn 0.0777 0.1525 -0.9852
vn -0.3718 -0.7297 -0.5738
vn -0.2637 -0.5176 -0.8140
vn -0.4476 -0.8785 0.1671
vn -0.4476 -0.8785 -0.1671
vn -0.2637 -0.5176 0.8140
vn -0.3718 -0.7297 0.5738
vn 0.0777 0.1525 0.9852
vn -0.0777 -0.1525 0.9852
vn 0.3718 0.7297 0.5738
vn 0.2637 0.5176 0.8140
vn 0.1542 0.9738 0.1671
vn 0.1542 0.9738 -0.1671
vn 0.0909 0.5738 -0.8140
vn 0.1281 0.8089 -0.5738
vn -0.0268 -0.1690 -0.9852
vn 0.0268 0.1690 -0.9852
vn -0.1281 -0.8089 -0.5738
vn -0.0909 -0.5738 -0.8140
vn -0.1542 -0.9738 0.1671
vn -0.1542 -0.9738 -0.1671
vn -0.0909 -0.5738 0.8140
vn -0.1281 -0.8089 0.5738
vn 0.0268 0.1690 0.9852
vn -0.0268 -0.1690 0.9852
vn 0.1281 0.8089 0.5738
vn 0.0909 0.5738 0.8140
vn -0.1448 -0.9141 0.3787
vn 0.1448 -0.9141 -0.3787
vn 0.1448 -0.9141 0.3787
vn -0.1448 -0.9141 -0.3787
vn 0.6545 -0.6545 0.3786
vn 0.8247 -0.4202 0.3787
vn 0.6545 -0.6545 -0.3786
vn 0.8247 -0.4202 -0.3787
vn 0.1756 -0.3446 0.9222
vn 0.4202 -0.8247 0.3787
vn 0.2735 -0.2735 0.9222
vn -0.1756 0.3446 0.9222
vn -0.2735 0.2735 0.9222
vn -0.4202 0.8247 0.3787
vn -0.6545 0.6545 0.3787
vn -0.4202 0.8247 -0.3787
vn -0.6545 0.6545 -0.3787
vn -0.1756 0.3446 -0.9222
vn -0.2735 0.2735 -0.9222
vn 0.1756 -0.3446 -0.9222
vn 0.2735 -0.2735 -0.9222
vn 0.4202 -0.8247 -0.3787
vn 0.0605 -0.3820 0.9222
vn -0.0605 0.3820 0.9222
vn -0.1448 0.9141 0.3786
vn -0.1448 0.9141 -0.3786
vn -0.0605 0.3820 -0.9222
vn 0.0605 -0.3820 -0.9222
vn -0.0605 -0.3820 0.9222
vn 0.0605 0.3820 0.9222
vn 0.1448 0.9141 0.3786
vn 0.1448 0.9141 -0.3786
vn 0.0605 0.3820 -0.9222
vn -0.0605 -0.3820 -0.9222
vn 0.3446 -0.1756 -0.9222
vn -0.3446 0.1756 -0.9222
vn -0.8247 0.4202 -0.3786
vn -0.8247 0.4202 0.3786
vn -0.3446 0.1756 0.9222
vn 0.3446 -0.1756 0.9222
vn 0.9141 -0.1448 0.3787
vn 0.9141 -0.1448 -0.3787
vn 0.3820 -0.0605 -0.9222
vn -0.3820 0.0605 -0.9222
vn -0.9141 0.1448 -0.3787
vn -0.9141 0.1448 0.3787
vn -0.3820 0.0605 0.9222
vn 0.3820 -0.0605 0.9222
vn 0.9141 0.1448 0.3787
vn 0.9141 0.1448 -0.3787
vn 0.3820 0.0605 -0.9222
vn -0.3820 -0.0605 -0.9222
vn -0.9141 -0.1448 -0.3787
vn -0.9141 -0.1448 0.3787
vn -0.3820 -0.0605 0.9222
vn 0.3820 0.0605 0.9222
vn 0.8247 0.4202 0.3787
vn 0.8247 0.4202 -0.3787
vn 0.3446 0.1756 -0.9222
vn -0.3446 -0.1756 -0.9222
vn -0.8247 -0.4202 -0.3787
vn -0.8247 -0.4202 0.3787
vn -0.3446 -0.1756 0.9222
vn 0.3446 0.1756 0.9222
vn 0.6545 0.6545 0.3787
vn 0.6545 0.6545 -0.3787
vn 0.2735 0.2735 -0.9222
vn -0.2735 -0.2735 -0.9222
vn -0.6545 -0.6545 -0.3787
vn -0.6545 -0.6545 0.3787
vn -0.2735 -0.2735 0.9222
vn 0.2735 0.2735 0.9222
vn 0.4202 0.8247 0.3787
vn 0.4202 0.8247 -0.3787
vn 0.1756 0.3446 -0.9222
vn -0.1756 -0.3446 -0.9222
vn -0.4202 -0.8247 -0.3787
vn -0.4202 -0.8247 0.3787
vn -0.1756 -0.3446 0.9222
vn 0.1756 0.3446 0.9222
vn 0.1448 0.9141 0.3787
vn 0.1448 0.9141 -0.3787
vn -0.1448 -0.9141 -0.3786
vn -0.1448 -0.9141 0.3786
vn -0.1448 0.9141 0.3787
vn -0.1448 0.9141 -0.3787
vn 0.1448 -0.9141 -0.3786
vn 0.1448 -0.9141 0.3786
vn -0.6545 0.6545 0.3786
vn -0.6545 0.6545 -0.3786
vn 0.6545 -0.6545 -0.3787
vn 0.6545 -0.6545 0.3787
vn -0.8247 0.4202 0.3787
vn -0.8247 0.4202 -0.3787
vn 0.8247 -0.4202 -0.3786
vn 0.8247 -0.4202 0.3786
vt 0.342647 0.944103
vt 0.281500 0.992293
vt 0.269339 0.997841
vt 0.331108 0.949133
vt 0.256308 0.992292
vt 0.317456 0.944103
vt 0.718608 0.987400
vt 0.654953 0.987400
vt 0.642781 0.981705
vt 0.705639 0.981686
vt 0.638363 0.967968
vt 0.699480 0.967968
vt 0.694303 0.956397
vt 0.634697 0.956397
vt 0.630334 0.942621
vt 0.688140 0.942621
vt 0.636496 0.928846
vt 0.692504 0.928846
vt 0.696170 0.917274
vt 0.641673 0.917274
vt 0.647836 0.903499
vt 0.700534 0.903499
vt 0.660801 0.897842
vt 0.712760 0.897842
vt 0.723336 0.892950
vt 0.672016 0.892950
vt 0.684981 0.887294
vt 0.735562 0.887294
vt 0.211467 0.887294
vt 0.262048 0.887293
vt 0.249821 0.892950
vt 0.198501 0.892950
vt 0.187287 0.897842
vt 0.239245 0.897842
vt 0.227019 0.903499
vt 0.174322 0.903499
vt 0.222655 0.917274
vt 0.168159 0.917274
vt 0.162982 0.928846
vt 0.218990 0.928846
vt 0.214626 0.942621
vt 0.156819 0.942621
vt 0.220789 0.956397
vt 0.161183 0.956397
vt 0.164848 0.967968
vt 0.225966 0.967968
vt 0.232125 0.981686
vt 0.169266 0.981705
vt 0.245094 0.987400
vt 0.181439 0.987400
vt 0.665529 0.992293
vt 0.729823 0.992293
vt 0.742853 0.997841
vt 0.677972 0.997949
vt 0.204457 0.997949
vt 0.192014 0.992293
vt 0.779148 0.939690
vt 0.765469 0.934535
vt 0.757606 0.922160
vt 0.750992 0.911721
vt 0.743118 0.899294
vt 0.745771 0.886867
vt 0.747999 0.876429
vt 0.750652 0.864001
vt 0.196377 0.864001
vt 0.246495 0.903499
vt 0.234269 0.897842
vt 0.184853 0.858899
vt 0.174885 0.854485
vt 0.223693 0.892950
vt 0.163361 0.849383
vt 0.149693 0.854485
vt 0.137871 0.858899
vt 0.124203 0.864001
vt 0.116329 0.876428
vt 0.109715 0.886867
vt 0.101841 0.899294
vt 0.104494 0.911721
vt 0.106722 0.922160
vt 0.109386 0.934535
vt 0.837643 0.934535
vt 0.777964 0.981627
vt 0.765590 0.987400
vt 0.826130 0.939690
vt 0.790970 0.944103
vt 0.804623 0.949133
vt 0.816162 0.944103
vt 0.755015 0.992293
vt 0.284092 0.922160
vt 0.291954 0.934535
vt 0.305633 0.939690
vt 0.272256 0.886867
vt 0.269604 0.899294
vt 0.277478 0.911721
vt 0.707783 0.897842
vt 0.658368 0.858899
vt 0.669892 0.864001
vt 0.720010 0.903499
vt 0.277137 0.864001
vt 0.274485 0.876428
vt 0.623208 0.854485
vt 0.636876 0.849383
vt 0.648400 0.854485
vt 0.697208 0.892950
vt 0.589844 0.876429
vt 0.597718 0.864001
vt 0.611386 0.858899
vt 0.578009 0.911722
vt 0.575356 0.899294
vt 0.583230 0.886867
vt 0.292076 0.987400
vt 0.352615 0.939690
vt 0.364128 0.934535
vt 0.304450 0.981627
vt 0.582901 0.934535
vt 0.580237 0.922160
vt 0.394662 0.852443
vt 0.383712 0.856434
vt 0.369471 0.852443
vt 0.333536 0.835028
vt 0.342849 0.844849
vt 0.357131 0.848940
vt 0.317568 0.807019
vt 0.316370 0.816882
vt 0.325700 0.826744
vt 0.616332 0.784824
vt 0.627259 0.788873
vt 0.319770 0.788873
vt 0.318573 0.798735
vt 0.581689 0.781321
vt 0.595955 0.777272
vt 0.606881 0.781321
vt 0.545755 0.798735
vt 0.555085 0.788873
vt 0.569350 0.784824
vt 0.529786 0.826744
vt 0.528589 0.816882
vt 0.537919 0.807020
vt 0.404113 0.848940
vt 0.415023 0.844849
vt 0.532006 0.844849
vt 0.530792 0.835028
vt 0.432453 0.726282
vt 0.421931 0.728845
vt 0.407262 0.726282
vt 0.369460 0.715101
vt 0.379825 0.721407
vt 0.394547 0.724033
vt 0.350488 0.697119
vt 0.350348 0.703451
vt 0.360735 0.709783
vt 0.585792 0.682868
vt 0.596284 0.685468
vt 0.350745 0.685468
vt 0.350605 0.691800
vt 0.551524 0.680619
vt 0.566224 0.678019
vt 0.576716 0.680619
vt 0.513723 0.691800
vt 0.524110 0.685468
vt 0.538810 0.682868
vt 0.494751 0.709783
vt 0.494611 0.703451
vt 0.504998 0.697119
vt 0.441529 0.724033
vt 0.451999 0.721407
vt 0.495029 0.721407
vt 0.494868 0.715101
vt 0.452321 0.577971
vt 0.442024 0.578855
vt 0.427130 0.577972
vt 0.388347 0.574119
vt 0.399265 0.576292
vt 0.414217 0.577197
vt 0.367795 0.567922
vt 0.368212 0.570104
vt 0.379155 0.572286
vt 0.569735 0.563012
vt 0.579999 0.563908
vt 0.367030 0.563908
vt 0.367446 0.566090
vt 0.535666 0.562237
vt 0.550594 0.561341
vt 0.560857 0.562237
vt 0.496883 0.566090
vt 0.507825 0.563908
vt 0.522753 0.563012
vt 0.476332 0.572286
vt 0.476748 0.570104
vt 0.487691 0.567923
vt 0.461199 0.577197
vt 0.471439 0.576292
vt 0.475590 0.576292
vt 0.475982 0.574119
vt 0.452321 0.422029
vt 0.442024 0.421146
vt 0.427130 0.422029
vt 0.388346 0.425881
vt 0.399265 0.423709
vt 0.414217 0.422803
vt 0.367796 0.432078
vt 0.368212 0.429896
vt 0.379155 0.427714
vt 0.569735 0.436988
vt 0.579999 0.436092
vt 0.367030 0.436092
vt 0.367446 0.433910
vt 0.535666 0.437763
vt 0.550594 0.438659
vt 0.560857 0.437763
vt 0.496883 0.433910
vt 0.507825 0.436092
vt 0.522753 0.436988
vt 0.476332 0.427714
vt 0.476748 0.429896
vt 0.487691 0.432078
vt 0.461199 0.422803
vt 0.471439 0.423709
vt 0.475590 0.423709
vt 0.475982 0.425881
vt 0.432453 0.273718
vt 0.421931 0.271155
vt 0.407262 0.273718
vt 0.369460 0.284899
vt 0.379826 0.278594
vt 0.394547 0.275967
vt 0.350488 0.302881
vt 0.350348 0.296549
vt 0.360735 0.290217
vt 0.585792 0.317132
vt 0.596284 0.314532
vt 0.350745 0.314532
vt 0.350605 0.308200
vt 0.551524 0.319381
vt 0.566224 0.321981
vt 0.576716 0.319381
vt 0.513723 0.308200
vt 0.524110 0.314532
vt 0.538809 0.317132
vt 0.494751 0.290217
vt 0.494611 0.296549
vt 0.504998 0.302881
vt 0.441529 0.275967
vt 0.451999 0.278594
vt 0.495029 0.278594
vt 0.494868 0.284899
vt 0.394662 0.147558
vt 0.383712 0.143566
vt 0.369471 0.147558
vt 0.333536 0.164972
vt 0.342849 0.155151
vt 0.357131 0.151060
vt 0.317568 0.192981
vt 0.316370 0.183118
vt 0.325700 0.173256
vt 0.616332 0.215176
vt 0.627258 0.211127
vt 0.319770 0.211127
vt 0.318573 0.201265
vt 0.581689 0.218679
vt 0.595955 0.222729
vt 0.606881 0.218679
vt 0.545755 0.201265
vt 0.555085 0.211127
vt 0.569350 0.215176
vt 0.529786 0.173256
vt 0.528589 0.183118
vt 0.537919 0.192981
vt 0.404113 0.151060
vt 0.415023 0.155151
vt 0.532006 0.155151
vt 0.530792 0.164972
vt 0.342647 0.055897
vt 0.331108 0.050867
vt 0.317456 0.055897
vt 0.284092 0.077840
vt 0.291954 0.065465
vt 0.305633 0.060310
vt 0.272256 0.113133
vt 0.269604 0.100706
vt 0.277478 0.088279
vt 0.658368 0.141101
vt 0.669892 0.135999
vt 0.277137 0.135999
vt 0.274485 0.123572
vt 0.623208 0.145515
vt 0.636876 0.150618
vt 0.648400 0.145515
vt 0.589844 0.123572
vt 0.597718 0.135999
vt 0.611385 0.141101
vt 0.578009 0.088279
vt 0.575356 0.100706
vt 0.583230 0.113133
vt 0.352615 0.060310
vt 0.364128 0.065465
vt 0.582901 0.065465
vt 0.580237 0.077840
vt 0.281500 0.007707
vt 0.269339 0.002159
vt 0.256308 0.007707
vt 0.225966 0.032032
vt 0.232125 0.018314
vt 0.245094 0.012600
vt 0.218990 0.071154
vt 0.214626 0.057379
vt 0.220789 0.043603
vt 0.707783 0.102158
vt 0.720010 0.096501
vt 0.227019 0.096501
vt 0.222655 0.082726
vt 0.672016 0.107050
vt 0.684981 0.112707
vt 0.697208 0.107050
vt 0.641673 0.082726
vt 0.647836 0.096501
vt 0.660801 0.102158
vt 0.634697 0.043603
vt 0.630333 0.057379
vt 0.636496 0.071154
vt 0.292076 0.012600
vt 0.304450 0.018373
vt 0.642781 0.018295
vt 0.638363 0.032032
vt 0.729823 0.007708
vt 0.665529 0.007707
vt 0.677972 0.002051
vt 0.742853 0.002159
vt 0.204457 0.002051
vt 0.192014 0.007708
vt 0.164848 0.032032
vt 0.169266 0.018295
vt 0.181439 0.012600
vt 0.162982 0.071154
vt 0.156819 0.057379
vt 0.161183 0.043603
vt 0.239246 0.102158
vt 0.187287 0.102158
vt 0.174322 0.096501
vt 0.168159 0.082726
vt 0.723336 0.107050
vt 0.735562 0.112707
vt 0.262048 0.112707
vt 0.211467 0.112707
vt 0.198502 0.107050
vt 0.249821 0.107050
vt 0.696170 0.082726
vt 0.700533 0.096501
vt 0.712760 0.102158
vt 0.694303 0.043603
vt 0.688140 0.057379
vt 0.692504 0.071155
vt 0.654953 0.012600
vt 0.718608 0.012600
vt 0.705639 0.018315
vt 0.699480 0.032032
vt 0.790970 0.055897
vt 0.804623 0.050867
vt 0.755015 0.007708
vt 0.816162 0.055897
vt 0.106722 0.077840
vt 0.109386 0.065465
vt 0.777964 0.018373
vt 0.837643 0.065465
vt 0.826130 0.060310
vt 0.765590 0.012600
vt 0.109715 0.113133
vt 0.101842 0.100706
vt 0.104494 0.088279
vt 0.137871 0.141101
vt 0.124203 0.135999
vt 0.116329 0.123571
vt 0.223693 0.107050
vt 0.174885 0.145515
vt 0.163361 0.150617
vt 0.149694 0.145515
vt 0.747999 0.123572
vt 0.750652 0.135999
vt 0.246496 0.096501
vt 0.196377 0.135999
vt 0.184853 0.141101
vt 0.234269 0.102158
vt 0.750992 0.088279
vt 0.743118 0.100706
vt 0.745771 0.113133
vt 0.779148 0.060310
vt 0.765469 0.065465
vt 0.757606 0.077840
vt 0.842985 0.147557
vt 0.857226 0.143566
vt 0.868177 0.147557
vt 0.057278 0.164972
vt 0.058492 0.155151
vt 0.888537 0.155151
vt 0.877628 0.151060
vt 0.064404 0.192980
vt 0.055075 0.183118
vt 0.056272 0.173256
vt 0.095836 0.215176
vt 0.081570 0.211127
vt 0.072241 0.201265
vt 0.133367 0.218679
vt 0.122440 0.222728
vt 0.108175 0.218679
vt 0.792088 0.201265
vt 0.793285 0.211127
vt 0.153744 0.211127
vt 0.142818 0.215176
vt 0.799214 0.173256
vt 0.789885 0.183118
vt 0.791082 0.192980
vt 0.830646 0.151060
vt 0.816363 0.155151
vt 0.807051 0.164972
vt 0.880776 0.273718
vt 0.895446 0.271155
vt 0.905968 0.273718
vt 0.021354 0.284899
vt 0.021515 0.278593
vt 0.925514 0.278594
vt 0.915043 0.275967
vt 0.031484 0.302881
vt 0.021097 0.296549
vt 0.021236 0.290217
vt 0.065295 0.317132
vt 0.050595 0.314532
vt 0.040209 0.308200
vt 0.103202 0.319381
vt 0.092710 0.321981
vt 0.078010 0.319381
vt 0.824120 0.308200
vt 0.824260 0.314532
vt 0.122769 0.314532
vt 0.112277 0.317132
vt 0.834250 0.290217
vt 0.823863 0.296549
vt 0.824003 0.302881
vt 0.868061 0.275967
vt 0.853340 0.278594
vt 0.842975 0.284899
vt 0.900644 0.422029
vt 0.915539 0.421145
vt 0.925836 0.422028
vt 0.002467 0.425881
vt 0.002075 0.423708
vt 0.944954 0.423708
vt 0.934714 0.422803
vt 0.014176 0.432078
vt 0.003233 0.429896
vt 0.002817 0.427714
vt 0.049239 0.436988
vt 0.034311 0.436092
vt 0.023368 0.433910
vt 0.087343 0.437763
vt 0.077079 0.438659
vt 0.062151 0.437763
vt 0.840960 0.433910
vt 0.840544 0.436092
vt 0.106485 0.436092
vt 0.096221 0.436988
vt 0.852669 0.427714
vt 0.841726 0.429896
vt 0.841310 0.432078
vt 0.887732 0.422803
vt 0.872780 0.423709
vt 0.861861 0.425881
vt 0.900644 0.577971
vt 0.915539 0.578855
vt 0.925836 0.577971
vt 0.002467 0.574119
vt 0.002075 0.576291
vt 0.944954 0.576292
vt 0.934714 0.577197
vt 0.014176 0.567922
vt 0.003233 0.570104
vt 0.002817 0.572286
vt 0.049239 0.563012
vt 0.034311 0.563908
vt 0.023368 0.566090
vt 0.087343 0.562237
vt 0.077079 0.561341
vt 0.062151 0.562237
vt 0.840960 0.566090
vt 0.840544 0.563908
vt 0.106485 0.563908
vt 0.096221 0.563012
vt 0.852669 0.572286
vt 0.841726 0.570104
vt 0.841310 0.567922
vt 0.887732 0.577197
vt 0.872780 0.576292
vt 0.861861 0.574119
vt 0.880776 0.726282
vt 0.895446 0.728845
vt 0.905968 0.726282
vt 0.021354 0.715101
vt 0.021515 0.721406
vt 0.925514 0.721407
vt 0.915043 0.724033
vt 0.031484 0.697119
vt 0.021097 0.703451
vt 0.021236 0.709783
vt 0.065295 0.682868
vt 0.050595 0.685468
vt 0.040208 0.691800
vt 0.103202 0.680619
vt 0.092710 0.678019
vt 0.078010 0.680619
vt 0.824120 0.691800
vt 0.824260 0.685468
vt 0.122769 0.685468
vt 0.112277 0.682868
vt 0.834250 0.709783
vt 0.823863 0.703451
vt 0.824003 0.697119
vt 0.868061 0.724033
vt 0.853340 0.721407
vt 0.842975 0.715101
vt 0.842985 0.852443
vt 0.857227 0.856434
vt 0.868177 0.852443
vt 0.057278 0.835028
vt 0.058492 0.844849
vt 0.888537 0.844849
vt 0.877628 0.848940
vt 0.064404 0.807019
vt 0.055075 0.816882
vt 0.056272 0.826744
vt 0.095836 0.784824
vt 0.081570 0.788873
vt 0.072241 0.798735
vt 0.133367 0.781321
vt 0.122440 0.777272
vt 0.108175 0.781321
vt 0.792088 0.798735
vt 0.793285 0.788873
vt 0.153744 0.788873
vt 0.142818 0.784824
vt 0.799214 0.826744
vt 0.789885 0.816882
vt 0.791082 0.807019
vt 0.830646 0.848940
vt 0.816363 0.844849
vt 0.807051 0.835028
s 0
usemtl MAT_metal_dark_blued
f 2673/3899/2225 2696/3900/2225 2698/3901/2225 2674/3902/2225
f 2674/3902/2226 2698/3901/2226 2697/3903/2226 2672/3904/2226
f 2700/3905/2227 2675/3906/2227 2677/3907/2227 2701/3908/2227
f 2701/3908/2228 2677/3907/2228 2676/3909/2228 2699/3910/2228
f 2703/3911/2229 2678/3912/2229 2680/3913/2229 2704/3914/2229
f 2704/3914/2230 2680/3913/2230 2679/3915/2230 2702/3916/2230
f 2706/3917/2231 2681/3918/2231 2683/3919/2231 2707/3920/2231
f 2707/3920/2232 2683/3919/2232 2682/3921/2232 2705/3922/2232
f 2709/3923/2233 2684/3924/2233 2686/3925/2233 2710/3926/2233
f 2710/3927/2234 2686/3928/2234 2685/3929/2234 2708/3930/2234
f 2712/3931/2235 2687/3932/2235 2689/3933/2235 2713/3934/2235
f 2713/3934/2236 2689/3933/2236 2688/3935/2236 2711/3936/2236
f 2715/3937/2237 2690/3938/2237 2692/3939/2237 2716/3940/2237
f 2716/3940/2238 2692/3939/2238 2691/3941/2238 2714/3942/2238
f 2718/3943/2239 2693/3944/2239 2695/3945/2239 2719/3946/2239
f 2719/3946/2240 2695/3945/2240 2694/3947/2240 2717/3948/2240
f 2696/3949/2241 2720/3950/2241 2722/3951/2241 2698/3952/2241
f 2698/3901/2242 2722/3953/2242 2721/3954/2242 2697/3903/2242
f 2724/3955/2243 2700/3905/2243 2701/3908/2243 2725/3956/2243
f 2725/3956/2244 2701/3908/2244 2699/3910/2244 2723/3957/2244
f 2727/3958/2245 2703/3911/2245 2704/3914/2245 2728/3959/2245
f 2728/3959/2246 2704/3914/2246 2702/3916/2246 2726/3960/2246
f 2730/3961/2247 2706/3917/2247 2707/3920/2247 2731/3962/2247
f 2731/3963/2248 2707/3964/2248 2705/3965/2248 2729/3966/2248
f 2733/3967/2249 2709/3968/2249 2710/3927/2249 2734/3969/2249
f 2734/3969/2250 2710/3927/2250 2708/3930/2250 2732/3970/2250
f 2736/3971/2251 2712/3931/2251 2713/3934/2251 2737/3972/2251
f 2737/3972/2252 2713/3934/2252 2711/3936/2252 2735/3973/2252
f 2739/3974/2253 2715/3937/2253 2716/3940/2253 2740/3975/2253
f 2740/3975/2254 2716/3940/2254 2714/3942/2254 2738/3976/2254
f 2742/3977/2255 2718/3943/2255 2719/3946/2255 2743/3978/2255
f 2743/3979/2256 2719/3980/2256 2717/3981/2256 2741/3982/2256
f 2720/3950/2257 2669/3983/2257 2671/3984/2257 2722/3951/2257
f 2722/3951/2258 2671/3984/2258 2670/3985/2258 2721/3986/2258
f 2693/3944/2259 2744/3987/2259 2746/3988/2259 2695/3945/2259
f 2695/3945/2260 2746/3988/2260 2745/3989/2260 2694/3947/2260
f 2690/3938/2261 2747/3990/2261 2749/3991/2261 2692/3939/2261
f 2692/3939/2262 2749/3991/2262 2748/3992/2262 2691/3941/2262
f 2687/3993/2263 2750/3994/2263 2752/3995/2263 2689/3996/2263
f 2689/3933/2264 2752/3997/2264 2751/3998/2264 2688/3935/2264
f 2684/3924/2265 2753/3999/2265 2755/4000/2265 2686/3925/2265
f 2686/3925/2266 2755/4000/2266 2754/4001/2266 2685/4002/2266
f 2681/3918/2267 2756/4003/2267 2758/4004/2267 2683/3919/2267
f 2683/3919/2268 2758/4004/2268 2757/4005/2268 2682/3921/2268
f 2678/3912/2269 2759/4006/2269 2761/4007/2269 2680/3913/2269
f 2680/3913/2270 2761/4007/2270 2760/4008/2270 2679/3915/2270
f 2675/4009/2271 2762/4010/2271 2764/4011/2271 2677/4012/2271
f 2677/3907/2272 2764/4013/2272 2763/4014/2272 2676/3909/2272
f 2766/4015/2273 2673/3899/2273 2674/3902/2273 2767/4016/2273
f 2767/4016/2274 2674/3902/2274 2672/3904/2274 2765/4017/2274
f 2744/3987/2275 2768/4018/2275 2770/4019/2275 2746/3988/2275
f 2746/3988/2276 2770/4019/2276 2769/4020/2276 2745/3989/2276
f 2747/3990/2277 2771/4021/2277 2773/4022/2277 2749/3991/2277
f 2749/3991/2278 2773/4022/2278 2772/4023/2278 2748/3992/2278
f 2750/3994/2279 2774/4024/2279 2776/4025/2279 2752/3995/2279
f 2752/3997/2280 2776/4026/2280 2775/4027/2280 2751/3998/2280
f 2753/3999/2281 2777/4028/2281 2779/4029/2281 2755/4000/2281
f 2755/4000/2282 2779/4029/2282 2778/4030/2282 2754/4001/2282
f 2756/4003/2283 2780/4031/2283 2782/4032/2283 2758/4004/2283
f 2758/4004/2284 2782/4032/2284 2781/4033/2284 2757/4005/2284
f 2759/4006/2285 2783/4034/2285 2785/4035/2285 2761/4007/2285
f 2761/4007/2286 2785/4035/2286 2784/4036/2286 2760/4008/2286
f 2762/4010/2287 2786/4037/2287 2788/4038/2287 2764/4011/2287
f 2764/4013/2288 2788/4039/2288 2787/4040/2288 2763/4014/2288
f 2790/4041/2289 2766/4015/2289 2767/4016/2289 2791/4042/2289
f 2791/4042/2290 2767/4016/2290 2765/4017/2290 2789/4043/2290
f 2768/4018/2291 2792/4044/2291 2794/4045/2291 2770/4019/2291
f 2770/4019/2292 2794/4045/2292 2793/4046/2292 2769/4020/2292
f 2771/4021/2293 2795/4047/2293 2797/4048/2293 2773/4022/2293
f 2773/4022/2294 2797/4048/2294 2796/4049/2294 2772/4023/2294
f 2774/4024/2295 2798/4050/2295 2800/4051/2295 2776/4025/2295
f 2776/4026/2296 2800/4052/2296 2799/4053/2296 2775/4027/2296
f 2777/4028/2297 2801/4054/2297 2803/4055/2297 2779/4029/2297
f 2779/4029/2298 2803/4055/2298 2802/4056/2298 2778/4030/2298
f 2780/4031/2299 2804/4057/2299 2806/4058/2299 2782/4032/2299
f 2782/4032/2300 2806/4058/2300 2805/4059/2300 2781/4033/2300
f 2783/4034/2301 2807/4060/2301 2809/4061/2301 2785/4035/2301
f 2785/4035/2302 2809/4061/2302 2808/4062/2302 2784/4036/2302
f 2786/4037/2303 2810/4063/2303 2812/4064/2303 2788/4038/2303
f 2788/4039/2304 2812/4065/2304 2811/4066/2304 2787/4040/2304
f 2814/4067/2305 2790/4041/2305 2791/4042/2305 2815/4068/2305
f 2815/4068/2306 2791/4042/2306 2789/4043/2306 2813/4069/2306
f 2792/4044/2307 2816/4070/2307 2818/4071/2307 2794/4045/2307
f 2794/4045/2308 2818/4071/2308 2817/4072/2308 2793/4046/2308
f 2795/4047/2309 2819/4073/2309 2821/4074/2309 2797/4048/2309
f 2797/4048/2310 2821/4074/2310 2820/4075/2310 2796/4049/2310
f 2798/4050/2311 2822/4076/2311 2824/4077/2311 2800/4051/2311
f 2800/4052/2312 2824/4078/2312 2823/4079/2312 2799/4053/2312
f 2801/4054/2313 2825/4080/2313 2827/4081/2313 2803/4055/2313
f 2803/4055/2314 2827/4081/2314 2826/4082/2314 2802/4056/2314
f 2804/4057/2315 2828/4083/2315 2830/4084/2315 2806/4058/2315
f 2806/4058/2316 2830/4084/2316 2829/4085/2316 2805/4059/2316
f 2807/4060/2317 2831/4086/2317 2833/4087/2317 2809/4061/2317
f 2809/4061/2318 2833/4087/2318 2832/4088/2318 2808/4062/2318
f 2810/4063/2319 2834/4089/2319 2836/4090/2319 2812/4064/2319
f 2812/4065/2320 2836/4091/2320 2835/4092/2320 2811/4066/2320
f 2838/4093/2321 2814/4067/2321 2815/4068/2321 2839/4094/2321
f 2839/4094/2322 2815/4068/2322 2813/4069/2322 2837/4095/2322
f 2816/4070/2323 2840/4096/2323 2842/4097/2323 2818/4071/2323
f 2818/4071/2324 2842/4097/2324 2841/4098/2324 2817/4072/2324
f 2819/4073/2325 2843/4099/2325 2845/4100/2325 2821/4074/2325
f 2821/4074/2326 2845/4100/2326 2844/4101/2326 2820/4075/2326
f 2822/4076/2327 2846/4102/2327 2848/4103/2327 2824/4077/2327
f 2824/4078/2328 2848/4104/2328 2847/4105/2328 2823/4079/2328
f 2825/4080/2329 2849/4106/2329 2851/4107/2329 2827/4081/2329
f 2827/4081/2330 2851/4107/2330 2850/4108/2330 2826/4082/2330
f 2828/4083/2331 2852/4109/2331 2854/4110/2331 2830/4084/2331
f 2830/4084/2332 2854/4110/2332 2853/4111/2332 2829/4085/2332
f 2831/4086/2333 2855/4112/2333 2857/4113/2333 2833/4087/2333
f 2833/4087/2334 2857/4113/2334 2856/4114/2334 2832/4088/2334
f 2834/4089/2335 2858/4115/2335 2860/4116/2335 2836/4090/2335
f 2836/4091/2336 2860/4117/2336 2859/4118/2336 2835/4092/2336
f 2862/4119/2337 2838/4093/2337 2839/4094/2337 2863/4120/2337
f 2863/4120/2338 2839/4094/2338 2837/4095/2338 2861/4121/2338
f 2840/4096/2339 2864/4122/2339 2866/4123/2339 2842/4097/2339
f 2842/4097/2340 2866/4123/2340 2865/4124/2340 2841/4098/2340
f 2843/4099/2341 2867/4125/2341 2869/4126/2341 2845/4100/2341
f 2845/4100/2342 2869/4126/2342 2868/4127/2342 2844/4101/2342
f 2846/4102/2343 2870/4128/2343 2872/4129/2343 2848/4103/2343
f 2848/4104/2344 2872/4130/2344 2871/4131/2344 2847/4105/2344
f 2849/4106/2345 2873/4132/2345 2875/4133/2345 2851/4107/2345
f 2851/4107/2346 2875/4133/2346 2874/4134/2346 2850/4108/2346
f 2852/4109/2347 2876/4135/2347 2878/4136/2347 2854/4110/2347
f 2854/4110/2348 2878/4136/2348 2877/4137/2348 2853/4111/2348
f 2855/4112/2349 2879/4138/2349 2881/4139/2349 2857/4113/2349
f 2857/4113/2350 2881/4139/2350 2880/4140/2350 2856/4114/2350
f 2858/4115/2351 2882/4141/2351 2884/4142/2351 2860/4116/2351
f 2860/4117/2352 2884/4143/2352 2883/4144/2352 2859/4118/2352
f 2886/4145/2353 2862/4119/2353 2863/4120/2353 2887/4146/2353
f 2887/4146/2354 2863/4120/2354 2861/4121/2354 2885/4147/2354
f 2864/4122/2355 2888/4148/2355 2890/4149/2355 2866/4123/2355
f 2866/4123/2356 2890/4149/2356 2889/4150/2356 2865/4124/2356
f 2867/4125/2357 2891/4151/2357 2893/4152/2357 2869/4126/2357
f 2869/4126/2358 2893/4152/2358 2892/4153/2358 2868/4127/2358
f 2870/4128/2359 2894/4154/2359 2896/4155/2359 2872/4129/2359
f 2872/4130/2360 2896/4156/2360 2895/4157/2360 2871/4131/2360
f 2873/4132/2361 2897/4158/2361 2899/4159/2361 2875/4133/2361
f 2875/4133/2362 2899/4159/2362 2898/4160/2362 2874/4134/2362
f 2876/4135/2363 2900/4161/2363 2902/4162/2363 2878/4136/2363
f 2878/4136/2364 2902/4162/2364 2901/4163/2364 2877/4137/2364
f 2879/4138/2365 2903/4164/2365 2905/4165/2365 2881/4139/2365
f 2881/4139/2366 2905/4165/2366 2904/4166/2366 2880/4140/2366
f 2882/4141/2367 2906/4167/2367 2908/4168/2367 2884/4142/2367
f 2884/4143/2368 2908/4169/2368 2907/4170/2368 2883/4144/2368
f 2910/4171/2369 2886/4145/2369 2887/4146/2369 2911/4172/2369
f 2911/4172/2370 2887/4146/2370 2885/4147/2370 2909/4173/2370
f 2888/4148/2371 2912/4174/2371 2914/4175/2371 2890/4149/2371
f 2890/4149/2372 2914/4175/2372 2913/4176/2372 2889/4150/2372
f 2891/4151/2373 2915/4177/2373 2917/4178/2373 2893/4152/2373
f 2893/4152/2374 2917/4178/2374 2916/4179/2374 2892/4153/2374
f 2894/4154/2375 2918/4180/2375 2920/4181/2375 2896/4155/2375
f 2896/4156/2376 2920/4182/2376 2919/4183/2376 2895/4157/2376
f 2897/4158/2377 2921/4184/2377 2923/4185/2377 2899/4159/2377
f 2899/4159/2378 2923/4185/2378 2922/4186/2378 2898/4160/2378
f 2900/4161/2379 2924/4187/2379 2926/4188/2379 2902/4162/2379
f 2902/4162/2380 2926/4188/2380 2925/4189/2380 2901/4163/2380
f 2903/4164/2381 2927/4190/2381 2929/4191/2381 2905/4165/2381
f 2905/4165/2382 2929/4191/2382 2928/4192/2382 2904/4166/2382
f 2906/4167/2383 2930/4193/2383 2932/4194/2383 2908/4168/2383
f 2908/4169/2384 2932/4195/2384 2931/4196/2384 2907/4170/2384
f 2934/4197/2249 2910/4171/2249 2911/4172/2249 2935/4198/2249
f 2935/4198/2250 2911/4172/2250 2909/4173/2250 2933/4199/2250
f 2912/4174/2252 2936/4200/2252 2938/4201/2252 2914/4175/2252
f 2914/4175/2251 2938/4201/2251 2937/4202/2251 2913/4176/2251
f 2915/4177/2254 2939/4203/2254 2941/4204/2254 2917/4178/2254
f 2917/4178/2253 2941/4204/2253 2940/4205/2253 2916/4179/2253
f 2918/4180/2256 2942/4206/2256 2944/4207/2256 2920/4181/2256
f 2920/4182/2255 2944/4208/2255 2943/4209/2255 2919/4183/2255
f 2921/4184/2257 2945/4210/2257 2947/4211/2257 2923/4185/2257
f 2923/4185/2258 2947/4211/2258 2946/4212/2258 2922/4186/2258
f 2924/4187/2244 2948/4213/2244 2950/4214/2244 2926/4188/2244
f 2926/4188/2243 2950/4214/2243 2949/4215/2243 2925/4189/2243
f 2927/4190/2246 2951/4216/2246 2953/4217/2246 2929/4191/2246
f 2929/4191/2245 2953/4217/2245 2952/4218/2245 2928/4192/2245
f 2930/4193/2248 2954/4219/2248 2956/4220/2248 2932/4194/2248
f 2932/4195/2247 2956/4221/2247 2955/4222/2247 2931/4196/2247
f 2958/4223/2233 2934/4224/2233 2935/4225/2233 2959/4226/2233
f 2959/4227/2234 2935/4198/2234 2933/4199/2234 2957/4228/2234
f 2936/4200/2236 2960/4229/2236 2962/4230/2236 2938/4201/2236
f 2938/4201/2235 2962/4230/2235 2961/4231/2235 2937/4202/2235
f 2939/4203/2238 2963/4232/2238 2965/4233/2238 2941/4204/2238
f 2941/4204/2237 2965/4233/2237 2964/4234/2237 2940/4205/2237
f 2942/4235/2240 2966/4236/2240 2968/4237/2240 2944/4208/2240
f 2944/4208/2239 2968/4237/2239 2967/4238/2239 2943/4209/2239
f 2945/4210/2241 2969/4239/2241 2971/4240/2241 2947/4211/2241
f 2947/4241/2242 2971/4242/2242 2970/4243/2242 2946/4244/2242
f 2948/4213/2228 2972/4245/2228 2974/4246/2228 2950/4214/2228
f 2950/4214/2227 2974/4246/2227 2973/4247/2227 2949/4215/2227
f 2951/4216/2230 2975/4248/2230 2977/4249/2230 2953/4217/2230
f 2953/4217/2229 2977/4249/2229 2976/4250/2229 2952/4218/2229
f 2954/4251/2232 2978/4252/2232 2980/4253/2232 2956/4221/2232
f 2956/4221/2231 2980/4253/2231 2979/4254/2231 2955/4222/2231
f 2982/4255/2265 2958/4223/2265 2959/4226/2265 2983/4256/2265
f 2983/4256/2266 2959/4226/2266 2957/4257/2266 2981/4258/2266
f 2960/4229/2264 2984/4259/2264 2986/4260/2264 2962/4230/2264
f 2962/4261/2263 2986/4262/2263 2985/4263/2263 2961/4264/2263
f 2963/4232/2262 2987/4265/2262 2989/4266/2262 2965/4233/2262
f 2965/4233/2261 2989/4266/2261 2988/4267/2261 2964/4234/2261
f 2966/4236/2260 2990/4268/2260 2992/4269/2260 2968/4237/2260
f 2968/4237/2259 2992/4269/2259 2991/4270/2259 2967/4238/2259
f 2969/4271/2225 2993/4272/2225 2995/4273/2225 2971/4242/2225
f 2971/4242/2226 2995/4273/2226 2994/4274/2226 2970/4243/2226
f 2972/4245/2272 2996/4275/2272 2998/4276/2272 2974/4246/2272
f 2974/4277/2271 2998/4278/2271 2997/4279/2271 2973/4280/2271
f 2975/4248/2270 2999/4281/2270 3001/4282/2270 2977/4249/2270
f 2977/4249/2269 3001/4282/2269 3000/4283/2269 2976/4250/2269
f 2978/4252/2268 3002/4284/2268 3004/4285/2268 2980/4253/2268
f 2980/4253/2267 3004/4285/2267 3003/4286/2267 2979/4254/2267
f 3006/4287/2281 2982/4255/2281 2983/4256/2281 3007/4288/2281
f 3007/4288/2282 2983/4256/2282 2981/4258/2282 3005/4289/2282
f 2984/4259/2280 3008/4290/2280 3010/4291/2280 2986/4260/2280
f 2986/4262/2279 3010/4292/2279 3009/4293/2279 2985/4263/2279
f 2987/4265/2278 3011/4294/2278 3013/4295/2278 2989/4266/2278
f 2989/4266/2277 3013/4295/2277 3012/4296/2277 2988/4267/2277
f 2990/4268/2276 3014/4297/2276 3016/4298/2276 2992/4269/2276
f 2992/4269/2275 3016/4298/2275 3015/4299/2275 2991/4270/2275
f 2993/4272/2273 3017/4300/2273 3019/4301/2273 2995/4273/2273
f 2995/4273/2274 3019/4301/2274 3018/4302/2274 2994/4274/2274
f 2996/4275/2288 3020/4303/2288 3022/4304/2288 2998/4276/2288
f 2998/4278/2287 3022/4305/2287 3021/4306/2287 2997/4279/2287
f 2999/4281/2286 3023/4307/2286 3025/4308/2286 3001/4282/2286
f 3001/4282/2285 3025/4308/2285 3024/4309/2285 3000/4283/2285
f 3002/4284/2284 3026/4310/2284 3028/4311/2284 3004/4285/2284
f 3004/4285/2283 3028/4311/2283 3027/4312/2283 3003/4286/2283
f 3030/4313/2297 3006/4287/2297 3007/4288/2297 3031/4314/2297
f 3031/4314/2298 3007/4288/2298 3005/4289/2298 3029/4315/2298
f 3008/4290/2296 3032/4316/2296 3034/4317/2296 3010/4291/2296
f 3010/4292/2295 3034/4318/2295 3033/4319/2295 3009/4293/2295
f 3011/4294/2294 3035/4320/2294 3037/4321/2294 3013/4295/2294
f 3013/4295/2293 3037/4321/2293 3036/4322/2293 3012/4296/2293
f 3014/4297/2292 3038/4323/2292 3040/4324/2292 3016/4298/2292
f 3016/4298/2291 3040/4324/2291 3039/4325/2291 3015/4299/2291
f 3017/4300/2289 3041/4326/2289 3043/4327/2289 3019/4301/2289
f 3019/4301/2290 3043/4327/2290 3042/4328/2290 3018/4302/2290
f 3020/4303/2304 3044/4329/2304 3046/4330/2304 3022/4304/2304
f 3022/4305/2303 3046/4331/2303 3045/4332/2303 3021/4306/2303
f 3023/4307/2302 3047/4333/2302 3049/4334/2302 3025/4308/2302
f 3025/4308/2301 3049/4334/2301 3048/4335/2301 3024/4309/2301
f 3026/4310/2300 3050/4336/2300 3052/4337/2300 3028/4311/2300
f 3028/4311/2299 3052/4337/2299 3051/4338/2299 3027/4312/2299
f 3054/4339/2313 3030/4313/2313 3031/4314/2313 3055/4340/2313
f 3055/4340/2314 3031/4314/2314 3029/4315/2314 3053/4341/2314
f 3032/4316/2312 3056/4342/2312 3058/4343/2312 3034/4317/2312
f 3034/4318/2311 3058/4344/2311 3057/4345/2311 3033/4319/2311
f 3035/4320/2310 3059/4346/2310 3061/4347/2310 3037/4321/2310
f 3037/4321/2309 3061/4347/2309 3060/4348/2309 3036/4322/2309
f 3038/4323/2308 3062/4349/2308 3064/4350/2308 3040/4324/2308
f 3040/4324/2307 3064/4350/2307 3063/4351/2307 3039/4325/2307
f 3041/4326/2305 3065/4352/2305 3067/4353/2305 3043/4327/2305
f 3043/4327/2306 3067/4353/2306 3066/4354/2306 3042/4328/2306
f 3044/4329/2320 3068/4355/2320 3070/4356/2320 3046/4330/2320
f 3046/4331/2319 3070/4357/2319 3069/4358/2319 3045/4332/2319
f 3047/4333/2318 3071/4359/2318 3073/4360/2318 3049/4334/2318
f 3049/4334/2317 3073/4360/2317 3072/4361/2317 3048/4335/2317
f 3050/4336/2316 3074/4362/2316 3076/4363/2316 3052/4337/2316
f 3052/4337/2315 3076/4363/2315 3075/4364/2315 3051/4338/2315
f 3078/4365/2329 3054/4339/2329 3055/4340/2329 3079/4366/2329
f 3079/4366/2330 3055/4340/2330 3053/4341/2330 3077/4367/2330
f 3056/4342/2328 3080/4368/2328 3082/4369/2328 3058/4343/2328
f 3058/4344/2327 3082/4370/2327 3081/4371/2327 3057/4345/2327
f 3059/4346/2326 3083/4372/2326 3085/4373/2326 3061/4347/2326
f 3061/4347/2325 3085/4373/2325 3084/4374/2325 3060/4348/2325
f 3062/4349/2324 3086/4375/2324 3088/4376/2324 3064/4350/2324
f 3064/4350/2323 3088/4376/2323 3087/4377/2323 3063/4351/2323
f 3065/4352/2321 3089/4378/2321 3091/4379/2321 3067/4353/2321
f 3067/4353/2322 3091/4379/2322 3090/4380/2322 3066/4354/2322
f 3068/4355/2336 3092/4381/2336 3094/4382/2336 3070/4356/2336
f 3070/4357/2335 3094/4383/2335 3093/4384/2335 3069/4358/2335
f 3071/4359/2334 3095/4385/2334 3097/4386/2334 3073/4360/2334
f 3073/4360/2333 3097/4386/2333 3096/4387/2333 3072/4361/2333
f 3074/4362/2332 3098/4388/2332 3100/4389/2332 3076/4363/2332
f 3076/4363/2331 3100/4389/2331 3099/4390/2331 3075/4364/2331
f 3102/4391/2345 3078/4365/2345 3079/4366/2345 3103/4392/2345
f 3103/4392/2346 3079/4366/2346 3077/4367/2346 3101/4393/2346
f 3080/4368/2344 3104/4394/2344 3106/4395/2344 3082/4369/2344
f 3082/4370/2343 3106/4396/2343 3105/4397/2343 3081/4371/2343
f 3083/4372/2342 3107/4398/2342 3109/4399/2342 3085/4373/2342
f 3085/4373/2341 3109/4399/2341 3108/4400/2341 3084/4374/2341
f 3086/4375/2340 3110/4401/2340 3112/4402/2340 3088/4376/2340
f 3088/4376/2339 3112/4402/2339 3111/4403/2339 3087/4377/2339
f 3089/4378/2337 3113/4404/2337 3115/4405/2337 3091/4379/2337
f 3091/4379/2338 3115/4405/2338 3114/4406/2338 3090/4380/2338
f 3092/4381/2352 3116/4407/2352 3118/4408/2352 3094/4382/2352
f 3094/4383/2351 3118/4409/2351 3117/4410/2351 3093/4384/2351
f 3095/4385/2350 3119/4411/2350 3121/4412/2350 3097/4386/2350
f 3097/4386/2349 3121/4412/2349 3120/4413/2349 3096/4387/2349
f 3098/4388/2348 3122/4414/2348 3124/4415/2348 3100/4389/2348
f 3100/4389/2347 3124/4415/2347 3123/4416/2347 3099/4390/2347
f 3126/4417/2361 3102/4391/2361 3103/4392/2361 3127/4418/2361
f 3127/4418/2362 3103/4392/2362 3101/4393/2362 3125/4419/2362
f 3104/4394/2360 3128/4420/2360 3130/4421/2360 3106/4395/2360
f 3106/4396/2359 3130/4422/2359 3129/4423/2359 3105/4397/2359
f 3107/4398/2358 3131/4424/2358 3133/4425/2358 3109/4399/2358
f 3109/4399/2357 3133/4425/2357 3132/4426/2357 3108/4400/2357
f 3110/4401/2356 3134/4427/2356 3136/4428/2356 3112/4402/2356
f 3112/4402/2355 3136/4428/2355 3135/4429/2355 3111/4403/2355
f 3113/4404/2353 3137/4430/2353 3139/4431/2353 3115/4405/2353
f 3115/4405/2354 3139/4431/2354 3138/4432/2354 3114/4406/2354
f 3116/4407/2368 3140/4433/2368 3142/4434/2368 3118/4408/2368
f 3118/4409/2367 3142/4435/2367 3141/4436/2367 3117/4410/2367
f 3119/4411/2366 3143/4437/2366 3145/4438/2366 3121/4412/2366
f 3121/4412/2365 3145/4438/2365 3144/4439/2365 3120/4413/2365
f 3122/4414/2364 3146/4440/2364 3148/4441/2364 3124/4415/2364
f 3124/4415/2363 3148/4441/2363 3147/4442/2363 3123/4416/2363
f 2669/3983/2377 3126/4417/2377 3127/4418/2377 2671/3984/2377
f 2671/3984/2378 3127/4418/2378 3125/4419/2378 2670/3985/2378
f 3128/4420/2376 2742/3977/2376 2743/3978/2376 3130/4421/2376
f 3130/4422/2375 2743/3979/2375 2741/3982/2375 3129/4423/2375
f 3131/4424/2374 2739/3974/2374 2740/3975/2374 3133/4425/2374
f 3133/4425/2373 2740/3975/2373 2738/3976/2373 3132/4426/2373
f 3134/4427/2372 2736/3971/2372 2737/3972/2372 3136/4428/2372
f 3136/4428/2371 2737/3972/2371 2735/3973/2371 3135/4429/2371
f 3137/4430/2369 2733/3967/2369 2734/3969/2369 3139/4431/2369
f 3139/4431/2370 2734/3969/2370 2732/3970/2370 3138/4432/2370
f 3140/4433/2384 2730/3961/2384 2731/3962/2384 3142/4434/2384
f 3142/4435/2383 2731/3963/2383 2729/3966/2383 3141/4436/2383
f 3143/4437/2382 2727/3958/2382 2728/3959/2382 3145/4438/2382
f 3145/4438/2381 2728/3959/2381 2726/3960/2381 3144/4439/2381
f 3146/4440/2380 2724/3955/2380 2725/3956/2380 3148/4441/2380
f 3148/4441/2379 2725/3956/2379 2723/3957/2379 3147/4442/2379
f 3146/4440/2385 3126/4417/2385 2669/3983/2385 2724/3955/2385
f 2670/3985/2386 2741/3982/2386 2717/3981/2386 2721/3986/2386
f 2724/3955/2387 2669/3983/2387 2720/3950/2387 2700/3905/2387
f 3125/4419/2388 3129/4423/2388 2741/3982/2388 2670/3985/2388
f 2675/4009/2389 2696/3900/2389 2673/3899/2389 2762/4010/2389
f 2762/4010/2390 2673/3899/2390 2766/4015/2390 2786/4037/2390
f 2697/3903/2391 2694/3947/2391 2745/3989/2391 2672/3904/2391
f 2672/3904/2392 2745/3989/2392 2769/4020/2392 2765/4017/2392
f 2703/3911/2393 2699/3910/2393 2676/3909/2393 2678/3912/2393
f 2700/3905/2394 2720/3950/2394 2696/3949/2394 2675/3906/2394
f 2678/3912/2395 2676/3909/2395 2763/4014/2395 2759/4006/2395
f 2706/3917/2396 2702/3916/2396 2679/3915/2396 2681/3918/2396
f 2681/3918/2397 2679/3915/2397 2760/4008/2397 2756/4003/2397
f 2709/3923/2398 2705/3922/2398 2682/3921/2398 2684/3924/2398
f 2684/3924/2399 2682/3921/2399 2757/4005/2399 2753/3999/2399
f 2712/3931/2400 2708/3930/2400 2685/3929/2400 2687/3932/2400
f 2687/3993/2401 2685/4002/2401 2754/4001/2401 2750/3994/2401
f 2715/3937/2402 2711/3936/2402 2688/3935/2402 2690/3938/2402
f 2690/3938/2403 2688/3935/2403 2751/3998/2403 2747/3990/2403
f 2718/3943/2404 2714/3942/2404 2691/3941/2404 2693/3944/2404
f 2693/3944/2405 2691/3941/2405 2748/3992/2405 2744/3987/2405
f 2721/3954/2406 2717/3948/2406 2694/3947/2406 2697/3903/2406
f 2727/3958/2407 2723/3957/2407 2699/3910/2407 2703/3911/2407
f 2730/3961/2408 2726/3960/2408 2702/3916/2408 2706/3917/2408
f 2733/3967/2409 2729/3966/2409 2705/3965/2409 2709/3968/2409
f 2736/3971/2410 2732/3970/2410 2708/3930/2410 2712/3931/2410
f 2739/3974/2411 2735/3973/2411 2711/3936/2411 2715/3937/2411
f 2742/3977/2412 2738/3976/2412 2714/3942/2412 2718/3943/2412
f 3143/4437/2413 3147/4442/2413 2723/3957/2413 2727/3958/2413
f 3140/4433/2414 3144/4439/2414 2726/3960/2414 2730/3961/2414
f 3137/4430/2415 3141/4436/2415 2729/3966/2415 2733/3967/2415
f 3134/4427/2416 3138/4432/2416 2732/3970/2416 2736/3971/2416
f 3131/4424/2417 3135/4429/2417 2735/3973/2417 2739/3974/2417
f 3128/4420/2418 3132/4426/2418 2738/3976/2418 2742/3977/2418
f 2744/3987/2419 2748/3992/2419 2772/4023/2419 2768/4018/2419
f 2747/3990/2420 2751/3998/2420 2775/4027/2420 2771/4021/2420
f 2750/3994/2421 2754/4001/2421 2778/4030/2421 2774/4024/2421
f 2753/3999/2422 2757/4005/2422 2781/4033/2422 2777/4028/2422
f 2756/4003/2423 2760/4008/2423 2784/4036/2423 2780/4031/2423
f 2759/4006/2424 2763/4014/2424 2787/4040/2424 2783/4034/2424
f 2786/4037/2425 2766/4015/2425 2790/4041/2425 2810/4063/2425
f 2765/4017/2426 2769/4020/2426 2793/4046/2426 2789/4043/2426
f 2768/4018/2427 2772/4023/2427 2796/4049/2427 2792/4044/2427
f 2771/4021/2428 2775/4027/2428 2799/4053/2428 2795/4047/2428
f 2774/4024/2429 2778/4030/2429 2802/4056/2429 2798/4050/2429
f 2777/4028/2430 2781/4033/2430 2805/4059/2430 2801/4054/2430
f 2780/4031/2431 2784/4036/2431 2808/4062/2431 2804/4057/2431
f 2783/4034/2432 2787/4040/2432 2811/4066/2432 2807/4060/2432
f 2810/4063/2433 2790/4041/2433 2814/4067/2433 2834/4089/2433
f 2789/4043/2434 2793/4046/2434 2817/4072/2434 2813/4069/2434
f 2792/4044/2435 2796/4049/2435 2820/4075/2435 2816/4070/2435
f 2795/4047/2436 2799/4053/2436 2823/4079/2436 2819/4073/2436
f 2798/4050/2437 2802/4056/2437 2826/4082/2437 2822/4076/2437
f 2801/4054/2438 2805/4059/2438 2829/4085/2438 2825/4080/2438
f 2804/4057/2439 2808/4062/2439 2832/4088/2439 2828/4083/2439
f 2807/4060/2440 2811/4066/2440 2835/4092/2440 2831/4086/2440
f 2834/4089/2441 2814/4067/2441 2838/4093/2441 2858/4115/2441
f 2813/4069/2442 2817/4072/2442 2841/4098/2442 2837/4095/2442
f 2816/4070/2443 2820/4075/2443 2844/4101/2443 2840/4096/2443
f 2819/4073/2444 2823/4079/2444 2847/4105/2444 2843/4099/2444
f 2822/4076/2445 2826/4082/2445 2850/4108/2445 2846/4102/2445
f 2825/4080/2446 2829/4085/2446 2853/4111/2446 2849/4106/2446
f 2828/4083/2447 2832/4088/2447 2856/4114/2447 2852/4109/2447
f 2831/4086/2448 2835/4092/2448 2859/4118/2448 2855/4112/2448
f 2858/4115/2449 2838/4093/2449 2862/4119/2449 2882/4141/2449
f 2837/4095/2450 2841/4098/2450 2865/4124/2450 2861/4121/2450
f 2840/4096/2451 2844/4101/2451 2868/4127/2451 2864/4122/2451
f 2843/4099/2452 2847/4105/2452 2871/4131/2452 2867/4125/2452
f 2846/4102/2453 2850/4108/2453 2874/4134/2453 2870/4128/2453
f 2849/4106/2454 2853/4111/2454 2877/4137/2454 2873/4132/2454
f 2852/4109/2455 2856/4114/2455 2880/4140/2455 2876/4135/2455
f 2855/4112/2456 2859/4118/2456 2883/4144/2456 2879/4138/2456
f 2882/4141/2457 2862/4119/2457 2886/4145/2457 2906/4167/2457
f 2861/4121/2458 2865/4124/2458 2889/4150/2458 2885/4147/2458
f 2864/4122/2459 2868/4127/2459 2892/4153/2459 2888/4148/2459
f 2867/4125/2460 2871/4131/2460 2895/4157/2460 2891/4151/2460
f 2870/4128/2461 2874/4134/2461 2898/4160/2461 2894/4154/2461
f 2873/4132/2462 2877/4137/2462 2901/4163/2462 2897/4158/2462
f 2876/4135/2463 2880/4140/2463 2904/4166/2463 2900/4161/2463
f 2879/4138/2464 2883/4144/2464 2907/4170/2464 2903/4164/2464
f 2906/4167/2465 2886/4145/2465 2910/4171/2465 2930/4193/2465
f 2885/4147/2466 2889/4150/2466 2913/4176/2466 2909/4173/2466
f 2888/4148/2417 2892/4153/2417 2916/4179/2417 2912/4174/2417
f 2891/4151/2418 2895/4157/2418 2919/4183/2418 2915/4177/2418
f 2894/4154/2467 2898/4160/2467 2922/4186/2467 2918/4180/2467
f 2897/4158/2468 2901/4163/2468 2925/4189/2468 2921/4184/2468
f 2900/4161/2413 2904/4166/2413 2928/4192/2413 2924/4187/2413
f 2903/4164/2414 2907/4170/2414 2931/4196/2414 2927/4190/2414
f 2930/4193/2469 2910/4171/2469 2934/4197/2469 2954/4219/2469
f 2909/4173/2470 2913/4176/2470 2937/4202/2470 2933/4199/2470
f 2912/4174/2411 2916/4179/2411 2940/4205/2411 2936/4200/2411
f 2915/4177/2412 2919/4183/2412 2943/4209/2412 2939/4203/2412
f 2918/4180/2471 2922/4186/2471 2946/4212/2471 2942/4206/2471
f 2921/4184/2472 2925/4189/2472 2949/4215/2472 2945/4210/2472
f 2924/4187/2407 2928/4192/2407 2952/4218/2407 2948/4213/2407
f 2927/4190/2408 2931/4196/2408 2955/4222/2408 2951/4216/2408
f 2954/4251/2398 2934/4224/2398 2958/4223/2398 2978/4252/2398
f 2933/4199/2400 2937/4202/2400 2961/4231/2400 2957/4228/2400
f 2936/4200/2402 2940/4205/2402 2964/4234/2402 2960/4229/2402
f 2939/4203/2404 2943/4209/2404 2967/4238/2404 2963/4232/2404
f 2942/4235/2406 2946/4244/2406 2970/4243/2406 2966/4236/2406
f 2945/4210/2394 2949/4215/2394 2973/4247/2394 2969/4239/2394
f 2948/4213/2393 2952/4218/2393 2976/4250/2393 2972/4245/2393
f 2951/4216/2396 2955/4222/2396 2979/4254/2396 2975/4248/2396
f 2978/4252/2473 2958/4223/2473 2982/4255/2473 3002/4284/2473
f 2957/4257/2474 2961/4264/2474 2985/4263/2474 2981/4258/2474
f 2960/4229/2403 2964/4234/2403 2988/4267/2403 2984/4259/2403
f 2963/4232/2405 2967/4238/2405 2991/4270/2405 2987/4265/2405
f 2966/4236/2475 2970/4243/2475 2994/4274/2475 2990/4268/2475
f 2969/4271/2476 2973/4280/2476 2997/4279/2476 2993/4272/2476
f 2972/4245/2395 2976/4250/2395 3000/4283/2395 2996/4275/2395
f 2975/4248/2397 2979/4254/2397 3003/4286/2397 2999/4281/2397
f 3002/4284/2477 2982/4255/2477 3006/4287/2477 3026/4310/2477
f 2981/4258/2478 2985/4263/2478 3009/4293/2478 3005/4289/2478
f 2984/4259/2420 2988/4267/2420 3012/4296/2420 3008/4290/2420
f 2987/4265/2419 2991/4270/2419 3015/4299/2419 3011/4294/2419
f 2990/4268/2479 2994/4274/2479 3018/4302/2479 3014/4297/2479
f 2993/4272/2480 2997/4279/2480 3021/4306/2480 3017/4300/2480
f 2996/4275/2424 3000/4283/2424 3024/4309/2424 3020/4303/2424
f 2999/4281/2423 3003/4286/2423 3027/4312/2423 3023/4307/2423
f 3026/4310/2430 3006/4287/2430 3030/4313/2430 3050/4336/2430
f 3005/4289/2429 3009/4293/2429 3033/4319/2429 3029/4315/2429
f 3008/4290/2428 3012/4296/2428 3036/4322/2428 3032/4316/2428
f 3011/4294/2427 3015/4299/2427 3039/4325/2427 3035/4320/2427
f 3014/4297/2426 3018/4302/2426 3042/4328/2426 3038/4323/2426
f 3017/4300/2425 3021/4306/2425 3045/4332/2425 3041/4326/2425
f 3020/4303/2432 3024/4309/2432 3048/4335/2432 3044/4329/2432
f 3023/4307/2431 3027/4312/2431 3051/4338/2431 3047/4333/2431
f 3050/4336/2438 3030/4313/2438 3054/4339/2438 3074/4362/2438
f 3029/4315/2437 3033/4319/2437 3057/4345/2437 3053/4341/2437
f 3032/4316/2436 3036/4322/2436 3060/4348/2436 3056/4342/2436
f 3035/4320/2435 3039/4325/2435 3063/4351/2435 3059/4346/2435
f 3038/4323/2434 3042/4328/2434 3066/4354/2434 3062/4349/2434
f 3041/4326/2433 3045/4332/2433 3069/4358/2433 3065/4352/2433
f 3044/4329/2440 3048/4335/2440 3072/4361/2440 3068/4355/2440
f 3047/4333/2439 3051/4338/2439 3075/4364/2439 3071/4359/2439
f 3074/4362/2446 3054/4339/2446 3078/4365/2446 3098/4388/2446
f 3053/4341/2445 3057/4345/2445 3081/4371/2445 3077/4367/2445
f 3056/4342/2444 3060/4348/2444 3084/4374/2444 3080/4368/2444
f 3059/4346/2443 3063/4351/2443 3087/4377/2443 3083/4372/2443
f 3062/4349/2442 3066/4354/2442 3090/4380/2442 3086/4375/2442
f 3065/4352/2441 3069/4358/2441 3093/4384/2441 3089/4378/2441
f 3068/4355/2448 3072/4361/2448 3096/4387/2448 3092/4381/2448
f 3071/4359/2447 3075/4364/2447 3099/4390/2447 3095/4385/2447
f 3098/4388/2454 3078/4365/2454 3102/4391/2454 3122/4414/2454
f 3077/4367/2453 3081/4371/2453 3105/4397/2453 3101/4393/2453
f 3080/4368/2452 3084/4374/2452 3108/4400/2452 3104/4394/2452
f 3083/4372/2451 3087/4377/2451 3111/4403/2451 3107/4398/2451
f 3086/4375/2450 3090/4380/2450 3114/4406/2450 3110/4401/2450
f 3089/4378/2449 3093/4384/2449 3117/4410/2449 3113/4404/2449
f 3092/4381/2456 3096/4387/2456 3120/4413/2456 3116/4407/2456
f 3095/4385/2455 3099/4390/2455 3123/4416/2455 3119/4411/2455
f 3122/4414/2462 3102/4391/2462 3126/4417/2462 3146/4440/2462
f 3101/4393/2461 3105/4397/2461 3129/4423/2461 3125/4419/2461
f 3104/4394/2460 3108/4400/2460 3132/4426/2460 3128/4420/2460
f 3107/4398/2459 3111/4403/2459 3135/4429/2459 3131/4424/2459
f 3110/4401/2458 3114/4406/2458 3138/4432/2458 3134/4427/2458
f 3113/4404/2457 3117/4410/2457 3141/4436/2457 3137/4430/2457
f 3116/4407/2464 3120/4413/2464 3144/4439/2464 3140/4433/2464
f 3119/4411/2463 3123/4416/2463 3147/4442/2463 3143/4437/2463
o AK_magazine_baseplate_visual
v -0.083200 -0.193000 0.015200
v -0.083200 -0.192200 0.016000
v -0.084000 -0.192200 0.015200
v -0.083200 -0.192766 0.015766
v -0.083662 -0.192662 0.015662
v -0.083766 -0.192200 0.015766
v -0.083766 -0.192766 0.015200
v -0.083200 -0.181800 0.016000
v -0.083200 -0.181000 0.015200
v -0.084000 -0.181800 0.015200
v -0.083200 -0.181234 0.015766
v -0.083662 -0.181338 0.015662
v -0.083766 -0.181234 0.015200
v -0.083766 -0.181800 0.015766
v -0.083200 -0.193000 -0.015200
v -0.084000 -0.192200 -0.015200
v -0.083200 -0.192200 -0.016000
v -0.083766 -0.192766 -0.015200
v -0.083662 -0.192662 -0.015662
v -0.083766 -0.192200 -0.015766
v -0.083200 -0.192766 -0.015766
v -0.083200 -0.181000 -0.015200
v -0.083200 -0.181800 -0.016000
v -0.084000 -0.181800 -0.015200
v -0.083200 -0.181234 -0.015766
v -0.083662 -0.181338 -0.015662
v -0.083766 -0.181800 -0.015766
v -0.083766 -0.181234 -0.015200
v 0.033200 -0.193000 0.015200
v 0.034000 -0.192200 0.015200
v 0.033200 -0.192200 0.016000
v 0.033766 -0.192766 0.015200
v 0.033662 -0.192662 0.015662
v 0.033766 -0.192200 0.015766
v 0.033200 -0.192766 0.015766
v 0.033200 -0.181000 0.015200
v 0.033200 -0.181800 0.016000
v 0.034000 -0.181800 0.015200
v 0.033200 -0.181234 0.015766
v 0.033662 -0.181338 0.015662
v 0.033766 -0.181800 0.015766
v 0.033766 -0.181234 0.015200
v 0.033200 -0.193000 -0.015200
v 0.033200 -0.192200 -0.016000
v 0.034000 -0.192200 -0.015200
v 0.033200 -0.192766 -0.015766
v 0.033662 -0.192662 -0.015662
v 0.033766 -0.192200 -0.015766
v 0.033766 -0.192766 -0.015200
v 0.033200 -0.181000 -0.015200
v 0.034000 -0.181800 -0.015200
v 0.033200 -0.181800 -0.016000
v 0.033766 -0.181234 -0.015200
v 0.033662 -0.181338 -0.015662
v 0.033766 -0.181800 -0.015766
v 0.033200 -0.181234 -0.015766
vn -0.3251 -0.8881 0.3251
vn -0.3251 -0.3251 0.8881
vn -0.8881 -0.3251 0.3250
vn -0.3251 0.3251 0.8881
vn -0.3251 0.8881 0.3251
vn -0.8881 0.3251 0.3250
vn -0.3251 -0.8881 -0.3251
vn -0.8881 -0.3251 -0.3250
vn -0.3251 -0.3251 -0.8881
vn -0.3251 0.8881 -0.3251
vn -0.3251 0.3251 -0.8881
vn -0.8881 0.3251 -0.3250
vn 0.3251 -0.8881 0.3251
vn 0.8881 -0.3251 0.3250
vn 0.3251 -0.3251 0.8881
vn 0.3251 0.8881 0.3251
vn 0.3251 0.3251 0.8881
vn 0.8881 0.3251 0.3250
vn 0.3251 -0.8881 -0.3251
vn 0.3251 -0.3251 -0.8881
vn 0.8881 -0.3251 -0.3250
vn 0.3251 0.8881 -0.3251
vn 0.8881 0.3251 -0.3250
vn 0.3251 0.3251 -0.8881
vn -0.3827 -0.9239 -0.0000
vn -0.9239 -0.3827 -0.0000
vn -0.3827 -0.0000 0.9239
vn -0.9239 -0.0000 0.3827
vn -0.3827 0.9239 -0.0000
vn -0.9239 0.3827 -0.0000
vn -0.3827 -0.0000 -0.9239
vn -0.9239 -0.0000 -0.3827
vn -0.0000 -0.9239 -0.3827
vn -0.0000 -0.3827 -0.9239
vn -0.0000 0.9239 -0.3827
vn -0.0000 0.3827 -0.9239
vn 0.9239 -0.0000 -0.3827
vn 0.3827 -0.0000 -0.9239
vn 0.3827 -0.9239 -0.0000
vn 0.9239 -0.3827 -0.0000
vn 0.3827 0.9239 -0.0000
vn 0.9239 0.3827 -0.0000
vn 0.3827 -0.0000 0.9239
vn 0.9239 -0.0000 0.3827
vn -0.0000 -0.9239 0.3827
vn -0.0000 -0.3827 0.9239
vn -0.0000 0.9239 0.3827
vn -0.0000 0.3827 0.9239
vn -0.0000 -1.0000 -0.0000
vn -1.0000 -0.0000 -0.0000
vn -0.0000 -0.0000 1.0000
vn -0.0000 1.0000 -0.0000
vn -0.0000 -0.0000 -1.0000
vn 1.0000 -0.0000 -0.0000
vt 0.010716 0.010716
vt 0.003991 0.010716
vt 0.003991 0.006833
vt 0.010716 0.003991
vt 0.761021 0.010716
vt 0.761021 0.003991
vt 0.764904 0.003991
vt 0.767746 0.010716
vt 0.869885 0.266287
vt 0.876611 0.266287
vt 0.876611 0.270170
vt 0.869885 0.273013
vt 0.673588 0.010716
vt 0.666863 0.010716
vt 0.666863 0.006833
vt 0.673588 0.003991
vt 0.287720 0.989284
vt 0.287720 0.996009
vt 0.283837 0.996009
vt 0.280994 0.989284
vt 0.782453 0.266287
vt 0.782453 0.273013
vt 0.778570 0.273013
vt 0.775728 0.266287
vt 0.266287 0.010716
vt 0.266287 0.003991
vt 0.270170 0.003991
vt 0.273013 0.010716
vt 0.869885 0.010716
vt 0.869885 0.003991
vt 0.873768 0.003991
vt 0.876611 0.010716
vt 0.652156 0.989284
vt 0.658881 0.989284
vt 0.658881 0.993167
vt 0.652156 0.996009
vt 0.543291 0.989284
vt 0.550016 0.989284
vt 0.550016 0.993167
vt 0.543291 0.996009
vt 0.564724 0.989284
vt 0.564723 0.996009
vt 0.560840 0.996009
vt 0.557998 0.989284
vt 0.782453 0.010716
vt 0.775728 0.010716
vt 0.775728 0.006833
vt 0.782453 0.003991
vt 0.010716 0.989284
vt 0.010716 0.996009
vt 0.006833 0.996009
vt 0.003991 0.989284
vt 0.869885 0.287720
vt 0.869885 0.280994
vt 0.873768 0.280994
vt 0.876611 0.287720
vt 0.761021 0.989284
vt 0.767746 0.989284
vt 0.767746 0.993167
vt 0.761020 0.996009
vt 0.287720 0.010716
vt 0.280994 0.010716
vt 0.280994 0.006833
vt 0.287720 0.003991
vt 0.673588 0.989284
vt 0.673588 0.996009
vt 0.669705 0.996009
vt 0.666863 0.989284
vt 0.782453 0.287720
vt 0.775728 0.287720
vt 0.775728 0.283837
vt 0.782453 0.280994
vt 0.266287 0.989284
vt 0.273013 0.989284
vt 0.273013 0.993167
vt 0.266287 0.996009
vt 0.652156 0.010716
vt 0.652156 0.003991
vt 0.656039 0.003991
vt 0.658881 0.010716
vt 0.869885 0.543291
vt 0.876611 0.543291
vt 0.876611 0.547174
vt 0.869885 0.550016
vt 0.543291 0.010716
vt 0.543291 0.003991
vt 0.547174 0.003991
vt 0.550016 0.010716
vt 0.782453 0.543291
vt 0.782453 0.550016
vt 0.778570 0.550016
vt 0.775728 0.543291
vt 0.564724 0.010716
vt 0.557998 0.010716
vt 0.557998 0.006833
vt 0.564724 0.003991
s 0
usemtl MAT_metal_black_magazine
f 3149/4443/2481 3152/4444/2481 3153/4445/2481 3155/4446/2481
f 3150/4447/2482 3154/4448/2482 3153/4449/2482 3152/4450/2482
f 3151/4451/2483 3155/4452/2483 3153/4453/2483 3154/4454/2483
f 3156/4455/2484 3159/4456/2484 3160/4457/2484 3162/4458/2484
f 3157/4459/2485 3161/4460/2485 3160/4461/2485 3159/4462/2485
f 3158/4463/2486 3162/4464/2486 3160/4465/2486 3161/4466/2486
f 3163/4467/2487 3166/4468/2487 3167/4469/2487 3169/4470/2487
f 3164/4471/2488 3168/4472/2488 3167/4473/2488 3166/4474/2488
f 3165/4475/2489 3169/4476/2489 3167/4477/2489 3168/4478/2489
f 3170/4479/2490 3173/4480/2490 3174/4481/2490 3176/4482/2490
f 3171/4483/2491 3175/4484/2491 3174/4485/2491 3173/4486/2491
f 3172/4487/2492 3176/4488/2492 3174/4489/2492 3175/4490/2492
f 3177/4491/2493 3180/4492/2493 3181/4493/2493 3183/4494/2493
f 3178/4495/2494 3182/4496/2494 3181/4497/2494 3180/4498/2494
f 3179/4499/2495 3183/4500/2495 3181/4501/2495 3182/4502/2495
f 3184/4503/2496 3187/4504/2496 3188/4505/2496 3190/4506/2496
f 3185/4507/2497 3189/4508/2497 3188/4509/2497 3187/4510/2497
f 3186/4511/2498 3190/4512/2498 3188/4513/2498 3189/4514/2498
f 3191/4515/2499 3194/4516/2499 3195/4517/2499 3197/4518/2499
f 3192/4519/2500 3196/4520/2500 3195/4521/2500 3194/4522/2500
f 3193/4523/2501 3197/4524/2501 3195/4525/2501 3196/4526/2501
f 3198/4527/2502 3201/4528/2502 3202/4529/2502 3204/4530/2502
f 3199/4531/2503 3203/4532/2503 3202/4533/2503 3201/4534/2503
f 3200/4535/2504 3204/4536/2504 3202/4537/2504 3203/4538/2504
f 3163/4467/2505 3149/4443/2505 3155/4446/2505 3166/4468/2505
f 3166/4474/2506 3155/4452/2506 3151/4451/2506 3164/4471/2506
f 3150/4447/2507 3156/4455/2507 3162/4458/2507 3154/4448/2507
f 3154/4454/2508 3162/4464/2508 3158/4463/2508 3151/4451/2508
f 3157/4459/2509 3170/4479/2509 3176/4482/2509 3161/4460/2509
f 3161/4466/2510 3176/4488/2510 3172/4487/2510 3158/4463/2510
f 3171/4483/2511 3165/4475/2511 3168/4478/2511 3175/4484/2511
f 3175/4490/2512 3168/4472/2512 3164/4471/2512 3172/4487/2512
f 3191/4515/2513 3163/4467/2513 3169/4470/2513 3194/4516/2513
f 3194/4522/2514 3169/4476/2514 3165/4475/2514 3192/4519/2514
f 3170/4479/2515 3198/4527/2515 3204/4530/2515 3173/4480/2515
f 3173/4486/2516 3204/4536/2516 3200/4535/2516 3171/4483/2516
f 3199/4531/2517 3193/4523/2517 3196/4526/2517 3203/4532/2517
f 3203/4538/2518 3196/4520/2518 3192/4519/2518 3200/4535/2518
f 3177/4491/2519 3191/4515/2519 3197/4518/2519 3180/4492/2519
f 3180/4498/2520 3197/4524/2520 3193/4523/2520 3178/4495/2520
f 3198/4527/2521 3184/4503/2521 3190/4506/2521 3201/4528/2521
f 3201/4534/2522 3190/4512/2522 3186/4511/2522 3199/4531/2522
f 3185/4507/2523 3179/4499/2523 3182/4502/2523 3189/4508/2523
f 3189/4514/2524 3182/4496/2524 3178/4495/2524 3186/4511/2524
f 3149/4443/2525 3177/4491/2525 3183/4494/2525 3152/4444/2525
f 3152/4450/2526 3183/4500/2526 3179/4499/2526 3150/4447/2526
f 3184/4503/2527 3157/4459/2527 3159/4462/2527 3187/4504/2527
f 3187/4510/2528 3159/4456/2528 3156/4455/2528 3185/4507/2528
f 3163/4467/2529 3191/4515/2529 3177/4491/2529 3149/4443/2529
f 3151/4451/2530 3158/4463/2530 3172/4487/2530 3164/4471/2530
f 3179/4499/2531 3185/4507/2531 3156/4455/2531 3150/4447/2531
f 3198/4527/2532 3170/4479/2532 3157/4459/2532 3184/4503/2532
f 3165/4475/2533 3171/4483/2533 3200/4535/2533 3192/4519/2533
f 3193/4523/2534 3199/4531/2534 3186/4511/2534 3178/4495/2534
o AK_magazine_front_spine_visual
v 0.060100 -0.175000 0.012400
v 0.060100 -0.174400 0.013000
v 0.059500 -0.174400 0.012400
v 0.060100 -0.174824 0.012824
v 0.059754 -0.174746 0.012746
v 0.059676 -0.174400 0.012824
v 0.059676 -0.174824 0.012400
v 0.060100 -0.035600 0.013000
v 0.060100 -0.035000 0.012400
v 0.059500 -0.035600 0.012400
v 0.060100 -0.035176 0.012824
v 0.059754 -0.035254 0.012746
v 0.059676 -0.035176 0.012400
v 0.059676 -0.035600 0.012824
v 0.060100 -0.175000 -0.012400
v 0.059500 -0.174400 -0.012400
v 0.060100 -0.174400 -0.013000
v 0.059676 -0.174824 -0.012400
v 0.059754 -0.174746 -0.012746
v 0.059676 -0.174400 -0.012824
v 0.060100 -0.174824 -0.012824
v 0.060100 -0.035000 -0.012400
v 0.060100 -0.035600 -0.013000
v 0.059500 -0.035600 -0.012400
v 0.060100 -0.035176 -0.012824
v 0.059754 -0.035254 -0.012746
v 0.059676 -0.035600 -0.012824
v 0.059676 -0.035176 -0.012400
v 0.066900 -0.175000 0.012400
v 0.067500 -0.174400 0.012400
v 0.066900 -0.174400 0.013000
v 0.067324 -0.174824 0.012400
v 0.067246 -0.174746 0.012746
v 0.067324 -0.174400 0.012824
v 0.066900 -0.174824 0.012824
v 0.066900 -0.035000 0.012400
v 0.066900 -0.035600 0.013000
v 0.067500 -0.035600 0.012400
v 0.066900 -0.035176 0.012824
v 0.067246 -0.035254 0.012746
v 0.067324 -0.035600 0.012824
v 0.067324 -0.035176 0.012400
v 0.066900 -0.175000 -0.012400
v 0.066900 -0.174400 -0.013000
v 0.067500 -0.174400 -0.012400
v 0.066900 -0.174824 -0.012824
v 0.067246 -0.174746 -0.012746
v 0.067324 -0.174400 -0.012824
v 0.067324 -0.174824 -0.012400
v 0.066900 -0.035000 -0.012400
v 0.067500 -0.035600 -0.012400
v 0.066900 -0.035600 -0.013000
v 0.067324 -0.035176 -0.012400
v 0.067246 -0.035254 -0.012746
v 0.067324 -0.035600 -0.012824
v 0.066900 -0.035176 -0.012824
vn -0.3251 -0.8881 0.3251
vn -0.3251 -0.3251 0.8881
vn -0.8881 -0.3251 0.3251
vn -0.3251 0.3251 0.8881
vn -0.3251 0.8881 0.3251
vn -0.8881 0.3251 0.3251
vn -0.3251 -0.8881 -0.3251
vn -0.8881 -0.3251 -0.3251
vn -0.3251 -0.3251 -0.8881
vn -0.3251 0.8881 -0.3251
vn -0.3251 0.3251 -0.8881
vn -0.8881 0.3251 -0.3251
vn 0.3251 -0.8881 0.3251
vn 0.8881 -0.3251 0.3251
vn 0.3251 -0.3251 0.8881
vn 0.3251 0.8881 0.3251
vn 0.3251 0.3251 0.8881
vn 0.8881 0.3251 0.3251
vn 0.3251 -0.8881 -0.3251
vn 0.3251 -0.3251 -0.8881
vn 0.8881 -0.3251 -0.3251
vn 0.3251 0.8881 -0.3251
vn 0.8881 0.3251 -0.3251
vn 0.3251 0.3251 -0.8881
vn -0.3827 -0.9239 -0.0000
vn -0.9239 -0.3827 -0.0000
vn -0.3827 -0.0000 0.9239
vn -0.9239 -0.0000 0.3827
vn -0.3827 0.9239 -0.0000
vn -0.9239 0.3827 -0.0000
vn -0.3827 -0.0000 -0.9239
vn -0.9239 -0.0000 -0.3827
vn -0.0000 -0.9239 -0.3827
vn -0.0000 -0.3827 -0.9239
vn -0.0000 0.9239 -0.3827
vn -0.0000 0.3827 -0.9239
vn 0.9239 -0.0000 -0.3827
vn 0.3827 -0.0000 -0.9239
vn 0.3827 -0.9239 -0.0000
vn 0.9239 -0.3827 -0.0000
vn 0.3827 0.9239 -0.0000
vn 0.9239 0.3827 -0.0000
vn 0.3827 -0.0000 0.9239
vn 0.9239 -0.0000 0.3827
vn -0.0000 -0.9239 0.3827
vn -0.0000 -0.3827 0.9239
vn -0.0000 0.9239 0.3827
vn -0.0000 0.3827 0.9239
vn -0.0000 -1.0000 -0.0000
vn -1.0000 -0.0000 -0.0000
vn -0.0000 -0.0000 1.0000
vn -0.0000 1.0000 -0.0000
vn -0.0000 -0.0000 -1.0000
vn 1.0000 -0.0000 -0.0000
vt 0.562919 0.007332
vt 0.562919 0.003073
vt 0.565378 0.003073
vt 0.567178 0.007332
vt 0.499981 0.992668
vt 0.504240 0.992668
vt 0.504240 0.995127
vt 0.499981 0.996927
vt 0.007332 0.992668
vt 0.007332 0.996927
vt 0.004873 0.996927
vt 0.003073 0.992668
vt 0.499981 0.007332
vt 0.499981 0.003073
vt 0.502440 0.003073
vt 0.504240 0.007332
vt 0.514646 0.198051
vt 0.510386 0.198051
vt 0.510386 0.195592
vt 0.514646 0.193792
vt 0.007332 0.007332
vt 0.003073 0.007332
vt 0.003073 0.004873
vt 0.007332 0.003073
vt 0.562919 0.183387
vt 0.567178 0.183387
vt 0.567178 0.185846
vt 0.562919 0.187646
vt 0.183387 0.992668
vt 0.187646 0.992668
vt 0.187646 0.995127
vt 0.183387 0.996927
vt 0.388770 0.992668
vt 0.388770 0.996927
vt 0.386311 0.996927
vt 0.384511 0.992668
vt 0.514646 0.374105
vt 0.514646 0.378365
vt 0.512187 0.378365
vt 0.510386 0.374105
vt 0.388770 0.007332
vt 0.384511 0.007332
vt 0.384511 0.004873
vt 0.388770 0.003073
vt 0.183387 0.007332
vt 0.183387 0.003073
vt 0.185846 0.003073
vt 0.187646 0.007332
vt 0.514646 0.007332
vt 0.510386 0.007332
vt 0.510386 0.004873
vt 0.514646 0.003073
vt 0.374105 0.992668
vt 0.378365 0.992668
vt 0.378365 0.995127
vt 0.374105 0.996927
vt 0.451708 0.992668
vt 0.451708 0.996927
vt 0.449249 0.996927
vt 0.447449 0.992668
vt 0.562919 0.198051
vt 0.562919 0.193792
vt 0.565378 0.193792
vt 0.567178 0.198051
vt 0.451708 0.007332
vt 0.447449 0.007332
vt 0.447449 0.004873
vt 0.451708 0.003073
vt 0.374105 0.007332
vt 0.374105 0.003073
vt 0.376565 0.003073
vt 0.378365 0.007332
vt 0.514646 0.183387
vt 0.514646 0.187646
vt 0.512187 0.187646
vt 0.510386 0.183387
vt 0.437043 0.992668
vt 0.441303 0.992668
vt 0.441303 0.995127
vt 0.437043 0.996927
vt 0.198051 0.992668
vt 0.198051 0.996927
vt 0.195592 0.996927
vt 0.193792 0.992668
vt 0.562919 0.374105
vt 0.567178 0.374105
vt 0.567178 0.376565
vt 0.562919 0.378365
vt 0.198051 0.007332
vt 0.193792 0.007332
vt 0.193792 0.004873
vt 0.198051 0.003073
vt 0.437043 0.007332
vt 0.437043 0.003073
vt 0.439502 0.003073
vt 0.441303 0.007332
s 0
usemtl MAT_metal_black_magazine
f 3205/4539/2535 3208/4540/2535 3209/4541/2535 3211/4542/2535
f 3206/4543/2536 3210/4544/2536 3209/4545/2536 3208/4546/2536
f 3207/4547/2537 3211/4548/2537 3209/4549/2537 3210/4550/2537
f 3212/4551/2538 3215/4552/2538 3216/4553/2538 3218/4554/2538
f 3213/4555/2539 3217/4556/2539 3216/4557/2539 3215/4558/2539
f 3214/4559/2540 3218/4560/2540 3216/4561/2540 3217/4562/2540
f 3219/4563/2541 3222/4564/2541 3223/4565/2541 3225/4566/2541
f 3220/4567/2542 3224/4568/2542 3223/4569/2542 3222/4570/2542
f 3221/4571/2543 3225/4572/2543 3223/4573/2543 3224/4574/2543
f 3226/4575/2544 3229/4576/2544 3230/4577/2544 3232/4578/2544
f 3227/4579/2545 3231/4580/2545 3230/4581/2545 3229/4582/2545
f 3228/4583/2546 3232/4584/2546 3230/4585/2546 3231/4586/2546
f 3233/4587/2547 3236/4588/2547 3237/4589/2547 3239/4590/2547
f 3234/4591/2548 3238/4592/2548 3237/4593/2548 3236/4594/2548
f 3235/4595/2549 3239/4596/2549 3237/4597/2549 3238/4598/2549
f 3240/4599/2550 3243/4600/2550 3244/4601/2550 3246/4602/2550
f 3241/4603/2551 3245/4604/2551 3244/4605/2551 3243/4606/2551
f 3242/4607/2552 3246/4608/2552 3244/4609/2552 3245/4610/2552
f 3247/4611/2553 3250/4612/2553 3251/4613/2553 3253/4614/2553
f 3248/4615/2554 3252/4616/2554 3251/4617/2554 3250/4618/2554
f 3249/4619/2555 3253/4620/2555 3251/4621/2555 3252/4622/2555
f 3254/4623/2556 3257/4624/2556 3258/4625/2556 3260/4626/2556
f 3255/4627/2557 3259/4628/2557 3258/4629/2557 3257/4630/2557
f 3256/4631/2558 3260/4632/2558 3258/4633/2558 3259/4634/2558
f 3219/4563/2559 3205/4539/2559 3211/4542/2559 3222/4564/2559
f 3222/4570/2560 3211/4548/2560 3207/4547/2560 3220/4567/2560
f 3206/4543/2561 3212/4551/2561 3218/4554/2561 3210/4544/2561
f 3210/4550/2562 3218/4560/2562 3214/4559/2562 3207/4547/2562
f 3213/4555/2563 3226/4575/2563 3232/4578/2563 3217/4556/2563
f 3217/4562/2564 3232/4584/2564 3228/4583/2564 3214/4559/2564
f 3227/4579/2565 3221/4571/2565 3224/4574/2565 3231/4580/2565
f 3231/4586/2566 3224/4568/2566 3220/4567/2566 3228/4583/2566
f 3247/4611/2567 3219/4563/2567 3225/4566/2567 3250/4612/2567
f 3250/4618/2568 3225/4572/2568 3221/4571/2568 3248/4615/2568
f 3226/4575/2569 3254/4623/2569 3260/4626/2569 3229/4576/2569
f 3229/4582/2570 3260/4632/2570 3256/4631/2570 3227/4579/2570
f 3255/4627/2571 3249/4619/2571 3252/4622/2571 3259/4628/2571
f 3259/4634/2572 3252/4616/2572 3248/4615/2572 3256/4631/2572
f 3233/4587/2573 3247/4611/2573 3253/4614/2573 3236/4588/2573
f 3236/4594/2574 3253/4620/2574 3249/4619/2574 3234/4591/2574
f 3254/4623/2575 3240/4599/2575 3246/4602/2575 3257/4624/2575
f 3257/4630/2576 3246/4608/2576 3242/4607/2576 3255/4627/2576
f 3241/4603/2577 3235/4595/2577 3238/4598/2577 3245/4604/2577
f 3245/4610/2578 3238/4592/2578 3234/4591/2578 3242/4607/2578
f 3205/4539/2579 3233/4587/2579 3239/4590/2579 3208/4540/2579
f 3208/4546/2580 3239/4596/2580 3235/4595/2580 3206/4543/2580
f 3240/4599/2581 3213/4555/2581 3215/4558/2581 3243/4600/2581
f 3243/4606/2582 3215/4552/2582 3212/4551/2582 3241/4603/2582
f 3219/4563/2583 3247/4611/2583 3233/4587/2583 3205/4539/2583
f 3207/4547/2584 3214/4559/2584 3228/4583/2584 3220/4567/2584
f 3235/4595/2585 3241/4603/2585 3212/4551/2585 3206/4543/2585
f 3254/4623/2586 3226/4575/2586 3213/4555/2586 3240/4599/2586
f 3221/4571/2587 3227/4579/2587 3256/4631/2587 3248/4615/2587
f 3249/4619/2588 3255/4627/2588 3242/4607/2588 3234/4591/2588
o AK_magazine_main
v -0.031667 -0.030000 -0.004167
v -0.031667 -0.030000 0.004167
v -0.068333 -0.030000 -0.004167
v -0.068333 -0.030000 0.004167
v -0.008333 -0.180000 -0.004167
v -0.008333 -0.180000 0.004167
v 0.028333 -0.180000 -0.004167
v 0.028333 -0.180000 0.004167
v -0.025000 -0.130000 0.012500
v -0.061667 -0.130000 0.012500
v -0.031667 -0.080000 0.012500
v -0.068333 -0.080000 0.012500
v 0.005000 -0.080000 -0.004167
v 0.005000 -0.080000 0.004167
v -0.061667 -0.130000 -0.012500
v -0.025000 -0.130000 -0.012500
v -0.068333 -0.080000 -0.012500
v -0.031667 -0.080000 -0.012500
v -0.105000 -0.080000 0.004167
v -0.105000 -0.080000 -0.004167
v -0.043000 -0.180000 0.010500
v -0.044911 -0.178000 0.012500
v -0.046459 -0.178632 0.010500
v -0.043955 -0.179414 0.011914
v -0.044902 -0.179341 0.011655
v -0.045865 -0.178569 0.011920
v -0.044842 -0.179599 0.010500
v -0.105000 -0.032000 0.010500
v -0.102832 -0.032000 0.012500
v -0.103000 -0.030000 0.010500
v -0.104330 -0.032000 0.011914
v -0.104119 -0.030845 0.011655
v -0.102916 -0.030586 0.011914
v -0.104449 -0.030586 0.010500
v -0.046459 -0.178632 -0.010500
v -0.044911 -0.178000 -0.012500
v -0.043000 -0.180000 -0.010500
v -0.045865 -0.178569 -0.011920
v -0.044902 -0.179341 -0.011655
v -0.043955 -0.179414 -0.011914
v -0.044842 -0.179599 -0.010500
v -0.103000 -0.030000 -0.010500
v -0.102832 -0.032000 -0.012500
v -0.105000 -0.032000 -0.010500
v -0.102916 -0.030586 -0.011914
v -0.104119 -0.030845 -0.011655
v -0.104367 -0.032000 -0.011911
v -0.104414 -0.030586 -0.010500
v 0.063541 -0.178632 0.010500
v 0.060644 -0.178000 0.012500
v 0.063000 -0.180000 0.010500
v 0.062197 -0.177989 0.011918
v 0.063184 -0.179221 0.011655
v 0.061822 -0.179414 0.011914
v 0.063987 -0.179599 0.010500
v 0.003000 -0.030000 0.010500
v 0.002832 -0.032000 0.012500
v 0.005000 -0.032000 0.010500
v 0.002916 -0.030586 0.011914
v 0.004119 -0.030845 0.011655
v 0.004367 -0.032000 0.011911
v 0.004414 -0.030586 0.010500
v 0.060644 -0.178000 -0.012500
v 0.063541 -0.178632 -0.010500
v 0.063000 -0.180000 -0.010500
v 0.062197 -0.177989 -0.011918
v 0.063184 -0.179221 -0.011655
v 0.063987 -0.179599 -0.010500
v 0.061822 -0.179414 -0.011914
v 0.003000 -0.030000 -0.010500
v 0.005000 -0.032000 -0.010500
v 0.002832 -0.032000 -0.012500
v 0.004449 -0.030586 -0.010500
v 0.004119 -0.030845 -0.011655
v 0.004330 -0.032000 -0.011914
v 0.002916 -0.030586 -0.011914
v -0.043000 -0.180000 -0.004167
v -0.046459 -0.178632 -0.004167
v -0.044842 -0.179599 -0.004167
v -0.046459 -0.178632 0.004167
v -0.043000 -0.180000 0.004167
v -0.044842 -0.179599 0.004167
v -0.096874 -0.131368 0.010500
v -0.096139 -0.130000 0.012500
v -0.098598 -0.128018 0.010500
v -0.096732 -0.130888 0.011921
v -0.097664 -0.129918 0.011655
v -0.097822 -0.129027 0.011912
v -0.097983 -0.129820 0.010500
v -0.105000 -0.080000 0.010500
v -0.102826 -0.080000 0.012500
v -0.104363 -0.080000 0.011914
v -0.103000 -0.030000 0.004167
v -0.105000 -0.032000 0.004167
v -0.104414 -0.030586 0.004167
v -0.105000 -0.032000 -0.004167
v -0.103000 -0.030000 -0.004167
v -0.104414 -0.030586 -0.004167
v -0.102826 -0.080000 -0.012500
v -0.105000 -0.080000 -0.010500
v -0.104363 -0.080000 -0.011914
v -0.096874 -0.131368 -0.010500
v -0.098598 -0.128018 -0.010500
v -0.096139 -0.130000 -0.012500
v -0.097983 -0.129820 -0.010500
v -0.097664 -0.129918 -0.011655
v -0.097822 -0.129027 -0.011912
v -0.096732 -0.130888 -0.011921
v 0.028333 -0.180000 -0.010500
v 0.026200 -0.178000 -0.012500
v 0.027708 -0.179414 -0.011914
v -0.010467 -0.178000 -0.012500
v -0.008333 -0.180000 -0.010500
v -0.008958 -0.179414 -0.011914
v -0.068333 -0.030000 -0.010500
v -0.068333 -0.032000 -0.012500
v -0.068333 -0.030586 -0.011914
v -0.031667 -0.032000 -0.012500
v -0.031667 -0.030000 -0.010500
v -0.031667 -0.030586 -0.011914
v 0.005000 -0.080000 -0.010500
v 0.002826 -0.080000 -0.012500
v 0.004363 -0.080000 -0.011914
v 0.009472 -0.130000 -0.012500
v 0.011402 -0.128018 -0.010500
v 0.013126 -0.131368 -0.010500
v 0.010881 -0.128918 -0.011912
v 0.011466 -0.129775 -0.011655
v 0.012017 -0.129820 -0.010500
v 0.011353 -0.130313 -0.011917
v 0.063000 -0.180000 0.004167
v 0.063541 -0.178632 0.004167
v 0.063987 -0.179599 0.004167
v 0.063541 -0.178632 -0.004167
v 0.063000 -0.180000 -0.004167
v 0.063987 -0.179599 -0.004167
v 0.003000 -0.030000 -0.004167
v 0.005000 -0.032000 -0.004167
v 0.004414 -0.030586 -0.004167
v 0.005000 -0.032000 0.004167
v 0.003000 -0.030000 0.004167
v 0.004414 -0.030586 0.004167
v 0.002826 -0.080000 0.012500
v 0.005000 -0.080000 0.010500
v 0.004363 -0.080000 0.011914
v 0.013126 -0.131368 0.010500
v 0.011402 -0.128018 0.010500
v 0.009472 -0.130000 0.012500
v 0.012017 -0.129820 0.010500
v 0.011466 -0.129775 0.011655
v 0.010881 -0.128918 0.011912
v 0.011353 -0.130313 0.011917
v -0.008333 -0.180000 0.010500
v -0.010467 -0.178000 0.012500
v -0.008958 -0.179414 0.011914
v 0.026200 -0.178000 0.012500
v 0.028333 -0.180000 0.010500
v 0.027708 -0.179414 0.011914
v -0.031667 -0.030000 0.010500
v -0.031667 -0.032000 0.012500
v -0.031667 -0.030586 0.011914
v -0.068333 -0.032000 0.012500
v -0.068333 -0.030000 0.010500
v -0.068333 -0.030586 0.011914
v 0.011402 -0.128018 -0.004167
v 0.013126 -0.131368 -0.004167
v 0.012017 -0.129820 -0.004167
v 0.013126 -0.131368 0.004167
v 0.011402 -0.128018 0.004167
v 0.012017 -0.129820 0.004167
v -0.098598 -0.128018 0.004167
v -0.096874 -0.131368 0.004167
v -0.097983 -0.129820 0.004167
v -0.096874 -0.131368 -0.004167
v -0.098598 -0.128018 -0.004167
v -0.097983 -0.129820 -0.004167
v -0.045500 -0.191000 0.013000
v -0.045500 -0.189000 0.015000
v -0.047500 -0.189000 0.013000
v -0.045500 -0.190414 0.014414
v -0.046655 -0.190155 0.014155
v -0.046914 -0.189000 0.014414
v -0.046914 -0.190414 0.013000
v -0.045500 -0.181000 0.015000
v -0.045500 -0.179000 0.013000
v -0.047500 -0.181000 0.013000
v -0.045500 -0.179586 0.014414
v -0.046655 -0.179845 0.014155
v -0.046914 -0.179586 0.013000
v -0.046914 -0.181000 0.014414
v -0.045500 -0.191000 -0.013000
v -0.047500 -0.189000 -0.013000
v -0.045500 -0.189000 -0.015000
v -0.046914 -0.190414 -0.013000
v -0.046655 -0.190155 -0.014155
v -0.046914 -0.189000 -0.014414
v -0.045500 -0.190414 -0.014414
v -0.045500 -0.179000 -0.013000
v -0.045500 -0.181000 -0.015000
v -0.047500 -0.181000 -0.013000
v -0.045500 -0.179586 -0.014414
v -0.046655 -0.179845 -0.014155
v -0.046914 -0.181000 -0.014414
v -0.046914 -0.179586 -0.013000
v 0.065500 -0.191000 0.013000
v 0.067500 -0.189000 0.013000
v 0.065500 -0.189000 0.015000
v 0.066914 -0.190414 0.013000
v 0.066655 -0.190155 0.014155
v 0.066914 -0.189000 0.014414
v 0.065500 -0.190414 0.014414
v 0.065500 -0.179000 0.013000
v 0.065500 -0.181000 0.015000
v 0.067500 -0.181000 0.013000
v 0.065500 -0.179586 0.014414
v 0.066655 -0.179845 0.014155
v 0.066914 -0.181000 0.014414
v 0.066914 -0.179586 0.013000
v 0.065500 -0.191000 -0.013000
v 0.065500 -0.189000 -0.015000
v 0.067500 -0.189000 -0.013000
v 0.065500 -0.190414 -0.014414
v 0.066655 -0.190155 -0.014155
v 0.066914 -0.189000 -0.014414
v 0.066914 -0.190414 -0.013000
v 0.065500 -0.179000 -0.013000
v 0.067500 -0.181000 -0.013000
v 0.065500 -0.181000 -0.015000
v 0.066914 -0.179586 -0.013000
v 0.066655 -0.179845 -0.014155
v 0.066914 -0.181000 -0.014414
v 0.065500 -0.179586 -0.014414
vn -0.0000 1.0000 -0.0000
vn -0.0000 -1.0000 -0.0000
vn -0.0000 -0.0000 1.0000
vn -0.0000 -0.0000 -1.0000
vn -0.1842 -0.9531 0.2402
vn -0.2276 -0.5202 0.8232
vn -0.5311 -0.8203 0.2123
vn -0.8790 0.2984 0.3720
vn -0.3109 0.3109 0.8981
vn -0.3156 0.8851 0.3420
vn -0.5311 -0.8203 -0.2123
vn -0.2276 -0.5202 -0.8232
vn -0.1842 -0.9531 -0.2402
vn -0.3194 0.8852 -0.3383
vn -0.3080 0.3142 -0.8980
vn -0.8800 0.3206 -0.3506
vn 0.7669 0.4443 0.4631
vn 0.2814 -0.0768 0.9565
vn 0.2634 -0.8186 0.5104
vn 0.3194 0.8852 0.3383
vn 0.3080 0.3142 0.8980
vn 0.8800 0.3206 0.3506
vn 0.2814 -0.0768 -0.9565
vn 0.7669 0.4443 -0.4631
vn 0.2634 -0.8186 -0.5104
vn 0.3156 0.8851 -0.3420
vn 0.8790 0.2984 -0.3720
vn 0.3109 0.3109 -0.8981
vn -0.7682 -0.5989 0.2263
vn -0.4772 -0.2755 0.8345
vn -0.9192 -0.2890 0.2674
vn -0.7682 -0.5989 -0.2263
vn -0.9192 -0.2890 -0.2674
vn -0.4772 -0.2755 -0.8345
vn 0.3746 0.1301 -0.9180
vn 0.8274 0.3288 -0.4552
vn 0.7548 0.4236 -0.5009
vn 0.7548 0.4236 0.5009
vn 0.8274 0.3288 0.4552
vn 0.3746 0.1301 0.9180
vn -0.3251 -0.8881 0.3251
vn -0.3251 -0.3251 0.8881
vn -0.8881 -0.3251 0.3251
vn -0.3251 0.3251 0.8881
vn -0.3251 0.8881 0.3251
vn -0.8881 0.3251 0.3251
vn -0.3251 -0.8881 -0.3251
vn -0.8881 -0.3251 -0.3251
vn -0.3251 -0.3251 -0.8881
vn -0.3251 0.8881 -0.3251
vn -0.3251 0.3251 -0.8881
vn -0.8881 0.3251 -0.3251
vn 0.3251 -0.8881 0.3251
vn 0.8881 -0.3251 0.3251
vn 0.3251 -0.3251 0.8881
vn 0.3251 0.8881 0.3251
vn 0.3251 0.3251 0.8881
vn 0.8881 0.3251 0.3251
vn 0.3251 -0.8881 -0.3251
vn 0.3251 -0.3251 -0.8881
vn 0.8881 -0.3251 -0.3251
vn 0.3251 0.8881 -0.3251
vn 0.8881 0.3251 -0.3251
vn 0.3251 0.3251 -0.8881
vn -0.2126 -0.9771 -0.0000
vn -0.5132 -0.8583 -0.0000
vn -0.3601 0.0001 0.9329
vn -0.9078 0.0003 0.4193
vn -0.3827 0.9239 -0.0000
vn -0.9239 0.3827 -0.0000
vn -0.3278 -0.3497 -0.8776
vn -0.6520 -0.6955 -0.3018
vn -0.0000 -0.9239 -0.3827
vn -0.0000 -0.3827 -0.9239
vn -0.0000 0.9239 -0.3827
vn -0.0000 0.3827 -0.9239
vn 0.6524 0.6958 -0.3004
vn 0.3283 0.3501 -0.8773
vn 0.3762 -0.9266 -0.0000
vn 0.9081 0.4187 -0.0000
vn 0.3827 0.9239 -0.0000
vn 0.9239 0.3827 -0.0000
vn 0.3283 0.3501 0.8773
vn 0.6524 0.6958 0.3004
vn -0.0000 -0.9239 0.3827
vn -0.0000 -0.3827 0.9239
vn -0.0000 0.9239 0.3827
vn -0.0000 0.3827 0.9239
vn -0.3278 -0.3497 0.8776
vn -0.6520 -0.6955 0.3018
vn -0.3546 -0.0474 0.9338
vn -0.9045 -0.1207 0.4090
vn -0.3787 0.9255 -0.0010
vn -0.9278 0.3729 -0.0025
vn -0.3571 -0.0000 -0.9341
vn -0.9121 -0.0000 -0.4099
vn -0.3546 -0.0474 -0.9338
vn -0.9045 -0.1207 -0.4090
vn 0.9078 0.0003 -0.4193
vn 0.3601 0.0001 -0.9329
vn 0.9045 0.1206 -0.4090
vn 0.3547 0.0472 -0.9338
vn 0.3787 0.9255 0.0010
vn 0.9278 0.3729 0.0025
vn 0.3571 -0.0000 0.9341
vn 0.9121 -0.0000 0.4099
vn 0.3547 0.0472 0.9338
vn 0.9045 0.1206 0.4090
vn 0.9465 0.3226 -0.0000
vn 0.8129 0.5825 -0.0000
vn -0.9465 -0.3226 -0.0000
vn -0.8129 -0.5825 -0.0000
vn -0.3827 -0.9239 -0.0000
vn -0.9239 -0.3827 -0.0000
vn -0.3827 -0.0000 0.9239
vn -0.9239 -0.0000 0.3827
vn -0.3827 -0.0000 -0.9239
vn -0.9239 -0.0000 -0.3827
vn 0.9239 -0.0000 -0.3827
vn 0.3827 -0.0000 -0.9239
vn 0.3827 -0.9239 -0.0000
vn 0.9239 -0.3827 -0.0000
vn 0.3827 -0.0000 0.9239
vn 0.9239 -0.0000 0.3827
vn -0.6839 -0.7295 -0.0000
vn -1.0000 -0.0000 -0.0000
vn 0.6839 0.7295 -0.0000
vn 1.0000 -0.0000 -0.0000
vn -0.9912 -0.1322 -0.0000
vn 0.9912 0.1322 -0.0000
vt 0.253081 0.631989
vt 0.253081 0.741565
vt 0.228177 0.741565
vt 0.228177 0.631989
vt 0.970303 0.273752
vt 0.970303 0.383328
vt 0.945399 0.383328
vt 0.945399 0.273752
vt 0.303636 0.243868
vt 0.154215 0.223945
vt 0.154215 0.114369
vt 0.303636 0.134292
vt 0.761487 0.383328
vt 0.612066 0.403250
vt 0.612066 0.293675
vt 0.761487 0.273752
vt 0.926473 0.170153
vt 0.920496 0.167298
vt 0.921759 0.164323
vt 0.926473 0.164176
vt 0.447081 0.184366
vt 0.449766 0.180589
vt 0.452283 0.183273
vt 0.453057 0.187221
vt 0.926473 0.159816
vt 0.920496 0.160666
vt 0.468621 0.528380
vt 0.462645 0.528380
vt 0.462645 0.524935
vt 0.468622 0.522413
vt 0.010770 0.011271
vt 0.004794 0.011021
vt 0.004794 0.007426
vt 0.010770 0.004794
vt 0.209250 0.845163
vt 0.209250 0.851140
vt 0.205800 0.851140
vt 0.203274 0.844913
vt 0.989230 0.159816
vt 0.995206 0.160666
vt 0.993943 0.163763
vt 0.989230 0.164176
vt 0.904932 0.333254
vt 0.910909 0.330399
vt 0.910909 0.333227
vt 0.907618 0.337031
vt 0.989230 0.170153
vt 0.995206 0.167298
vt 0.272007 0.845163
vt 0.277984 0.844913
vt 0.277984 0.848508
vt 0.272007 0.851140
vt 0.468622 0.506348
vt 0.468622 0.512826
vt 0.465171 0.512826
vt 0.462645 0.506599
vt 0.531378 0.528380
vt 0.531378 0.522413
vt 0.534829 0.522413
vt 0.537355 0.528380
vt 0.598368 0.526774
vt 0.592391 0.529869
vt 0.592391 0.526463
vt 0.598368 0.522413
vt 0.447081 0.499809
vt 0.453057 0.503329
vt 0.453057 0.507401
vt 0.446067 0.505370
vt 0.926473 0.486926
vt 0.926473 0.492903
vt 0.923022 0.492903
vt 0.920496 0.483406
vt 0.209250 0.528390
vt 0.203274 0.528641
vt 0.203274 0.525045
vt 0.209250 0.522413
vt 0.010770 0.327043
vt 0.010770 0.333520
vt 0.007320 0.333520
vt 0.004794 0.327293
vt 0.447081 0.528380
vt 0.447081 0.522413
vt 0.450531 0.522413
vt 0.453057 0.528380
vt 0.904932 0.017811
vt 0.903919 0.012250
vt 0.907112 0.008843
vt 0.910909 0.014291
vt 0.661125 0.526774
vt 0.661125 0.522413
vt 0.664575 0.522413
vt 0.667102 0.529869
vt 0.989230 0.486926
vt 0.995206 0.483406
vt 0.995206 0.487478
vt 0.989230 0.492903
vt 0.272007 0.528390
vt 0.272007 0.522413
vt 0.275458 0.522413
vt 0.277984 0.528641
vt 0.384324 0.528380
vt 0.378347 0.528380
vt 0.378347 0.524935
vt 0.384324 0.522413
vt 0.468622 0.190577
vt 0.462645 0.190326
vt 0.462645 0.186731
vt 0.468622 0.184099
vt 0.926473 0.009154
vt 0.920496 0.008665
vt 0.920496 0.005736
vt 0.926473 0.004794
vt 0.303636 0.031275
vt 0.300980 0.024362
vt 0.303636 0.024716
vt 0.307266 0.028588
vt 0.468622 0.815945
vt 0.468622 0.821905
vt 0.465171 0.821905
vt 0.462645 0.819233
vt 0.989230 0.009154
vt 0.989230 0.004794
vt 0.992680 0.004794
vt 0.995206 0.008665
vt 0.531379 0.815945
vt 0.537355 0.819233
vt 0.537355 0.821905
vt 0.531378 0.821905
vt 0.761487 0.486345
vt 0.765117 0.489032
vt 0.762371 0.491961
vt 0.758831 0.493257
vt 0.761487 0.170734
vt 0.758003 0.164641
vt 0.760748 0.164275
vt 0.761487 0.164176
vt 0.384324 0.815945
vt 0.384324 0.821905
vt 0.380873 0.821905
vt 0.378347 0.818399
vt 0.661125 0.677436
vt 0.667102 0.681796
vt 0.661125 0.681796
vt 0.598368 0.677436
vt 0.598368 0.681796
vt 0.594917 0.681796
vt 0.592391 0.681796
vt 0.447081 0.815945
vt 0.453057 0.818399
vt 0.453057 0.821161
vt 0.447081 0.821905
vt 0.303636 0.346885
vt 0.303636 0.353443
vt 0.300151 0.352979
vt 0.010770 0.528390
vt 0.004794 0.528390
vt 0.004794 0.524939
vt 0.010770 0.522413
vt 0.576827 0.528390
vt 0.576827 0.522413
vt 0.580277 0.522413
vt 0.582804 0.528390
vt 0.706525 0.606089
vt 0.712492 0.606089
vt 0.712492 0.609540
vt 0.706525 0.612066
vt 0.552919 0.528390
vt 0.546943 0.528390
vt 0.546943 0.524939
vt 0.552919 0.522413
vt 0.110010 0.860105
vt 0.110010 0.866082
vt 0.106560 0.866082
vt 0.104034 0.860105
vt 0.682656 0.606089
vt 0.682656 0.612066
vt 0.679211 0.612066
vt 0.676689 0.606089
vt 0.088470 0.528390
vt 0.088470 0.522413
vt 0.091920 0.522413
vt 0.094446 0.528390
vt 0.706525 0.528390
vt 0.706525 0.522413
vt 0.709970 0.522413
vt 0.712492 0.528390
vt 0.362783 0.860105
vt 0.368760 0.860105
vt 0.368760 0.863556
vt 0.362783 0.866082
vt 0.187709 0.860105
vt 0.193686 0.860105
vt 0.193686 0.863556
vt 0.187709 0.866082
vt 0.338875 0.860105
vt 0.338875 0.866082
vt 0.335425 0.866082
vt 0.332899 0.860105
vt 0.682656 0.528390
vt 0.676689 0.528390
vt 0.676689 0.524939
vt 0.682656 0.522413
vt 0.010770 0.860105
vt 0.010770 0.866082
vt 0.007320 0.866082
vt 0.004794 0.860105
vt 0.706525 0.627630
vt 0.706525 0.621653
vt 0.709970 0.621653
vt 0.712492 0.627630
vt 0.576827 0.860105
vt 0.582804 0.860105
vt 0.582804 0.863556
vt 0.576827 0.866082
vt 0.110010 0.528390
vt 0.104034 0.528390
vt 0.104034 0.524939
vt 0.110010 0.522413
vt 0.552919 0.860105
vt 0.552919 0.866082
vt 0.549469 0.866082
vt 0.546942 0.860105
vt 0.682656 0.627630
vt 0.676689 0.627630
vt 0.676689 0.624179
vt 0.682656 0.621653
vt 0.088470 0.860105
vt 0.094446 0.860105
vt 0.094446 0.863556
vt 0.088470 0.866082
vt 0.362783 0.528390
vt 0.362783 0.522413
vt 0.366234 0.522413
vt 0.368760 0.528390
vt 0.706525 0.705329
vt 0.712492 0.705329
vt 0.712492 0.708780
vt 0.706525 0.711306
vt 0.187710 0.528390
vt 0.187710 0.522413
vt 0.191160 0.522413
vt 0.193686 0.528390
vt 0.682656 0.705329
vt 0.682656 0.711306
vt 0.679211 0.711306
vt 0.676689 0.705329
vt 0.338875 0.528390
vt 0.332899 0.528390
vt 0.332899 0.524939
vt 0.338875 0.522413
vt 0.945399 0.170153
vt 0.945399 0.164176
vt 0.945399 0.159816
vt 0.154215 0.011291
vt 0.154340 0.004810
vt 0.462645 0.671719
vt 0.468622 0.671594
vt 0.253081 0.845163
vt 0.253081 0.851140
vt 0.512452 0.522413
vt 0.512452 0.528380
vt 0.989230 0.273752
vt 0.995206 0.272818
vt 0.910909 0.224878
vt 0.904932 0.230320
vt 0.272007 0.631989
vt 0.277984 0.631989
vt 0.462645 0.293675
vt 0.468622 0.293675
vt 0.970303 0.486926
vt 0.970303 0.492903
vt 0.642198 0.522413
vt 0.642198 0.526774
vt 0.228177 0.528390
vt 0.228177 0.522413
vt 0.428154 0.522413
vt 0.428154 0.528380
vt 0.926473 0.383328
vt 0.920496 0.382394
vt 0.453057 0.402317
vt 0.447081 0.396875
vt 0.209250 0.741565
vt 0.203274 0.741565
vt 0.004794 0.114369
vt 0.010770 0.114369
vt 0.970303 0.170153
vt 0.970303 0.164176
vt 0.970303 0.159816
vt 0.228177 0.845163
vt 0.228177 0.851140
vt 0.487548 0.522413
vt 0.487548 0.528380
vt 0.612066 0.506328
vt 0.612191 0.512809
vt 0.537355 0.671719
vt 0.531378 0.671594
vt 0.989230 0.383328
vt 0.995206 0.382394
vt 0.910909 0.115303
vt 0.904932 0.120745
vt 0.272007 0.741565
vt 0.277984 0.741565
vt 0.462645 0.403250
vt 0.468622 0.403250
vt 0.384324 0.671594
vt 0.378347 0.671594
vt 0.612066 0.184099
vt 0.612066 0.190597
vt 0.945399 0.486926
vt 0.945399 0.492903
vt 0.617294 0.522413
vt 0.617294 0.526774
vt 0.253081 0.528390
vt 0.253081 0.522413
vt 0.403250 0.522413
vt 0.403250 0.528380
vt 0.154215 0.327023
vt 0.154215 0.333520
vt 0.453057 0.671594
vt 0.447081 0.671594
vt 0.926473 0.273752
vt 0.920496 0.272818
vt 0.453057 0.292741
vt 0.447081 0.287300
vt 0.209250 0.631989
vt 0.203274 0.631989
vt 0.004794 0.223945
vt 0.010770 0.223945
vt 0.428154 0.815945
vt 0.428154 0.821905
vt 0.617294 0.681796
vt 0.617294 0.677436
vt 0.403250 0.815945
vt 0.403250 0.821905
vt 0.642198 0.681796
vt 0.642198 0.677436
vt 0.512452 0.815945
vt 0.512452 0.821905
vt 0.970303 0.004794
vt 0.970303 0.009154
vt 0.487548 0.815945
vt 0.487548 0.821905
vt 0.945399 0.004794
vt 0.945399 0.009154
vt 0.487548 0.671594
vt 0.512452 0.671594
vt 0.428154 0.671594
vt 0.403250 0.671594
s 0
usemtl MAT_metal_black_magazine
f 3261/4635/2589 3263/4636/2589 3264/4637/2589 3262/4638/2589
f 3265/4639/2590 3267/4640/2590 3268/4641/2590 3266/4642/2590
f 3269/4643/2591 3271/4644/2591 3272/4645/2591 3270/4646/2591
f 3275/4647/2592 3277/4648/2592 3278/4649/2592 3276/4650/2592
f 3281/4651/2593 3284/4652/2593 3285/4653/2593 3287/4654/2593
f 3282/4655/2594 3286/4656/2594 3285/4657/2594 3284/4658/2594
f 3283/4659/2595 3287/4654/2595 3285/4653/2595 3286/4660/2595
f 3288/4661/2596 3291/4662/2596 3292/4663/2596 3294/4664/2596
f 3289/4665/2597 3293/4666/2597 3292/4667/2597 3291/4668/2597
f 3290/4669/2598 3294/4670/2598 3292/4671/2598 3293/4672/2598
f 3295/4673/2599 3298/4674/2599 3299/4675/2599 3301/4676/2599
f 3296/4677/2600 3300/4678/2600 3299/4679/2600 3298/4680/2600
f 3297/4681/2601 3301/4676/2601 3299/4675/2601 3300/4682/2601
f 3302/4683/2602 3305/4684/2602 3306/4685/2602 3308/4686/2602
f 3303/4687/2603 3307/4688/2603 3306/4689/2603 3305/4690/2603
f 3304/4691/2604 3308/4692/2604 3306/4693/2604 3307/4694/2604
f 3309/4695/2605 3312/4696/2605 3313/4697/2605 3315/4698/2605
f 3310/4699/2606 3314/4700/2606 3313/4701/2606 3312/4702/2606
f 3311/4703/2607 3315/4704/2607 3313/4705/2607 3314/4706/2607
f 3316/4707/2608 3319/4708/2608 3320/4709/2608 3322/4710/2608
f 3317/4711/2609 3321/4712/2609 3320/4713/2609 3319/4714/2609
f 3318/4715/2610 3322/4716/2610 3320/4717/2610 3321/4718/2610
f 3323/4719/2611 3326/4720/2611 3327/4721/2611 3329/4722/2611
f 3324/4723/2612 3328/4724/2612 3327/4725/2612 3326/4726/2612
f 3325/4727/2613 3329/4728/2613 3327/4729/2613 3328/4730/2613
f 3330/4731/2614 3333/4732/2614 3334/4733/2614 3336/4734/2614
f 3331/4735/2615 3335/4736/2615 3334/4737/2615 3333/4738/2615
f 3332/4739/2616 3336/4740/2616 3334/4741/2616 3335/4742/2616
f 3343/4743/2617 3346/4744/2617 3347/4745/2617 3349/4746/2617
f 3344/4747/2618 3348/4748/2618 3347/4749/2618 3346/4750/2618
f 3345/4751/2619 3349/4752/2619 3347/4753/2619 3348/4754/2619
f 3362/4755/2620 3365/4756/2620 3366/4757/2620 3368/4758/2620
f 3363/4759/2621 3367/4760/2621 3366/4761/2621 3365/4762/2621
f 3364/4763/2622 3368/4764/2622 3366/4765/2622 3367/4766/2622
f 3384/4767/2623 3387/4768/2623 3388/4769/2623 3390/4770/2623
f 3385/4771/2624 3389/4772/2624 3388/4773/2624 3387/4774/2624
f 3386/4775/2625 3390/4776/2625 3388/4776/2625 3389/4777/2625
f 3406/4778/2626 3409/4779/2626 3410/4780/2626 3412/4781/2626
f 3407/4782/2627 3411/4783/2627 3410/4784/2627 3409/4785/2627
f 3408/4786/2628 3412/4787/2628 3410/4787/2628 3411/4788/2628
f 3437/4789/2629 3440/4790/2629 3441/4791/2629 3443/4792/2629
f 3438/4793/2630 3442/4794/2630 3441/4795/2630 3440/4796/2630
f 3439/4797/2631 3443/4798/2631 3441/4799/2631 3442/4800/2631
f 3444/4801/2632 3447/4802/2632 3448/4803/2632 3450/4804/2632
f 3445/4805/2633 3449/4806/2633 3448/4807/2633 3447/4808/2633
f 3446/4809/2634 3450/4810/2634 3448/4811/2634 3449/4812/2634
f 3451/4813/2635 3454/4814/2635 3455/4815/2635 3457/4816/2635
f 3452/4817/2636 3456/4818/2636 3455/4819/2636 3454/4820/2636
f 3453/4821/2637 3457/4822/2637 3455/4823/2637 3456/4824/2637
f 3458/4825/2638 3461/4826/2638 3462/4827/2638 3464/4828/2638
f 3459/4829/2639 3463/4830/2639 3462/4831/2639 3461/4832/2639
f 3460/4833/2640 3464/4834/2640 3462/4835/2640 3463/4836/2640
f 3465/4837/2641 3468/4838/2641 3469/4839/2641 3471/4840/2641
f 3466/4841/2642 3470/4842/2642 3469/4843/2642 3468/4844/2642
f 3467/4845/2643 3471/4846/2643 3469/4847/2643 3470/4848/2643
f 3472/4849/2644 3475/4850/2644 3476/4851/2644 3478/4852/2644
f 3473/4853/2645 3477/4854/2645 3476/4855/2645 3475/4856/2645
f 3474/4857/2646 3478/4858/2646 3476/4859/2646 3477/4860/2646
f 3479/4861/2647 3482/4862/2647 3483/4863/2647 3485/4864/2647
f 3480/4865/2648 3484/4866/2648 3483/4867/2648 3482/4868/2648
f 3481/4869/2649 3485/4870/2649 3483/4871/2649 3484/4872/2649
f 3486/4873/2650 3489/4874/2650 3490/4875/2650 3492/4876/2650
f 3487/4877/2651 3491/4878/2651 3490/4879/2651 3489/4880/2651
f 3488/4881/2652 3492/4882/2652 3490/4883/2652 3491/4884/2652
f 3341/4885/2653 3281/4651/2653 3287/4654/2653 3342/4886/2653
f 3342/4886/2654 3287/4654/2654 3283/4659/2654 3340/4887/2654
f 3351/4888/2655 3289/4665/2655 3291/4668/2655 3352/4889/2655
f 3352/4890/2656 3291/4662/2656 3288/4661/2656 3350/4891/2656
f 3357/4892/2657 3302/4683/2657 3308/4686/2657 3358/4893/2657
f 3358/4894/2658 3308/4692/2658 3304/4691/2658 3356/4895/2658
f 3364/4763/2659 3296/4677/2659 3298/4680/2659 3368/4764/2659
f 3368/4758/2660 3298/4674/2660 3295/4673/2660 3362/4755/2660
f 3373/4896/2661 3297/4681/2661 3300/4682/2661 3374/4897/2661
f 3374/4898/2662 3300/4678/2662 3296/4677/2662 3372/4899/2662
f 3379/4900/2663 3330/4731/2663 3336/4734/2663 3380/4901/2663
f 3380/4902/2664 3336/4740/2664 3332/4739/2664 3378/4903/2664
f 3386/4775/2665 3324/4723/2665 3326/4726/2665 3390/4776/2665
f 3390/4770/2666 3326/4720/2666 3323/4719/2666 3384/4767/2666
f 3395/4904/2667 3325/4727/2667 3328/4730/2667 3396/4905/2667
f 3396/4906/2668 3328/4724/2668 3324/4723/2668 3394/4907/2668
f 3401/4908/2669 3316/4707/2669 3322/4710/2669 3402/4909/2669
f 3402/4910/2670 3322/4716/2670 3318/4715/2670 3400/4911/2670
f 3408/4786/2671 3310/4699/2671 3312/4702/2671 3412/4787/2671
f 3412/4781/2672 3312/4696/2672 3309/4695/2672 3406/4778/2672
f 3417/4912/2673 3311/4703/2673 3314/4706/2673 3418/4913/2673
f 3418/4914/2674 3314/4700/2674 3310/4699/2674 3416/4915/2674
f 3423/4916/2675 3290/4669/2675 3293/4672/2675 3424/4917/2675
f 3424/4918/2676 3293/4666/2676 3289/4665/2676 3422/4919/2676
f 3297/4681/2653 3337/4920/2653 3339/4921/2653 3301/4676/2653
f 3301/4676/2654 3339/4921/2654 3338/4922/2654 3295/4673/2654
f 3337/4920/2653 3341/4885/2653 3342/4886/2653 3339/4921/2653
f 3339/4921/2654 3342/4886/2654 3340/4887/2654 3338/4922/2654
f 3282/4655/2677 3344/4747/2677 3346/4750/2677 3286/4656/2677
f 3286/4660/2678 3346/4744/2678 3343/4743/2678 3283/4659/2678
f 3344/4747/2679 3351/4888/2679 3352/4889/2679 3348/4748/2679
f 3348/4754/2680 3352/4890/2680 3350/4891/2680 3345/4751/2680
f 3290/4669/2681 3353/4923/2681 3355/4924/2681 3294/4670/2681
f 3294/4664/2682 3355/4925/2682 3354/4926/2682 3288/4661/2682
f 3353/4923/2657 3357/4892/2657 3358/4893/2657 3355/4924/2657
f 3355/4925/2658 3358/4894/2658 3356/4895/2658 3354/4926/2658
f 3303/4687/2683 3359/4927/2683 3361/4928/2683 3307/4688/2683
f 3307/4694/2684 3361/4929/2684 3360/4930/2684 3304/4691/2684
f 3359/4927/2685 3364/4763/2685 3367/4766/2685 3361/4928/2685
f 3361/4929/2686 3367/4760/2686 3363/4759/2686 3360/4930/2686
f 3325/4727/2661 3369/4931/2661 3371/4932/2661 3329/4728/2661
f 3329/4722/2662 3371/4933/2662 3370/4934/2662 3323/4719/2662
f 3369/4931/2661 3373/4896/2661 3374/4897/2661 3371/4932/2661
f 3371/4933/2662 3374/4898/2662 3372/4899/2662 3370/4934/2662
f 3302/4683/2663 3375/4935/2663 3377/4936/2663 3305/4684/2663
f 3305/4690/2664 3377/4937/2664 3376/4938/2664 3303/4687/2664
f 3375/4935/2663 3379/4900/2663 3380/4901/2663 3377/4936/2663
f 3377/4937/2664 3380/4902/2664 3378/4903/2664 3376/4938/2664
f 3331/4735/2687 3381/4939/2687 3383/4940/2687 3335/4736/2687
f 3335/4742/2688 3383/4941/2688 3382/4942/2688 3332/4739/2688
f 3381/4939/2689 3385/4771/2689 3387/4774/2689 3383/4940/2689
f 3383/4941/2690 3387/4768/2690 3384/4767/2690 3382/4942/2690
f 3311/4703/2667 3391/4943/2667 3393/4944/2667 3315/4704/2667
f 3315/4698/2668 3393/4945/2668 3392/4946/2668 3309/4695/2668
f 3391/4943/2667 3395/4904/2667 3396/4905/2667 3393/4944/2667
f 3393/4945/2668 3396/4906/2668 3394/4907/2668 3392/4946/2668
f 3330/4731/2691 3397/4947/2691 3399/4948/2691 3333/4732/2691
f 3333/4738/2692 3399/4949/2692 3398/4950/2692 3331/4735/2692
f 3397/4947/2669 3401/4908/2669 3402/4909/2669 3399/4948/2669
f 3399/4949/2670 3402/4910/2670 3400/4911/2670 3398/4950/2670
f 3317/4711/2693 3403/4951/2693 3405/4952/2693 3321/4712/2693
f 3321/4718/2694 3405/4953/2694 3404/4954/2694 3318/4715/2694
f 3403/4951/2695 3408/4786/2695 3411/4788/2695 3405/4952/2695
f 3405/4953/2696 3411/4783/2696 3407/4782/2696 3404/4954/2696
f 3281/4651/2673 3413/4955/2673 3415/4956/2673 3284/4652/2673
f 3284/4658/2674 3415/4957/2674 3414/4958/2674 3282/4655/2674
f 3413/4955/2673 3417/4912/2673 3418/4913/2673 3415/4956/2673
f 3415/4957/2674 3418/4914/2674 3416/4915/2674 3414/4958/2674
f 3316/4707/2675 3419/4959/2675 3421/4960/2675 3319/4708/2675
f 3319/4714/2676 3421/4961/2676 3420/4962/2676 3317/4711/2676
f 3419/4959/2675 3423/4916/2675 3424/4917/2675 3421/4960/2675
f 3421/4961/2676 3424/4918/2676 3422/4919/2676 3420/4962/2676
f 3429/4963/2697 3407/4782/2697 3409/4785/2697 3430/4964/2697
f 3430/4965/2698 3409/4779/2698 3406/4778/2698 3428/4966/2698
f 3385/4771/2697 3425/4967/2697 3427/4968/2697 3389/4772/2697
f 3389/4777/2698 3427/4969/2698 3426/4970/2698 3386/4775/2698
f 3425/4967/2697 3429/4963/2697 3430/4964/2697 3427/4968/2697
f 3427/4969/2698 3430/4965/2698 3428/4966/2698 3426/4970/2698
f 3435/4971/2699 3363/4759/2699 3365/4762/2699 3436/4972/2699
f 3436/4973/2700 3365/4756/2700 3362/4755/2700 3434/4974/2700
f 3345/4751/2699 3431/4975/2699 3433/4976/2699 3349/4752/2699
f 3349/4746/2700 3433/4977/2700 3432/4978/2700 3343/4743/2700
f 3431/4975/2699 3435/4971/2699 3436/4972/2699 3433/4976/2699
f 3433/4977/2700 3436/4973/2700 3434/4974/2700 3432/4978/2700
f 3451/4813/2701 3437/4789/2701 3443/4792/2701 3454/4814/2701
f 3454/4820/2702 3443/4798/2702 3439/4797/2702 3452/4817/2702
f 3438/4793/2703 3444/4801/2703 3450/4804/2703 3442/4794/2703
f 3442/4800/2704 3450/4810/2704 3446/4809/2704 3439/4797/2704
f 3445/4805/2657 3458/4825/2657 3464/4828/2657 3449/4806/2657
f 3449/4812/2658 3464/4834/2658 3460/4833/2658 3446/4809/2658
f 3459/4829/2705 3453/4821/2705 3456/4824/2705 3463/4830/2705
f 3463/4836/2706 3456/4818/2706 3452/4817/2706 3460/4833/2706
f 3479/4861/2661 3451/4813/2661 3457/4816/2661 3482/4862/2661
f 3482/4868/2662 3457/4822/2662 3453/4821/2662 3480/4865/2662
f 3458/4825/2663 3486/4873/2663 3492/4876/2663 3461/4826/2663
f 3461/4832/2664 3492/4882/2664 3488/4881/2664 3459/4829/2664
f 3487/4877/2707 3481/4869/2707 3484/4872/2707 3491/4878/2707
f 3491/4884/2708 3484/4866/2708 3480/4865/2708 3488/4881/2708
f 3465/4837/2709 3479/4861/2709 3485/4864/2709 3468/4838/2709
f 3468/4844/2710 3485/4870/2710 3481/4869/2710 3466/4841/2710
f 3486/4873/2669 3472/4849/2669 3478/4852/2669 3489/4874/2669
f 3489/4880/2670 3478/4858/2670 3474/4857/2670 3487/4877/2670
f 3473/4853/2711 3467/4845/2711 3470/4848/2711 3477/4854/2711
f 3477/4860/2712 3470/4842/2712 3466/4841/2712 3474/4857/2712
f 3437/4789/2673 3465/4837/2673 3471/4840/2673 3440/4790/2673
f 3440/4796/2674 3471/4846/2674 3467/4845/2674 3438/4793/2674
f 3472/4849/2675 3445/4805/2675 3447/4808/2675 3475/4850/2675
f 3475/4856/2676 3447/4802/2676 3444/4801/2676 3473/4853/2676
f 3283/4659/2713 3343/4743/2713 3432/4978/2713 3340/4887/2713
f 3414/4958/2591 3270/4646/2591 3344/4747/2591 3282/4655/2591
f 3341/4885/2590 3266/4642/2590 3413/4955/2590 3281/4651/2590
f 3350/4891/2714 3288/4661/2714 3354/4926/2714 3279/4979/2714
f 3272/4645/2591 3422/4919/2591 3289/4665/2591 3351/4888/2591
f 3264/4637/2589 3353/4923/2589 3290/4669/2589 3423/4916/2589
f 3338/4922/2713 3434/4974/2713 3362/4755/2713 3295/4673/2713
f 3296/4677/2592 3364/4763/2592 3275/4647/2592 3372/4899/2592
f 3297/4681/2590 3373/4896/2590 3265/4639/2590 3337/4920/2590
f 3375/4935/2589 3302/4683/2589 3357/4892/2589 3263/4636/2589
f 3280/4980/2714 3356/4895/2714 3304/4691/2714 3360/4930/2714
f 3359/4927/2592 3303/4687/2592 3376/4938/2592 3277/4648/2592
f 3392/4946/2715 3428/4966/2715 3406/4778/2715 3309/4695/2715
f 3310/4699/2591 3408/4786/2591 3269/4643/2591 3416/4915/2591
f 3268/4641/2590 3391/4943/2590 3311/4703/2590 3417/4912/2590
f 3401/4908/2589 3262/4638/2589 3419/4959/2589 3316/4707/2589
f 3274/4981/2716 3400/4911/2716 3318/4715/2716 3404/4954/2716
f 3403/4951/2591 3317/4711/2591 3420/4962/2591 3271/4644/2591
f 3370/4934/2592 3276/4650/2592 3384/4767/2592 3323/4719/2592
f 3324/4723/2715 3386/4775/2715 3426/4970/2715 3394/4907/2715
f 3369/4931/2590 3325/4727/2590 3395/4904/2590 3267/4640/2590
f 3330/4731/2589 3379/4900/2589 3261/4635/2589 3397/4947/2589
f 3278/4649/2592 3378/4903/2592 3332/4739/2592 3382/4942/2592
f 3381/4939/2716 3331/4735/2716 3398/4950/2716 3273/4982/2716
f 3340/4887/2713 3432/4978/2713 3434/4974/2713 3338/4922/2713
f 3337/4920/2590 3265/4639/2590 3266/4642/2590 3341/4885/2590
f 3345/4751/2717 3350/4891/2717 3279/4979/2717 3431/4975/2717
f 3270/4646/2591 3272/4645/2591 3351/4888/2591 3344/4747/2591
f 3279/4979/2714 3354/4926/2714 3356/4895/2714 3280/4980/2714
f 3263/4636/2589 3357/4892/2589 3353/4923/2589 3264/4637/2589
f 3435/4971/2717 3280/4980/2717 3360/4930/2717 3363/4759/2717
f 3364/4763/2592 3359/4927/2592 3277/4648/2592 3275/4647/2592
f 3372/4899/2592 3275/4647/2592 3276/4650/2592 3370/4934/2592
f 3373/4896/2590 3369/4931/2590 3267/4640/2590 3265/4639/2590
f 3277/4648/2592 3376/4938/2592 3378/4903/2592 3278/4649/2592
f 3379/4900/2589 3375/4935/2589 3263/4636/2589 3261/4635/2589
f 3276/4650/2592 3278/4649/2592 3382/4942/2592 3384/4767/2592
f 3385/4771/2718 3381/4939/2718 3273/4982/2718 3425/4967/2718
f 3394/4907/2715 3426/4970/2715 3428/4966/2715 3392/4946/2715
f 3267/4640/2590 3395/4904/2590 3391/4943/2590 3268/4641/2590
f 3273/4982/2716 3398/4950/2716 3400/4911/2716 3274/4981/2716
f 3397/4947/2589 3261/4635/2589 3262/4638/2589 3401/4908/2589
f 3429/4963/2718 3274/4981/2718 3404/4954/2718 3407/4782/2718
f 3408/4786/2591 3403/4951/2591 3271/4644/2591 3269/4643/2591
f 3416/4915/2591 3269/4643/2591 3270/4646/2591 3414/4958/2591
f 3266/4642/2590 3268/4641/2590 3417/4912/2590 3413/4955/2590
f 3271/4644/2591 3420/4962/2591 3422/4919/2591 3272/4645/2591
f 3262/4638/2589 3264/4637/2589 3423/4916/2589 3419/4959/2589
f 3425/4967/2718 3273/4982/2718 3274/4981/2718 3429/4963/2718
f 3431/4975/2717 3279/4979/2717 3280/4980/2717 3435/4971/2717
f 3451/4813/2590 3479/4861/2590 3465/4837/2590 3437/4789/2590
f 3439/4797/2714 3446/4809/2714 3460/4833/2714 3452/4817/2714
f 3467/4845/2591 3473/4853/2591 3444/4801/2591 3438/4793/2591
f 3486/4873/2589 3458/4825/2589 3445/4805/2589 3472/4849/2589
f 3453/4821/2592 3459/4829/2592 3488/4881/2592 3480/4865/2592
f 3481/4869/2716 3487/4877/2716 3474/4857/2716 3466/4841/2716
o AK_magazine_rear_spine_visual
v -0.104400 -0.175000 0.012400
v -0.104400 -0.174400 0.013000
v -0.105000 -0.174400 0.012400
v -0.104400 -0.174824 0.012824
v -0.104746 -0.174746 0.012746
v -0.104824 -0.174400 0.012824
v -0.104824 -0.174824 0.012400
v -0.104400 -0.035600 0.013000
v -0.104400 -0.035000 0.012400
v -0.105000 -0.035600 0.012400
v -0.104400 -0.035176 0.012824
v -0.104746 -0.035254 0.012746
v -0.104824 -0.035176 0.012400
v -0.104824 -0.035600 0.012824
v -0.104400 -0.175000 -0.012400
v -0.105000 -0.174400 -0.012400
v -0.104400 -0.174400 -0.013000
v -0.104824 -0.174824 -0.012400
v -0.104746 -0.174746 -0.012746
v -0.104824 -0.174400 -0.012824
v -0.104400 -0.174824 -0.012824
v -0.104400 -0.035000 -0.012400
v -0.104400 -0.035600 -0.013000
v -0.105000 -0.035600 -0.012400
v -0.104400 -0.035176 -0.012824
v -0.104746 -0.035254 -0.012746
v -0.104824 -0.035600 -0.012824
v -0.104824 -0.035176 -0.012400
v -0.097600 -0.175000 0.012400
v -0.097000 -0.174400 0.012400
v -0.097600 -0.174400 0.013000
v -0.097176 -0.174824 0.012400
v -0.097254 -0.174746 0.012746
v -0.097176 -0.174400 0.012824
v -0.097600 -0.174824 0.012824
v -0.097600 -0.035000 0.012400
v -0.097600 -0.035600 0.013000
v -0.097000 -0.035600 0.012400
v -0.097600 -0.035176 0.012824
v -0.097254 -0.035254 0.012746
v -0.097176 -0.035600 0.012824
v -0.097176 -0.035176 0.012400
v -0.097600 -0.175000 -0.012400
v -0.097600 -0.174400 -0.013000
v -0.097000 -0.174400 -0.012400
v -0.097600 -0.174824 -0.012824
v -0.097254 -0.174746 -0.012746
v -0.097176 -0.174400 -0.012824
v -0.097176 -0.174824 -0.012400
v -0.097600 -0.035000 -0.012400
v -0.097000 -0.035600 -0.012400
v -0.097600 -0.035600 -0.013000
v -0.097176 -0.035176 -0.012400
v -0.097254 -0.035254 -0.012746
v -0.097176 -0.035600 -0.012824
v -0.097600 -0.035176 -0.012824
vn -0.3251 -0.8881 0.3251
vn -0.3251 -0.3251 0.8881
vn -0.8881 -0.3251 0.3251
vn -0.3251 0.3251 0.8881
vn -0.3251 0.8881 0.3251
vn -0.8881 0.3251 0.3251
vn -0.3251 -0.8881 -0.3251
vn -0.8881 -0.3251 -0.3251
vn -0.3251 -0.3251 -0.8881
vn -0.3251 0.8881 -0.3251
vn -0.3251 0.3251 -0.8881
vn -0.8881 0.3251 -0.3251
vn 0.3251 -0.8881 0.3251
vn 0.8881 -0.3251 0.3251
vn 0.3251 -0.3251 0.8881
vn 0.3251 0.8881 0.3251
vn 0.3251 0.3251 0.8881
vn 0.8881 0.3251 0.3251
vn 0.3251 -0.8881 -0.3251
vn 0.3251 -0.3251 -0.8881
vn 0.8881 -0.3251 -0.3251
vn 0.3251 0.8881 -0.3251
vn 0.8881 0.3251 -0.3251
vn 0.3251 0.3251 -0.8881
vn -0.3827 -0.9239 -0.0000
vn -0.9239 -0.3827 -0.0000
vn -0.3827 -0.0000 0.9239
vn -0.9239 -0.0000 0.3827
vn -0.3827 0.9239 -0.0000
vn -0.9239 0.3827 -0.0000
vn -0.3827 -0.0000 -0.9239
vn -0.9239 -0.0000 -0.3827
vn -0.0000 -0.9239 -0.3827
vn -0.0000 -0.3827 -0.9239
vn -0.0000 0.9239 -0.3827
vn -0.0000 0.3827 -0.9239
vn 0.9239 -0.0000 -0.3827
vn 0.3827 -0.0000 -0.9239
vn 0.3827 -0.9239 -0.0000
vn 0.9239 -0.3827 -0.0000
vn 0.3827 0.9239 -0.0000
vn 0.9239 0.3827 -0.0000
vn 0.3827 -0.0000 0.9239
vn 0.9239 -0.0000 0.3827
vn -0.0000 -0.9239 0.3827
vn -0.0000 -0.3827 0.9239
vn -0.0000 0.9239 0.3827
vn -0.0000 0.3827 0.9239
vn -0.0000 -1.0000 -0.0000
vn -1.0000 -0.0000 -0.0000
vn -0.0000 -0.0000 1.0000
vn -0.0000 1.0000 -0.0000
vn -0.0000 -0.0000 -1.0000
vn 1.0000 -0.0000 -0.0000
vt 0.562919 0.007332
vt 0.562919 0.003073
vt 0.565378 0.003073
vt 0.567178 0.007332
vt 0.499981 0.992668
vt 0.504240 0.992668
vt 0.504240 0.995127
vt 0.499981 0.996927
vt 0.007332 0.992668
vt 0.007332 0.996927
vt 0.004873 0.996927
vt 0.003073 0.992668
vt 0.499981 0.007332
vt 0.499981 0.003073
vt 0.502440 0.003073
vt 0.504240 0.007332
vt 0.514646 0.198051
vt 0.510386 0.198051
vt 0.510386 0.195592
vt 0.514646 0.193792
vt 0.007332 0.007332
vt 0.003073 0.007332
vt 0.003073 0.004873
vt 0.007332 0.003073
vt 0.562919 0.183387
vt 0.567178 0.183387
vt 0.567178 0.185846
vt 0.562919 0.187646
vt 0.183387 0.992668
vt 0.187646 0.992668
vt 0.187646 0.995127
vt 0.183387 0.996927
vt 0.388770 0.992668
vt 0.388770 0.996927
vt 0.386311 0.996927
vt 0.384511 0.992668
vt 0.514646 0.374105
vt 0.514646 0.378365
vt 0.512187 0.378365
vt 0.510386 0.374105
vt 0.388770 0.007332
vt 0.384511 0.007332
vt 0.384511 0.004873
vt 0.388770 0.003073
vt 0.183387 0.007332
vt 0.183387 0.003073
vt 0.185846 0.003073
vt 0.187646 0.007332
vt 0.514646 0.007332
vt 0.510386 0.007332
vt 0.510386 0.004873
vt 0.514646 0.003073
vt 0.374105 0.992668
vt 0.378365 0.992668
vt 0.378365 0.995127
vt 0.374105 0.996927
vt 0.451708 0.992668
vt 0.451708 0.996927
vt 0.449249 0.996927
vt 0.447449 0.992668
vt 0.562919 0.198051
vt 0.562919 0.193792
vt 0.565378 0.193792
vt 0.567178 0.198051
vt 0.451708 0.007332
vt 0.447449 0.007332
vt 0.447449 0.004873
vt 0.451708 0.003073
vt 0.374105 0.007332
vt 0.374105 0.003073
vt 0.376565 0.003073
vt 0.378365 0.007332
vt 0.514646 0.183387
vt 0.514646 0.187646
vt 0.512187 0.187646
vt 0.510386 0.183387
vt 0.437043 0.992668
vt 0.441303 0.992668
vt 0.441303 0.995127
vt 0.437043 0.996927
vt 0.198051 0.992668
vt 0.198051 0.996927
vt 0.195592 0.996927
vt 0.193792 0.992668
vt 0.562919 0.374105
vt 0.567178 0.374105
vt 0.567178 0.376565
vt 0.562919 0.378365
vt 0.198051 0.007332
vt 0.193792 0.007332
vt 0.193792 0.004873
vt 0.198051 0.003073
vt 0.437043 0.007332
vt 0.437043 0.003073
vt 0.439502 0.003073
vt 0.441303 0.007332
s 0
usemtl MAT_metal_black_magazine
f 3493/4983/2719 3496/4984/2719 3497/4985/2719 3499/4986/2719
f 3494/4987/2720 3498/4988/2720 3497/4989/2720 3496/4990/2720
f 3495/4991/2721 3499/4992/2721 3497/4993/2721 3498/4994/2721
f 3500/4995/2722 3503/4996/2722 3504/4997/2722 3506/4998/2722
f 3501/4999/2723 3505/5000/2723 3504/5001/2723 3503/5002/2723
f 3502/5003/2724 3506/5004/2724 3504/5005/2724 3505/5006/2724
f 3507/5007/2725 3510/5008/2725 3511/5009/2725 3513/5010/2725
f 3508/5011/2726 3512/5012/2726 3511/5013/2726 3510/5014/2726
f 3509/5015/2727 3513/5016/2727 3511/5017/2727 3512/5018/2727
f 3514/5019/2728 3517/5020/2728 3518/5021/2728 3520/5022/2728
f 3515/5023/2729 3519/5024/2729 3518/5025/2729 3517/5026/2729
f 3516/5027/2730 3520/5028/2730 3518/5029/2730 3519/5030/2730
f 3521/5031/2731 3524/5032/2731 3525/5033/2731 3527/5034/2731
f 3522/5035/2732 3526/5036/2732 3525/5037/2732 3524/5038/2732
f 3523/5039/2733 3527/5040/2733 3525/5041/2733 3526/5042/2733
f 3528/5043/2734 3531/5044/2734 3532/5045/2734 3534/5046/2734
f 3529/5047/2735 3533/5048/2735 3532/5049/2735 3531/5050/2735
f 3530/5051/2736 3534/5052/2736 3532/5053/2736 3533/5054/2736
f 3535/5055/2737 3538/5056/2737 3539/5057/2737 3541/5058/2737
f 3536/5059/2738 3540/5060/2738 3539/5061/2738 3538/5062/2738
f 3537/5063/2739 3541/5064/2739 3539/5065/2739 3540/5066/2739
f 3542/5067/2740 3545/5068/2740 3546/5069/2740 3548/5070/2740
f 3543/5071/2741 3547/5072/2741 3546/5073/2741 3545/5074/2741
f 3544/5075/2742 3548/5076/2742 3546/5077/2742 3547/5078/2742
f 3507/5007/2743 3493/4983/2743 3499/4986/2743 3510/5008/2743
f 3510/5014/2744 3499/4992/2744 3495/4991/2744 3508/5011/2744
f 3494/4987/2745 3500/4995/2745 3506/4998/2745 3498/4988/2745
f 3498/4994/2746 3506/5004/2746 3502/5003/2746 3495/4991/2746
f 3501/4999/2747 3514/5019/2747 3520/5022/2747 3505/5000/2747
f 3505/5006/2748 3520/5028/2748 3516/5027/2748 3502/5003/2748
f 3515/5023/2749 3509/5015/2749 3512/5018/2749 3519/5024/2749
f 3519/5030/2750 3512/5012/2750 3508/5011/2750 3516/5027/2750
f 3535/5055/2751 3507/5007/2751 3513/5010/2751 3538/5056/2751
f 3538/5062/2752 3513/5016/2752 3509/5015/2752 3536/5059/2752
f 3514/5019/2753 3542/5067/2753 3548/5070/2753 3517/5020/2753
f 3517/5026/2754 3548/5076/2754 3544/5075/2754 3515/5023/2754
f 3543/5071/2755 3537/5063/2755 3540/5066/2755 3547/5072/2755
f 3547/5078/2756 3540/5060/2756 3536/5059/2756 3544/5075/2756
f 3521/5031/2757 3535/5055/2757 3541/5058/2757 3524/5032/2757
f 3524/5038/2758 3541/5064/2758 3537/5063/2758 3522/5035/2758
f 3542/5067/2759 3528/5043/2759 3534/5046/2759 3545/5068/2759
f 3545/5074/2760 3534/5052/2760 3530/5051/2760 3543/5071/2760
f 3529/5047/2761 3523/5039/2761 3526/5042/2761 3533/5048/2761
f 3533/5054/2762 3526/5036/2762 3522/5035/2762 3530/5051/2762
f 3493/4983/2763 3521/5031/2763 3527/5034/2763 3496/4984/2763
f 3496/4990/2764 3527/5040/2764 3523/5039/2764 3494/4987/2764
f 3528/5043/2765 3501/4999/2765 3503/5002/2765 3531/5044/2765
f 3531/5050/2766 3503/4996/2766 3500/4995/2766 3529/5047/2766
f 3507/5007/2767 3535/5055/2767 3521/5031/2767 3493/4983/2767
f 3495/4991/2768 3502/5003/2768 3516/5027/2768 3508/5011/2768
f 3523/5039/2769 3529/5047/2769 3500/4995/2769 3494/4987/2769
f 3542/5067/2770 3514/5019/2770 3501/4999/2770 3528/5043/2770
f 3509/5015/2771 3515/5023/2771 3544/5075/2771 3536/5059/2771
f 3537/5063/2772 3543/5071/2772 3530/5051/2772 3522/5035/2772
o AK_notch_rearsight_visual_001
v 0.043400 0.063500 0.001100
v 0.043400 0.063900 0.001500
v 0.043000 0.063900 0.001100
v 0.043400 0.063617 0.001383
v 0.043169 0.063669 0.001331
v 0.043117 0.063900 0.001383
v 0.043117 0.063617 0.001100
v 0.043400 0.065100 0.001500
v 0.043400 0.065500 0.001100
v 0.043000 0.065100 0.001100
v 0.043400 0.065383 0.001383
v 0.043169 0.065331 0.001331
v 0.043117 0.065383 0.001100
v 0.043117 0.065100 0.001383
v 0.043400 0.063500 -0.001100
v 0.043000 0.063900 -0.001100
v 0.043400 0.063900 -0.001500
v 0.043117 0.063617 -0.001100
v 0.043169 0.063669 -0.001331
v 0.043117 0.063900 -0.001383
v 0.043400 0.063617 -0.001383
v 0.043400 0.065500 -0.001100
v 0.043400 0.065100 -0.001500
v 0.043000 0.065100 -0.001100
v 0.043400 0.065383 -0.001383
v 0.043169 0.065331 -0.001331
v 0.043117 0.065100 -0.001383
v 0.043117 0.065383 -0.001100
v 0.046600 0.063500 0.001100
v 0.047000 0.063900 0.001100
v 0.046600 0.063900 0.001500
v 0.046883 0.063617 0.001100
v 0.046831 0.063669 0.001331
v 0.046883 0.063900 0.001383
v 0.046600 0.063617 0.001383
v 0.046600 0.065500 0.001100
v 0.046600 0.065100 0.001500
v 0.047000 0.065100 0.001100
v 0.046600 0.065383 0.001383
v 0.046831 0.065331 0.001331
v 0.046883 0.065100 0.001383
v 0.046883 0.065383 0.001100
v 0.046600 0.063500 -0.001100
v 0.046600 0.063900 -0.001500
v 0.047000 0.063900 -0.001100
v 0.046600 0.063617 -0.001383
v 0.046831 0.063669 -0.001331
v 0.046883 0.063900 -0.001383
v 0.046883 0.063617 -0.001100
v 0.046600 0.065500 -0.001100
v 0.047000 0.065100 -0.001100
v 0.046600 0.065100 -0.001500
v 0.046883 0.065383 -0.001100
v 0.046831 0.065331 -0.001331
v 0.046883 0.065100 -0.001383
v 0.046600 0.065383 -0.001383
vn -0.3251 -0.8881 0.3251
vn -0.3251 -0.3251 0.8881
vn -0.8881 -0.3251 0.3251
vn -0.3251 0.3251 0.8881
vn -0.3251 0.8881 0.3251
vn -0.8881 0.3251 0.3251
vn -0.3251 -0.8881 -0.3251
vn -0.8881 -0.3251 -0.3251
vn -0.3251 -0.3251 -0.8881
vn -0.3251 0.8881 -0.3251
vn -0.3251 0.3251 -0.8881
vn -0.8881 0.3251 -0.3251
vn 0.3251 -0.8881 0.3251
vn 0.8881 -0.3251 0.3251
vn 0.3251 -0.3251 0.8881
vn 0.3251 0.8881 0.3251
vn 0.3251 0.3251 0.8881
vn 0.8881 0.3251 0.3251
vn 0.3251 -0.8881 -0.3251
vn 0.3251 -0.3251 -0.8881
vn 0.8881 -0.3251 -0.3251
vn 0.3251 0.8881 -0.3251
vn 0.8881 0.3251 -0.3251
vn 0.3251 0.3251 -0.8881
vn -0.3827 -0.9239 -0.0000
vn -0.9239 -0.3827 -0.0000
vn -0.3827 -0.0000 0.9239
vn -0.9239 -0.0000 0.3827
vn -0.3827 0.9239 -0.0000
vn -0.9239 0.3827 -0.0000
vn -0.3827 -0.0000 -0.9239
vn -0.9239 -0.0000 -0.3827
vn -0.0000 -0.9239 -0.3827
vn -0.0000 -0.3827 -0.9239
vn -0.0000 0.9239 -0.3827
vn -0.0000 0.3827 -0.9239
vn 0.9239 -0.0000 -0.3827
vn 0.3827 -0.0000 -0.9239
vn 0.3827 -0.9239 -0.0000
vn 0.9239 -0.3827 -0.0000
vn 0.3827 0.9239 -0.0000
vn 0.9239 0.3827 -0.0000
vn 0.3827 -0.0000 0.9239
vn 0.9239 -0.0000 0.3827
vn -0.0000 -0.9239 0.3827
vn -0.0000 -0.3827 0.9239
vn -0.0000 0.9239 0.3827
vn -0.0000 0.3827 0.9239
vn -0.0000 -1.0000 -0.0000
vn -1.0000 -0.0000 -0.0000
vn -0.0000 -0.0000 1.0000
vn -0.0000 1.0000 -0.0000
vn -0.0000 -0.0000 -1.0000
vn 1.0000 -0.0000 -0.0000
vt 0.051510 0.051510
vt 0.002157 0.051510
vt 0.002157 0.023016
vt 0.051510 0.002157
vt 0.450647 0.549353
vt 0.450647 0.500000
vt 0.479141 0.500000
vt 0.500000 0.549353
vt 0.948490 0.322951
vt 0.997843 0.322951
vt 0.997843 0.351444
vt 0.948490 0.372303
vt 0.302589 0.549353
vt 0.253236 0.549353
vt 0.253236 0.520859
vt 0.302589 0.500000
vt 0.425971 0.446333
vt 0.425971 0.495685
vt 0.397477 0.495685
vt 0.376618 0.446333
vt 0.800431 0.322951
vt 0.800431 0.372303
vt 0.771937 0.372303
vt 0.751079 0.322951
vt 0.322951 0.051510
vt 0.322951 0.002157
vt 0.351445 0.002157
vt 0.372303 0.051510
vt 0.948490 0.051510
vt 0.948490 0.002157
vt 0.976984 0.002157
vt 0.997843 0.051510
vt 0.199569 0.944175
vt 0.248921 0.944175
vt 0.248921 0.972669
vt 0.199569 0.993528
vt 0.697411 0.446333
vt 0.746764 0.446333
vt 0.746764 0.474827
vt 0.697411 0.495686
vt 0.051510 0.944175
vt 0.051510 0.993528
vt 0.023016 0.993528
vt 0.002157 0.944175
vt 0.800431 0.051510
vt 0.751079 0.051510
vt 0.751079 0.023016
vt 0.800431 0.002157
vt 0.051510 0.446333
vt 0.051510 0.495685
vt 0.023016 0.495685
vt 0.002157 0.446333
vt 0.948490 0.425971
vt 0.948490 0.376618
vt 0.976984 0.376618
vt 0.997843 0.425971
vt 0.450647 0.944175
vt 0.500000 0.944175
vt 0.500000 0.972669
vt 0.450647 0.993528
vt 0.425971 0.051510
vt 0.376618 0.051510
vt 0.376618 0.023016
vt 0.425971 0.002157
vt 0.302589 0.944175
vt 0.302589 0.993528
vt 0.274095 0.993528
vt 0.253236 0.944175
vt 0.800431 0.425971
vt 0.751079 0.425971
vt 0.751079 0.397477
vt 0.800431 0.376618
vt 0.322951 0.446333
vt 0.372303 0.446333
vt 0.372303 0.474827
vt 0.322951 0.495686
vt 0.199569 0.549353
vt 0.199569 0.500000
vt 0.228062 0.500000
vt 0.248921 0.549353
vt 0.948490 0.697411
vt 0.997843 0.697411
vt 0.997843 0.725905
vt 0.948490 0.746764
vt 0.697411 0.051510
vt 0.697411 0.002157
vt 0.725905 0.002157
vt 0.746764 0.051510
vt 0.800431 0.697411
vt 0.800431 0.746764
vt 0.771938 0.746764
vt 0.751079 0.697411
vt 0.051510 0.549353
vt 0.002157 0.549353
vt 0.002157 0.520859
vt 0.051510 0.500000
s 0
usemtl MAT_metal_dark_blued
f 3549/5079/2773 3552/5080/2773 3553/5081/2773 3555/5082/2773
f 3550/5083/2774 3554/5084/2774 3553/5085/2774 3552/5086/2774
f 3551/5087/2775 3555/5088/2775 3553/5089/2775 3554/5090/2775
f 3556/5091/2776 3559/5092/2776 3560/5093/2776 3562/5094/2776
f 3557/5095/2777 3561/5096/2777 3560/5097/2777 3559/5098/2777
f 3558/5099/2778 3562/5100/2778 3560/5101/2778 3561/5102/2778
f 3563/5103/2779 3566/5104/2779 3567/5105/2779 3569/5106/2779
f 3564/5107/2780 3568/5108/2780 3567/5109/2780 3566/5110/2780
f 3565/5111/2781 3569/5112/2781 3567/5113/2781 3568/5114/2781
f 3570/5115/2782 3573/5116/2782 3574/5117/2782 3576/5118/2782
f 3571/5119/2783 3575/5120/2783 3574/5121/2783 3573/5122/2783
f 3572/5123/2784 3576/5124/2784 3574/5125/2784 3575/5126/2784
f 3577/5127/2785 3580/5128/2785 3581/5129/2785 3583/5130/2785
f 3578/5131/2786 3582/5132/2786 3581/5133/2786 3580/5134/2786
f 3579/5135/2787 3583/5136/2787 3581/5137/2787 3582/5138/2787
f 3584/5139/2788 3587/5140/2788 3588/5141/2788 3590/5142/2788
f 3585/5143/2789 3589/5144/2789 3588/5145/2789 3587/5146/2789
f 3586/5147/2790 3590/5148/2790 3588/5149/2790 3589/5150/2790
f 3591/5151/2791 3594/5152/2791 3595/5153/2791 3597/5154/2791
f 3592/5155/2792 3596/5156/2792 3595/5157/2792 3594/5158/2792
f 3593/5159/2793 3597/5160/2793 3595/5161/2793 3596/5162/2793
f 3598/5163/2794 3601/5164/2794 3602/5165/2794 3604/5166/2794
f 3599/5167/2795 3603/5168/2795 3602/5169/2795 3601/5170/2795
f 3600/5171/2796 3604/5172/2796 3602/5173/2796 3603/5174/2796
f 3563/5103/2797 3549/5079/2797 3555/5082/2797 3566/5104/2797
f 3566/5110/2798 3555/5088/2798 3551/5087/2798 3564/5107/2798
f 3550/5083/2799 3556/5091/2799 3562/5094/2799 3554/5084/2799
f 3554/5090/2800 3562/5100/2800 3558/5099/2800 3551/5087/2800
f 3557/5095/2801 3570/5115/2801 3576/5118/2801 3561/5096/2801
f 3561/5102/2802 3576/5124/2802 3572/5123/2802 3558/5099/2802
f 3571/5119/2803 3565/5111/2803 3568/5114/2803 3575/5120/2803
f 3575/5126/2804 3568/5108/2804 3564/5107/2804 3572/5123/2804
f 3591/5151/2805 3563/5103/2805 3569/5106/2805 3594/5152/2805
f 3594/5158/2806 3569/5112/2806 3565/5111/2806 3592/5155/2806
f 3570/5115/2807 3598/5163/2807 3604/5166/2807 3573/5116/2807
f 3573/5122/2808 3604/5172/2808 3600/5171/2808 3571/5119/2808
f 3599/5167/2809 3593/5159/2809 3596/5162/2809 3603/5168/2809
f 3603/5174/2810 3596/5156/2810 3592/5155/2810 3600/5171/2810
f 3577/5127/2811 3591/5151/2811 3597/5154/2811 3580/5128/2811
f 3580/5134/2812 3597/5160/2812 3593/5159/2812 3578/5131/2812
f 3598/5163/2813 3584/5139/2813 3590/5142/2813 3601/5164/2813
f 3601/5170/2814 3590/5148/2814 3586/5147/2814 3599/5167/2814
f 3585/5143/2815 3579/5135/2815 3582/5138/2815 3589/5144/2815
f 3589/5150/2816 3582/5132/2816 3578/5131/2816 3586/5147/2816
f 3549/5079/2817 3577/5127/2817 3583/5130/2817 3552/5080/2817
f 3552/5086/2818 3583/5136/2818 3579/5135/2818 3550/5083/2818
f 3584/5139/2819 3557/5095/2819 3559/5098/2819 3587/5140/2819
f 3587/5146/2820 3559/5092/2820 3556/5091/2820 3585/5143/2820
f 3563/5103/2821 3591/5151/2821 3577/5127/2821 3549/5079/2821
f 3551/5087/2822 3558/5099/2822 3572/5123/2822 3564/5107/2822
f 3579/5135/2823 3585/5143/2823 3556/5091/2823 3550/5083/2823
f 3598/5163/2824 3570/5115/2824 3557/5095/2824 3584/5139/2824
f 3565/5111/2825 3571/5119/2825 3600/5171/2825 3592/5155/2825
f 3593/5159/2826 3599/5167/2826 3586/5147/2826 3578/5131/2826
o AK_panel_receiver_side_001
v -0.074700 0.011000 -0.020300
v -0.074700 0.011300 -0.020000
v -0.075000 0.011300 -0.020300
v -0.074700 0.011088 -0.020088
v -0.074873 0.011127 -0.020127
v -0.074912 0.011300 -0.020088
v -0.074912 0.011088 -0.020300
v -0.074700 0.016700 -0.020000
v -0.074700 0.017000 -0.020300
v -0.075000 0.016700 -0.020300
v -0.074700 0.016912 -0.020088
v -0.074873 0.016873 -0.020127
v -0.074912 0.016912 -0.020300
v -0.074912 0.016700 -0.020088
v -0.074700 0.011000 -0.020300
v -0.075000 0.011300 -0.020300
v -0.074700 0.011300 -0.020600
v -0.074912 0.011088 -0.020300
v -0.074873 0.011127 -0.020473
v -0.074912 0.011300 -0.020512
v -0.074700 0.011088 -0.020512
v -0.074700 0.017000 -0.020300
v -0.074700 0.016700 -0.020600
v -0.075000 0.016700 -0.020300
v -0.074700 0.016912 -0.020512
v -0.074873 0.016873 -0.020473
v -0.074912 0.016700 -0.020512
v -0.074912 0.016912 -0.020300
v 0.059700 0.011000 -0.020300
v 0.060000 0.011300 -0.020300
v 0.059700 0.011300 -0.020000
v 0.059912 0.011088 -0.020300
v 0.059873 0.011127 -0.020127
v 0.059912 0.011300 -0.020088
v 0.059700 0.011088 -0.020088
v 0.059700 0.017000 -0.020300
v 0.059700 0.016700 -0.020000
v 0.060000 0.016700 -0.020300
v 0.059700 0.016912 -0.020088
v 0.059873 0.016873 -0.020127
v 0.059912 0.016700 -0.020088
v 0.059912 0.016912 -0.020300
v 0.059700 0.011000 -0.020300
v 0.059700 0.011300 -0.020600
v 0.060000 0.011300 -0.020300
v 0.059700 0.011088 -0.020512
v 0.059873 0.011127 -0.020473
v 0.059912 0.011300 -0.020512
v 0.059912 0.011088 -0.020300
v 0.059700 0.017000 -0.020300
v 0.060000 0.016700 -0.020300
v 0.059700 0.016700 -0.020600
v 0.059912 0.016912 -0.020300
v 0.059873 0.016873 -0.020473
v 0.059912 0.016700 -0.020512
v 0.059700 0.016912 -0.020512
vn -0.3251 -0.8881 0.3251
vn -0.3251 -0.3251 0.8881
vn -0.8881 -0.3251 0.3250
vn -0.3251 0.3251 0.8881
vn -0.3251 0.8881 0.3251
vn -0.8881 0.3251 0.3250
vn -0.3251 -0.8881 -0.3251
vn -0.8881 -0.3251 -0.3250
vn -0.3251 -0.3251 -0.8881
vn -0.3251 0.8881 -0.3251
vn -0.3251 0.3251 -0.8881
vn -0.8881 0.3251 -0.3250
vn 0.3251 -0.8881 0.3251
vn 0.8881 -0.3251 0.3250
vn 0.3251 -0.3251 0.8881
vn 0.3251 0.8881 0.3251
vn 0.3251 0.3251 0.8881
vn 0.8881 0.3251 0.3250
vn 0.3251 -0.8881 -0.3251
vn 0.3251 -0.3251 -0.8881
vn 0.8881 -0.3251 -0.3250
vn 0.3251 0.8881 -0.3251
vn 0.8881 0.3251 -0.3250
vn 0.3251 0.3251 -0.8881
vn -0.3827 -0.9239 -0.0000
vn -0.9239 -0.3827 -0.0000
vn -0.3827 -0.0000 0.9239
vn -0.9239 -0.0000 0.3827
vn -0.3827 0.9239 -0.0000
vn -0.9239 0.3827 -0.0000
vn -0.3827 -0.0000 -0.9239
vn -0.9239 -0.0000 -0.3827
vn -0.0000 -0.9239 -0.3827
vn -0.0000 -0.3827 -0.9239
vn -0.0000 0.9239 -0.3827
vn -0.0000 0.3827 -0.9239
vn 0.9239 -0.0000 -0.3827
vn 0.3827 -0.0000 -0.9239
vn 0.3827 -0.9239 -0.0000
vn 0.9239 -0.3827 -0.0000
vn 0.3827 0.9239 -0.0000
vn 0.9239 0.3827 -0.0000
vn 0.3827 -0.0000 0.9239
vn 0.9239 -0.0000 0.3827
vn -0.0000 -0.9239 0.3827
vn -0.0000 -0.3827 0.9239
vn -0.0000 0.9239 0.3827
vn -0.0000 0.3827 0.9239
vn -0.0000 -1.0000 -0.0000
vn -1.0000 -0.0000 -0.0000
vn -0.0000 -0.0000 1.0000
vn -0.0000 1.0000 -0.0000
vn -0.0000 -0.0000 -1.0000
vn 1.0000 -0.0000 -0.0000
vt 0.093917 0.002802
vt 0.091698 0.002802
vt 0.091698 0.001521
vt 0.093917 0.000582
vt 0.088313 0.002802
vt 0.088313 0.000582
vt 0.089595 0.000582
vt 0.090533 0.002802
vt 0.105125 0.042755
vt 0.105125 0.044975
vt 0.103844 0.044975
vt 0.102906 0.042755
vt 0.048360 0.002802
vt 0.046140 0.002802
vt 0.046140 0.001521
vt 0.048360 0.000582
vt 0.099521 0.997198
vt 0.099521 0.999418
vt 0.098240 0.999418
vt 0.097302 0.997198
vt 0.105125 0.002802
vt 0.102906 0.002802
vt 0.102906 0.001521
vt 0.105125 0.000582
vt 0.093917 0.002802
vt 0.093917 0.000582
vt 0.095199 0.000582
vt 0.096137 0.002802
vt 0.107345 0.042755
vt 0.107345 0.044037
vt 0.105125 0.044975
vt 0.042755 0.997198
vt 0.044975 0.997198
vt 0.044975 0.998479
vt 0.042755 0.999418
vt 0.101741 0.997198
vt 0.101741 0.998479
vt 0.099521 0.999418
vt 0.002802 0.997198
vt 0.002802 0.999418
vt 0.001521 0.999418
vt 0.000582 0.997198
vt 0.105125 0.002802
vt 0.106407 0.000582
vt 0.107345 0.002802
vt 0.093917 0.997198
vt 0.093917 0.999418
vt 0.092636 0.999418
vt 0.091698 0.997198
vt 0.105125 0.088313
vt 0.107345 0.088313
vt 0.107345 0.089594
vt 0.105125 0.090533
vt 0.088313 0.997198
vt 0.090533 0.997198
vt 0.090533 0.998479
vt 0.088313 0.999418
vt 0.099521 0.002802
vt 0.097302 0.002802
vt 0.097302 0.001521
vt 0.099521 0.000582
vt 0.048360 0.997198
vt 0.048360 0.999418
vt 0.047078 0.999418
vt 0.046140 0.997198
vt 0.105125 0.048360
vt 0.105125 0.046140
vt 0.106407 0.046140
vt 0.107345 0.048360
vt 0.096137 0.997198
vt 0.096137 0.998479
vt 0.093917 0.999418
vt 0.042756 0.002802
vt 0.042756 0.000582
vt 0.044037 0.000582
vt 0.044975 0.002802
vt 0.105125 0.090533
vt 0.103844 0.090533
vt 0.102906 0.088313
vt 0.099521 0.000582
vt 0.100803 0.000582
vt 0.101741 0.002802
vt 0.102906 0.048360
vt 0.102906 0.047078
vt 0.105125 0.046140
vt 0.002802 0.002802
vt 0.000582 0.002802
vt 0.000582 0.001521
vt 0.002802 0.000582
s 0
usemtl MAT_metal_dark_blued
f 3605/5175/2827 3608/5176/2827 3609/5177/2827 3611/5178/2827
f 3606/5179/2828 3610/5180/2828 3609/5181/2828 3608/5182/2828
f 3607/5183/2829 3611/5184/2829 3609/5185/2829 3610/5186/2829
f 3612/5187/2830 3615/5188/2830 3616/5189/2830 3618/5190/2830
f 3613/5191/2831 3617/5192/2831 3616/5193/2831 3615/5194/2831
f 3614/5195/2832 3618/5196/2832 3616/5197/2832 3617/5198/2832
f 3619/5199/2833 3622/5200/2833 3623/5201/2833 3625/5202/2833
f 3620/5183/2834 3624/5203/2834 3623/5204/2834 3622/5205/2834
f 3621/5206/2835 3625/5207/2835 3623/5208/2835 3624/5209/2835
f 3626/5191/2836 3629/5210/2836 3630/5211/2836 3632/5212/2836
f 3627/5213/2837 3631/5214/2837 3630/5215/2837 3629/5216/2837
f 3628/5217/2838 3632/5198/2838 3630/5218/2838 3631/5219/2838
f 3633/5220/2839 3636/5221/2839 3637/5222/2839 3639/5223/2839
f 3634/5224/2840 3638/5225/2840 3637/5226/2840 3636/5227/2840
f 3635/5228/2841 3639/5229/2841 3637/5230/2841 3638/5231/2841
f 3640/5232/2842 3643/5233/2842 3644/5234/2842 3646/5235/2842
f 3641/5236/2843 3645/5237/2843 3644/5238/2843 3643/5239/2843
f 3642/5240/2844 3646/5241/2844 3644/5242/2844 3645/5243/2844
f 3647/5220/2845 3650/5244/2845 3651/5245/2845 3653/5246/2845
f 3648/5247/2846 3652/5248/2846 3651/5249/2846 3650/5250/2846
f 3649/5224/2847 3653/5251/2847 3651/5252/2847 3652/5253/2847
f 3654/5232/2848 3657/5254/2848 3658/5255/2848 3660/5256/2848
f 3655/5240/2849 3659/5257/2849 3658/5258/2849 3657/5259/2849
f 3656/5260/2850 3660/5261/2850 3658/5262/2850 3659/5263/2850
f 3619/5199/2851 3605/5175/2851 3611/5178/2851 3622/5200/2851
f 3622/5205/2852 3611/5184/2852 3607/5183/2852 3620/5183/2852
f 3606/5179/2853 3612/5187/2853 3618/5190/2853 3610/5180/2853
f 3610/5186/2854 3618/5196/2854 3614/5195/2854 3607/5183/2854
f 3613/5191/2855 3626/5191/2855 3632/5212/2855 3617/5192/2855
f 3617/5198/2856 3632/5198/2856 3628/5217/2856 3614/5195/2856
f 3627/5213/2857 3621/5206/2857 3624/5209/2857 3631/5214/2857
f 3631/5219/2858 3624/5203/2858 3620/5183/2858 3628/5217/2858
f 3647/5220/2859 3619/5199/2859 3625/5202/2859 3650/5244/2859
f 3650/5250/2860 3625/5207/2860 3621/5206/2860 3648/5247/2860
f 3626/5191/2861 3654/5232/2861 3660/5256/2861 3629/5210/2861
f 3629/5216/2862 3660/5261/2862 3656/5260/2862 3627/5213/2862
f 3655/5240/2863 3649/5224/2863 3652/5253/2863 3659/5257/2863
f 3659/5263/2864 3652/5248/2864 3648/5247/2864 3656/5260/2864
f 3633/5220/2865 3647/5220/2865 3653/5246/2865 3636/5221/2865
f 3636/5227/2866 3653/5251/2866 3649/5224/2866 3634/5224/2866
f 3654/5232/2867 3640/5232/2867 3646/5235/2867 3657/5254/2867
f 3657/5259/2868 3646/5241/2868 3642/5240/2868 3655/5240/2868
f 3641/5236/2869 3635/5228/2869 3638/5231/2869 3645/5237/2869
f 3645/5243/2870 3638/5225/2870 3634/5224/2870 3642/5240/2870
f 3605/5175/2871 3633/5220/2871 3639/5223/2871 3608/5176/2871
f 3608/5182/2872 3639/5229/2872 3635/5228/2872 3606/5179/2872
f 3640/5232/2873 3613/5191/2873 3615/5194/2873 3643/5233/2873
f 3643/5239/2874 3615/5188/2874 3612/5187/2874 3641/5236/2874
f 3619/5199/2875 3647/5220/2875 3633/5220/2875 3605/5175/2875
f 3607/5183/2876 3614/5195/2876 3628/5217/2876 3620/5183/2876
f 3635/5228/2877 3641/5236/2877 3612/5187/2877 3606/5179/2877
f 3654/5232/2878 3626/5191/2878 3613/5191/2878 3640/5232/2878
f 3621/5206/2879 3627/5213/2879 3656/5260/2879 3648/5247/2879
f 3649/5224/2880 3655/5240/2880 3642/5240/2880 3634/5224/2880
o AK_panel_receiver_side_002
v -0.074700 -0.017000 -0.020300
v -0.074700 -0.016700 -0.020000
v -0.075000 -0.016700 -0.020300
v -0.074700 -0.016912 -0.020088
v -0.074873 -0.016873 -0.020127
v -0.074912 -0.016700 -0.020088
v -0.074912 -0.016912 -0.020300
v -0.074700 -0.011300 -0.020000
v -0.074700 -0.011000 -0.020300
v -0.075000 -0.011300 -0.020300
v -0.074700 -0.011088 -0.020088
v -0.074873 -0.011127 -0.020127
v -0.074912 -0.011088 -0.020300
v -0.074912 -0.011300 -0.020088
v -0.074700 -0.017000 -0.020300
v -0.075000 -0.016700 -0.020300
v -0.074700 -0.016700 -0.020600
v -0.074912 -0.016912 -0.020300
v -0.074873 -0.016873 -0.020473
v -0.074912 -0.016700 -0.020512
v -0.074700 -0.016912 -0.020512
v -0.074700 -0.011000 -0.020300
v -0.074700 -0.011300 -0.020600
v -0.075000 -0.011300 -0.020300
v -0.074700 -0.011088 -0.020512
v -0.074873 -0.011127 -0.020473
v -0.074912 -0.011300 -0.020512
v -0.074912 -0.011088 -0.020300
v 0.059700 -0.017000 -0.020300
v 0.060000 -0.016700 -0.020300
v 0.059700 -0.016700 -0.020000
v 0.059912 -0.016912 -0.020300
v 0.059873 -0.016873 -0.020127
v 0.059912 -0.016700 -0.020088
v 0.059700 -0.016912 -0.020088
v 0.059700 -0.011000 -0.020300
v 0.059700 -0.011300 -0.020000
v 0.060000 -0.011300 -0.020300
v 0.059700 -0.011088 -0.020088
v 0.059873 -0.011127 -0.020127
v 0.059912 -0.011300 -0.020088
v 0.059912 -0.011088 -0.020300
v 0.059700 -0.017000 -0.020300
v 0.059700 -0.016700 -0.020600
v 0.060000 -0.016700 -0.020300
v 0.059700 -0.016912 -0.020512
v 0.059873 -0.016873 -0.020473
v 0.059912 -0.016700 -0.020512
v 0.059912 -0.016912 -0.020300
v 0.059700 -0.011000 -0.020300
v 0.060000 -0.011300 -0.020300
v 0.059700 -0.011300 -0.020600
v 0.059912 -0.011088 -0.020300
v 0.059873 -0.011127 -0.020473
v 0.059912 -0.011300 -0.020512
v 0.059700 -0.011088 -0.020512
vn -0.3251 -0.8881 0.3251
vn -0.3251 -0.3251 0.8881
vn -0.8881 -0.3251 0.3250
vn -0.3251 0.3251 0.8881
vn -0.3251 0.8881 0.3251
vn -0.8881 0.3251 0.3250
vn -0.3251 -0.8881 -0.3251
vn -0.8881 -0.3251 -0.3250
vn -0.3251 -0.3251 -0.8881
vn -0.3251 0.8881 -0.3251
vn -0.3251 0.3251 -0.8881
vn -0.8881 0.3251 -0.3250
vn 0.3251 -0.8881 0.3251
vn 0.8881 -0.3251 0.3250
vn 0.3251 -0.3251 0.8881
vn 0.3251 0.8881 0.3251
vn 0.3251 0.3251 0.8881
vn 0.8881 0.3251 0.3250
vn 0.3251 -0.8881 -0.3251
vn 0.3251 -0.3251 -0.8881
vn 0.8881 -0.3251 -0.3250
vn 0.3251 0.8881 -0.3251
vn 0.8881 0.3251 -0.3250
vn 0.3251 0.3251 -0.8881
vn -0.3827 -0.9239 -0.0000
vn -0.9239 -0.3827 -0.0000
vn -0.3827 -0.0000 0.9239
vn -0.9239 -0.0000 0.3827
vn -0.3827 0.9239 -0.0000
vn -0.9239 0.3827 -0.0000
vn -0.3827 -0.0000 -0.9239
vn -0.9239 -0.0000 -0.3827
vn -0.0000 -0.9239 -0.3827
vn -0.0000 -0.3827 -0.9239
vn -0.0000 0.9239 -0.3827
vn -0.0000 0.3827 -0.9239
vn 0.9239 -0.0000 -0.3827
vn 0.3827 -0.0000 -0.9239
vn 0.3827 -0.9239 -0.0000
vn 0.9239 -0.3827 -0.0000
vn 0.3827 0.9239 -0.0000
vn 0.9239 0.3827 -0.0000
vn 0.3827 -0.0000 0.9239
vn 0.9239 -0.0000 0.3827
vn -0.0000 -0.9239 0.3827
vn -0.0000 -0.3827 0.9239
vn -0.0000 0.9239 0.3827
vn -0.0000 0.3827 0.9239
vn -0.0000 -1.0000 -0.0000
vn -1.0000 -0.0000 -0.0000
vn -0.0000 -0.0000 1.0000
vn -0.0000 1.0000 -0.0000
vn -0.0000 -0.0000 -1.0000
vn 1.0000 -0.0000 -0.0000
vt 0.093917 0.002802
vt 0.091698 0.002802
vt 0.091698 0.001521
vt 0.093917 0.000582
vt 0.088313 0.002802
vt 0.088313 0.000582
vt 0.089595 0.000582
vt 0.090533 0.002802
vt 0.105125 0.042755
vt 0.105125 0.044975
vt 0.103844 0.044975
vt 0.102906 0.042755
vt 0.048360 0.002802
vt 0.046140 0.002802
vt 0.046140 0.001521
vt 0.048360 0.000582
vt 0.099521 0.997198
vt 0.099521 0.999418
vt 0.098240 0.999418
vt 0.097302 0.997198
vt 0.105125 0.002802
vt 0.102906 0.002802
vt 0.102906 0.001521
vt 0.105125 0.000582
vt 0.093917 0.002802
vt 0.093917 0.000582
vt 0.095199 0.000582
vt 0.096137 0.002802
vt 0.107345 0.042755
vt 0.107345 0.044037
vt 0.105125 0.044975
vt 0.042755 0.997198
vt 0.044975 0.997198
vt 0.044975 0.998479
vt 0.042755 0.999418
vt 0.101741 0.997198
vt 0.101741 0.998479
vt 0.099521 0.999418
vt 0.002802 0.997198
vt 0.002802 0.999418
vt 0.001521 0.999418
vt 0.000582 0.997198
vt 0.105125 0.002802
vt 0.106407 0.000582
vt 0.107345 0.002802
vt 0.093917 0.997198
vt 0.093917 0.999418
vt 0.092636 0.999418
vt 0.091698 0.997198
vt 0.105125 0.088313
vt 0.107345 0.088313
vt 0.107345 0.089594
vt 0.105125 0.090533
vt 0.088313 0.997198
vt 0.090533 0.997198
vt 0.090533 0.998479
vt 0.088313 0.999418
vt 0.099521 0.002802
vt 0.097302 0.002802
vt 0.097302 0.001521
vt 0.099521 0.000582
vt 0.048360 0.997198
vt 0.048360 0.999418
vt 0.047078 0.999418
vt 0.046140 0.997198
vt 0.105125 0.048360
vt 0.105125 0.046140
vt 0.106407 0.046140
vt 0.107345 0.048360
vt 0.096137 0.997198
vt 0.096137 0.998479
vt 0.093917 0.999418
vt 0.042756 0.002802
vt 0.042756 0.000582
vt 0.044037 0.000582
vt 0.044975 0.002802
vt 0.105125 0.090533
vt 0.103844 0.090533
vt 0.102906 0.088313
vt 0.099521 0.000582
vt 0.100803 0.000582
vt 0.101741 0.002802
vt 0.102906 0.048360
vt 0.102906 0.047078
vt 0.105125 0.046140
vt 0.002802 0.002802
vt 0.000582 0.002802
vt 0.000582 0.001521
vt 0.002802 0.000582
s 0
usemtl MAT_metal_dark_blued
f 3661/5264/2881 3664/5265/2881 3665/5266/2881 3667/5267/2881
f 3662/5268/2882 3666/5269/2882 3665/5270/2882 3664/5271/2882
f 3663/5272/2883 3667/5273/2883 3665/5274/2883 3666/5275/2883
f 3668/5276/2884 3671/5277/2884 3672/5278/2884 3674/5279/2884
f 3669/5280/2885 3673/5281/2885 3672/5282/2885 3671/5283/2885
f 3670/5284/2886 3674/5285/2886 3672/5286/2886 3673/5287/2886
f 3675/5288/2887 3678/5289/2887 3679/5290/2887 3681/5291/2887
f 3676/5272/2888 3680/5292/2888 3679/5293/2888 3678/5294/2888
f 3677/5295/2889 3681/5296/2889 3679/5297/2889 3680/5298/2889
f 3682/5280/2890 3685/5299/2890 3686/5300/2890 3688/5301/2890
f 3683/5302/2891 3687/5303/2891 3686/5304/2891 3685/5305/2891
f 3684/5306/2892 3688/5287/2892 3686/5307/2892 3687/5308/2892
f 3689/5309/2893 3692/5310/2893 3693/5311/2893 3695/5312/2893
f 3690/5313/2894 3694/5314/2894 3693/5315/2894 3692/5316/2894
f 3691/5317/2895 3695/5318/2895 3693/5319/2895 3694/5320/2895
f 3696/5321/2896 3699/5322/2896 3700/5323/2896 3702/5324/2896
f 3697/5325/2897 3701/5326/2897 3700/5327/2897 3699/5328/2897
f 3698/5329/2898 3702/5330/2898 3700/5331/2898 3701/5332/2898
f 3703/5309/2899 3706/5333/2899 3707/5334/2899 3709/5335/2899
f 3704/5336/2900 3708/5337/2900 3707/5338/2900 3706/5339/2900
f 3705/5313/2901 3709/5340/2901 3707/5341/2901 3708/5342/2901
f 3710/5321/2902 3713/5343/2902 3714/5344/2902 3716/5345/2902
f 3711/5329/2903 3715/5346/2903 3714/5347/2903 3713/5348/2903
f 3712/5349/2904 3716/5350/2904 3714/5351/2904 3715/5352/2904
f 3675/5288/2905 3661/5264/2905 3667/5267/2905 3678/5289/2905
f 3678/5294/2906 3667/5273/2906 3663/5272/2906 3676/5272/2906
f 3662/5268/2907 3668/5276/2907 3674/5279/2907 3666/5269/2907
f 3666/5275/2908 3674/5285/2908 3670/5284/2908 3663/5272/2908
f 3669/5280/2909 3682/5280/2909 3688/5301/2909 3673/5281/2909
f 3673/5287/2910 3688/5287/2910 3684/5306/2910 3670/5284/2910
f 3683/5302/2911 3677/5295/2911 3680/5298/2911 3687/5303/2911
f 3687/5308/2912 3680/5292/2912 3676/5272/2912 3684/5306/2912
f 3703/5309/2913 3675/5288/2913 3681/5291/2913 3706/5333/2913
f 3706/5339/2914 3681/5296/2914 3677/5295/2914 3704/5336/2914
f 3682/5280/2915 3710/5321/2915 3716/5345/2915 3685/5299/2915
f 3685/5305/2916 3716/5350/2916 3712/5349/2916 3683/5302/2916
f 3711/5329/2917 3705/5313/2917 3708/5342/2917 3715/5346/2917
f 3715/5352/2918 3708/5337/2918 3704/5336/2918 3712/5349/2918
f 3689/5309/2919 3703/5309/2919 3709/5335/2919 3692/5310/2919
f 3692/5316/2920 3709/5340/2920 3705/5313/2920 3690/5313/2920
f 3710/5321/2921 3696/5321/2921 3702/5324/2921 3713/5343/2921
f 3713/5348/2922 3702/5330/2922 3698/5329/2922 3711/5329/2922
f 3697/5325/2923 3691/5317/2923 3694/5320/2923 3701/5326/2923
f 3701/5332/2924 3694/5314/2924 3690/5313/2924 3698/5329/2924
f 3661/5264/2925 3689/5309/2925 3695/5312/2925 3664/5265/2925
f 3664/5271/2926 3695/5318/2926 3691/5317/2926 3662/5268/2926
f 3696/5321/2927 3669/5280/2927 3671/5283/2927 3699/5322/2927
f 3699/5328/2928 3671/5277/2928 3668/5276/2928 3697/5325/2928
f 3675/5288/2929 3703/5309/2929 3689/5309/2929 3661/5264/2929
f 3663/5272/2930 3670/5284/2930 3684/5306/2930 3676/5272/2930
f 3691/5317/2931 3697/5325/2931 3668/5276/2931 3662/5268/2931
f 3710/5321/2932 3682/5280/2932 3669/5280/2932 3696/5321/2932
f 3677/5295/2933 3683/5302/2933 3712/5349/2933 3704/5336/2933
f 3705/5313/2934 3711/5329/2934 3698/5329/2934 3690/5313/2934
o AK_plate_sling_rear_visual
v -0.479600 -0.048225 0.019600
v -0.479600 -0.047825 0.020000
v -0.480000 -0.047825 0.019600
v -0.479600 -0.048108 0.019883
v -0.479831 -0.048056 0.019831
v -0.479883 -0.047825 0.019883
v -0.479883 -0.048108 0.019600
v -0.479600 -0.045625 0.020000
v -0.479600 -0.045225 0.019600
v -0.480000 -0.045625 0.019600
v -0.479600 -0.045342 0.019883
v -0.479831 -0.045394 0.019831
v -0.479883 -0.045342 0.019600
v -0.479883 -0.045625 0.019883
v -0.479600 -0.048225 -0.019600
v -0.480000 -0.047825 -0.019600
v -0.479600 -0.047825 -0.020000
v -0.479883 -0.048108 -0.019600
v -0.479831 -0.048056 -0.019831
v -0.479883 -0.047825 -0.019883
v -0.479600 -0.048108 -0.019883
v -0.479600 -0.045225 -0.019600
v -0.479600 -0.045625 -0.020000
v -0.480000 -0.045625 -0.019600
v -0.479600 -0.045342 -0.019883
v -0.479831 -0.045394 -0.019831
v -0.479883 -0.045625 -0.019883
v -0.479883 -0.045342 -0.019600
v -0.460400 -0.048225 0.019600
v -0.460000 -0.047825 0.019600
v -0.460400 -0.047825 0.020000
v -0.460117 -0.048108 0.019600
v -0.460169 -0.048056 0.019831
v -0.460117 -0.047825 0.019883
v -0.460400 -0.048108 0.019883
v -0.460400 -0.045225 0.019600
v -0.460400 -0.045625 0.020000
v -0.460000 -0.045625 0.019600
v -0.460400 -0.045342 0.019883
v -0.460169 -0.045394 0.019831
v -0.460117 -0.045625 0.019883
v -0.460117 -0.045342 0.019600
v -0.460400 -0.048225 -0.019600
v -0.460400 -0.047825 -0.020000
v -0.460000 -0.047825 -0.019600
v -0.460400 -0.048108 -0.019883
v -0.460169 -0.048056 -0.019831
v -0.460117 -0.047825 -0.019883
v -0.460117 -0.048108 -0.019600
v -0.460400 -0.045225 -0.019600
v -0.460000 -0.045625 -0.019600
v -0.460400 -0.045625 -0.020000
v -0.460117 -0.045342 -0.019600
v -0.460169 -0.045394 -0.019831
v -0.460117 -0.045625 -0.019883
v -0.460400 -0.045342 -0.019883
vn -0.3251 -0.8881 0.3251
vn -0.3251 -0.3251 0.8881
vn -0.8881 -0.3251 0.3251
vn -0.3251 0.3251 0.8881
vn -0.3251 0.8881 0.3251
vn -0.8881 0.3251 0.3251
vn -0.3251 -0.8881 -0.3251
vn -0.8881 -0.3251 -0.3251
vn -0.3251 -0.3251 -0.8881
vn -0.3251 0.8881 -0.3251
vn -0.3251 0.3251 -0.8881
vn -0.8881 0.3251 -0.3251
vn 0.3251 -0.8881 0.3251
vn 0.8881 -0.3251 0.3251
vn 0.3251 -0.3251 0.8881
vn 0.3251 0.8881 0.3251
vn 0.3251 0.3251 0.8881
vn 0.8881 0.3251 0.3251
vn 0.3251 -0.8881 -0.3251
vn 0.3251 -0.3251 -0.8881
vn 0.8881 -0.3251 -0.3251
vn 0.3251 0.8881 -0.3251
vn 0.8881 0.3251 -0.3251
vn 0.3251 0.3251 -0.8881
vn -0.3827 -0.9239 -0.0000
vn -0.9239 -0.3827 -0.0000
vn -0.3827 -0.0000 0.9239
vn -0.9239 -0.0000 0.3827
vn -0.3827 0.9239 -0.0000
vn -0.9239 0.3827 -0.0000
vn -0.3827 -0.0000 -0.9239
vn -0.9239 -0.0000 -0.3827
vn -0.0000 -0.9239 -0.3827
vn -0.0000 -0.3827 -0.9239
vn -0.0000 0.9239 -0.3827
vn -0.0000 0.3827 -0.9239
vn 0.9239 -0.0000 -0.3827
vn 0.3827 -0.0000 -0.9239
vn 0.3827 -0.9239 -0.0000
vn 0.9239 -0.3827 -0.0000
vn 0.3827 0.9239 -0.0000
vn 0.9239 0.3827 -0.0000
vn 0.3827 -0.0000 0.9239
vn 0.9239 -0.0000 0.3827
vn -0.0000 -0.9239 0.3827
vn -0.0000 -0.3827 0.9239
vn -0.0000 0.9239 0.3827
vn -0.0000 0.3827 0.9239
vn -0.0000 -1.0000 -0.0000
vn -1.0000 -0.0000 -0.0000
vn -0.0000 -0.0000 1.0000
vn -0.0000 1.0000 -0.0000
vn -0.0000 -0.0000 -1.0000
vn 1.0000 -0.0000 -0.0000
vt 0.394355 0.009891
vt 0.394355 0.001882
vt 0.398979 0.001882
vt 0.402365 0.009891
vt 0.990109 0.414138
vt 0.990109 0.406128
vt 0.994733 0.406128
vt 0.998118 0.414138
vt 0.862437 0.794838
vt 0.870447 0.794838
vt 0.870447 0.799462
vt 0.862437 0.802848
vt 0.946056 0.414138
vt 0.938046 0.414138
vt 0.938046 0.409513
vt 0.946056 0.406128
vt 0.414138 0.009891
vt 0.406128 0.009891
vt 0.406128 0.005267
vt 0.414138 0.001882
vt 0.818384 0.794838
vt 0.818384 0.802848
vt 0.813759 0.802848
vt 0.810374 0.794838
vt 0.394355 0.794838
vt 0.402365 0.794838
vt 0.402365 0.799462
vt 0.394355 0.802847
vt 0.862437 0.009891
vt 0.862437 0.001882
vt 0.867061 0.001882
vt 0.870447 0.009891
vt 0.990109 0.394355
vt 0.998118 0.394355
vt 0.998118 0.398979
vt 0.990109 0.402365
vt 0.414138 0.794838
vt 0.414138 0.802848
vt 0.409513 0.802848
vt 0.406128 0.794838
vt 0.946056 0.394355
vt 0.946055 0.402365
vt 0.941431 0.402365
vt 0.938046 0.394355
vt 0.818384 0.009891
vt 0.810374 0.009891
vt 0.810374 0.005267
vt 0.818384 0.001882
vt 0.009891 0.009891
vt 0.001882 0.009891
vt 0.001882 0.005267
vt 0.009891 0.001882
vt 0.926273 0.009891
vt 0.926273 0.001882
vt 0.930897 0.001882
vt 0.934282 0.009891
vt 0.990109 0.798601
vt 0.998118 0.798601
vt 0.998118 0.803226
vt 0.990109 0.806611
vt 0.798601 0.009891
vt 0.798601 0.001882
vt 0.803226 0.001882
vt 0.806611 0.009891
vt 0.946056 0.798601
vt 0.946056 0.806611
vt 0.941431 0.806611
vt 0.938046 0.798601
vt 0.882220 0.009891
vt 0.874210 0.009891
vt 0.874210 0.005267
vt 0.882220 0.001882
vt 0.009891 0.794838
vt 0.009891 0.802848
vt 0.005267 0.802848
vt 0.001882 0.794838
vt 0.990109 0.009891
vt 0.990109 0.001882
vt 0.994733 0.001882
vt 0.998118 0.009891
vt 0.926273 0.794838
vt 0.934282 0.794838
vt 0.934282 0.799462
vt 0.926273 0.802848
vt 0.798601 0.794838
vt 0.806611 0.794838
vt 0.806611 0.799462
vt 0.798601 0.802847
vt 0.882220 0.794838
vt 0.882220 0.802848
vt 0.877595 0.802848
vt 0.874210 0.794838
vt 0.946055 0.009891
vt 0.938046 0.009891
vt 0.938046 0.005267
vt 0.946056 0.001882
s 0
usemtl MAT_metal_dark_blued
f 3717/5353/2935 3720/5354/2935 3721/5355/2935 3723/5356/2935
f 3718/5357/2936 3722/5358/2936 3721/5359/2936 3720/5360/2936
f 3719/5361/2937 3723/5362/2937 3721/5363/2937 3722/5364/2937
f 3724/5365/2938 3727/5366/2938 3728/5367/2938 3730/5368/2938
f 3725/5369/2939 3729/5370/2939 3728/5371/2939 3727/5372/2939
f 3726/5373/2940 3730/5374/2940 3728/5375/2940 3729/5376/2940
f 3731/5377/2941 3734/5378/2941 3735/5379/2941 3737/5380/2941
f 3732/5381/2942 3736/5382/2942 3735/5383/2942 3734/5384/2942
f 3733/5385/2943 3737/5386/2943 3735/5387/2943 3736/5388/2943
f 3738/5389/2944 3741/5390/2944 3742/5391/2944 3744/5392/2944
f 3739/5393/2945 3743/5394/2945 3742/5395/2945 3741/5396/2945
f 3740/5397/2946 3744/5398/2946 3742/5399/2946 3743/5400/2946
f 3745/5401/2947 3748/5402/2947 3749/5403/2947 3751/5404/2947
f 3746/5405/2948 3750/5406/2948 3749/5407/2948 3748/5408/2948
f 3747/5409/2949 3751/5410/2949 3749/5411/2949 3750/5412/2949
f 3752/5413/2950 3755/5414/2950 3756/5415/2950 3758/5416/2950
f 3753/5417/2951 3757/5418/2951 3756/5419/2951 3755/5420/2951
f 3754/5421/2952 3758/5422/2952 3756/5423/2952 3757/5424/2952
f 3759/5425/2953 3762/5426/2953 3763/5427/2953 3765/5428/2953
f 3760/5429/2954 3764/5430/2954 3763/5431/2954 3762/5432/2954
f 3761/5433/2955 3765/5434/2955 3763/5435/2955 3764/5436/2955
f 3766/5437/2956 3769/5438/2956 3770/5439/2956 3772/5440/2956
f 3767/5441/2957 3771/5442/2957 3770/5443/2957 3769/5444/2957
f 3768/5445/2958 3772/5446/2958 3770/5447/2958 3771/5448/2958
f 3731/5377/2959 3717/5353/2959 3723/5356/2959 3734/5378/2959
f 3734/5384/2960 3723/5362/2960 3719/5361/2960 3732/5381/2960
f 3718/5357/2961 3724/5365/2961 3730/5368/2961 3722/5358/2961
f 3722/5364/2962 3730/5374/2962 3726/5373/2962 3719/5361/2962
f 3725/5369/2963 3738/5389/2963 3744/5392/2963 3729/5370/2963
f 3729/5376/2964 3744/5398/2964 3740/5397/2964 3726/5373/2964
f 3739/5393/2965 3733/5385/2965 3736/5388/2965 3743/5394/2965
f 3743/5400/2966 3736/5382/2966 3732/5381/2966 3740/5397/2966
f 3759/5425/2967 3731/5377/2967 3737/5380/2967 3762/5426/2967
f 3762/5432/2968 3737/5386/2968 3733/5385/2968 3760/5429/2968
f 3738/5389/2969 3766/5437/2969 3772/5440/2969 3741/5390/2969
f 3741/5396/2970 3772/5446/2970 3768/5445/2970 3739/5393/2970
f 3767/5441/2971 3761/5433/2971 3764/5436/2971 3771/5442/2971
f 3771/5448/2972 3764/5430/2972 3760/5429/2972 3768/5445/2972
f 3745/5401/2973 3759/5425/2973 3765/5428/2973 3748/5402/2973
f 3748/5408/2974 3765/5434/2974 3761/5433/2974 3746/5405/2974
f 3766/5437/2975 3752/5413/2975 3758/5416/2975 3769/5438/2975
f 3769/5444/2976 3758/5422/2976 3754/5421/2976 3767/5441/2976
f 3753/5417/2977 3747/5409/2977 3750/5412/2977 3757/5418/2977
f 3757/5424/2978 3750/5406/2978 3746/5405/2978 3754/5421/2978
f 3717/5353/2979 3745/5401/2979 3751/5404/2979 3720/5354/2979
f 3720/5360/2980 3751/5410/2980 3747/5409/2980 3718/5357/2980
f 3752/5413/2981 3725/5369/2981 3727/5372/2981 3755/5414/2981
f 3755/5420/2982 3727/5366/2982 3724/5365/2982 3753/5417/2982
f 3731/5377/2983 3759/5425/2983 3745/5401/2983 3717/5353/2983
f 3719/5361/2984 3726/5373/2984 3740/5397/2984 3732/5381/2984
f 3747/5409/2985 3753/5417/2985 3724/5365/2985 3718/5357/2985
f 3766/5437/2986 3738/5389/2986 3725/5369/2986 3752/5413/2986
f 3733/5385/2987 3739/5393/2987 3768/5445/2987 3760/5429/2987
f 3761/5433/2988 3767/5441/2988 3754/5421/2988 3746/5405/2988
o AK_rear_sight_visual
v 0.031000 0.046000 0.014000
v 0.031000 0.047000 0.015000
v 0.030000 0.047000 0.014000
v 0.031000 0.046293 0.014707
v 0.030423 0.046423 0.014577
v 0.030293 0.047000 0.014707
v 0.030293 0.046293 0.014000
v 0.031000 0.057000 0.015000
v 0.031000 0.058000 0.014000
v 0.030000 0.057000 0.014000
v 0.031000 0.057707 0.014707
v 0.030423 0.057577 0.014577
v 0.030293 0.057707 0.014000
v 0.030293 0.057000 0.014707
v 0.031000 0.046000 -0.014000
v 0.030000 0.047000 -0.014000
v 0.031000 0.047000 -0.015000
v 0.030293 0.046293 -0.014000
v 0.030423 0.046423 -0.014577
v 0.030293 0.047000 -0.014707
v 0.031000 0.046293 -0.014707
v 0.031000 0.058000 -0.014000
v 0.031000 0.057000 -0.015000
v 0.030000 0.057000 -0.014000
v 0.031000 0.057707 -0.014707
v 0.030423 0.057577 -0.014577
v 0.030293 0.057000 -0.014707
v 0.030293 0.057707 -0.014000
v 0.059000 0.046000 0.014000
v 0.060000 0.047000 0.014000
v 0.059000 0.047000 0.015000
v 0.059707 0.046293 0.014000
v 0.059577 0.046423 0.014577
v 0.059707 0.047000 0.014707
v 0.059000 0.046293 0.014707
v 0.059000 0.058000 0.014000
v 0.059000 0.057000 0.015000
v 0.060000 0.057000 0.014000
v 0.059000 0.057707 0.014707
v 0.059577 0.057577 0.014577
v 0.059707 0.057000 0.014707
v 0.059707 0.057707 0.014000
v 0.059000 0.046000 -0.014000
v 0.059000 0.047000 -0.015000
v 0.060000 0.047000 -0.014000
v 0.059000 0.046293 -0.014707
v 0.059577 0.046423 -0.014577
v 0.059707 0.047000 -0.014707
v 0.059707 0.046293 -0.014000
v 0.059000 0.058000 -0.014000
v 0.060000 0.057000 -0.014000
v 0.059000 0.057000 -0.015000
v 0.059707 0.057707 -0.014000
v 0.059577 0.057577 -0.014577
v 0.059707 0.057000 -0.014707
v 0.059000 0.057707 -0.014707
v 0.036000 0.057500 0.005000
v 0.036000 0.058500 0.006000
v 0.035000 0.058500 0.005000
v 0.036000 0.057793 0.005707
v 0.035423 0.057923 0.005577
v 0.035293 0.058500 0.005707
v 0.035293 0.057793 0.005000
v 0.036000 0.061500 0.006000
v 0.036000 0.062500 0.005000
v 0.035000 0.061500 0.005000
v 0.036000 0.062207 0.005707
v 0.035423 0.062077 0.005577
v 0.035293 0.062207 0.005000
v 0.035293 0.061500 0.005707
v 0.036000 0.057500 -0.005000
v 0.035000 0.058500 -0.005000
v 0.036000 0.058500 -0.006000
v 0.035293 0.057793 -0.005000
v 0.035423 0.057923 -0.005577
v 0.035293 0.058500 -0.005707
v 0.036000 0.057793 -0.005707
v 0.036000 0.062500 -0.005000
v 0.036000 0.061500 -0.006000
v 0.035000 0.061500 -0.005000
v 0.036000 0.062207 -0.005707
v 0.035423 0.062077 -0.005577
v 0.035293 0.061500 -0.005707
v 0.035293 0.062207 -0.005000
v 0.054000 0.057500 0.005000
v 0.055000 0.058500 0.005000
v 0.054000 0.058500 0.006000
v 0.054707 0.057793 0.005000
v 0.054577 0.057923 0.005577
v 0.054707 0.058500 0.005707
v 0.054000 0.057793 0.005707
v 0.054000 0.062500 0.005000
v 0.054000 0.061500 0.006000
v 0.055000 0.061500 0.005000
v 0.054000 0.062207 0.005707
v 0.054577 0.062077 0.005577
v 0.054707 0.061500 0.005707
v 0.054707 0.062207 0.005000
v 0.054000 0.057500 -0.005000
v 0.054000 0.058500 -0.006000
v 0.055000 0.058500 -0.005000
v 0.054000 0.057793 -0.005707
v 0.054577 0.057923 -0.005577
v 0.054707 0.058500 -0.005707
v 0.054707 0.057793 -0.005000
v 0.054000 0.062500 -0.005000
v 0.055000 0.061500 -0.005000
v 0.054000 0.061500 -0.006000
v 0.054707 0.062207 -0.005000
v 0.054577 0.062077 -0.005577
v 0.054707 0.061500 -0.005707
v 0.054000 0.062207 -0.005707
vn -0.3251 -0.8881 0.3251
vn -0.3251 -0.3251 0.8881
vn -0.8881 -0.3251 0.3251
vn -0.3251 0.3251 0.8881
vn -0.3251 0.8881 0.3251
vn -0.8881 0.3251 0.3251
vn -0.3251 -0.8881 -0.3251
vn -0.8881 -0.3251 -0.3251
vn -0.3251 -0.3251 -0.8881
vn -0.3251 0.8881 -0.3251
vn -0.3251 0.3251 -0.8881
vn -0.8881 0.3251 -0.3251
vn 0.3251 -0.8881 0.3251
vn 0.8881 -0.3251 0.3251
vn 0.3251 -0.3251 0.8881
vn 0.3251 0.8881 0.3251
vn 0.3251 0.3251 0.8881
vn 0.8881 0.3251 0.3251
vn 0.3251 -0.8881 -0.3251
vn 0.3251 -0.3251 -0.8881
vn 0.8881 -0.3251 -0.3251
vn 0.3251 0.8881 -0.3251
vn 0.8881 0.3251 -0.3251
vn 0.3251 0.3251 -0.8881
vn -0.3827 -0.9239 -0.0000
vn -0.9239 -0.3827 -0.0000
vn -0.3827 -0.0000 0.9239
vn -0.9239 -0.0000 0.3827
vn -0.3827 0.9239 -0.0000
vn -0.9239 0.3827 -0.0000
vn -0.3827 -0.0000 -0.9239
vn -0.9239 -0.0000 -0.3827
vn -0.0000 -0.9239 -0.3827
vn -0.0000 -0.3827 -0.9239
vn -0.0000 0.9239 -0.3827
vn -0.0000 0.3827 -0.9239
vn 0.9239 -0.0000 -0.3827
vn 0.3827 -0.0000 -0.9239
vn 0.3827 -0.9239 -0.0000
vn 0.9239 -0.3827 -0.0000
vn 0.3827 0.9239 -0.0000
vn 0.9239 0.3827 -0.0000
vn 0.3827 -0.0000 0.9239
vn 0.9239 -0.0000 0.3827
vn -0.0000 -0.9239 0.3827
vn -0.0000 -0.3827 0.9239
vn -0.0000 0.9239 0.3827
vn -0.0000 0.3827 0.9239
vn -0.0000 -1.0000 -0.0000
vn -1.0000 -0.0000 -0.0000
vn -0.0000 -0.0000 1.0000
vn -0.0000 1.0000 -0.0000
vn -0.0000 -0.0000 -1.0000
vn 1.0000 -0.0000 -0.0000
vt 0.018874 0.018874
vt 0.005438 0.018874
vt 0.005438 0.011117
vt 0.018874 0.005438
vt 0.222969 0.432821
vt 0.222969 0.419386
vt 0.230726 0.419386
vt 0.236405 0.432821
vt 0.567179 0.395074
vt 0.580614 0.395074
vt 0.580614 0.402831
vt 0.567179 0.408510
vt 0.088612 0.432821
vt 0.075176 0.432821
vt 0.075176 0.425064
vt 0.088612 0.419386
vt 0.432821 0.809022
vt 0.432821 0.822457
vt 0.425064 0.822457
vt 0.419386 0.809022
vt 0.432821 0.395074
vt 0.432821 0.408510
vt 0.425064 0.408510
vt 0.419386 0.395074
vt 0.395074 0.018874
vt 0.395074 0.005438
vt 0.402831 0.005438
vt 0.408510 0.018874
vt 0.567179 0.018874
vt 0.567179 0.005438
vt 0.574936 0.005438
vt 0.580614 0.018874
vt 0.739283 0.395074
vt 0.752719 0.395074
vt 0.752719 0.402831
vt 0.739283 0.408510
vt 0.809022 0.809022
vt 0.822457 0.809022
vt 0.822457 0.816779
vt 0.809022 0.822457
vt 0.604926 0.395074
vt 0.604926 0.408510
vt 0.597169 0.408510
vt 0.591490 0.395074
vt 0.432821 0.018874
vt 0.419386 0.018874
vt 0.419386 0.011117
vt 0.432821 0.005438
vt 0.018874 0.395074
vt 0.018874 0.408510
vt 0.011117 0.408510
vt 0.005438 0.395074
vt 0.395074 0.432821
vt 0.395074 0.419386
vt 0.402831 0.419386
vt 0.408510 0.432821
vt 0.222969 0.809022
vt 0.236405 0.809022
vt 0.236405 0.816779
vt 0.222969 0.822457
vt 0.432821 0.432821
vt 0.419386 0.432821
vt 0.419386 0.425064
vt 0.432821 0.419386
vt 0.088612 0.809022
vt 0.088612 0.822457
vt 0.080855 0.822457
vt 0.075176 0.809022
vt 0.260717 0.432821
vt 0.247281 0.432821
vt 0.247281 0.425064
vt 0.260717 0.419386
vt 0.395074 0.395074
vt 0.408510 0.395074
vt 0.408510 0.402831
vt 0.395074 0.408510
vt 0.739283 0.018874
vt 0.739283 0.005438
vt 0.747040 0.005438
vt 0.752719 0.018874
vt 0.395074 0.809022
vt 0.408510 0.809022
vt 0.408510 0.816779
vt 0.395074 0.822457
vt 0.809022 0.432821
vt 0.809022 0.419386
vt 0.816779 0.419386
vt 0.822457 0.432821
vt 0.260717 0.809022
vt 0.260717 0.822457
vt 0.252960 0.822457
vt 0.247281 0.809022
vt 0.604926 0.018874
vt 0.591490 0.018874
vt 0.591490 0.011117
vt 0.604926 0.005438
vt 0.777031 0.153231
vt 0.763595 0.153231
vt 0.763595 0.145474
vt 0.777031 0.139795
vt 0.965131 0.712412
vt 0.965131 0.698976
vt 0.972888 0.698976
vt 0.978567 0.712412
vt 0.128919 0.981126
vt 0.142355 0.981126
vt 0.142355 0.988883
vt 0.128919 0.994562
vt 0.924824 0.712412
vt 0.911388 0.712412
vt 0.911388 0.704655
vt 0.924824 0.698976
vt 0.846769 0.674664
vt 0.846769 0.688100
vt 0.839012 0.688100
vt 0.833333 0.674664
vt 0.088612 0.981126
vt 0.088612 0.994562
vt 0.080855 0.994562
vt 0.075176 0.981126
vt 0.911388 0.153231
vt 0.911388 0.139795
vt 0.919145 0.139795
vt 0.924824 0.153231
vt 0.128919 0.846769
vt 0.128919 0.833333
vt 0.136676 0.833333
vt 0.142355 0.846769
vt 0.887076 0.954255
vt 0.900512 0.954255
vt 0.900512 0.962012
vt 0.887076 0.967691
vt 0.981126 0.674664
vt 0.994562 0.674664
vt 0.994562 0.682422
vt 0.981126 0.688100
vt 0.846769 0.954255
vt 0.846769 0.967691
vt 0.839012 0.967691
vt 0.833333 0.954255
vt 0.088612 0.846769
vt 0.075176 0.846769
vt 0.075176 0.839012
vt 0.088612 0.833333
vt 0.777031 0.395074
vt 0.777031 0.408510
vt 0.769274 0.408510
vt 0.763595 0.395074
vt 0.206974 0.846769
vt 0.206974 0.833333
vt 0.214731 0.833333
vt 0.220410 0.846769
vt 0.965131 0.954255
vt 0.978567 0.954255
vt 0.978567 0.962012
vt 0.965131 0.967691
vt 0.846769 0.432821
vt 0.833333 0.432821
vt 0.833333 0.425064
vt 0.846769 0.419386
vt 0.924824 0.954255
vt 0.924824 0.967691
vt 0.917067 0.967691
vt 0.911388 0.954255
vt 0.166667 0.846769
vt 0.153231 0.846769
vt 0.153231 0.839012
vt 0.166667 0.833333
vt 0.911388 0.395074
vt 0.924824 0.395074
vt 0.924824 0.402831
vt 0.911388 0.408510
vt 0.887076 0.712412
vt 0.887076 0.698976
vt 0.894833 0.698976
vt 0.900512 0.712412
vt 0.206974 0.981126
vt 0.220410 0.981126
vt 0.220410 0.988883
vt 0.206974 0.994562
vt 0.981126 0.432821
vt 0.981126 0.419386
vt 0.988883 0.419386
vt 0.994562 0.432821
vt 0.166667 0.981126
vt 0.166667 0.994562
vt 0.158910 0.994562
vt 0.153231 0.981126
vt 0.846769 0.712412
vt 0.833333 0.712412
vt 0.833333 0.704655
vt 0.846769 0.698976
s 0
usemtl MAT_metal_dark_blued
f 3773/5449/2989 3776/5450/2989 3777/5451/2989 3779/5452/2989
f 3774/5453/2990 3778/5454/2990 3777/5455/2990 3776/5456/2990
f 3775/5457/2991 3779/5458/2991 3777/5459/2991 3778/5460/2991
f 3780/5461/2992 3783/5462/2992 3784/5463/2992 3786/5464/2992
f 3781/5465/2993 3785/5466/2993 3784/5467/2993 3783/5468/2993
f 3782/5469/2994 3786/5470/2994 3784/5471/2994 3785/5472/2994
f 3787/5473/2995 3790/5474/2995 3791/5475/2995 3793/5476/2995
f 3788/5477/2996 3792/5478/2996 3791/5479/2996 3790/5480/2996
f 3789/5481/2997 3793/5482/2997 3791/5483/2997 3792/5484/2997
f 3794/5485/2998 3797/5486/2998 3798/5487/2998 3800/5488/2998
f 3795/5489/2999 3799/5490/2999 3798/5491/2999 3797/5492/2999
f 3796/5493/3000 3800/5494/3000 3798/5495/3000 3799/5496/3000
f 3801/5497/3001 3804/5498/3001 3805/5499/3001 3807/5500/3001
f 3802/5501/3002 3806/5502/3002 3805/5503/3002 3804/5504/3002
f 3803/5505/3003 3807/5506/3003 3805/5507/3003 3806/5508/3003
f 3808/5509/3004 3811/5510/3004 3812/5511/3004 3814/5512/3004
f 3809/5513/3005 3813/5514/3005 3812/5515/3005 3811/5516/3005
f 3810/5517/3006 3814/5518/3006 3812/5519/3006 3813/5520/3006
f 3815/5521/3007 3818/5522/3007 3819/5523/3007 3821/5524/3007
f 3816/5525/3008 3820/5526/3008 3819/5527/3008 3818/5528/3008
f 3817/5529/3009 3821/5530/3009 3819/5531/3009 3820/5532/3009
f 3822/5533/3010 3825/5534/3010 3826/5535/3010 3828/5536/3010
f 3823/5537/3011 3827/5538/3011 3826/5539/3011 3825/5540/3011
f 3824/5541/3012 3828/5542/3012 3826/5543/3012 3827/5544/3012
f 3829/5545/2989 3832/5546/2989 3833/5547/2989 3835/5548/2989
f 3830/5549/2990 3834/5550/2990 3833/5551/2990 3832/5552/2990
f 3831/5553/2991 3835/5554/2991 3833/5555/2991 3834/5556/2991
f 3836/5557/2992 3839/5558/2992 3840/5559/2992 3842/5560/2992
f 3837/5561/2993 3841/5562/2993 3840/5563/2993 3839/5564/2993
f 3838/5565/2994 3842/5566/2994 3840/5567/2994 3841/5568/2994
f 3843/5569/2995 3846/5570/2995 3847/5571/2995 3849/5572/2995
f 3844/5573/2996 3848/5574/2996 3847/5575/2996 3846/5576/2996
f 3845/5577/2997 3849/5578/2997 3847/5579/2997 3848/5580/2997
f 3850/5581/2998 3853/5582/2998 3854/5583/2998 3856/5584/2998
f 3851/5585/2999 3855/5586/2999 3854/5587/2999 3853/5588/2999
f 3852/5589/3000 3856/5590/3000 3854/5591/3000 3855/5592/3000
f 3857/5593/3001 3860/5594/3001 3861/5595/3001 3863/5596/3001
f 3858/5597/3002 3862/5598/3002 3861/5599/3002 3860/5600/3002
f 3859/5601/3003 3863/5602/3003 3861/5603/3003 3862/5604/3003
f 3864/5605/3004 3867/5606/3004 3868/5607/3004 3870/5608/3004
f 3865/5609/3005 3869/5610/3005 3868/5611/3005 3867/5612/3005
f 3866/5613/3006 3870/5614/3006 3868/5615/3006 3869/5616/3006
f 3871/5617/3007 3874/5618/3007 3875/5619/3007 3877/5620/3007
f 3872/5621/3008 3876/5622/3008 3875/5623/3008 3874/5624/3008
f 3873/5625/3009 3877/5626/3009 3875/5627/3009 3876/5628/3009
f 3878/5629/3010 3881/5630/3010 3882/5631/3010 3884/5632/3010
f 3879/5633/3011 3883/5634/3011 3882/5635/3011 3881/5636/3011
f 3880/5637/3012 3884/5638/3012 3882/5639/3012 3883/5640/3012
f 3787/5473/3013 3773/5449/3013 3779/5452/3013 3790/5474/3013
f 3790/5480/3014 3779/5458/3014 3775/5457/3014 3788/5477/3014
f 3774/5453/3015 3780/5461/3015 3786/5464/3015 3778/5454/3015
f 3778/5460/3016 3786/5470/3016 3782/5469/3016 3775/5457/3016
f 3781/5465/3017 3794/5485/3017 3800/5488/3017 3785/5466/3017
f 3785/5472/3018 3800/5494/3018 3796/5493/3018 3782/5469/3018
f 3795/5489/3019 3789/5481/3019 3792/5484/3019 3799/5490/3019
f 3799/5496/3020 3792/5478/3020 3788/5477/3020 3796/5493/3020
f 3815/5521/3021 3787/5473/3021 3793/5476/3021 3818/5522/3021
f 3818/5528/3022 3793/5482/3022 3789/5481/3022 3816/5525/3022
f 3794/5485/3023 3822/5533/3023 3828/5536/3023 3797/5486/3023
f 3797/5492/3024 3828/5542/3024 3824/5541/3024 3795/5489/3024
f 3823/5537/3025 3817/5529/3025 3820/5532/3025 3827/5538/3025
f 3827/5544/3026 3820/5526/3026 3816/5525/3026 3824/5541/3026
f 3801/5497/3027 3815/5521/3027 3821/5524/3027 3804/5498/3027
f 3804/5504/3028 3821/5530/3028 3817/5529/3028 3802/5501/3028
f 3822/5533/3029 3808/5509/3029 3814/5512/3029 3825/5534/3029
f 3825/5540/3030 3814/5518/3030 3810/5517/3030 3823/5537/3030
f 3809/5513/3031 3803/5505/3031 3806/5508/3031 3813/5514/3031
f 3813/5520/3032 3806/5502/3032 3802/5501/3032 3810/5517/3032
f 3773/5449/3033 3801/5497/3033 3807/5500/3033 3776/5450/3033
f 3776/5456/3034 3807/5506/3034 3803/5505/3034 3774/5453/3034
f 3808/5509/3035 3781/5465/3035 3783/5468/3035 3811/5510/3035
f 3811/5516/3036 3783/5462/3036 3780/5461/3036 3809/5513/3036
f 3843/5569/3013 3829/5545/3013 3835/5548/3013 3846/5570/3013
f 3846/5576/3014 3835/5554/3014 3831/5553/3014 3844/5573/3014
f 3830/5549/3015 3836/5557/3015 3842/5560/3015 3834/5550/3015
f 3834/5556/3016 3842/5566/3016 3838/5565/3016 3831/5553/3016
f 3837/5561/3017 3850/5581/3017 3856/5584/3017 3841/5562/3017
f 3841/5568/3018 3856/5590/3018 3852/5589/3018 3838/5565/3018
f 3851/5585/3019 3845/5577/3019 3848/5580/3019 3855/5586/3019
f 3855/5592/3020 3848/5574/3020 3844/5573/3020 3852/5589/3020
f 3871/5617/3021 3843/5569/3021 3849/5572/3021 3874/5618/3021
f 3874/5624/3022 3849/5578/3022 3845/5577/3022 3872/5621/3022
f 3850/5581/3023 3878/5629/3023 3884/5632/3023 3853/5582/3023
f 3853/5588/3024 3884/5638/3024 3880/5637/3024 3851/5585/3024
f 3879/5633/3025 3873/5625/3025 3876/5628/3025 3883/5634/3025
f 3883/5640/3026 3876/5622/3026 3872/5621/3026 3880/5637/3026
f 3857/5593/3027 3871/5617/3027 3877/5620/3027 3860/5594/3027
f 3860/5600/3028 3877/5626/3028 3873/5625/3028 3858/5597/3028
f 3878/5629/3029 3864/5605/3029 3870/5608/3029 3881/5630/3029
f 3881/5636/3030 3870/5614/3030 3866/5613/3030 3879/5633/3030
f 3865/5609/3031 3859/5601/3031 3862/5604/3031 3869/5610/3031
f 3869/5616/3032 3862/5598/3032 3858/5597/3032 3866/5613/3032
f 3829/5545/3033 3857/5593/3033 3863/5596/3033 3832/5546/3033
f 3832/5552/3034 3863/5602/3034 3859/5601/3034 3830/5549/3034
f 3864/5605/3035 3837/5561/3035 3839/5564/3035 3867/5606/3035
f 3867/5612/3036 3839/5558/3036 3836/5557/3036 3865/5609/3036
f 3787/5473/3037 3815/5521/3037 3801/5497/3037 3773/5449/3037
f 3775/5457/3038 3782/5469/3038 3796/5493/3038 3788/5477/3038
f 3803/5505/3039 3809/5513/3039 3780/5461/3039 3774/5453/3039
f 3822/5533/3040 3794/5485/3040 3781/5465/3040 3808/5509/3040
f 3789/5481/3041 3795/5489/3041 3824/5541/3041 3816/5525/3041
f 3817/5529/3042 3823/5537/3042 3810/5517/3042 3802/5501/3042
f 3843/5569/3037 3871/5617/3037 3857/5593/3037 3829/5545/3037
f 3831/5553/3038 3838/5565/3038 3852/5589/3038 3844/5573/3038
f 3859/5601/3039 3865/5609/3039 3836/5557/3039 3830/5549/3039
f 3878/5629/3040 3850/5581/3040 3837/5561/3040 3864/5605/3040
f 3845/5577/3041 3851/5585/3041 3880/5637/3041 3872/5621/3041
f 3873/5625/3042 3879/5633/3042 3866/5613/3042 3858/5597/3042
o AK_receiver_main
v -0.178200 -0.040000 0.018200
v -0.178200 -0.038200 0.020000
v -0.180000 -0.038200 0.018200
v -0.178200 -0.039473 0.019473
v -0.179239 -0.039239 0.019239
v -0.179473 -0.038200 0.019473
v -0.179473 -0.039473 0.018200
v -0.178200 0.038200 0.020000
v -0.178200 0.040000 0.018200
v -0.180000 0.038200 0.018200
v -0.178200 0.039473 0.019473
v -0.179239 0.039239 0.019239
v -0.179473 0.039473 0.018200
v -0.179473 0.038200 0.019473
v -0.178200 -0.040000 -0.018200
v -0.180000 -0.038200 -0.018200
v -0.178200 -0.038200 -0.020000
v -0.179473 -0.039473 -0.018200
v -0.179239 -0.039239 -0.019239
v -0.179473 -0.038200 -0.019473
v -0.178200 -0.039473 -0.019473
v -0.178200 0.040000 -0.018200
v -0.178200 0.038200 -0.020000
v -0.180000 0.038200 -0.018200
v -0.178200 0.039473 -0.019473
v -0.179239 0.039239 -0.019239
v -0.179473 0.038200 -0.019473
v -0.179473 0.039473 -0.018200
v 0.048200 -0.040000 0.018200
v 0.050000 -0.038200 0.018200
v 0.048200 -0.038200 0.020000
v 0.049473 -0.039473 0.018200
v 0.049239 -0.039239 0.019239
v 0.049473 -0.038200 0.019473
v 0.048200 -0.039473 0.019473
v 0.048200 0.040000 0.018200
v 0.048200 0.038200 0.020000
v 0.050000 0.038200 0.018200
v 0.048200 0.039473 0.019473
v 0.049239 0.039239 0.019239
v 0.049473 0.038200 0.019473
v 0.049473 0.039473 0.018200
v 0.048200 -0.040000 -0.018200
v 0.048200 -0.038200 -0.020000
v 0.050000 -0.038200 -0.018200
v 0.048200 -0.039473 -0.019473
v 0.049239 -0.039239 -0.019239
v 0.049473 -0.038200 -0.019473
v 0.049473 -0.039473 -0.018200
v 0.048200 0.040000 -0.018200
v 0.050000 0.038200 -0.018200
v 0.048200 0.038200 -0.020000
v 0.049473 0.039473 -0.018200
v 0.049239 0.039239 -0.019239
v 0.049473 0.038200 -0.019473
v 0.048200 0.039473 -0.019473
vn -0.3251 -0.8881 0.3251
vn -0.3251 -0.3251 0.8881
vn -0.8881 -0.3251 0.3251
vn -0.3251 0.3251 0.8881
vn -0.3251 0.8881 0.3251
vn -0.8881 0.3251 0.3251
vn -0.3251 -0.8881 -0.3251
vn -0.8881 -0.3251 -0.3251
vn -0.3251 -0.3251 -0.8881
vn -0.3251 0.8881 -0.3251
vn -0.3251 0.3251 -0.8881
vn -0.8881 0.3251 -0.3251
vn 0.3251 -0.8881 0.3251
vn 0.8881 -0.3251 0.3251
vn 0.3251 -0.3251 0.8881
vn 0.3251 0.8881 0.3251
vn 0.3251 0.3251 0.8881
vn 0.8881 0.3251 0.3251
vn 0.3251 -0.8881 -0.3251
vn 0.3251 -0.3251 -0.8881
vn 0.8881 -0.3251 -0.3251
vn 0.3251 0.8881 -0.3251
vn 0.8881 0.3251 -0.3251
vn 0.3251 0.3251 -0.8881
vn -0.3827 -0.9239 -0.0000
vn -0.9239 -0.3827 -0.0000
vn -0.3827 -0.0000 0.9239
vn -0.9239 -0.0000 0.3827
vn -0.3827 0.9239 -0.0000
vn -0.9239 0.3827 -0.0000
vn -0.3827 -0.0000 -0.9239
vn -0.9239 -0.0000 -0.3827
vn -0.0000 -0.9239 -0.3827
vn -0.0000 -0.3827 -0.9239
vn -0.0000 0.9239 -0.3827
vn -0.0000 0.3827 -0.9239
vn 0.9239 -0.0000 -0.3827
vn 0.3827 -0.0000 -0.9239
vn 0.3827 -0.9239 -0.0000
vn 0.9239 -0.3827 -0.0000
vn 0.3827 0.9239 -0.0000
vn 0.9239 0.3827 -0.0000
vn 0.3827 -0.0000 0.9239
vn 0.9239 -0.0000 0.3827
vn -0.0000 -0.9239 0.3827
vn -0.0000 -0.3827 0.9239
vn -0.0000 0.9239 0.3827
vn -0.0000 0.3827 0.9239
vn -0.0000 -1.0000 -0.0000
vn -1.0000 -0.0000 -0.0000
vn -0.0000 -0.0000 1.0000
vn -0.0000 1.0000 -0.0000
vn -0.0000 -0.0000 -1.0000
vn 1.0000 -0.0000 -0.0000
vt 0.574779 0.010128
vt 0.568605 0.010128
vt 0.568605 0.006563
vt 0.574779 0.003953
vt 0.554523 0.010128
vt 0.554523 0.003953
vt 0.558088 0.003953
vt 0.560698 0.010128
vt 0.865012 0.272198
vt 0.865012 0.278372
vt 0.861447 0.278372
vt 0.858837 0.272198
vt 0.292454 0.010128
vt 0.286279 0.010128
vt 0.286279 0.006563
vt 0.292454 0.003953
vt 0.719895 0.786733
vt 0.719895 0.792907
vt 0.716331 0.792907
vt 0.713721 0.786733
vt 0.865012 0.010128
vt 0.858837 0.010128
vt 0.858837 0.006563
vt 0.865012 0.003953
vt 0.699640 0.010128
vt 0.699640 0.003953
vt 0.703205 0.003953
vt 0.705814 0.010128
vt 0.989872 0.272198
vt 0.996047 0.272198
vt 0.996047 0.275763
vt 0.989872 0.278372
vt 0.272198 0.786733
vt 0.278372 0.786733
vt 0.278372 0.790298
vt 0.272198 0.792907
vt 0.844756 0.786733
vt 0.850930 0.786733
vt 0.850930 0.790298
vt 0.844756 0.792907
vt 0.010128 0.786733
vt 0.010128 0.792907
vt 0.006563 0.792907
vt 0.003953 0.786733
vt 0.989872 0.010128
vt 0.989872 0.003953
vt 0.993437 0.003953
vt 0.996047 0.010128
vt 0.574779 0.786733
vt 0.574779 0.792907
vt 0.571214 0.792907
vt 0.568605 0.786733
vt 0.989872 0.554523
vt 0.996047 0.554523
vt 0.996047 0.558088
vt 0.989872 0.560698
vt 0.554523 0.786733
vt 0.560698 0.786733
vt 0.560698 0.790298
vt 0.554523 0.792907
vt 0.719896 0.010128
vt 0.713721 0.010128
vt 0.713721 0.006563
vt 0.719896 0.003953
vt 0.292453 0.786733
vt 0.292453 0.792907
vt 0.288889 0.792907
vt 0.286279 0.786733
vt 0.989872 0.292453
vt 0.989872 0.286279
vt 0.993437 0.286279
vt 0.996047 0.292453
vt 0.699640 0.786733
vt 0.705814 0.786733
vt 0.705814 0.790298
vt 0.699640 0.792907
vt 0.272198 0.010128
vt 0.272198 0.003953
vt 0.275763 0.003953
vt 0.278372 0.010128
vt 0.865012 0.554523
vt 0.865012 0.560698
vt 0.861447 0.560698
vt 0.858837 0.554523
vt 0.844756 0.010128
vt 0.844756 0.003953
vt 0.848321 0.003953
vt 0.850930 0.010128
vt 0.865012 0.292453
vt 0.858837 0.292453
vt 0.858837 0.288889
vt 0.865012 0.286279
vt 0.010128 0.010128
vt 0.003953 0.010128
vt 0.003953 0.006563
vt 0.010128 0.003953
s 0
usemtl MAT_metal_dark_blued
f 3885/5641/3043 3888/5642/3043 3889/5643/3043 3891/5644/3043
f 3886/5645/3044 3890/5646/3044 3889/5647/3044 3888/5648/3044
f 3887/5649/3045 3891/5650/3045 3889/5651/3045 3890/5652/3045
f 3892/5653/3046 3895/5654/3046 3896/5655/3046 3898/5656/3046
f 3893/5657/3047 3897/5658/3047 3896/5659/3047 3895/5660/3047
f 3894/5661/3048 3898/5662/3048 3896/5663/3048 3897/5664/3048
f 3899/5665/3049 3902/5666/3049 3903/5667/3049 3905/5668/3049
f 3900/5669/3050 3904/5670/3050 3903/5671/3050 3902/5672/3050
f 3901/5673/3051 3905/5674/3051 3903/5675/3051 3904/5676/3051
f 3906/5677/3052 3909/5678/3052 3910/5679/3052 3912/5680/3052
f 3907/5681/3053 3911/5682/3053 3910/5683/3053 3909/5684/3053
f 3908/5685/3054 3912/5686/3054 3910/5687/3054 3911/5688/3054
f 3913/5689/3055 3916/5690/3055 3917/5691/3055 3919/5692/3055
f 3914/5693/3056 3918/5694/3056 3917/5695/3056 3916/5696/3056
f 3915/5697/3057 3919/5698/3057 3917/5699/3057 3918/5700/3057
f 3920/5701/3058 3923/5702/3058 3924/5703/3058 3926/5704/3058
f 3921/5705/3059 3925/5706/3059 3924/5707/3059 3923/5708/3059
f 3922/5709/3060 3926/5710/3060 3924/5711/3060 3925/5712/3060
f 3927/5713/3061 3930/5714/3061 3931/5715/3061 3933/5716/3061
f 3928/5717/3062 3932/5718/3062 3931/5719/3062 3930/5720/3062
f 3929/5721/3063 3933/5722/3063 3931/5723/3063 3932/5724/3063
f 3934/5725/3064 3937/5726/3064 3938/5727/3064 3940/5728/3064
f 3935/5729/3065 3939/5730/3065 3938/5731/3065 3937/5732/3065
f 3936/5733/3066 3940/5734/3066 3938/5735/3066 3939/5736/3066
f 3899/5665/3067 3885/5641/3067 3891/5644/3067 3902/5666/3067
f 3902/5672/3068 3891/5650/3068 3887/5649/3068 3900/5669/3068
f 3886/5645/3069 3892/5653/3069 3898/5656/3069 3890/5646/3069
f 3890/5652/3070 3898/5662/3070 3894/5661/3070 3887/5649/3070
f 3893/5657/3071 3906/5677/3071 3912/5680/3071 3897/5658/3071
f 3897/5664/3072 3912/5686/3072 3908/5685/3072 3894/5661/3072
f 3907/5681/3073 3901/5673/3073 3904/5676/3073 3911/5682/3073
f 3911/5688/3074 3904/5670/3074 3900/5669/3074 3908/5685/3074
f 3927/5713/3075 3899/5665/3075 3905/5668/3075 3930/5714/3075
f 3930/5720/3076 3905/5674/3076 3901/5673/3076 3928/5717/3076
f 3906/5677/3077 3934/5725/3077 3940/5728/3077 3909/5678/3077
f 3909/5684/3078 3940/5734/3078 3936/5733/3078 3907/5681/3078
f 3935/5729/3079 3929/5721/3079 3932/5724/3079 3939/5730/3079
f 3939/5736/3080 3932/5718/3080 3928/5717/3080 3936/5733/3080
f 3913/5689/3081 3927/5713/3081 3933/5716/3081 3916/5690/3081
f 3916/5696/3082 3933/5722/3082 3929/5721/3082 3914/5693/3082
f 3934/5725/3083 3920/5701/3083 3926/5704/3083 3937/5726/3083
f 3937/5732/3084 3926/5710/3084 3922/5709/3084 3935/5729/3084
f 3921/5705/3085 3915/5697/3085 3918/5700/3085 3925/5706/3085
f 3925/5712/3086 3918/5694/3086 3914/5693/3086 3922/5709/3086
f 3885/5641/3087 3913/5689/3087 3919/5692/3087 3888/5642/3087
f 3888/5648/3088 3919/5698/3088 3915/5697/3088 3886/5645/3088
f 3920/5701/3089 3893/5657/3089 3895/5660/3089 3923/5702/3089
f 3923/5708/3090 3895/5654/3090 3892/5653/3090 3921/5705/3090
f 3899/5665/3091 3927/5713/3091 3913/5689/3091 3885/5641/3091
f 3887/5649/3092 3894/5661/3092 3908/5685/3092 3900/5669/3092
f 3915/5697/3093 3921/5705/3093 3892/5653/3093 3886/5645/3093
f 3934/5725/3094 3906/5677/3094 3893/5657/3094 3920/5701/3094
f 3901/5673/3095 3907/5681/3095 3936/5733/3095 3928/5717/3095
f 3929/5721/3096 3935/5729/3096 3922/5709/3096 3914/5693/3096
o AK_rib_dustcover_001
v -0.154600 0.053000 -0.005150
v -0.154600 0.053400 -0.004750
v -0.155000 0.053400 -0.005150
v -0.154600 0.053117 -0.004867
v -0.154831 0.053169 -0.004919
v -0.154883 0.053400 -0.004867
v -0.154883 0.053117 -0.005150
v -0.154600 0.053600 -0.004750
v -0.154600 0.054000 -0.005150
v -0.155000 0.053600 -0.005150
v -0.154600 0.053883 -0.004867
v -0.154831 0.053831 -0.004919
v -0.154883 0.053883 -0.005150
v -0.154883 0.053600 -0.004867
v -0.154600 0.053000 -0.006850
v -0.155000 0.053400 -0.006850
v -0.154600 0.053400 -0.007250
v -0.154883 0.053117 -0.006850
v -0.154831 0.053169 -0.007081
v -0.154883 0.053400 -0.007133
v -0.154600 0.053117 -0.007133
v -0.154600 0.054000 -0.006850
v -0.154600 0.053600 -0.007250
v -0.155000 0.053600 -0.006850
v -0.154600 0.053883 -0.007133
v -0.154831 0.053831 -0.007081
v -0.154883 0.053600 -0.007133
v -0.154883 0.053883 -0.006850
v 0.024600 0.053000 -0.005150
v 0.025000 0.053400 -0.005150
v 0.024600 0.053400 -0.004750
v 0.024883 0.053117 -0.005150
v 0.024831 0.053169 -0.004919
v 0.024883 0.053400 -0.004867
v 0.024600 0.053117 -0.004867
v 0.024600 0.054000 -0.005150
v 0.024600 0.053600 -0.004750
v 0.025000 0.053600 -0.005150
v 0.024600 0.053883 -0.004867
v 0.024831 0.053831 -0.004919
v 0.024883 0.053600 -0.004867
v 0.024883 0.053883 -0.005150
v 0.024600 0.053000 -0.006850
v 0.024600 0.053400 -0.007250
v 0.025000 0.053400 -0.006850
v 0.024600 0.053117 -0.007133
v 0.024831 0.053169 -0.007081
v 0.024883 0.053400 -0.007133
v 0.024883 0.053117 -0.006850
v 0.024600 0.054000 -0.006850
v 0.025000 0.053600 -0.006850
v 0.024600 0.053600 -0.007250
v 0.024883 0.053883 -0.006850
v 0.024831 0.053831 -0.007081
v 0.024883 0.053600 -0.007133
v 0.024600 0.053883 -0.007133
vn -0.3251 -0.8881 0.3250
vn -0.3251 -0.3251 0.8881
vn -0.8881 -0.3250 0.3250
vn -0.3251 0.3251 0.8881
vn -0.3251 0.8881 0.3250
vn -0.8881 0.3250 0.3250
vn -0.3251 -0.8881 -0.3251
vn -0.8881 -0.3251 -0.3250
vn -0.3251 -0.3251 -0.8881
vn -0.3251 0.8881 -0.3250
vn -0.3251 0.3251 -0.8881
vn -0.8881 0.3250 -0.3250
vn 0.3251 -0.8881 0.3251
vn 0.8881 -0.3251 0.3250
vn 0.3251 -0.3251 0.8881
vn 0.3251 0.8881 0.3250
vn 0.3251 0.3251 0.8881
vn 0.8881 0.3250 0.3250
vn 0.3251 -0.8881 -0.3250
vn 0.3251 -0.3251 -0.8881
vn 0.8881 -0.3250 -0.3250
vn 0.3251 0.8881 -0.3251
vn 0.8881 0.3251 -0.3250
vn 0.3251 0.3251 -0.8881
vn -0.3827 -0.9239 -0.0000
vn -0.9239 -0.3827 -0.0000
vn -0.3827 -0.0000 0.9239
vn -0.9239 -0.0000 0.3827
vn -0.3827 0.9239 -0.0000
vn -0.9239 0.3827 -0.0000
vn -0.3827 -0.0000 -0.9239
vn -0.9239 -0.0000 -0.3827
vn -0.0000 -0.9239 -0.3827
vn -0.0000 -0.3827 -0.9239
vn -0.0000 0.9239 -0.3827
vn -0.0000 0.3827 -0.9239
vn 0.9239 -0.0000 -0.3827
vn 0.3827 -0.0000 -0.9239
vn 0.3827 -0.9239 -0.0000
vn 0.9239 -0.3827 -0.0000
vn 0.3827 0.9239 -0.0000
vn 0.9239 0.3827 -0.0000
vn 0.3827 -0.0000 0.9239
vn 0.9239 -0.0000 0.3827
vn -0.0000 -0.9239 0.3827
vn -0.0000 -0.3827 0.9239
vn -0.0000 0.9239 0.3827
vn -0.0000 0.3827 0.9239
vn -0.0000 -1.0000 -0.0000
vn -1.0000 -0.0000 -0.0000
vn -0.0000 -0.0000 1.0000
vn -0.0000 1.0000 -0.0000
vn -0.0000 -0.0000 -1.0000
vn 1.0000 -0.0000 -0.0000
vt 0.002623 0.002622
vt 0.000402 0.002622
vt 0.000402 0.001340
vt 0.002623 0.000402
vt 0.039452 0.002622
vt 0.039452 0.000402
vt 0.040734 0.000402
vt 0.041672 0.002622
vt 0.045807 0.012059
vt 0.048027 0.012059
vt 0.048027 0.013341
vt 0.045807 0.014280
vt 0.038341 0.002622
vt 0.036121 0.002622
vt 0.036121 0.001340
vt 0.038341 0.000402
vt 0.017304 0.997378
vt 0.017304 0.999598
vt 0.016022 0.999598
vt 0.015084 0.997378
vt 0.044697 0.012059
vt 0.044697 0.014280
vt 0.043415 0.014280
vt 0.042476 0.012059
vt 0.012059 0.002622
vt 0.012059 0.000402
vt 0.013341 0.000402
vt 0.014280 0.002622
vt 0.045807 0.002622
vt 0.045807 0.000402
vt 0.047089 0.000402
vt 0.048027 0.002622
vt 0.033096 0.997378
vt 0.035317 0.997378
vt 0.035317 0.998659
vt 0.033096 0.999598
vt 0.026741 0.997378
vt 0.028962 0.997378
vt 0.028962 0.998660
vt 0.026741 0.999598
vt 0.031986 0.997378
vt 0.031986 0.999598
vt 0.030704 0.999598
vt 0.029766 0.997378
vt 0.044697 0.002622
vt 0.042476 0.002622
vt 0.042476 0.001340
vt 0.044697 0.000402
vt 0.002622 0.997378
vt 0.002622 0.999598
vt 0.001340 0.999598
vt 0.000402 0.997378
vt 0.045807 0.017304
vt 0.045807 0.015084
vt 0.047089 0.015084
vt 0.048027 0.017304
vt 0.039452 0.997378
vt 0.041672 0.997378
vt 0.041672 0.998659
vt 0.039452 0.999598
vt 0.017304 0.002622
vt 0.015084 0.002622
vt 0.015084 0.001340
vt 0.017304 0.000402
vt 0.038341 0.997378
vt 0.038341 0.999598
vt 0.037059 0.999598
vt 0.036121 0.997378
vt 0.044697 0.017304
vt 0.042476 0.017304
vt 0.042476 0.016022
vt 0.044697 0.015084
vt 0.012059 0.997378
vt 0.014280 0.997378
vt 0.014280 0.998660
vt 0.012059 0.999598
vt 0.033096 0.002622
vt 0.033096 0.000402
vt 0.034378 0.000402
vt 0.035317 0.002622
vt 0.045807 0.026741
vt 0.048027 0.026741
vt 0.048027 0.028023
vt 0.045807 0.028962
vt 0.026741 0.002622
vt 0.026741 0.000402
vt 0.028023 0.000402
vt 0.028962 0.002622
vt 0.044697 0.026741
vt 0.044697 0.028962
vt 0.043415 0.028962
vt 0.042476 0.026741
vt 0.031986 0.002622
vt 0.029766 0.002622
vt 0.029766 0.001341
vt 0.031986 0.000402
s 0
usemtl MAT_metal_dark_blued
f 3941/5737/3097 3944/5738/3097 3945/5739/3097 3947/5740/3097
f 3942/5741/3098 3946/5742/3098 3945/5743/3098 3944/5744/3098
f 3943/5745/3099 3947/5746/3099 3945/5747/3099 3946/5748/3099
f 3948/5749/3100 3951/5750/3100 3952/5751/3100 3954/5752/3100
f 3949/5753/3101 3953/5754/3101 3952/5755/3101 3951/5756/3101
f 3950/5757/3102 3954/5758/3102 3952/5759/3102 3953/5760/3102
f 3955/5761/3103 3958/5762/3103 3959/5763/3103 3961/5764/3103
f 3956/5765/3104 3960/5766/3104 3959/5767/3104 3958/5768/3104
f 3957/5769/3105 3961/5770/3105 3959/5771/3105 3960/5772/3105
f 3962/5773/3106 3965/5774/3106 3966/5775/3106 3968/5776/3106
f 3963/5777/3107 3967/5778/3107 3966/5779/3107 3965/5780/3107
f 3964/5781/3108 3968/5782/3108 3966/5783/3108 3967/5784/3108
f 3969/5785/3109 3972/5786/3109 3973/5787/3109 3975/5788/3109
f 3970/5789/3110 3974/5790/3110 3973/5791/3110 3972/5792/3110
f 3971/5793/3111 3975/5794/3111 3973/5795/3111 3974/5796/3111
f 3976/5797/3112 3979/5798/3112 3980/5799/3112 3982/5800/3112
f 3977/5801/3113 3981/5802/3113 3980/5803/3113 3979/5804/3113
f 3978/5805/3114 3982/5806/3114 3980/5807/3114 3981/5808/3114
f 3983/5809/3115 3986/5810/3115 3987/5811/3115 3989/5812/3115
f 3984/5813/3116 3988/5814/3116 3987/5815/3116 3986/5816/3116
f 3985/5817/3117 3989/5818/3117 3987/5819/3117 3988/5820/3117
f 3990/5821/3118 3993/5822/3118 3994/5823/3118 3996/5824/3118
f 3991/5825/3119 3995/5826/3119 3994/5827/3119 3993/5828/3119
f 3992/5829/3120 3996/5830/3120 3994/5831/3120 3995/5832/3120
f 3955/5761/3121 3941/5737/3121 3947/5740/3121 3958/5762/3121
f 3958/5768/3122 3947/5746/3122 3943/5745/3122 3956/5765/3122
f 3942/5741/3123 3948/5749/3123 3954/5752/3123 3946/5742/3123
f 3946/5748/3124 3954/5758/3124 3950/5757/3124 3943/5745/3124
f 3949/5753/3125 3962/5773/3125 3968/5776/3125 3953/5754/3125
f 3953/5760/3126 3968/5782/3126 3964/5781/3126 3950/5757/3126
f 3963/5777/3127 3957/5769/3127 3960/5772/3127 3967/5778/3127
f 3967/5784/3128 3960/5766/3128 3956/5765/3128 3964/5781/3128
f 3983/5809/3129 3955/5761/3129 3961/5764/3129 3986/5810/3129
f 3986/5816/3130 3961/5770/3130 3957/5769/3130 3984/5813/3130
f 3962/5773/3131 3990/5821/3131 3996/5824/3131 3965/5774/3131
f 3965/5780/3132 3996/5830/3132 3992/5829/3132 3963/5777/3132
f 3991/5825/3133 3985/5817/3133 3988/5820/3133 3995/5826/3133
f 3995/5832/3134 3988/5814/3134 3984/5813/3134 3992/5829/3134
f 3969/5785/3135 3983/5809/3135 3989/5812/3135 3972/5786/3135
f 3972/5792/3136 3989/5818/3136 3985/5817/3136 3970/5789/3136
f 3990/5821/3137 3976/5797/3137 3982/5800/3137 3993/5822/3137
f 3993/5828/3138 3982/5806/3138 3978/5805/3138 3991/5825/3138
f 3977/5801/3139 3971/5793/3139 3974/5796/3139 3981/5802/3139
f 3981/5808/3140 3974/5790/3140 3970/5789/3140 3978/5805/3140
f 3941/5737/3141 3969/5785/3141 3975/5788/3141 3944/5738/3141
f 3944/5744/3142 3975/5794/3142 3971/5793/3142 3942/5741/3142
f 3976/5797/3143 3949/5753/3143 3951/5756/3143 3979/5798/3143
f 3979/5804/3144 3951/5750/3144 3948/5749/3144 3977/5801/3144
f 3955/5761/3145 3983/5809/3145 3969/5785/3145 3941/5737/3145
f 3943/5745/3146 3950/5757/3146 3964/5781/3146 3956/5765/3146
f 3971/5793/3147 3977/5801/3147 3948/5749/3147 3942/5741/3147
f 3990/5821/3148 3962/5773/3148 3949/5753/3148 3976/5797/3148
f 3957/5769/3149 3963/5777/3149 3992/5829/3149 3984/5813/3149
f 3985/5817/3150 3991/5825/3150 3978/5805/3150 3970/5789/3150
o AK_rib_dustcover_002
v -0.154600 0.053000 0.006850
v -0.154600 0.053400 0.007250
v -0.155000 0.053400 0.006850
v -0.154600 0.053117 0.007133
v -0.154831 0.053169 0.007081
v -0.154883 0.053400 0.007133
v -0.154883 0.053117 0.006850
v -0.154600 0.053600 0.007250
v -0.154600 0.054000 0.006850
v -0.155000 0.053600 0.006850
v -0.154600 0.053883 0.007133
v -0.154831 0.053831 0.007081
v -0.154883 0.053883 0.006850
v -0.154883 0.053600 0.007133
v -0.154600 0.053000 0.005150
v -0.155000 0.053400 0.005150
v -0.154600 0.053400 0.004750
v -0.154883 0.053117 0.005150
v -0.154831 0.053169 0.004919
v -0.154883 0.053400 0.004867
v -0.154600 0.053117 0.004867
v -0.154600 0.054000 0.005150
v -0.154600 0.053600 0.004750
v -0.155000 0.053600 0.005150
v -0.154600 0.053883 0.004867
v -0.154831 0.053831 0.004919
v -0.154883 0.053600 0.004867
v -0.154883 0.053883 0.005150
v 0.024600 0.053000 0.006850
v 0.025000 0.053400 0.006850
v 0.024600 0.053400 0.007250
v 0.024883 0.053117 0.006850
v 0.024831 0.053169 0.007081
v 0.024883 0.053400 0.007133
v 0.024600 0.053117 0.007133
v 0.024600 0.054000 0.006850
v 0.024600 0.053600 0.007250
v 0.025000 0.053600 0.006850
v 0.024600 0.053883 0.007133
v 0.024831 0.053831 0.007081
v 0.024883 0.053600 0.007133
v 0.024883 0.053883 0.006850
v 0.024600 0.053000 0.005150
v 0.024600 0.053400 0.004750
v 0.025000 0.053400 0.005150
v 0.024600 0.053117 0.004867
v 0.024831 0.053169 0.004919
v 0.024883 0.053400 0.004867
v 0.024883 0.053117 0.005150
v 0.024600 0.054000 0.005150
v 0.025000 0.053600 0.005150
v 0.024600 0.053600 0.004750
v 0.024883 0.053883 0.005150
v 0.024831 0.053831 0.004919
v 0.024883 0.053600 0.004867
v 0.024600 0.053883 0.004867
vn -0.3251 -0.8881 0.3250
vn -0.3251 -0.3251 0.8881
vn -0.8881 -0.3250 0.3250
vn -0.3251 0.3251 0.8881
vn -0.3251 0.8881 0.3250
vn -0.8881 0.3250 0.3250
vn -0.3251 -0.8881 -0.3251
vn -0.8881 -0.3251 -0.3250
vn -0.3251 -0.3251 -0.8881
vn -0.3251 0.8881 -0.3250
vn -0.3251 0.3251 -0.8881
vn -0.8881 0.3250 -0.3250
vn 0.3251 -0.8881 0.3251
vn 0.8881 -0.3251 0.3250
vn 0.3251 -0.3251 0.8881
vn 0.3251 0.8881 0.3250
vn 0.3251 0.3251 0.8881
vn 0.8881 0.3250 0.3250
vn 0.3251 -0.8881 -0.3250
vn 0.3251 -0.3251 -0.8881
vn 0.8881 -0.3250 -0.3250
vn 0.3251 0.8881 -0.3251
vn 0.8881 0.3251 -0.3250
vn 0.3251 0.3251 -0.8881
vn -0.3827 -0.9239 -0.0000
vn -0.9239 -0.3827 -0.0000
vn -0.3827 -0.0000 0.9239
vn -0.9239 -0.0000 0.3827
vn -0.3827 0.9239 -0.0000
vn -0.9239 0.3827 -0.0000
vn -0.3827 -0.0000 -0.9239
vn -0.9239 -0.0000 -0.3827
vn -0.0000 -0.9239 -0.3827
vn -0.0000 -0.3827 -0.9239
vn -0.0000 0.9239 -0.3827
vn -0.0000 0.3827 -0.9239
vn 0.9239 -0.0000 -0.3827
vn 0.3827 -0.0000 -0.9239
vn 0.3827 -0.9239 -0.0000
vn 0.9239 -0.3827 -0.0000
vn 0.3827 0.9239 -0.0000
vn 0.9239 0.3827 -0.0000
vn 0.3827 -0.0000 0.9239
vn 0.9239 -0.0000 0.3827
vn -0.0000 -0.9239 0.3827
vn -0.0000 -0.3827 0.9239
vn -0.0000 0.9239 0.3827
vn -0.0000 0.3827 0.9239
vn -0.0000 -1.0000 -0.0000
vn -1.0000 -0.0000 -0.0000
vn -0.0000 -0.0000 1.0000
vn -0.0000 1.0000 -0.0000
vn -0.0000 -0.0000 -1.0000
vn 1.0000 -0.0000 -0.0000
vt 0.002623 0.002622
vt 0.000402 0.002622
vt 0.000402 0.001340
vt 0.002623 0.000402
vt 0.039452 0.002622
vt 0.039452 0.000402
vt 0.040734 0.000402
vt 0.041672 0.002622
vt 0.045807 0.012059
vt 0.048027 0.012059
vt 0.048027 0.013341
vt 0.045807 0.014280
vt 0.038341 0.002622
vt 0.036121 0.002622
vt 0.036121 0.001340
vt 0.038341 0.000402
vt 0.017304 0.997378
vt 0.017304 0.999598
vt 0.016022 0.999598
vt 0.015084 0.997378
vt 0.044697 0.012059
vt 0.044697 0.014280
vt 0.043415 0.014280
vt 0.042476 0.012059
vt 0.012059 0.002622
vt 0.012059 0.000402
vt 0.013341 0.000402
vt 0.014280 0.002622
vt 0.045807 0.002622
vt 0.045807 0.000402
vt 0.047089 0.000402
vt 0.048027 0.002622
vt 0.033096 0.997378
vt 0.035317 0.997378
vt 0.035317 0.998659
vt 0.033096 0.999598
vt 0.026741 0.997378
vt 0.028962 0.997378
vt 0.028962 0.998660
vt 0.026741 0.999598
vt 0.031986 0.997378
vt 0.031986 0.999598
vt 0.030704 0.999598
vt 0.029766 0.997378
vt 0.044697 0.002622
vt 0.042476 0.002622
vt 0.042476 0.001340
vt 0.044697 0.000402
vt 0.002622 0.997378
vt 0.002622 0.999598
vt 0.001340 0.999598
vt 0.000402 0.997378
vt 0.045807 0.017304
vt 0.045807 0.015084
vt 0.047089 0.015084
vt 0.048027 0.017304
vt 0.039452 0.997378
vt 0.041672 0.997378
vt 0.041672 0.998659
vt 0.039452 0.999598
vt 0.017304 0.002622
vt 0.015084 0.002622
vt 0.015084 0.001340
vt 0.017304 0.000402
vt 0.038341 0.997378
vt 0.038341 0.999598
vt 0.037059 0.999598
vt 0.036121 0.997378
vt 0.044697 0.017304
vt 0.042476 0.017304
vt 0.042476 0.016022
vt 0.044697 0.015084
vt 0.012059 0.997378
vt 0.014280 0.997378
vt 0.014280 0.998660
vt 0.012059 0.999598
vt 0.033096 0.002622
vt 0.033096 0.000402
vt 0.034378 0.000402
vt 0.035317 0.002622
vt 0.045807 0.026741
vt 0.048027 0.026741
vt 0.048027 0.028023
vt 0.045807 0.028962
vt 0.026741 0.002622
vt 0.026741 0.000402
vt 0.028023 0.000402
vt 0.028962 0.002622
vt 0.044697 0.026741
vt 0.044697 0.028962
vt 0.043415 0.028962
vt 0.042476 0.026741
vt 0.031986 0.002622
vt 0.029766 0.002622
vt 0.029766 0.001341
vt 0.031986 0.000402
s 0
usemtl MAT_metal_dark_blued
f 3997/5833/3151 4000/5834/3151 4001/5835/3151 4003/5836/3151
f 3998/5837/3152 4002/5838/3152 4001/5839/3152 4000/5840/3152
f 3999/5841/3153 4003/5842/3153 4001/5843/3153 4002/5844/3153
f 4004/5845/3154 4007/5846/3154 4008/5847/3154 4010/5848/3154
f 4005/5849/3155 4009/5850/3155 4008/5851/3155 4007/5852/3155
f 4006/5853/3156 4010/5854/3156 4008/5855/3156 4009/5856/3156
f 4011/5857/3157 4014/5858/3157 4015/5859/3157 4017/5860/3157
f 4012/5861/3158 4016/5862/3158 4015/5863/3158 4014/5864/3158
f 4013/5865/3159 4017/5866/3159 4015/5867/3159 4016/5868/3159
f 4018/5869/3160 4021/5870/3160 4022/5871/3160 4024/5872/3160
f 4019/5873/3161 4023/5874/3161 4022/5875/3161 4021/5876/3161
f 4020/5877/3162 4024/5878/3162 4022/5879/3162 4023/5880/3162
f 4025/5881/3163 4028/5882/3163 4029/5883/3163 4031/5884/3163
f 4026/5885/3164 4030/5886/3164 4029/5887/3164 4028/5888/3164
f 4027/5889/3165 4031/5890/3165 4029/5891/3165 4030/5892/3165
f 4032/5893/3166 4035/5894/3166 4036/5895/3166 4038/5896/3166
f 4033/5897/3167 4037/5898/3167 4036/5899/3167 4035/5900/3167
f 4034/5901/3168 4038/5902/3168 4036/5903/3168 4037/5904/3168
f 4039/5905/3169 4042/5906/3169 4043/5907/3169 4045/5908/3169
f 4040/5909/3170 4044/5910/3170 4043/5911/3170 4042/5912/3170
f 4041/5913/3171 4045/5914/3171 4043/5915/3171 4044/5916/3171
f 4046/5917/3172 4049/5918/3172 4050/5919/3172 4052/5920/3172
f 4047/5921/3173 4051/5922/3173 4050/5923/3173 4049/5924/3173
f 4048/5925/3174 4052/5926/3174 4050/5927/3174 4051/5928/3174
f 4011/5857/3175 3997/5833/3175 4003/5836/3175 4014/5858/3175
f 4014/5864/3176 4003/5842/3176 3999/5841/3176 4012/5861/3176
f 3998/5837/3177 4004/5845/3177 4010/5848/3177 4002/5838/3177
f 4002/5844/3178 4010/5854/3178 4006/5853/3178 3999/5841/3178
f 4005/5849/3179 4018/5869/3179 4024/5872/3179 4009/5850/3179
f 4009/5856/3180 4024/5878/3180 4020/5877/3180 4006/5853/3180
f 4019/5873/3181 4013/5865/3181 4016/5868/3181 4023/5874/3181
f 4023/5880/3182 4016/5862/3182 4012/5861/3182 4020/5877/3182
f 4039/5905/3183 4011/5857/3183 4017/5860/3183 4042/5906/3183
f 4042/5912/3184 4017/5866/3184 4013/5865/3184 4040/5909/3184
f 4018/5869/3185 4046/5917/3185 4052/5920/3185 4021/5870/3185
f 4021/5876/3186 4052/5926/3186 4048/5925/3186 4019/5873/3186
f 4047/5921/3187 4041/5913/3187 4044/5916/3187 4051/5922/3187
f 4051/5928/3188 4044/5910/3188 4040/5909/3188 4048/5925/3188
f 4025/5881/3189 4039/5905/3189 4045/5908/3189 4028/5882/3189
f 4028/5888/3190 4045/5914/3190 4041/5913/3190 4026/5885/3190
f 4046/5917/3191 4032/5893/3191 4038/5896/3191 4049/5918/3191
f 4049/5924/3192 4038/5902/3192 4034/5901/3192 4047/5921/3192
f 4033/5897/3193 4027/5889/3193 4030/5892/3193 4037/5898/3193
f 4037/5904/3194 4030/5886/3194 4026/5885/3194 4034/5901/3194
f 3997/5833/3195 4025/5881/3195 4031/5884/3195 4000/5834/3195
f 4000/5840/3196 4031/5890/3196 4027/5889/3196 3998/5837/3196
f 4032/5893/3197 4005/5849/3197 4007/5852/3197 4035/5894/3197
f 4035/5900/3198 4007/5846/3198 4004/5845/3198 4033/5897/3198
f 4011/5857/3199 4039/5905/3199 4025/5881/3199 3997/5833/3199
f 3999/5841/3200 4006/5853/3200 4020/5877/3200 4012/5861/3200
f 4027/5889/3201 4033/5897/3201 4004/5845/3201 3998/5837/3201
f 4046/5917/3202 4018/5869/3202 4005/5849/3202 4032/5893/3202
f 4013/5865/3203 4019/5873/3203 4048/5925/3203 4040/5909/3203
f 4041/5913/3204 4047/5921/3204 4034/5901/3204 4026/5885/3204
o AK_ridge_magazine_front_001
v 0.065400 -0.180500 0.012600
v 0.065400 -0.180100 0.013000
v 0.065000 -0.180100 0.012600
v 0.065400 -0.180383 0.012883
v 0.065169 -0.180331 0.012831
v 0.065117 -0.180100 0.012883
v 0.065117 -0.180383 0.012600
v 0.065400 -0.040900 0.013000
v 0.065400 -0.040500 0.012600
v 0.065000 -0.040900 0.012600
v 0.065400 -0.040617 0.012883
v 0.065169 -0.040669 0.012831
v 0.065117 -0.040617 0.012600
v 0.065117 -0.040900 0.012883
v 0.065400 -0.180500 -0.012600
v 0.065000 -0.180100 -0.012600
v 0.065400 -0.180100 -0.013000
v 0.065117 -0.180383 -0.012600
v 0.065169 -0.180331 -0.012831
v 0.065117 -0.180100 -0.012883
v 0.065400 -0.180383 -0.012883
v 0.065400 -0.040500 -0.012600
v 0.065400 -0.040900 -0.013000
v 0.065000 -0.040900 -0.012600
v 0.065400 -0.040617 -0.012883
v 0.065169 -0.040669 -0.012831
v 0.065117 -0.040900 -0.012883
v 0.065117 -0.040617 -0.012600
v 0.067600 -0.180500 0.012600
v 0.068000 -0.180100 0.012600
v 0.067600 -0.180100 0.013000
v 0.067883 -0.180383 0.012600
v 0.067831 -0.180331 0.012831
v 0.067883 -0.180100 0.012883
v 0.067600 -0.180383 0.012883
v 0.067600 -0.040500 0.012600
v 0.067600 -0.040900 0.013000
v 0.068000 -0.040900 0.012600
v 0.067600 -0.040617 0.012883
v 0.067831 -0.040669 0.012831
v 0.067883 -0.040900 0.012883
v 0.067883 -0.040617 0.012600
v 0.067600 -0.180500 -0.012600
v 0.067600 -0.180100 -0.013000
v 0.068000 -0.180100 -0.012600
v 0.067600 -0.180383 -0.012883
v 0.067831 -0.180331 -0.012831
v 0.067883 -0.180100 -0.012883
v 0.067883 -0.180383 -0.012600
v 0.067600 -0.040500 -0.012600
v 0.068000 -0.040900 -0.012600
v 0.067600 -0.040900 -0.013000
v 0.067883 -0.040617 -0.012600
v 0.067831 -0.040669 -0.012831
v 0.067883 -0.040900 -0.012883
v 0.067600 -0.040617 -0.012883
vn -0.3250 -0.8881 0.3251
vn -0.3251 -0.3251 0.8881
vn -0.8881 -0.3251 0.3251
vn -0.3251 0.3251 0.8881
vn -0.3250 0.8881 0.3251
vn -0.8881 0.3251 0.3251
vn -0.3251 -0.8881 -0.3251
vn -0.8881 -0.3251 -0.3251
vn -0.3251 -0.3251 -0.8881
vn -0.3250 0.8881 -0.3251
vn -0.3251 0.3251 -0.8881
vn -0.8881 0.3251 -0.3251
vn 0.3251 -0.8881 0.3251
vn 0.8881 -0.3251 0.3251
vn 0.3251 -0.3251 0.8881
vn 0.3250 0.8881 0.3251
vn 0.3251 0.3251 0.8881
vn 0.8881 0.3251 0.3251
vn 0.3250 -0.8881 -0.3251
vn 0.3251 -0.3251 -0.8881
vn 0.8881 -0.3251 -0.3251
vn 0.3251 0.8881 -0.3251
vn 0.8881 0.3251 -0.3251
vn 0.3251 0.3251 -0.8881
vn -0.3827 -0.9239 -0.0000
vn -0.9239 -0.3827 -0.0000
vn -0.3827 -0.0000 0.9239
vn -0.9239 -0.0000 0.3827
vn -0.3827 0.9239 -0.0000
vn -0.9239 0.3827 -0.0000
vn -0.3827 -0.0000 -0.9239
vn -0.9239 -0.0000 -0.3827
vn -0.0000 -0.9239 -0.3827
vn -0.0000 -0.3827 -0.9239
vn -0.0000 0.9239 -0.3827
vn -0.0000 0.3827 -0.9239
vn 0.9239 -0.0000 -0.3827
vn 0.3827 -0.0000 -0.9239
vn 0.3827 -0.9239 -0.0000
vn 0.9239 -0.3827 -0.0000
vn 0.3827 0.9239 -0.0000
vn 0.9239 0.3827 -0.0000
vn 0.3827 -0.0000 0.9239
vn 0.9239 -0.0000 0.3827
vn -0.0000 -0.9239 0.3827
vn -0.0000 -0.3827 0.9239
vn -0.0000 0.9239 0.3827
vn -0.0000 0.3827 0.9239
vn -0.0000 -1.0000 -0.0000
vn -1.0000 -0.0000 -0.0000
vn -0.0000 -0.0000 1.0000
vn -0.0000 1.0000 -0.0000
vn -0.0000 -0.0000 -1.0000
vn 1.0000 -0.0000 -0.0000
vt 0.443249 0.004127
vt 0.443249 0.001278
vt 0.444895 0.001278
vt 0.446099 0.004127
vt 0.419320 0.995873
vt 0.422170 0.995873
vt 0.422170 0.997518
vt 0.419320 0.998723
vt 0.004127 0.995873
vt 0.004127 0.998722
vt 0.002482 0.998722
vt 0.001278 0.995873
vt 0.419320 0.004127
vt 0.419320 0.001278
vt 0.420966 0.001278
vt 0.422170 0.004127
vt 0.427575 0.191922
vt 0.424725 0.191922
vt 0.424725 0.190277
vt 0.427575 0.189072
vt 0.004127 0.004127
vt 0.001278 0.004127
vt 0.001278 0.002482
vt 0.004127 0.001278
vt 0.443249 0.183667
vt 0.446099 0.183667
vt 0.446099 0.185313
vt 0.443249 0.186517
vt 0.183667 0.995873
vt 0.186517 0.995873
vt 0.186517 0.997518
vt 0.183667 0.998722
vt 0.379717 0.995873
vt 0.379717 0.998722
vt 0.378072 0.998722
vt 0.376867 0.995873
vt 0.427575 0.371462
vt 0.427575 0.374312
vt 0.425930 0.374312
vt 0.424725 0.371462
vt 0.379717 0.004127
vt 0.376867 0.004127
vt 0.376867 0.002482
vt 0.379717 0.001278
vt 0.183667 0.004127
vt 0.183667 0.001278
vt 0.185313 0.001278
vt 0.186517 0.004127
vt 0.427575 0.004127
vt 0.424725 0.004127
vt 0.424725 0.002482
vt 0.427575 0.001278
vt 0.371462 0.995873
vt 0.374312 0.995873
vt 0.374312 0.997518
vt 0.371462 0.998722
vt 0.403646 0.995873
vt 0.403646 0.998722
vt 0.402001 0.998722
vt 0.400796 0.995873
vt 0.443249 0.191922
vt 0.443249 0.189072
vt 0.444895 0.189072
vt 0.446099 0.191922
vt 0.403646 0.004127
vt 0.400796 0.004127
vt 0.400796 0.002482
vt 0.403646 0.001278
vt 0.371462 0.004127
vt 0.371462 0.001278
vt 0.373108 0.001278
vt 0.374312 0.004127
vt 0.427575 0.183667
vt 0.427575 0.186517
vt 0.425930 0.186517
vt 0.424725 0.183667
vt 0.395391 0.995873
vt 0.398241 0.995873
vt 0.398241 0.997518
vt 0.395391 0.998723
vt 0.191922 0.995873
vt 0.191922 0.998722
vt 0.190277 0.998722
vt 0.189072 0.995873
vt 0.443249 0.371462
vt 0.446099 0.371462
vt 0.446099 0.373108
vt 0.443249 0.374312
vt 0.191922 0.004127
vt 0.189072 0.004127
vt 0.189072 0.002482
vt 0.191922 0.001278
vt 0.395391 0.004127
vt 0.395391 0.001278
vt 0.397037 0.001278
vt 0.398241 0.004127
s 0
usemtl MAT_metal_black_magazine
f 4053/5929/3205 4056/5930/3205 4057/5931/3205 4059/5932/3205
f 4054/5933/3206 4058/5934/3206 4057/5935/3206 4056/5936/3206
f 4055/5937/3207 4059/5938/3207 4057/5939/3207 4058/5940/3207
f 4060/5941/3208 4063/5942/3208 4064/5943/3208 4066/5944/3208
f 4061/5945/3209 4065/5946/3209 4064/5947/3209 4063/5948/3209
f 4062/5949/3210 4066/5950/3210 4064/5951/3210 4065/5952/3210
f 4067/5953/3211 4070/5954/3211 4071/5955/3211 4073/5956/3211
f 4068/5957/3212 4072/5958/3212 4071/5959/3212 4070/5960/3212
f 4069/5961/3213 4073/5962/3213 4071/5963/3213 4072/5964/3213
f 4074/5965/3214 4077/5966/3214 4078/5967/3214 4080/5968/3214
f 4075/5969/3215 4079/5970/3215 4078/5971/3215 4077/5972/3215
f 4076/5973/3216 4080/5974/3216 4078/5975/3216 4079/5976/3216
f 4081/5977/3217 4084/5978/3217 4085/5979/3217 4087/5980/3217
f 4082/5981/3218 4086/5982/3218 4085/5983/3218 4084/5984/3218
f 4083/5985/3219 4087/5986/3219 4085/5987/3219 4086/5988/3219
f 4088/5989/3220 4091/5990/3220 4092/5991/3220 4094/5992/3220
f 4089/5993/3221 4093/5994/3221 4092/5995/3221 4091/5996/3221
f 4090/5997/3222 4094/5998/3222 4092/5999/3222 4093/6000/3222
f 4095/6001/3223 4098/6002/3223 4099/6003/3223 4101/6004/3223
f 4096/6005/3224 4100/6006/3224 4099/6007/3224 4098/6008/3224
f 4097/6009/3225 4101/6010/3225 4099/6011/3225 4100/6012/3225
f 4102/6013/3226 4105/6014/3226 4106/6015/3226 4108/6016/3226
f 4103/6017/3227 4107/6018/3227 4106/6019/3227 4105/6020/3227
f 4104/6021/3228 4108/6022/3228 4106/6023/3228 4107/6024/3228
f 4067/5953/3229 4053/5929/3229 4059/5932/3229 4070/5954/3229
f 4070/5960/3230 4059/5938/3230 4055/5937/3230 4068/5957/3230
f 4054/5933/3231 4060/5941/3231 4066/5944/3231 4058/5934/3231
f 4058/5940/3232 4066/5950/3232 4062/5949/3232 4055/5937/3232
f 4061/5945/3233 4074/5965/3233 4080/5968/3233 4065/5946/3233
f 4065/5952/3234 4080/5974/3234 4076/5973/3234 4062/5949/3234
f 4075/5969/3235 4069/5961/3235 4072/5964/3235 4079/5970/3235
f 4079/5976/3236 4072/5958/3236 4068/5957/3236 4076/5973/3236
f 4095/6001/3237 4067/5953/3237 4073/5956/3237 4098/6002/3237
f 4098/6008/3238 4073/5962/3238 4069/5961/3238 4096/6005/3238
f 4074/5965/3239 4102/6013/3239 4108/6016/3239 4077/5966/3239
f 4077/5972/3240 4108/6022/3240 4104/6021/3240 4075/5969/3240
f 4103/6017/3241 4097/6009/3241 4100/6012/3241 4107/6018/3241
f 4107/6024/3242 4100/6006/3242 4096/6005/3242 4104/6021/3242
f 4081/5977/3243 4095/6001/3243 4101/6004/3243 4084/5978/3243
f 4084/5984/3244 4101/6010/3244 4097/6009/3244 4082/5981/3244
f 4102/6013/3245 4088/5989/3245 4094/5992/3245 4105/6014/3245
f 4105/6020/3246 4094/5998/3246 4090/5997/3246 4103/6017/3246
f 4089/5993/3247 4083/5985/3247 4086/5988/3247 4093/5994/3247
f 4093/6000/3248 4086/5982/3248 4082/5981/3248 4090/5997/3248
f 4053/5929/3249 4081/5977/3249 4087/5980/3249 4056/5930/3249
f 4056/5936/3250 4087/5986/3250 4083/5985/3250 4054/5933/3250
f 4088/5989/3251 4061/5945/3251 4063/5948/3251 4091/5990/3251
f 4091/5996/3252 4063/5942/3252 4060/5941/3252 4089/5993/3252
f 4067/5953/3253 4095/6001/3253 4081/5977/3253 4053/5929/3253
f 4055/5937/3254 4062/5949/3254 4076/5973/3254 4068/5957/3254
f 4083/5985/3255 4089/5993/3255 4060/5941/3255 4054/5933/3255
f 4102/6013/3256 4074/5965/3256 4061/5945/3256 4088/5989/3256
f 4069/5961/3257 4075/5969/3257 4104/6021/3257 4096/6005/3257
f 4097/6009/3258 4103/6017/3258 4090/5997/3258 4082/5981/3258
o AK_ridge_magazine_rear_001
v -0.105100 -0.180500 0.012600
v -0.105100 -0.180100 0.013000
v -0.105500 -0.180100 0.012600
v -0.105100 -0.180383 0.012883
v -0.105331 -0.180331 0.012831
v -0.105383 -0.180100 0.012883
v -0.105383 -0.180383 0.012600
v -0.105100 -0.040900 0.013000
v -0.105100 -0.040500 0.012600
v -0.105500 -0.040900 0.012600
v -0.105100 -0.040617 0.012883
v -0.105331 -0.040669 0.012831
v -0.105383 -0.040617 0.012600
v -0.105383 -0.040900 0.012883
v -0.105100 -0.180500 -0.012600
v -0.105500 -0.180100 -0.012600
v -0.105100 -0.180100 -0.013000
v -0.105383 -0.180383 -0.012600
v -0.105331 -0.180331 -0.012831
v -0.105383 -0.180100 -0.012883
v -0.105100 -0.180383 -0.012883
v -0.105100 -0.040500 -0.012600
v -0.105100 -0.040900 -0.013000
v -0.105500 -0.040900 -0.012600
v -0.105100 -0.040617 -0.012883
v -0.105331 -0.040669 -0.012831
v -0.105383 -0.040900 -0.012883
v -0.105383 -0.040617 -0.012600
v -0.102900 -0.180500 0.012600
v -0.102500 -0.180100 0.012600
v -0.102900 -0.180100 0.013000
v -0.102617 -0.180383 0.012600
v -0.102669 -0.180331 0.012831
v -0.102617 -0.180100 0.012883
v -0.102900 -0.180383 0.012883
v -0.102900 -0.040500 0.012600
v -0.102900 -0.040900 0.013000
v -0.102500 -0.040900 0.012600
v -0.102900 -0.040617 0.012883
v -0.102669 -0.040669 0.012831
v -0.102617 -0.040900 0.012883
v -0.102617 -0.040617 0.012600
v -0.102900 -0.180500 -0.012600
v -0.102900 -0.180100 -0.013000
v -0.102500 -0.180100 -0.012600
v -0.102900 -0.180383 -0.012883
v -0.102669 -0.180331 -0.012831
v -0.102617 -0.180100 -0.012883
v -0.102617 -0.180383 -0.012600
v -0.102900 -0.040500 -0.012600
v -0.102500 -0.040900 -0.012600
v -0.102900 -0.040900 -0.013000
v -0.102617 -0.040617 -0.012600
v -0.102669 -0.040669 -0.012831
v -0.102617 -0.040900 -0.012883
v -0.102900 -0.040617 -0.012883
vn -0.3250 -0.8881 0.3251
vn -0.3251 -0.3251 0.8881
vn -0.8881 -0.3251 0.3251
vn -0.3251 0.3251 0.8881
vn -0.3250 0.8881 0.3251
vn -0.8881 0.3251 0.3251
vn -0.3251 -0.8881 -0.3251
vn -0.8881 -0.3251 -0.3251
vn -0.3251 -0.3251 -0.8881
vn -0.3250 0.8881 -0.3251
vn -0.3251 0.3251 -0.8881
vn -0.8881 0.3251 -0.3251
vn 0.3251 -0.8881 0.3251
vn 0.8881 -0.3251 0.3251
vn 0.3251 -0.3251 0.8881
vn 0.3250 0.8881 0.3251
vn 0.3251 0.3251 0.8881
vn 0.8881 0.3251 0.3251
vn 0.3250 -0.8881 -0.3251
vn 0.3251 -0.3251 -0.8881
vn 0.8881 -0.3251 -0.3251
vn 0.3251 0.8881 -0.3251
vn 0.8881 0.3251 -0.3251
vn 0.3251 0.3251 -0.8881
vn -0.3827 -0.9239 -0.0000
vn -0.9239 -0.3827 -0.0000
vn -0.3827 -0.0000 0.9239
vn -0.9239 -0.0000 0.3827
vn -0.3827 0.9239 -0.0000
vn -0.9239 0.3827 -0.0000
vn -0.3827 -0.0000 -0.9239
vn -0.9239 -0.0000 -0.3827
vn -0.0000 -0.9239 -0.3827
vn -0.0000 -0.3827 -0.9239
vn -0.0000 0.9239 -0.3827
vn -0.0000 0.3827 -0.9239
vn 0.9239 -0.0000 -0.3827
vn 0.3827 -0.0000 -0.9239
vn 0.3827 -0.9239 -0.0000
vn 0.9239 -0.3827 -0.0000
vn 0.3827 0.9239 -0.0000
vn 0.9239 0.3827 -0.0000
vn 0.3827 -0.0000 0.9239
vn 0.9239 -0.0000 0.3827
vn -0.0000 -0.9239 0.3827
vn -0.0000 -0.3827 0.9239
vn -0.0000 0.9239 0.3827
vn -0.0000 0.3827 0.9239
vn -0.0000 -1.0000 -0.0000
vn -1.0000 -0.0000 -0.0000
vn -0.0000 -0.0000 1.0000
vn -0.0000 1.0000 -0.0000
vn -0.0000 -0.0000 -1.0000
vn 1.0000 -0.0000 -0.0000
vt 0.443249 0.004127
vt 0.443249 0.001278
vt 0.444895 0.001278
vt 0.446099 0.004127
vt 0.419320 0.995873
vt 0.422170 0.995873
vt 0.422170 0.997518
vt 0.419320 0.998723
vt 0.004127 0.995873
vt 0.004127 0.998722
vt 0.002482 0.998722
vt 0.001278 0.995873
vt 0.419320 0.004127
vt 0.419320 0.001278
vt 0.420966 0.001278
vt 0.422170 0.004127
vt 0.427575 0.191922
vt 0.424725 0.191922
vt 0.424725 0.190277
vt 0.427575 0.189072
vt 0.004127 0.004127
vt 0.001278 0.004127
vt 0.001278 0.002482
vt 0.004127 0.001278
vt 0.443249 0.183667
vt 0.446099 0.183667
vt 0.446099 0.185313
vt 0.443249 0.186517
vt 0.183667 0.995873
vt 0.186517 0.995873
vt 0.186517 0.997518
vt 0.183667 0.998722
vt 0.379717 0.995873
vt 0.379717 0.998722
vt 0.378072 0.998722
vt 0.376867 0.995873
vt 0.427575 0.371462
vt 0.427575 0.374312
vt 0.425930 0.374312
vt 0.424725 0.371462
vt 0.379717 0.004127
vt 0.376867 0.004127
vt 0.376867 0.002482
vt 0.379717 0.001278
vt 0.183667 0.004127
vt 0.183667 0.001278
vt 0.185313 0.001278
vt 0.186517 0.004127
vt 0.427575 0.004127
vt 0.424725 0.004127
vt 0.424725 0.002482
vt 0.427575 0.001278
vt 0.371462 0.995873
vt 0.374312 0.995873
vt 0.374312 0.997518
vt 0.371462 0.998722
vt 0.403646 0.995873
vt 0.403646 0.998722
vt 0.402001 0.998722
vt 0.400796 0.995873
vt 0.443249 0.191922
vt 0.443249 0.189072
vt 0.444895 0.189072
vt 0.446099 0.191922
vt 0.403646 0.004127
vt 0.400796 0.004127
vt 0.400796 0.002482
vt 0.403646 0.001278
vt 0.371462 0.004127
vt 0.371462 0.001278
vt 0.373108 0.001278
vt 0.374312 0.004127
vt 0.427575 0.183667
vt 0.427575 0.186517
vt 0.425930 0.186517
vt 0.424725 0.183667
vt 0.395391 0.995873
vt 0.398241 0.995873
vt 0.398241 0.997518
vt 0.395391 0.998723
vt 0.191922 0.995873
vt 0.191922 0.998722
vt 0.190277 0.998722
vt 0.189072 0.995873
vt 0.443249 0.371462
vt 0.446099 0.371462
vt 0.446099 0.373108
vt 0.443249 0.374312
vt 0.191922 0.004127
vt 0.189072 0.004127
vt 0.189072 0.002482
vt 0.191922 0.001278
vt 0.395391 0.004127
vt 0.395391 0.001278
vt 0.397037 0.001278
vt 0.398241 0.004127
s 0
usemtl MAT_metal_black_magazine
f 4109/6025/3259 4112/6026/3259 4113/6027/3259 4115/6028/3259
f 4110/6029/3260 4114/6030/3260 4113/6031/3260 4112/6032/3260
f 4111/6033/3261 4115/6034/3261 4113/6035/3261 4114/6036/3261
f 4116/6037/3262 4119/6038/3262 4120/6039/3262 4122/6040/3262
f 4117/6041/3263 4121/6042/3263 4120/6043/3263 4119/6044/3263
f 4118/6045/3264 4122/6046/3264 4120/6047/3264 4121/6048/3264
f 4123/6049/3265 4126/6050/3265 4127/6051/3265 4129/6052/3265
f 4124/6053/3266 4128/6054/3266 4127/6055/3266 4126/6056/3266
f 4125/6057/3267 4129/6058/3267 4127/6059/3267 4128/6060/3267
f 4130/6061/3268 4133/6062/3268 4134/6063/3268 4136/6064/3268
f 4131/6065/3269 4135/6066/3269 4134/6067/3269 4133/6068/3269
f 4132/6069/3270 4136/6070/3270 4134/6071/3270 4135/6072/3270
f 4137/6073/3271 4140/6074/3271 4141/6075/3271 4143/6076/3271
f 4138/6077/3272 4142/6078/3272 4141/6079/3272 4140/6080/3272
f 4139/6081/3273 4143/6082/3273 4141/6083/3273 4142/6084/3273
f 4144/6085/3274 4147/6086/3274 4148/6087/3274 4150/6088/3274
f 4145/6089/3275 4149/6090/3275 4148/6091/3275 4147/6092/3275
f 4146/6093/3276 4150/6094/3276 4148/6095/3276 4149/6096/3276
f 4151/6097/3277 4154/6098/3277 4155/6099/3277 4157/6100/3277
f 4152/6101/3278 4156/6102/3278 4155/6103/3278 4154/6104/3278
f 4153/6105/3279 4157/6106/3279 4155/6107/3279 4156/6108/3279
f 4158/6109/3280 4161/6110/3280 4162/6111/3280 4164/6112/3280
f 4159/6113/3281 4163/6114/3281 4162/6115/3281 4161/6116/3281
f 4160/6117/3282 4164/6118/3282 4162/6119/3282 4163/6120/3282
f 4123/6049/3283 4109/6025/3283 4115/6028/3283 4126/6050/3283
f 4126/6056/3284 4115/6034/3284 4111/6033/3284 4124/6053/3284
f 4110/6029/3285 4116/6037/3285 4122/6040/3285 4114/6030/3285
f 4114/6036/3286 4122/6046/3286 4118/6045/3286 4111/6033/3286
f 4117/6041/3287 4130/6061/3287 4136/6064/3287 4121/6042/3287
f 4121/6048/3288 4136/6070/3288 4132/6069/3288 4118/6045/3288
f 4131/6065/3289 4125/6057/3289 4128/6060/3289 4135/6066/3289
f 4135/6072/3290 4128/6054/3290 4124/6053/3290 4132/6069/3290
f 4151/6097/3291 4123/6049/3291 4129/6052/3291 4154/6098/3291
f 4154/6104/3292 4129/6058/3292 4125/6057/3292 4152/6101/3292
f 4130/6061/3293 4158/6109/3293 4164/6112/3293 4133/6062/3293
f 4133/6068/3294 4164/6118/3294 4160/6117/3294 4131/6065/3294
f 4159/6113/3295 4153/6105/3295 4156/6108/3295 4163/6114/3295
f 4163/6120/3296 4156/6102/3296 4152/6101/3296 4160/6117/3296
f 4137/6073/3297 4151/6097/3297 4157/6100/3297 4140/6074/3297
f 4140/6080/3298 4157/6106/3298 4153/6105/3298 4138/6077/3298
f 4158/6109/3299 4144/6085/3299 4150/6088/3299 4161/6110/3299
f 4161/6116/3300 4150/6094/3300 4146/6093/3300 4159/6113/3300
f 4145/6089/3301 4139/6081/3301 4142/6084/3301 4149/6090/3301
f 4149/6096/3302 4142/6078/3302 4138/6077/3302 4146/6093/3302
f 4109/6025/3303 4137/6073/3303 4143/6076/3303 4112/6026/3303
f 4112/6032/3304 4143/6082/3304 4139/6081/3304 4110/6029/3304
f 4144/6085/3305 4117/6041/3305 4119/6044/3305 4147/6086/3305
f 4147/6092/3306 4119/6038/3306 4116/6037/3306 4145/6089/3306
f 4123/6049/3307 4151/6097/3307 4137/6073/3307 4109/6025/3307
f 4111/6033/3308 4118/6045/3308 4132/6069/3308 4124/6053/3308
f 4139/6081/3309 4145/6089/3309 4116/6037/3309 4110/6029/3309
f 4158/6109/3310 4130/6061/3310 4117/6041/3310 4144/6085/3310
f 4125/6057/3311 4131/6065/3311 4160/6117/3311 4152/6101/3311
f 4153/6105/3312 4159/6113/3312 4146/6093/3312 4138/6077/3312
o AK_ring_barrel_visual_001
v 0.168000 0.020000 -0.009094
v 0.168400 0.020000 -0.009500
v 0.168117 0.020000 -0.009381
v 0.172000 0.020000 -0.009094
v 0.171600 0.020000 -0.009500
v 0.171883 0.020000 -0.009381
v 0.168000 0.016890 -0.008545
v 0.168400 0.016751 -0.008927
v 0.168117 0.016791 -0.008815
v 0.172000 0.016890 -0.008545
v 0.171600 0.016751 -0.008927
v 0.171883 0.016791 -0.008815
v 0.168000 0.014155 -0.006966
v 0.168400 0.013894 -0.007277
v 0.168117 0.013970 -0.007186
v 0.172000 0.014155 -0.006966
v 0.171600 0.013894 -0.007277
v 0.171883 0.013970 -0.007186
v 0.168000 0.012125 -0.004547
v 0.168400 0.011773 -0.004750
v 0.168117 0.011876 -0.004691
v 0.172000 0.012125 -0.004547
v 0.171600 0.011773 -0.004750
v 0.171883 0.011876 -0.004691
v 0.168000 0.011044 -0.001579
v 0.168400 0.010644 -0.001650
v 0.168117 0.010761 -0.001629
v 0.172000 0.011044 -0.001579
v 0.171600 0.010644 -0.001650
v 0.171883 0.010761 -0.001629
v 0.168000 0.011044 0.001579
v 0.168400 0.010644 0.001650
v 0.168117 0.010761 0.001629
v 0.172000 0.011044 0.001579
v 0.171600 0.010644 0.001650
v 0.171883 0.010761 0.001629
v 0.168000 0.012125 0.004547
v 0.168400 0.011773 0.004750
v 0.168117 0.011876 0.004691
v 0.172000 0.012125 0.004547
v 0.171600 0.011773 0.004750
v 0.171883 0.011876 0.004691
v 0.168000 0.014155 0.006966
v 0.168400 0.013894 0.007277
v 0.168117 0.013970 0.007186
v 0.172000 0.014155 0.006966
v 0.171600 0.013894 0.007277
v 0.171883 0.013970 0.007186
v 0.168000 0.016890 0.008545
v 0.168400 0.016751 0.008927
v 0.168117 0.016791 0.008815
v 0.172000 0.016890 0.008545
v 0.171600 0.016751 0.008927
v 0.171883 0.016791 0.008815
v 0.168000 0.020000 0.009094
v 0.168400 0.020000 0.009500
v 0.168117 0.020000 0.009381
v 0.172000 0.020000 0.009094
v 0.171600 0.020000 0.009500
v 0.171883 0.020000 0.009381
v 0.168000 0.023110 0.008545
v 0.168400 0.023249 0.008927
v 0.168117 0.023209 0.008815
v 0.172000 0.023110 0.008545
v 0.171600 0.023249 0.008927
v 0.171883 0.023209 0.008815
v 0.168000 0.025845 0.006966
v 0.168400 0.026106 0.007277
v 0.168117 0.026030 0.007186
v 0.172000 0.025845 0.006966
v 0.171600 0.026106 0.007277
v 0.171883 0.026030 0.007186
v 0.168000 0.027875 0.004547
v 0.168400 0.028227 0.004750
v 0.168117 0.028124 0.004691
v 0.172000 0.027875 0.004547
v 0.171600 0.028227 0.004750
v 0.171883 0.028124 0.004691
v 0.168000 0.028956 0.001579
v 0.168400 0.029356 0.001650
v 0.168117 0.029239 0.001629
v 0.172000 0.028956 0.001579
v 0.171600 0.029356 0.001650
v 0.171883 0.029239 0.001629
v 0.168000 0.028956 -0.001579
v 0.168400 0.029356 -0.001650
v 0.168117 0.029239 -0.001629
v 0.172000 0.028956 -0.001579
v 0.171600 0.029356 -0.001650
v 0.171883 0.029239 -0.001629
v 0.168000 0.027875 -0.004547
v 0.168400 0.028227 -0.004750
v 0.168117 0.028124 -0.004691
v 0.172000 0.027875 -0.004547
v 0.171600 0.028227 -0.004750
v 0.171883 0.028124 -0.004691
v 0.168000 0.025845 -0.006966
v 0.168400 0.026106 -0.007277
v 0.168117 0.026030 -0.007186
v 0.172000 0.025845 -0.006966
v 0.171600 0.026106 -0.007277
v 0.171883 0.026030 -0.007186
v 0.168000 0.023110 -0.008545
v 0.168400 0.023249 -0.008927
v 0.168117 0.023209 -0.008815
v 0.172000 0.023110 -0.008545
v 0.171600 0.023249 -0.008927
v 0.171883 0.023209 -0.008815
vn -0.3827 -0.1604 -0.9098
vn -0.9239 -0.0665 -0.3769
vn 0.3827 -0.1604 -0.9098
vn 0.9239 -0.0665 -0.3769
vn -0.3827 -0.4619 -0.8001
vn -0.9239 -0.1913 -0.3314
vn 0.3827 -0.4619 -0.8001
vn 0.9239 -0.1913 -0.3314
vn -0.3827 -0.7077 -0.5939
vn -0.9239 -0.2932 -0.2460
vn 0.3827 -0.7077 -0.5939
vn 0.9239 -0.2932 -0.2460
vn -0.3827 -0.8682 -0.3160
vn -0.9239 -0.3596 -0.1309
vn 0.3827 -0.8682 -0.3160
vn 0.9239 -0.3596 -0.1309
vn -0.3827 -0.9239 -0.0000
vn -0.9239 -0.3827 -0.0000
vn 0.3827 -0.9239 -0.0000
vn 0.9239 -0.3827 -0.0000
vn -0.3827 -0.8682 0.3160
vn -0.9239 -0.3596 0.1309
vn 0.3827 -0.8682 0.3160
vn 0.9239 -0.3596 0.1309
vn -0.3827 -0.7077 0.5939
vn -0.9239 -0.2932 0.2460
vn 0.3827 -0.7077 0.5939
vn 0.9239 -0.2932 0.2460
vn -0.3827 -0.4619 0.8001
vn -0.9239 -0.1913 0.3314
vn 0.3827 -0.4619 0.8001
vn 0.9239 -0.1913 0.3314
vn -0.3827 -0.1604 0.9098
vn -0.9239 -0.0665 0.3769
vn 0.3827 -0.1604 0.9098
vn 0.9239 -0.0665 0.3769
vn -0.3827 0.1604 0.9098
vn -0.9239 0.0665 0.3769
vn 0.3827 0.1604 0.9098
vn 0.9239 0.0665 0.3769
vn -0.3827 0.4619 0.8001
vn -0.9239 0.1913 0.3314
vn 0.3827 0.4619 0.8001
vn 0.9239 0.1913 0.3314
vn -0.3827 0.7077 0.5939
vn -0.9239 0.2932 0.2460
vn 0.3827 0.7077 0.5939
vn 0.9239 0.2932 0.2460
vn -0.3827 0.8682 0.3160
vn -0.9239 0.3596 0.1309
vn 0.3827 0.8682 0.3160
vn 0.9239 0.3596 0.1309
vn -0.3827 0.9239 -0.0000
vn -0.9239 0.3827 -0.0000
vn 0.3827 0.9239 -0.0000
vn 0.9239 0.3827 -0.0000
vn -0.3827 0.8682 -0.3160
vn -0.9239 0.3596 -0.1309
vn 0.3827 0.8682 -0.3160
vn 0.9239 0.3596 -0.1309
vn -0.3827 0.7077 -0.5939
vn -0.9239 0.2932 -0.2460
vn 0.3827 0.7077 -0.5939
vn 0.9239 0.2932 -0.2460
vn -0.3827 0.4619 -0.8001
vn -0.9239 0.1913 -0.3314
vn 0.3827 0.4619 -0.8001
vn 0.9239 0.1913 -0.3314
vn -0.3827 0.1604 -0.9098
vn -0.9239 0.0665 -0.3769
vn 0.3827 0.1604 -0.9098
vn 0.9239 0.0665 -0.3769
vn -1.0000 -0.0000 -0.0000
vn -0.0000 -0.1736 -0.9848
vn -0.0000 0.1736 -0.9848
vn 1.0000 -0.0000 -0.0000
vn -0.0000 -0.5000 -0.8660
vn -0.0000 -0.7660 -0.6428
vn -0.0000 -0.9397 -0.3420
vn -0.0000 -1.0000 -0.0000
vn -0.0000 -0.9397 0.3420
vn -0.0000 -0.7660 0.6428
vn -0.0000 -0.5000 0.8660
vn -0.0000 -0.1736 0.9848
vn -0.0000 0.1736 0.9848
vn -0.0000 0.5000 0.8660
vn -0.0000 0.7660 0.6428
vn -0.0000 0.9397 0.3420
vn -0.0000 1.0000 -0.0000
vn -0.0000 0.9397 -0.3420
vn -0.0000 0.7660 -0.6428
vn -0.0000 0.5000 -0.8660
vt 0.012593 0.706963
vt 0.012593 0.793037
vt 0.002158 0.793021
vt 0.002158 0.706979
vt 0.738704 0.002252
vt 0.823439 0.017193
vt 0.819847 0.027062
vt 0.738704 0.012754
vt 0.096077 0.793037
vt 0.096077 0.706963
vt 0.106513 0.706979
vt 0.106513 0.793021
vt 0.330970 0.482807
vt 0.246235 0.497748
vt 0.246235 0.487246
vt 0.327377 0.472938
vt 0.012593 0.873921
vt 0.002158 0.873874
vt 0.897954 0.060214
vt 0.891203 0.068259
vt 0.096077 0.873921
vt 0.106513 0.873874
vt 0.405484 0.439786
vt 0.398733 0.431741
vt 0.012593 0.939858
vt 0.002158 0.939786
vt 0.953261 0.126126
vt 0.944165 0.131377
vt 0.096077 0.939858
vt 0.106513 0.939786
vt 0.460791 0.373874
vt 0.451695 0.368623
vt 0.012593 0.982895
vt 0.002158 0.982807
vt 0.982689 0.206979
vt 0.972346 0.208803
vt 0.096077 0.982895
vt 0.106513 0.982807
vt 0.490219 0.293021
vt 0.479876 0.291197
vt 0.012593 0.997842
vt 0.002158 0.997748
vt 0.982689 0.293021
vt 0.972346 0.291197
vt 0.096077 0.997842
vt 0.106513 0.997748
vt 0.490219 0.206979
vt 0.479876 0.208803
vt 0.204748 0.997842
vt 0.204748 0.982895
vt 0.215183 0.982807
vt 0.215183 0.997748
vt 0.953261 0.373874
vt 0.944165 0.368623
vt 0.121264 0.982895
vt 0.121264 0.997842
vt 0.110829 0.997748
vt 0.110829 0.982807
vt 0.460791 0.126126
vt 0.451695 0.131377
vt 0.204748 0.939858
vt 0.215183 0.939786
vt 0.897954 0.439786
vt 0.891203 0.431741
vt 0.121264 0.939858
vt 0.110829 0.939786
vt 0.405484 0.060214
vt 0.398733 0.068259
vt 0.204748 0.873921
vt 0.215183 0.873874
vt 0.823439 0.482807
vt 0.819847 0.472938
vt 0.121264 0.873921
vt 0.110829 0.873874
vt 0.330970 0.017193
vt 0.327377 0.027062
vt 0.204748 0.793037
vt 0.215183 0.793021
vt 0.738704 0.497748
vt 0.738704 0.487246
vt 0.121264 0.793037
vt 0.110829 0.793021
vt 0.246235 0.002252
vt 0.246235 0.012754
vt 0.204748 0.706963
vt 0.215183 0.706979
vt 0.653969 0.482807
vt 0.657561 0.472938
vt 0.121264 0.706963
vt 0.110829 0.706979
vt 0.161500 0.017193
vt 0.165092 0.027062
vt 0.204748 0.626079
vt 0.215183 0.626126
vt 0.579455 0.439786
vt 0.586206 0.431741
vt 0.121264 0.626079
vt 0.110829 0.626126
vt 0.086985 0.060214
vt 0.093736 0.068259
vt 0.204748 0.560142
vt 0.215183 0.560214
vt 0.524148 0.373874
vt 0.533244 0.368623
vt 0.121264 0.560142
vt 0.110829 0.560214
vt 0.031678 0.126126
vt 0.040774 0.131377
vt 0.204748 0.517105
vt 0.215183 0.517193
vt 0.494720 0.293021
vt 0.505063 0.291197
vt 0.121264 0.517105
vt 0.110829 0.517193
vt 0.002250 0.206979
vt 0.012593 0.208803
vt 0.204748 0.502158
vt 0.215183 0.502252
vt 0.494720 0.206979
vt 0.505063 0.208803
vt 0.121264 0.502158
vt 0.110829 0.502252
vt 0.002250 0.293021
vt 0.012593 0.291197
vt 0.012593 0.502158
vt 0.012593 0.517105
vt 0.002158 0.517193
vt 0.002158 0.502252
vt 0.524148 0.126126
vt 0.533244 0.131377
vt 0.096077 0.517105
vt 0.096077 0.502158
vt 0.106513 0.502252
vt 0.106513 0.517193
vt 0.031678 0.373874
vt 0.040774 0.368623
vt 0.012593 0.560142
vt 0.002158 0.560214
vt 0.579455 0.060214
vt 0.586206 0.068259
vt 0.096077 0.560142
vt 0.106513 0.560214
vt 0.086985 0.439786
vt 0.093736 0.431741
vt 0.012593 0.626079
vt 0.002158 0.626126
vt 0.653969 0.017193
vt 0.657561 0.027062
vt 0.096077 0.626079
vt 0.106513 0.626126
vt 0.161500 0.482807
vt 0.165092 0.472938
s 0
usemtl MAT_metal_dark_blued
f 4166/6121/3313 4172/6122/3313 4173/6123/3313 4167/6124/3313
f 4167/6125/3314 4173/6126/3314 4171/6127/3314 4165/6128/3314
f 4175/6129/3315 4169/6130/3315 4170/6131/3315 4176/6132/3315
f 4176/6133/3316 4170/6134/3316 4168/6135/3316 4174/6136/3316
f 4172/6122/3317 4178/6137/3317 4179/6138/3317 4173/6123/3317
f 4173/6126/3318 4179/6139/3318 4177/6140/3318 4171/6127/3318
f 4181/6141/3319 4175/6129/3319 4176/6132/3319 4182/6142/3319
f 4182/6143/3320 4176/6133/3320 4174/6136/3320 4180/6144/3320
f 4178/6137/3321 4184/6145/3321 4185/6146/3321 4179/6138/3321
f 4179/6139/3322 4185/6147/3322 4183/6148/3322 4177/6140/3322
f 4187/6149/3323 4181/6141/3323 4182/6142/3323 4188/6150/3323
f 4188/6151/3324 4182/6143/3324 4180/6144/3324 4186/6152/3324
f 4184/6145/3325 4190/6153/3325 4191/6154/3325 4185/6146/3325
f 4185/6147/3326 4191/6155/3326 4189/6156/3326 4183/6148/3326
f 4193/6157/3327 4187/6149/3327 4188/6150/3327 4194/6158/3327
f 4194/6159/3328 4188/6151/3328 4186/6152/3328 4192/6160/3328
f 4190/6153/3329 4196/6161/3329 4197/6162/3329 4191/6154/3329
f 4191/6155/3330 4197/6163/3330 4195/6164/3330 4189/6156/3330
f 4199/6165/3331 4193/6157/3331 4194/6158/3331 4200/6166/3331
f 4200/6167/3332 4194/6159/3332 4192/6160/3332 4198/6168/3332
f 4196/6169/3333 4202/6170/3333 4203/6171/3333 4197/6172/3333
f 4197/6163/3334 4203/6173/3334 4201/6174/3334 4195/6164/3334
f 4205/6175/3335 4199/6176/3335 4200/6177/3335 4206/6178/3335
f 4206/6179/3336 4200/6167/3336 4198/6168/3336 4204/6180/3336
f 4202/6170/3337 4208/6181/3337 4209/6182/3337 4203/6171/3337
f 4203/6173/3338 4209/6183/3338 4207/6184/3338 4201/6174/3338
f 4211/6185/3339 4205/6175/3339 4206/6178/3339 4212/6186/3339
f 4212/6187/3340 4206/6179/3340 4204/6180/3340 4210/6188/3340
f 4208/6181/3341 4214/6189/3341 4215/6190/3341 4209/6182/3341
f 4209/6183/3342 4215/6191/3342 4213/6192/3342 4207/6184/3342
f 4217/6193/3343 4211/6185/3343 4212/6186/3343 4218/6194/3343
f 4218/6195/3344 4212/6187/3344 4210/6188/3344 4216/6196/3344
f 4214/6189/3345 4220/6197/3345 4221/6198/3345 4215/6190/3345
f 4215/6191/3346 4221/6199/3346 4219/6200/3346 4213/6192/3346
f 4223/6201/3347 4217/6193/3347 4218/6194/3347 4224/6202/3347
f 4224/6203/3348 4218/6195/3348 4216/6196/3348 4222/6204/3348
f 4220/6197/3349 4226/6205/3349 4227/6206/3349 4221/6198/3349
f 4221/6199/3350 4227/6207/3350 4225/6208/3350 4219/6200/3350
f 4229/6209/3351 4223/6201/3351 4224/6202/3351 4230/6210/3351
f 4230/6211/3352 4224/6203/3352 4222/6204/3352 4228/6212/3352
f 4226/6205/3353 4232/6213/3353 4233/6214/3353 4227/6206/3353
f 4227/6207/3354 4233/6215/3354 4231/6216/3354 4225/6208/3354
f 4235/6217/3355 4229/6209/3355 4230/6210/3355 4236/6218/3355
f 4236/6219/3356 4230/6211/3356 4228/6212/3356 4234/6220/3356
f 4232/6213/3357 4238/6221/3357 4239/6222/3357 4233/6214/3357
f 4233/6215/3358 4239/6223/3358 4237/6224/3358 4231/6216/3358
f 4241/6225/3359 4235/6217/3359 4236/6218/3359 4242/6226/3359
f 4242/6227/3360 4236/6219/3360 4234/6220/3360 4240/6228/3360
f 4238/6221/3361 4244/6229/3361 4245/6230/3361 4239/6222/3361
f 4239/6223/3362 4245/6231/3362 4243/6232/3362 4237/6224/3362
f 4247/6233/3363 4241/6225/3363 4242/6226/3363 4248/6234/3363
f 4248/6235/3364 4242/6227/3364 4240/6228/3364 4246/6236/3364
f 4244/6229/3365 4250/6237/3365 4251/6238/3365 4245/6230/3365
f 4245/6231/3366 4251/6239/3366 4249/6240/3366 4243/6232/3366
f 4253/6241/3367 4247/6233/3367 4248/6234/3367 4254/6242/3367
f 4254/6243/3368 4248/6235/3368 4246/6236/3368 4252/6244/3368
f 4250/6245/3369 4256/6246/3369 4257/6247/3369 4251/6248/3369
f 4251/6239/3370 4257/6249/3370 4255/6250/3370 4249/6240/3370
f 4259/6251/3371 4253/6252/3371 4254/6253/3371 4260/6254/3371
f 4260/6255/3372 4254/6243/3372 4252/6244/3372 4258/6256/3372
f 4256/6246/3373 4262/6257/3373 4263/6258/3373 4257/6247/3373
f 4257/6249/3374 4263/6259/3374 4261/6260/3374 4255/6250/3374
f 4265/6261/3375 4259/6251/3375 4260/6254/3375 4266/6262/3375
f 4266/6263/3376 4260/6255/3376 4258/6256/3376 4264/6264/3376
f 4262/6257/3377 4268/6265/3377 4269/6266/3377 4263/6258/3377
f 4263/6259/3378 4269/6267/3378 4267/6268/3378 4261/6260/3378
f 4271/6269/3379 4265/6261/3379 4266/6262/3379 4272/6270/3379
f 4272/6271/3380 4266/6263/3380 4264/6264/3380 4270/6272/3380
f 4268/6265/3381 4166/6121/3381 4167/6124/3381 4269/6266/3381
f 4269/6267/3382 4167/6125/3382 4165/6128/3382 4267/6268/3382
f 4169/6130/3383 4271/6269/3383 4272/6270/3383 4170/6131/3383
f 4170/6134/3384 4272/6271/3384 4270/6272/3384 4168/6135/3384
f 4165/6128/3385 4171/6127/3385 4177/6140/3385 4183/6148/3385 4189/6156/3385 4195/6164/3385 4201/6174/3385 4207/6184/3385 4213/6192/3385 4219/6200/3385 4225/6208/3385 4231/6216/3385 4237/6224/3385 4243/6232/3385 4249/6240/3385 4255/6250/3385 4261/6260/3385 4267/6268/3385
f 4166/6121/3386 4169/6130/3386 4175/6129/3386 4172/6122/3386
f 4268/6265/3387 4271/6269/3387 4169/6130/3387 4166/6121/3387
f 4174/6136/3388 4168/6135/3388 4270/6272/3388 4264/6264/3388 4258/6256/3388 4252/6244/3388 4246/6236/3388 4240/6228/3388 4234/6220/3388 4228/6212/3388 4222/6204/3388 4216/6196/3388 4210/6188/3388 4204/6180/3388 4198/6168/3388 4192/6160/3388 4186/6152/3388 4180/6144/3388
f 4172/6122/3389 4175/6129/3389 4181/6141/3389 4178/6137/3389
f 4178/6137/3390 4181/6141/3390 4187/6149/3390 4184/6145/3390
f 4184/6145/3391 4187/6149/3391 4193/6157/3391 4190/6153/3391
f 4190/6153/3392 4193/6157/3392 4199/6165/3392 4196/6161/3392
f 4196/6169/3393 4199/6176/3393 4205/6175/3393 4202/6170/3393
f 4202/6170/3394 4205/6175/3394 4211/6185/3394 4208/6181/3394
f 4208/6181/3395 4211/6185/3395 4217/6193/3395 4214/6189/3395
f 4214/6189/3396 4217/6193/3396 4223/6201/3396 4220/6197/3396
f 4220/6197/3397 4223/6201/3397 4229/6209/3397 4226/6205/3397
f 4226/6205/3398 4229/6209/3398 4235/6217/3398 4232/6213/3398
f 4232/6213/3399 4235/6217/3399 4241/6225/3399 4238/6221/3399
f 4238/6221/3400 4241/6225/3400 4247/6233/3400 4244/6229/3400
f 4244/6229/3401 4247/6233/3401 4253/6241/3401 4250/6237/3401
f 4250/6245/3402 4253/6252/3402 4259/6251/3402 4256/6246/3402
f 4256/6246/3403 4259/6251/3403 4265/6261/3403 4262/6257/3403
f 4262/6257/3404 4265/6261/3404 4271/6269/3404 4268/6265/3404
o AK_ring_barrel_visual_002
v 0.388000 0.020000 -0.009094
v 0.388400 0.020000 -0.009500
v 0.388117 0.020000 -0.009381
v 0.392000 0.020000 -0.009094
v 0.391600 0.020000 -0.009500
v 0.391883 0.020000 -0.009381
v 0.388000 0.016890 -0.008545
v 0.388400 0.016751 -0.008927
v 0.388117 0.016791 -0.008815
v 0.392000 0.016890 -0.008545
v 0.391600 0.016751 -0.008927
v 0.391883 0.016791 -0.008815
v 0.388000 0.014155 -0.006966
v 0.388400 0.013894 -0.007277
v 0.388117 0.013970 -0.007186
v 0.392000 0.014155 -0.006966
v 0.391600 0.013894 -0.007277
v 0.391883 0.013970 -0.007186
v 0.388000 0.012125 -0.004547
v 0.388400 0.011773 -0.004750
v 0.388117 0.011876 -0.004691
v 0.392000 0.012125 -0.004547
v 0.391600 0.011773 -0.004750
v 0.391883 0.011876 -0.004691
v 0.388000 0.011044 -0.001579
v 0.388400 0.010644 -0.001650
v 0.388117 0.010761 -0.001629
v 0.392000 0.011044 -0.001579
v 0.391600 0.010644 -0.001650
v 0.391883 0.010761 -0.001629
v 0.388000 0.011044 0.001579
v 0.388400 0.010644 0.001650
v 0.388117 0.010761 0.001629
v 0.392000 0.011044 0.001579
v 0.391600 0.010644 0.001650
v 0.391883 0.010761 0.001629
v 0.388000 0.012125 0.004547
v 0.388400 0.011773 0.004750
v 0.388117 0.011876 0.004691
v 0.392000 0.012125 0.004547
v 0.391600 0.011773 0.004750
v 0.391883 0.011876 0.004691
v 0.388000 0.014155 0.006966
v 0.388400 0.013894 0.007277
v 0.388117 0.013970 0.007186
v 0.392000 0.014155 0.006966
v 0.391600 0.013894 0.007277
v 0.391883 0.013970 0.007186
v 0.388000 0.016890 0.008545
v 0.388400 0.016751 0.008927
v 0.388117 0.016791 0.008815
v 0.392000 0.016890 0.008545
v 0.391600 0.016751 0.008927
v 0.391883 0.016791 0.008815
v 0.388000 0.020000 0.009094
v 0.388400 0.020000 0.009500
v 0.388117 0.020000 0.009381
v 0.392000 0.020000 0.009094
v 0.391600 0.020000 0.009500
v 0.391883 0.020000 0.009381
v 0.388000 0.023110 0.008545
v 0.388400 0.023249 0.008927
v 0.388117 0.023209 0.008815
v 0.392000 0.023110 0.008545
v 0.391600 0.023249 0.008927
v 0.391883 0.023209 0.008815
v 0.388000 0.025845 0.006966
v 0.388400 0.026106 0.007277
v 0.388117 0.026030 0.007186
v 0.392000 0.025845 0.006966
v 0.391600 0.026106 0.007277
v 0.391883 0.026030 0.007186
v 0.388000 0.027875 0.004547
v 0.388400 0.028227 0.004750
v 0.388117 0.028124 0.004691
v 0.392000 0.027875 0.004547
v 0.391600 0.028227 0.004750
v 0.391883 0.028124 0.004691
v 0.388000 0.028956 0.001579
v 0.388400 0.029356 0.001650
v 0.388117 0.029239 0.001629
v 0.392000 0.028956 0.001579
v 0.391600 0.029356 0.001650
v 0.391883 0.029239 0.001629
v 0.388000 0.028956 -0.001579
v 0.388400 0.029356 -0.001650
v 0.388117 0.029239 -0.001629
v 0.392000 0.028956 -0.001579
v 0.391600 0.029356 -0.001650
v 0.391883 0.029239 -0.001629
v 0.388000 0.027875 -0.004547
v 0.388400 0.028227 -0.004750
v 0.388117 0.028124 -0.004691
v 0.392000 0.027875 -0.004547
v 0.391600 0.028227 -0.004750
v 0.391883 0.028124 -0.004691
v 0.388000 0.025845 -0.006966
v 0.388400 0.026106 -0.007277
v 0.388117 0.026030 -0.007186
v 0.392000 0.025845 -0.006966
v 0.391600 0.026106 -0.007277
v 0.391883 0.026030 -0.007186
v 0.388000 0.023110 -0.008545
v 0.388400 0.023249 -0.008927
v 0.388117 0.023209 -0.008815
v 0.392000 0.023110 -0.008545
v 0.391600 0.023249 -0.008927
v 0.391883 0.023209 -0.008815
vn -0.3827 -0.1604 -0.9098
vn -0.9239 -0.0665 -0.3769
vn 0.3827 -0.1604 -0.9098
vn 0.9239 -0.0665 -0.3769
vn -0.3827 -0.4619 -0.8001
vn -0.9239 -0.1913 -0.3314
vn 0.3827 -0.4619 -0.8001
vn 0.9239 -0.1913 -0.3314
vn -0.3827 -0.7077 -0.5939
vn -0.9239 -0.2932 -0.2460
vn 0.3827 -0.7077 -0.5939
vn 0.9239 -0.2932 -0.2460
vn -0.3827 -0.8682 -0.3160
vn -0.9239 -0.3596 -0.1309
vn 0.3827 -0.8682 -0.3160
vn 0.9239 -0.3596 -0.1309
vn -0.3827 -0.9239 -0.0000
vn -0.9239 -0.3827 -0.0000
vn 0.3827 -0.9239 -0.0000
vn 0.9239 -0.3827 -0.0000
vn -0.3827 -0.8682 0.3160
vn -0.9239 -0.3596 0.1309
vn 0.3827 -0.8682 0.3160
vn 0.9239 -0.3596 0.1309
vn -0.3827 -0.7077 0.5939
vn -0.9239 -0.2932 0.2460
vn 0.3827 -0.7077 0.5939
vn 0.9239 -0.2932 0.2460
vn -0.3827 -0.4619 0.8001
vn -0.9239 -0.1913 0.3314
vn 0.3827 -0.4619 0.8001
vn 0.9239 -0.1913 0.3314
vn -0.3827 -0.1604 0.9098
vn -0.9239 -0.0665 0.3769
vn 0.3827 -0.1604 0.9098
vn 0.9239 -0.0665 0.3769
vn -0.3827 0.1604 0.9098
vn -0.9239 0.0665 0.3769
vn 0.3827 0.1604 0.9098
vn 0.9239 0.0665 0.3769
vn -0.3827 0.4619 0.8001
vn -0.9239 0.1913 0.3314
vn 0.3827 0.4619 0.8001
vn 0.9239 0.1913 0.3314
vn -0.3827 0.7077 0.5939
vn -0.9239 0.2932 0.2460
vn 0.3827 0.7077 0.5939
vn 0.9239 0.2932 0.2460
vn -0.3827 0.8682 0.3160
vn -0.9239 0.3596 0.1309
vn 0.3827 0.8682 0.3160
vn 0.9239 0.3596 0.1309
vn -0.3827 0.9239 -0.0000
vn -0.9239 0.3827 -0.0000
vn 0.3827 0.9239 -0.0000
vn 0.9239 0.3827 -0.0000
vn -0.3827 0.8682 -0.3160
vn -0.9239 0.3596 -0.1309
vn 0.3827 0.8682 -0.3160
vn 0.9239 0.3596 -0.1309
vn -0.3827 0.7077 -0.5939
vn -0.9239 0.2932 -0.2460
vn 0.3827 0.7077 -0.5939
vn 0.9239 0.2932 -0.2460
vn -0.3827 0.4619 -0.8001
vn -0.9239 0.1913 -0.3314
vn 0.3827 0.4619 -0.8001
vn 0.9239 0.1913 -0.3314
vn -0.3827 0.1604 -0.9098
vn -0.9239 0.0665 -0.3769
vn 0.3827 0.1604 -0.9098
vn 0.9239 0.0665 -0.3769
vn -1.0000 -0.0000 -0.0000
vn -0.0000 -0.1736 -0.9848
vn -0.0000 0.1736 -0.9848
vn 1.0000 -0.0000 -0.0000
vn -0.0000 -0.5000 -0.8660
vn -0.0000 -0.7660 -0.6428
vn -0.0000 -0.9397 -0.3420
vn -0.0000 -1.0000 -0.0000
vn -0.0000 -0.9397 0.3420
vn -0.0000 -0.7660 0.6428
vn -0.0000 -0.5000 0.8660
vn -0.0000 -0.1736 0.9848
vn -0.0000 0.1736 0.9848
vn -0.0000 0.5000 0.8660
vn -0.0000 0.7660 0.6428
vn -0.0000 0.9397 0.3420
vn -0.0000 1.0000 -0.0000
vn -0.0000 0.9397 -0.3420
vn -0.0000 0.7660 -0.6428
vn -0.0000 0.5000 -0.8660
vt 0.012593 0.706963
vt 0.012593 0.793037
vt 0.002158 0.793021
vt 0.002158 0.706979
vt 0.738704 0.002252
vt 0.823439 0.017193
vt 0.819847 0.027062
vt 0.738704 0.012754
vt 0.096077 0.793037
vt 0.096077 0.706963
vt 0.106513 0.706979
vt 0.106513 0.793021
vt 0.330970 0.482807
vt 0.246235 0.497748
vt 0.246235 0.487246
vt 0.327377 0.472938
vt 0.012593 0.873921
vt 0.002158 0.873874
vt 0.897954 0.060214
vt 0.891203 0.068259
vt 0.096077 0.873921
vt 0.106513 0.873874
vt 0.405484 0.439786
vt 0.398733 0.431741
vt 0.012593 0.939858
vt 0.002158 0.939786
vt 0.953261 0.126126
vt 0.944165 0.131377
vt 0.096077 0.939858
vt 0.106513 0.939786
vt 0.460791 0.373874
vt 0.451695 0.368623
vt 0.012593 0.982895
vt 0.002158 0.982807
vt 0.982689 0.206979
vt 0.972346 0.208803
vt 0.096077 0.982895
vt 0.106513 0.982807
vt 0.490219 0.293021
vt 0.479876 0.291197
vt 0.012593 0.997842
vt 0.002158 0.997748
vt 0.982689 0.293021
vt 0.972346 0.291197
vt 0.096077 0.997842
vt 0.106513 0.997748
vt 0.490219 0.206979
vt 0.479876 0.208803
vt 0.204748 0.997842
vt 0.204748 0.982895
vt 0.215183 0.982807
vt 0.215183 0.997748
vt 0.953261 0.373874
vt 0.944165 0.368623
vt 0.121264 0.982895
vt 0.121264 0.997842
vt 0.110829 0.997748
vt 0.110829 0.982807
vt 0.460791 0.126126
vt 0.451695 0.131377
vt 0.204748 0.939858
vt 0.215183 0.939786
vt 0.897954 0.439786
vt 0.891203 0.431741
vt 0.121264 0.939858
vt 0.110829 0.939786
vt 0.405484 0.060214
vt 0.398733 0.068259
vt 0.204748 0.873921
vt 0.215183 0.873874
vt 0.823439 0.482807
vt 0.819847 0.472938
vt 0.121264 0.873921
vt 0.110829 0.873874
vt 0.330970 0.017193
vt 0.327377 0.027062
vt 0.204748 0.793037
vt 0.215183 0.793021
vt 0.738704 0.497748
vt 0.738704 0.487246
vt 0.121264 0.793037
vt 0.110829 0.793021
vt 0.246235 0.002252
vt 0.246235 0.012754
vt 0.204748 0.706963
vt 0.215183 0.706979
vt 0.653969 0.482807
vt 0.657561 0.472938
vt 0.121264 0.706963
vt 0.110829 0.706979
vt 0.161500 0.017193
vt 0.165092 0.027062
vt 0.204748 0.626079
vt 0.215183 0.626126
vt 0.579455 0.439786
vt 0.586206 0.431741
vt 0.121264 0.626079
vt 0.110829 0.626126
vt 0.086985 0.060214
vt 0.093736 0.068259
vt 0.204748 0.560142
vt 0.215183 0.560214
vt 0.524148 0.373874
vt 0.533244 0.368623
vt 0.121264 0.560142
vt 0.110829 0.560214
vt 0.031678 0.126126
vt 0.040774 0.131377
vt 0.204748 0.517105
vt 0.215183 0.517193
vt 0.494720 0.293021
vt 0.505063 0.291197
vt 0.121264 0.517105
vt 0.110829 0.517193
vt 0.002250 0.206979
vt 0.012593 0.208803
vt 0.204748 0.502158
vt 0.215183 0.502252
vt 0.494720 0.206979
vt 0.505063 0.208803
vt 0.121264 0.502158
vt 0.110829 0.502252
vt 0.002250 0.293021
vt 0.012593 0.291197
vt 0.012593 0.502158
vt 0.012593 0.517105
vt 0.002158 0.517193
vt 0.002158 0.502252
vt 0.524148 0.126126
vt 0.533244 0.131377
vt 0.096077 0.517105
vt 0.096077 0.502158
vt 0.106513 0.502252
vt 0.106513 0.517193
vt 0.031678 0.373874
vt 0.040774 0.368623
vt 0.012593 0.560142
vt 0.002158 0.560214
vt 0.579455 0.060214
vt 0.586206 0.068259
vt 0.096077 0.560142
vt 0.106513 0.560214
vt 0.086985 0.439786
vt 0.093736 0.431741
vt 0.012593 0.626079
vt 0.002158 0.626126
vt 0.653969 0.017193
vt 0.657561 0.027062
vt 0.096077 0.626079
vt 0.106513 0.626126
vt 0.161500 0.482807
vt 0.165092 0.472938
s 0
usemtl MAT_metal_dark_blued
f 4274/6273/3405 4280/6274/3405 4281/6275/3405 4275/6276/3405
f 4275/6277/3406 4281/6278/3406 4279/6279/3406 4273/6280/3406
f 4283/6281/3407 4277/6282/3407 4278/6283/3407 4284/6284/3407
f 4284/6285/3408 4278/6286/3408 4276/6287/3408 4282/6288/3408
f 4280/6274/3409 4286/6289/3409 4287/6290/3409 4281/6275/3409
f 4281/6278/3410 4287/6291/3410 4285/6292/3410 4279/6279/3410
f 4289/6293/3411 4283/6281/3411 4284/6284/3411 4290/6294/3411
f 4290/6295/3412 4284/6285/3412 4282/6288/3412 4288/6296/3412
f 4286/6289/3413 4292/6297/3413 4293/6298/3413 4287/6290/3413
f 4287/6291/3414 4293/6299/3414 4291/6300/3414 4285/6292/3414
f 4295/6301/3415 4289/6293/3415 4290/6294/3415 4296/6302/3415
f 4296/6303/3416 4290/6295/3416 4288/6296/3416 4294/6304/3416
f 4292/6297/3417 4298/6305/3417 4299/6306/3417 4293/6298/3417
f 4293/6299/3418 4299/6307/3418 4297/6308/3418 4291/6300/3418
f 4301/6309/3419 4295/6301/3419 4296/6302/3419 4302/6310/3419
f 4302/6311/3420 4296/6303/3420 4294/6304/3420 4300/6312/3420
f 4298/6305/3421 4304/6313/3421 4305/6314/3421 4299/6306/3421
f 4299/6307/3422 4305/6315/3422 4303/6316/3422 4297/6308/3422
f 4307/6317/3423 4301/6309/3423 4302/6310/3423 4308/6318/3423
f 4308/6319/3424 4302/6311/3424 4300/6312/3424 4306/6320/3424
f 4304/6321/3425 4310/6322/3425 4311/6323/3425 4305/6324/3425
f 4305/6315/3426 4311/6325/3426 4309/6326/3426 4303/6316/3426
f 4313/6327/3427 4307/6328/3427 4308/6329/3427 4314/6330/3427
f 4314/6331/3428 4308/6319/3428 4306/6320/3428 4312/6332/3428
f 4310/6322/3429 4316/6333/3429 4317/6334/3429 4311/6323/3429
f 4311/6325/3430 4317/6335/3430 4315/6336/3430 4309/6326/3430
f 4319/6337/3431 4313/6327/3431 4314/6330/3431 4320/6338/3431
f 4320/6339/3432 4314/6331/3432 4312/6332/3432 4318/6340/3432
f 4316/6333/3433 4322/6341/3433 4323/6342/3433 4317/6334/3433
f 4317/6335/3434 4323/6343/3434 4321/6344/3434 4315/6336/3434
f 4325/6345/3435 4319/6337/3435 4320/6338/3435 4326/6346/3435
f 4326/6347/3436 4320/6339/3436 4318/6340/3436 4324/6348/3436
f 4322/6341/3437 4328/6349/3437 4329/6350/3437 4323/6342/3437
f 4323/6343/3438 4329/6351/3438 4327/6352/3438 4321/6344/3438
f 4331/6353/3439 4325/6345/3439 4326/6346/3439 4332/6354/3439
f 4332/6355/3440 4326/6347/3440 4324/6348/3440 4330/6356/3440
f 4328/6349/3441 4334/6357/3441 4335/6358/3441 4329/6350/3441
f 4329/6351/3442 4335/6359/3442 4333/6360/3442 4327/6352/3442
f 4337/6361/3443 4331/6353/3443 4332/6354/3443 4338/6362/3443
f 4338/6363/3444 4332/6355/3444 4330/6356/3444 4336/6364/3444
f 4334/6357/3445 4340/6365/3445 4341/6366/3445 4335/6358/3445
f 4335/6359/3446 4341/6367/3446 4339/6368/3446 4333/6360/3446
f 4343/6369/3447 4337/6361/3447 4338/6362/3447 4344/6370/3447
f 4344/6371/3448 4338/6363/3448 4336/6364/3448 4342/6372/3448
f 4340/6365/3449 4346/6373/3449 4347/6374/3449 4341/6366/3449
f 4341/6367/3450 4347/6375/3450 4345/6376/3450 4339/6368/3450
f 4349/6377/3451 4343/6369/3451 4344/6370/3451 4350/6378/3451
f 4350/6379/3452 4344/6371/3452 4342/6372/3452 4348/6380/3452
f 4346/6373/3453 4352/6381/3453 4353/6382/3453 4347/6374/3453
f 4347/6375/3454 4353/6383/3454 4351/6384/3454 4345/6376/3454
f 4355/6385/3455 4349/6377/3455 4350/6378/3455 4356/6386/3455
f 4356/6387/3456 4350/6379/3456 4348/6380/3456 4354/6388/3456
f 4352/6381/3457 4358/6389/3457 4359/6390/3457 4353/6382/3457
f 4353/6383/3458 4359/6391/3458 4357/6392/3458 4351/6384/3458
f 4361/6393/3459 4355/6385/3459 4356/6386/3459 4362/6394/3459
f 4362/6395/3460 4356/6387/3460 4354/6388/3460 4360/6396/3460
f 4358/6397/3461 4364/6398/3461 4365/6399/3461 4359/6400/3461
f 4359/6391/3462 4365/6401/3462 4363/6402/3462 4357/6392/3462
f 4367/6403/3463 4361/6404/3463 4362/6405/3463 4368/6406/3463
f 4368/6407/3464 4362/6395/3464 4360/6396/3464 4366/6408/3464
f 4364/6398/3465 4370/6409/3465 4371/6410/3465 4365/6399/3465
f 4365/6401/3466 4371/6411/3466 4369/6412/3466 4363/6402/3466
f 4373/6413/3467 4367/6403/3467 4368/6406/3467 4374/6414/3467
f 4374/6415/3468 4368/6407/3468 4366/6408/3468 4372/6416/3468
f 4370/6409/3469 4376/6417/3469 4377/6418/3469 4371/6410/3469
f 4371/6411/3470 4377/6419/3470 4375/6420/3470 4369/6412/3470
f 4379/6421/3471 4373/6413/3471 4374/6414/3471 4380/6422/3471
f 4380/6423/3472 4374/6415/3472 4372/6416/3472 4378/6424/3472
f 4376/6417/3473 4274/6273/3473 4275/6276/3473 4377/6418/3473
f 4377/6419/3474 4275/6277/3474 4273/6280/3474 4375/6420/3474
f 4277/6282/3475 4379/6421/3475 4380/6422/3475 4278/6283/3475
f 4278/6286/3476 4380/6423/3476 4378/6424/3476 4276/6287/3476
f 4273/6280/3477 4279/6279/3477 4285/6292/3477 4291/6300/3477 4297/6308/3477 4303/6316/3477 4309/6326/3477 4315/6336/3477 4321/6344/3477 4327/6352/3477 4333/6360/3477 4339/6368/3477 4345/6376/3477 4351/6384/3477 4357/6392/3477 4363/6402/3477 4369/6412/3477 4375/6420/3477
f 4274/6273/3478 4277/6282/3478 4283/6281/3478 4280/6274/3478
f 4376/6417/3479 4379/6421/3479 4277/6282/3479 4274/6273/3479
f 4282/6288/3480 4276/6287/3480 4378/6424/3480 4372/6416/3480 4366/6408/3480 4360/6396/3480 4354/6388/3480 4348/6380/3480 4342/6372/3480 4336/6364/3480 4330/6356/3480 4324/6348/3480 4318/6340/3480 4312/6332/3480 4306/6320/3480 4300/6312/3480 4294/6304/3480 4288/6296/3480
f 4280/6274/3481 4283/6281/3481 4289/6293/3481 4286/6289/3481
f 4286/6289/3482 4289/6293/3482 4295/6301/3482 4292/6297/3482
f 4292/6297/3483 4295/6301/3483 4301/6309/3483 4298/6305/3483
f 4298/6305/3484 4301/6309/3484 4307/6317/3484 4304/6313/3484
f 4304/6321/3485 4307/6328/3485 4313/6327/3485 4310/6322/3485
f 4310/6322/3486 4313/6327/3486 4319/6337/3486 4316/6333/3486
f 4316/6333/3487 4319/6337/3487 4325/6345/3487 4322/6341/3487
f 4322/6341/3488 4325/6345/3488 4331/6353/3488 4328/6349/3488
f 4328/6349/3489 4331/6353/3489 4337/6361/3489 4334/6357/3489
f 4334/6357/3490 4337/6361/3490 4343/6369/3490 4340/6365/3490
f 4340/6365/3491 4343/6369/3491 4349/6377/3491 4346/6373/3491
f 4346/6373/3492 4349/6377/3492 4355/6385/3492 4352/6381/3492
f 4352/6381/3493 4355/6385/3493 4361/6393/3493 4358/6389/3493
f 4358/6397/3494 4361/6404/3494 4367/6403/3494 4364/6398/3494
f 4364/6398/3495 4367/6403/3495 4373/6413/3495 4370/6409/3495
f 4370/6409/3496 4373/6413/3496 4379/6421/3496 4376/6417/3496
o AK_rivet_receiver_001
v -0.150000 0.021086 -0.020000
v -0.150000 0.021500 -0.019600
v -0.150000 0.021379 -0.019883
v -0.150000 0.021086 -0.019000
v -0.150000 0.021500 -0.019400
v -0.150000 0.021379 -0.019117
v -0.148457 0.020672 -0.020000
v -0.148250 0.021031 -0.019600
v -0.148311 0.020926 -0.019883
v -0.148457 0.020672 -0.019000
v -0.148250 0.021031 -0.019400
v -0.148311 0.020926 -0.019117
v -0.147328 0.019543 -0.020000
v -0.146969 0.019750 -0.019600
v -0.147074 0.019689 -0.019883
v -0.147328 0.019543 -0.019000
v -0.146969 0.019750 -0.019400
v -0.147074 0.019689 -0.019117
v -0.146914 0.018000 -0.020000
v -0.146500 0.018000 -0.019600
v -0.146621 0.018000 -0.019883
v -0.146914 0.018000 -0.019000
v -0.146500 0.018000 -0.019400
v -0.146621 0.018000 -0.019117
v -0.147328 0.016457 -0.020000
v -0.146969 0.016250 -0.019600
v -0.147074 0.016311 -0.019883
v -0.147328 0.016457 -0.019000
v -0.146969 0.016250 -0.019400
v -0.147074 0.016311 -0.019117
v -0.148457 0.015328 -0.020000
v -0.148250 0.014969 -0.019600
v -0.148311 0.015074 -0.019883
v -0.148457 0.015328 -0.019000
v -0.148250 0.014969 -0.019400
v -0.148311 0.015074 -0.019117
v -0.150000 0.014914 -0.020000
v -0.150000 0.014500 -0.019600
v -0.150000 0.014621 -0.019883
v -0.150000 0.014914 -0.019000
v -0.150000 0.014500 -0.019400
v -0.150000 0.014621 -0.019117
v -0.151543 0.015328 -0.020000
v -0.151750 0.014969 -0.019600
v -0.151689 0.015074 -0.019883
v -0.151543 0.015328 -0.019000
v -0.151750 0.014969 -0.019400
v -0.151689 0.015074 -0.019117
v -0.152672 0.016457 -0.020000
v -0.153031 0.016250 -0.019600
v -0.152926 0.016311 -0.019883
v -0.152672 0.016457 -0.019000
v -0.153031 0.016250 -0.019400
v -0.152926 0.016311 -0.019117
v -0.153086 0.018000 -0.020000
v -0.153500 0.018000 -0.019600
v -0.153379 0.018000 -0.019883
v -0.153086 0.018000 -0.019000
v -0.153500 0.018000 -0.019400
v -0.153379 0.018000 -0.019117
v -0.152672 0.019543 -0.020000
v -0.153031 0.019750 -0.019600
v -0.152926 0.019689 -0.019883
v -0.152672 0.019543 -0.019000
v -0.153031 0.019750 -0.019400
v -0.152926 0.019689 -0.019117
v -0.151543 0.020672 -0.020000
v -0.151750 0.021031 -0.019600
v -0.151689 0.020926 -0.019883
v -0.151543 0.020672 -0.019000
v -0.151750 0.021031 -0.019400
v -0.151689 0.020926 -0.019117
vn 0.2391 0.8924 -0.3827
vn 0.0990 0.3696 -0.9239
vn 0.2391 0.8924 0.3827
vn 0.0990 0.3696 0.9239
vn 0.6533 0.6533 -0.3827
vn 0.2706 0.2706 -0.9239
vn 0.6533 0.6533 0.3827
vn 0.2706 0.2706 0.9239
vn 0.8924 0.2391 -0.3827
vn 0.3696 0.0990 -0.9239
vn 0.8924 0.2391 0.3827
vn 0.3696 0.0990 0.9239
vn 0.8924 -0.2391 -0.3827
vn 0.3696 -0.0990 -0.9239
vn 0.8924 -0.2391 0.3827
vn 0.3696 -0.0990 0.9239
vn 0.6533 -0.6533 -0.3827
vn 0.2706 -0.2706 -0.9239
vn 0.6533 -0.6533 0.3827
vn 0.2706 -0.2706 0.9239
vn 0.2391 -0.8924 -0.3827
vn 0.0990 -0.3696 -0.9239
vn 0.2391 -0.8924 0.3827
vn 0.0990 -0.3696 0.9239
vn -0.2391 -0.8924 -0.3827
vn -0.0990 -0.3696 -0.9239
vn -0.2391 -0.8924 0.3827
vn -0.0990 -0.3696 0.9239
vn -0.6533 -0.6533 -0.3827
vn -0.2706 -0.2706 -0.9239
vn -0.6533 -0.6533 0.3827
vn -0.2706 -0.2706 0.9239
vn -0.8924 -0.2391 -0.3827
vn -0.3696 -0.0990 -0.9239
vn -0.8924 -0.2391 0.3827
vn -0.3696 -0.0990 0.9239
vn -0.8924 0.2391 -0.3827
vn -0.3696 0.0990 -0.9239
vn -0.8924 0.2391 0.3827
vn -0.3696 0.0990 0.9239
vn -0.6533 0.6533 -0.3827
vn -0.2706 0.2706 -0.9239
vn -0.6533 0.6533 0.3827
vn -0.2706 0.2706 0.9239
vn -0.2391 0.8924 -0.3827
vn -0.0990 0.3696 -0.9239
vn -0.2391 0.8924 0.3827
vn -0.0990 0.3696 0.9239
vn -0.0000 -0.0000 -1.0000
vn 0.2588 0.9659 -0.0000
vn -0.2588 0.9659 -0.0000
vn -0.0000 -0.0000 1.0000
vn 0.7071 0.7071 -0.0000
vn 0.9659 0.2588 -0.0000
vn 0.9659 -0.2588 -0.0000
vn 0.7071 -0.7071 -0.0000
vn 0.2588 -0.9659 -0.0000
vn -0.2588 -0.9659 -0.0000
vn -0.7071 -0.7071 -0.0000
vn -0.9659 -0.2588 -0.0000
vn -0.9659 0.2588 -0.0000
vn -0.7071 0.7071 -0.0000
vt 0.530925 0.501526
vt 0.530925 0.568105
vt 0.501526 0.568527
vt 0.501526 0.502680
vt 0.497897 0.683576
vt 0.497897 0.816424
vt 0.469075 0.808701
vt 0.469075 0.691299
vt 0.545624 0.568105
vt 0.545624 0.501526
vt 0.575023 0.502680
vt 0.575023 0.568527
vt 0.431473 0.068527
vt 0.497897 0.183576
vt 0.469075 0.191299
vt 0.410374 0.089626
vt 0.530925 0.683422
vt 0.501526 0.683576
vt 0.431473 0.931473
vt 0.410374 0.910374
vt 0.545624 0.683422
vt 0.575023 0.683576
vt 0.316424 0.002103
vt 0.308701 0.030925
vt 0.530925 0.816578
vt 0.501526 0.816424
vt 0.316424 0.997897
vt 0.308701 0.969075
vt 0.545624 0.816578
vt 0.575023 0.816424
vt 0.183576 0.002103
vt 0.191299 0.030925
vt 0.530925 0.931895
vt 0.501526 0.929897
vt 0.183576 0.997897
vt 0.191299 0.969075
vt 0.545624 0.931895
vt 0.575023 0.929897
vt 0.068527 0.068527
vt 0.089626 0.089626
vt 0.607475 0.001526
vt 0.607475 0.116843
vt 0.578076 0.116998
vt 0.578076 0.003524
vt 0.068527 0.931473
vt 0.089626 0.910374
vt 0.622174 0.116843
vt 0.622174 0.001526
vt 0.651573 0.003524
vt 0.651573 0.116998
vt 0.002103 0.183576
vt 0.030925 0.191299
vt 0.607475 0.250000
vt 0.578076 0.249845
vt 0.002103 0.816424
vt 0.030925 0.808701
vt 0.622174 0.250000
vt 0.651573 0.249845
vt 0.002103 0.316424
vt 0.030925 0.308701
vt 0.607475 0.365317
vt 0.578076 0.363319
vt 0.002103 0.683576
vt 0.030925 0.691299
vt 0.622174 0.365317
vt 0.651573 0.363319
vt 0.068527 0.431473
vt 0.089626 0.410374
vt 0.545624 0.498474
vt 0.545624 0.431895
vt 0.575023 0.431473
vt 0.575023 0.497320
vt 0.068527 0.568527
vt 0.089626 0.589626
vt 0.530925 0.431895
vt 0.530925 0.498474
vt 0.501526 0.497320
vt 0.501526 0.431473
vt 0.183576 0.497897
vt 0.191299 0.469075
vt 0.545624 0.316578
vt 0.575023 0.316424
vt 0.183576 0.502103
vt 0.191299 0.530925
vt 0.530925 0.316578
vt 0.501526 0.316424
vt 0.316424 0.497897
vt 0.308701 0.469075
vt 0.545624 0.183422
vt 0.575023 0.183576
vt 0.316424 0.502103
vt 0.308701 0.530925
vt 0.530925 0.183422
vt 0.501526 0.183576
vt 0.431473 0.431473
vt 0.410374 0.410374
vt 0.545624 0.068105
vt 0.575023 0.068527
vt 0.431473 0.568527
vt 0.410374 0.589626
vt 0.530925 0.068105
vt 0.501526 0.068527
vt 0.497897 0.316424
vt 0.469075 0.308701
vt 0.545624 0.001526
vt 0.575023 0.002680
vt 0.530925 0.001526
vt 0.501526 0.002680
s 0
usemtl MAT_metal_dark_blued
f 4382/6425/3497 4388/6426/3497 4389/6427/3497 4383/6428/3497
f 4383/6429/3498 4389/6430/3498 4387/6431/3498 4381/6432/3498
f 4391/6433/3499 4385/6434/3499 4386/6435/3499 4392/6436/3499
f 4392/6437/3500 4386/6438/3500 4384/6439/3500 4390/6440/3500
f 4388/6426/3501 4394/6441/3501 4395/6442/3501 4389/6427/3501
f 4389/6430/3502 4395/6443/3502 4393/6444/3502 4387/6431/3502
f 4397/6445/3503 4391/6433/3503 4392/6436/3503 4398/6446/3503
f 4398/6447/3504 4392/6437/3504 4390/6440/3504 4396/6448/3504
f 4394/6441/3505 4400/6449/3505 4401/6450/3505 4395/6442/3505
f 4395/6443/3506 4401/6451/3506 4399/6452/3506 4393/6444/3506
f 4403/6453/3507 4397/6445/3507 4398/6446/3507 4404/6454/3507
f 4404/6455/3508 4398/6447/3508 4396/6448/3508 4402/6456/3508
f 4400/6449/3509 4406/6457/3509 4407/6458/3509 4401/6450/3509
f 4401/6451/3510 4407/6459/3510 4405/6460/3510 4399/6452/3510
f 4409/6461/3511 4403/6453/3511 4404/6454/3511 4410/6462/3511
f 4410/6463/3512 4404/6455/3512 4402/6456/3512 4408/6464/3512
f 4406/6465/3513 4412/6466/3513 4413/6467/3513 4407/6468/3513
f 4407/6459/3514 4413/6469/3514 4411/6470/3514 4405/6460/3514
f 4415/6471/3515 4409/6472/3515 4410/6473/3515 4416/6474/3515
f 4416/6475/3516 4410/6463/3516 4408/6464/3516 4414/6476/3516
f 4412/6466/3517 4418/6477/3517 4419/6478/3517 4413/6467/3517
f 4413/6469/3518 4419/6479/3518 4417/6480/3518 4411/6470/3518
f 4421/6481/3519 4415/6471/3519 4416/6474/3519 4422/6482/3519
f 4422/6483/3520 4416/6475/3520 4414/6476/3520 4420/6484/3520
f 4418/6477/3521 4424/6485/3521 4425/6486/3521 4419/6478/3521
f 4419/6479/3522 4425/6487/3522 4423/6488/3522 4417/6480/3522
f 4427/6489/3523 4421/6481/3523 4422/6482/3523 4428/6490/3523
f 4428/6491/3524 4422/6483/3524 4420/6484/3524 4426/6492/3524
f 4424/6493/3525 4430/6494/3525 4431/6495/3525 4425/6496/3525
f 4425/6487/3526 4431/6497/3526 4429/6498/3526 4423/6488/3526
f 4433/6499/3527 4427/6500/3527 4428/6501/3527 4434/6502/3527
f 4434/6503/3528 4428/6491/3528 4426/6492/3528 4432/6504/3528
f 4430/6494/3529 4436/6505/3529 4437/6506/3529 4431/6495/3529
f 4431/6497/3530 4437/6507/3530 4435/6508/3530 4429/6498/3530
f 4439/6509/3531 4433/6499/3531 4434/6502/3531 4440/6510/3531
f 4440/6511/3532 4434/6503/3532 4432/6504/3532 4438/6512/3532
f 4436/6505/3533 4442/6513/3533 4443/6514/3533 4437/6506/3533
f 4437/6507/3534 4443/6515/3534 4441/6516/3534 4435/6508/3534
f 4445/6517/3535 4439/6509/3535 4440/6510/3535 4446/6518/3535
f 4446/6519/3536 4440/6511/3536 4438/6512/3536 4444/6520/3536
f 4442/6513/3537 4448/6521/3537 4449/6522/3537 4443/6514/3537
f 4443/6515/3538 4449/6523/3538 4447/6524/3538 4441/6516/3538
f 4451/6525/3539 4445/6517/3539 4446/6518/3539 4452/6526/3539
f 4452/6527/3540 4446/6519/3540 4444/6520/3540 4450/6528/3540
f 4448/6521/3541 4382/6529/3541 4383/6530/3541 4449/6522/3541
f 4449/6523/3542 4383/6429/3542 4381/6432/3542 4447/6524/3542
f 4385/6531/3543 4451/6525/3543 4452/6526/3543 4386/6532/3543
f 4386/6438/3544 4452/6527/3544 4450/6528/3544 4384/6439/3544
f 4381/6432/3545 4387/6431/3545 4393/6444/3545 4399/6452/3545 4405/6460/3545 4411/6470/3545 4417/6480/3545 4423/6488/3545 4429/6498/3545 4435/6508/3545 4441/6516/3545 4447/6524/3545
f 4382/6425/3546 4385/6434/3546 4391/6433/3546 4388/6426/3546
f 4448/6521/3547 4451/6525/3547 4385/6531/3547 4382/6529/3547
f 4390/6440/3548 4384/6439/3548 4450/6528/3548 4444/6520/3548 4438/6512/3548 4432/6504/3548 4426/6492/3548 4420/6484/3548 4414/6476/3548 4408/6464/3548 4402/6456/3548 4396/6448/3548
f 4388/6426/3549 4391/6433/3549 4397/6445/3549 4394/6441/3549
f 4394/6441/3550 4397/6445/3550 4403/6453/3550 4400/6449/3550
f 4400/6449/3551 4403/6453/3551 4409/6461/3551 4406/6457/3551
f 4406/6465/3552 4409/6472/3552 4415/6471/3552 4412/6466/3552
f 4412/6466/3553 4415/6471/3553 4421/6481/3553 4418/6477/3553
f 4418/6477/3554 4421/6481/3554 4427/6489/3554 4424/6485/3554
f 4424/6493/3555 4427/6500/3555 4433/6499/3555 4430/6494/3555
f 4430/6494/3556 4433/6499/3556 4439/6509/3556 4436/6505/3556
f 4436/6505/3557 4439/6509/3557 4445/6517/3557 4442/6513/3557
f 4442/6513/3558 4445/6517/3558 4451/6525/3558 4448/6521/3558
o AK_rivet_receiver_002
v -0.065000 0.021086 -0.020000
v -0.065000 0.021500 -0.019600
v -0.065000 0.021379 -0.019883
v -0.065000 0.021086 -0.019000
v -0.065000 0.021500 -0.019400
v -0.065000 0.021379 -0.019117
v -0.063457 0.020672 -0.020000
v -0.063250 0.021031 -0.019600
v -0.063311 0.020926 -0.019883
v -0.063457 0.020672 -0.019000
v -0.063250 0.021031 -0.019400
v -0.063311 0.020926 -0.019117
v -0.062328 0.019543 -0.020000
v -0.061969 0.019750 -0.019600
v -0.062074 0.019689 -0.019883
v -0.062328 0.019543 -0.019000
v -0.061969 0.019750 -0.019400
v -0.062074 0.019689 -0.019117
v -0.061914 0.018000 -0.020000
v -0.061500 0.018000 -0.019600
v -0.061621 0.018000 -0.019883
v -0.061914 0.018000 -0.019000
v -0.061500 0.018000 -0.019400
v -0.061621 0.018000 -0.019117
v -0.062328 0.016457 -0.020000
v -0.061969 0.016250 -0.019600
v -0.062074 0.016311 -0.019883
v -0.062328 0.016457 -0.019000
v -0.061969 0.016250 -0.019400
v -0.062074 0.016311 -0.019117
v -0.063457 0.015328 -0.020000
v -0.063250 0.014969 -0.019600
v -0.063311 0.015074 -0.019883
v -0.063457 0.015328 -0.019000
v -0.063250 0.014969 -0.019400
v -0.063311 0.015074 -0.019117
v -0.065000 0.014914 -0.020000
v -0.065000 0.014500 -0.019600
v -0.065000 0.014621 -0.019883
v -0.065000 0.014914 -0.019000
v -0.065000 0.014500 -0.019400
v -0.065000 0.014621 -0.019117
v -0.066543 0.015328 -0.020000
v -0.066750 0.014969 -0.019600
v -0.066689 0.015074 -0.019883
v -0.066543 0.015328 -0.019000
v -0.066750 0.014969 -0.019400
v -0.066689 0.015074 -0.019117
v -0.067672 0.016457 -0.020000
v -0.068031 0.016250 -0.019600
v -0.067926 0.016311 -0.019883
v -0.067672 0.016457 -0.019000
v -0.068031 0.016250 -0.019400
v -0.067926 0.016311 -0.019117
v -0.068086 0.018000 -0.020000
v -0.068500 0.018000 -0.019600
v -0.068379 0.018000 -0.019883
v -0.068086 0.018000 -0.019000
v -0.068500 0.018000 -0.019400
v -0.068379 0.018000 -0.019117
v -0.067672 0.019543 -0.020000
v -0.068031 0.019750 -0.019600
v -0.067926 0.019689 -0.019883
v -0.067672 0.019543 -0.019000
v -0.068031 0.019750 -0.019400
v -0.067926 0.019689 -0.019117
v -0.066543 0.020672 -0.020000
v -0.066750 0.021031 -0.019600
v -0.066689 0.020926 -0.019883
v -0.066543 0.020672 -0.019000
v -0.066750 0.021031 -0.019400
v -0.066689 0.020926 -0.019117
vn 0.2391 0.8924 -0.3827
vn 0.0990 0.3696 -0.9239
vn 0.2391 0.8924 0.3827
vn 0.0990 0.3696 0.9239
vn 0.6533 0.6533 -0.3827
vn 0.2706 0.2706 -0.9239
vn 0.6533 0.6533 0.3827
vn 0.2706 0.2706 0.9239
vn 0.8924 0.2391 -0.3827
vn 0.3696 0.0990 -0.9239
vn 0.8924 0.2391 0.3827
vn 0.3696 0.0990 0.9239
vn 0.8924 -0.2391 -0.3827
vn 0.3696 -0.0990 -0.9239
vn 0.8924 -0.2391 0.3827
vn 0.3696 -0.0990 0.9239
vn 0.6533 -0.6533 -0.3827
vn 0.2706 -0.2706 -0.9239
vn 0.6533 -0.6533 0.3827
vn 0.2706 -0.2706 0.9239
vn 0.2391 -0.8924 -0.3827
vn 0.0990 -0.3696 -0.9239
vn 0.2391 -0.8924 0.3827
vn 0.0990 -0.3696 0.9239
vn -0.2391 -0.8924 -0.3827
vn -0.0990 -0.3696 -0.9239
vn -0.2391 -0.8924 0.3827
vn -0.0990 -0.3696 0.9239
vn -0.6533 -0.6533 -0.3827
vn -0.2706 -0.2706 -0.9239
vn -0.6533 -0.6533 0.3827
vn -0.2706 -0.2706 0.9239
vn -0.8924 -0.2391 -0.3827
vn -0.3696 -0.0990 -0.9239
vn -0.8924 -0.2391 0.3827
vn -0.3696 -0.0990 0.9239
vn -0.8924 0.2391 -0.3827
vn -0.3696 0.0990 -0.9239
vn -0.8924 0.2391 0.3827
vn -0.3696 0.0990 0.9239
vn -0.6533 0.6533 -0.3827
vn -0.2706 0.2706 -0.9239
vn -0.6533 0.6533 0.3827
vn -0.2706 0.2706 0.9239
vn -0.2391 0.8924 -0.3827
vn -0.0990 0.3696 -0.9239
vn -0.2391 0.8924 0.3827
vn -0.0990 0.3696 0.9239
vn -0.0000 -0.0000 -1.0000
vn 0.2588 0.9659 -0.0000
vn -0.2588 0.9659 -0.0000
vn -0.0000 -0.0000 1.0000
vn 0.7071 0.7071 -0.0000
vn 0.9659 0.2588 -0.0000
vn 0.9659 -0.2588 -0.0000
vn 0.7071 -0.7071 -0.0000
vn 0.2588 -0.9659 -0.0000
vn -0.2588 -0.9659 -0.0000
vn -0.7071 -0.7071 -0.0000
vn -0.9659 -0.2588 -0.0000
vn -0.9659 0.2588 -0.0000
vn -0.7071 0.7071 -0.0000
vt 0.530925 0.501526
vt 0.530925 0.568105
vt 0.501526 0.568527
vt 0.501526 0.502680
vt 0.497897 0.683576
vt 0.497897 0.816424
vt 0.469075 0.808701
vt 0.469075 0.691299
vt 0.545624 0.568105
vt 0.545624 0.501526
vt 0.575023 0.502680
vt 0.575023 0.568527
vt 0.431473 0.068527
vt 0.497897 0.183576
vt 0.469075 0.191299
vt 0.410374 0.089626
vt 0.530925 0.683422
vt 0.501526 0.683576
vt 0.431473 0.931473
vt 0.410374 0.910374
vt 0.545624 0.683422
vt 0.575023 0.683576
vt 0.316424 0.002103
vt 0.308701 0.030925
vt 0.530925 0.816578
vt 0.501526 0.816424
vt 0.316424 0.997897
vt 0.308701 0.969075
vt 0.545624 0.816578
vt 0.575023 0.816424
vt 0.183576 0.002103
vt 0.191299 0.030925
vt 0.530925 0.931895
vt 0.501526 0.929897
vt 0.183576 0.997897
vt 0.191299 0.969075
vt 0.545624 0.931895
vt 0.575023 0.929897
vt 0.068527 0.068527
vt 0.089626 0.089626
vt 0.607475 0.001526
vt 0.607475 0.116843
vt 0.578076 0.116998
vt 0.578076 0.003524
vt 0.068527 0.931473
vt 0.089626 0.910374
vt 0.622174 0.116843
vt 0.622174 0.001526
vt 0.651573 0.003524
vt 0.651573 0.116998
vt 0.002103 0.183576
vt 0.030925 0.191299
vt 0.607475 0.250000
vt 0.578076 0.249845
vt 0.002103 0.816424
vt 0.030925 0.808701
vt 0.622174 0.250000
vt 0.651573 0.249845
vt 0.002103 0.316424
vt 0.030925 0.308701
vt 0.607475 0.365317
vt 0.578076 0.363319
vt 0.002103 0.683576
vt 0.030925 0.691299
vt 0.622174 0.365317
vt 0.651573 0.363319
vt 0.068527 0.431473
vt 0.089626 0.410374
vt 0.545624 0.498474
vt 0.545624 0.431895
vt 0.575023 0.431473
vt 0.575023 0.497320
vt 0.068527 0.568527
vt 0.089626 0.589626
vt 0.530925 0.431895
vt 0.530925 0.498474
vt 0.501526 0.497320
vt 0.501526 0.431473
vt 0.183576 0.497897
vt 0.191299 0.469075
vt 0.545624 0.316578
vt 0.575023 0.316424
vt 0.183576 0.502103
vt 0.191299 0.530925
vt 0.530925 0.316578
vt 0.501526 0.316424
vt 0.316424 0.497897
vt 0.308701 0.469075
vt 0.545624 0.183422
vt 0.575023 0.183576
vt 0.316424 0.502103
vt 0.308701 0.530925
vt 0.530925 0.183422
vt 0.501526 0.183576
vt 0.431473 0.431473
vt 0.410374 0.410374
vt 0.545624 0.068105
vt 0.575023 0.068527
vt 0.431473 0.568527
vt 0.410374 0.589626
vt 0.530925 0.068105
vt 0.501526 0.068527
vt 0.497897 0.316424
vt 0.469075 0.308701
vt 0.545624 0.001526
vt 0.575023 0.002680
vt 0.530925 0.001526
vt 0.501526 0.002680
s 0
usemtl MAT_metal_dark_blued
f 4454/6533/3559 4460/6534/3559 4461/6535/3559 4455/6536/3559
f 4455/6537/3560 4461/6538/3560 4459/6539/3560 4453/6540/3560
f 4463/6541/3561 4457/6542/3561 4458/6543/3561 4464/6544/3561
f 4464/6545/3562 4458/6546/3562 4456/6547/3562 4462/6548/3562
f 4460/6534/3563 4466/6549/3563 4467/6550/3563 4461/6535/3563
f 4461/6538/3564 4467/6551/3564 4465/6552/3564 4459/6539/3564
f 4469/6553/3565 4463/6541/3565 4464/6544/3565 4470/6554/3565
f 4470/6555/3566 4464/6545/3566 4462/6548/3566 4468/6556/3566
f 4466/6549/3567 4472/6557/3567 4473/6558/3567 4467/6550/3567
f 4467/6551/3568 4473/6559/3568 4471/6560/3568 4465/6552/3568
f 4475/6561/3569 4469/6553/3569 4470/6554/3569 4476/6562/3569
f 4476/6563/3570 4470/6555/3570 4468/6556/3570 4474/6564/3570
f 4472/6557/3571 4478/6565/3571 4479/6566/3571 4473/6558/3571
f 4473/6559/3572 4479/6567/3572 4477/6568/3572 4471/6560/3572
f 4481/6569/3573 4475/6561/3573 4476/6562/3573 4482/6570/3573
f 4482/6571/3574 4476/6563/3574 4474/6564/3574 4480/6572/3574
f 4478/6573/3575 4484/6574/3575 4485/6575/3575 4479/6576/3575
f 4479/6567/3576 4485/6577/3576 4483/6578/3576 4477/6568/3576
f 4487/6579/3577 4481/6580/3577 4482/6581/3577 4488/6582/3577
f 4488/6583/3578 4482/6571/3578 4480/6572/3578 4486/6584/3578
f 4484/6574/3579 4490/6585/3579 4491/6586/3579 4485/6575/3579
f 4485/6577/3580 4491/6587/3580 4489/6588/3580 4483/6578/3580
f 4493/6589/3581 4487/6579/3581 4488/6582/3581 4494/6590/3581
f 4494/6591/3582 4488/6583/3582 4486/6584/3582 4492/6592/3582
f 4490/6585/3583 4496/6593/3583 4497/6594/3583 4491/6586/3583
f 4491/6587/3584 4497/6595/3584 4495/6596/3584 4489/6588/3584
f 4499/6597/3585 4493/6589/3585 4494/6590/3585 4500/6598/3585
f 4500/6599/3586 4494/6591/3586 4492/6592/3586 4498/6600/3586
f 4496/6601/3587 4502/6602/3587 4503/6603/3587 4497/6604/3587
f 4497/6595/3588 4503/6605/3588 4501/6606/3588 4495/6596/3588
f 4505/6607/3589 4499/6608/3589 4500/6609/3589 4506/6610/3589
f 4506/6611/3590 4500/6599/3590 4498/6600/3590 4504/6612/3590
f 4502/6602/3591 4508/6613/3591 4509/6614/3591 4503/6603/3591
f 4503/6605/3592 4509/6615/3592 4507/6616/3592 4501/6606/3592
f 4511/6617/3593 4505/6607/3593 4506/6610/3593 4512/6618/3593
f 4512/6619/3594 4506/6611/3594 4504/6612/3594 4510/6620/3594
f 4508/6613/3595 4514/6621/3595 4515/6622/3595 4509/6614/3595
f 4509/6615/3596 4515/6623/3596 4513/6624/3596 4507/6616/3596
f 4517/6625/3597 4511/6617/3597 4512/6618/3597 4518/6626/3597
f 4518/6627/3598 4512/6619/3598 4510/6620/3598 4516/6628/3598
f 4514/6621/3599 4520/6629/3599 4521/6630/3599 4515/6622/3599
f 4515/6623/3600 4521/6631/3600 4519/6632/3600 4513/6624/3600
f 4523/6633/3601 4517/6625/3601 4518/6626/3601 4524/6634/3601
f 4524/6635/3602 4518/6627/3602 4516/6628/3602 4522/6636/3602
f 4520/6629/3603 4454/6637/3603 4455/6638/3603 4521/6630/3603
f 4521/6631/3604 4455/6537/3604 4453/6540/3604 4519/6632/3604
f 4457/6639/3605 4523/6633/3605 4524/6634/3605 4458/6640/3605
f 4458/6546/3606 4524/6635/3606 4522/6636/3606 4456/6547/3606
f 4453/6540/3607 4459/6539/3607 4465/6552/3607 4471/6560/3607 4477/6568/3607 4483/6578/3607 4489/6588/3607 4495/6596/3607 4501/6606/3607 4507/6616/3607 4513/6624/3607 4519/6632/3607
f 4454/6533/3608 4457/6542/3608 4463/6541/3608 4460/6534/3608
f 4520/6629/3609 4523/6633/3609 4457/6639/3609 4454/6637/3609
f 4462/6548/3610 4456/6547/3610 4522/6636/3610 4516/6628/3610 4510/6620/3610 4504/6612/3610 4498/6600/3610 4492/6592/3610 4486/6584/3610 4480/6572/3610 4474/6564/3610 4468/6556/3610
f 4460/6534/3611 4463/6541/3611 4469/6553/3611 4466/6549/3611
f 4466/6549/3612 4469/6553/3612 4475/6561/3612 4472/6557/3612
f 4472/6557/3613 4475/6561/3613 4481/6569/3613 4478/6565/3613
f 4478/6573/3614 4481/6580/3614 4487/6579/3614 4484/6574/3614
f 4484/6574/3615 4487/6579/3615 4493/6589/3615 4490/6585/3615
f 4490/6585/3616 4493/6589/3616 4499/6597/3616 4496/6593/3616
f 4496/6601/3617 4499/6608/3617 4505/6607/3617 4502/6602/3617
f 4502/6602/3618 4505/6607/3618 4511/6617/3618 4508/6613/3618
f 4508/6613/3619 4511/6617/3619 4517/6625/3619 4514/6621/3619
f 4514/6621/3620 4517/6625/3620 4523/6633/3620 4520/6629/3620
o AK_rivet_receiver_003
v 0.020000 0.021086 -0.020000
v 0.020000 0.021500 -0.019600
v 0.020000 0.021379 -0.019883
v 0.020000 0.021086 -0.019000
v 0.020000 0.021500 -0.019400
v 0.020000 0.021379 -0.019117
v 0.021543 0.020672 -0.020000
v 0.021750 0.021031 -0.019600
v 0.021689 0.020926 -0.019883
v 0.021543 0.020672 -0.019000
v 0.021750 0.021031 -0.019400
v 0.021689 0.020926 -0.019117
v 0.022672 0.019543 -0.020000
v 0.023031 0.019750 -0.019600
v 0.022926 0.019689 -0.019883
v 0.022672 0.019543 -0.019000
v 0.023031 0.019750 -0.019400
v 0.022926 0.019689 -0.019117
v 0.023086 0.018000 -0.020000
v 0.023500 0.018000 -0.019600
v 0.023379 0.018000 -0.019883
v 0.023086 0.018000 -0.019000
v 0.023500 0.018000 -0.019400
v 0.023379 0.018000 -0.019117
v 0.022672 0.016457 -0.020000
v 0.023031 0.016250 -0.019600
v 0.022926 0.016311 -0.019883
v 0.022672 0.016457 -0.019000
v 0.023031 0.016250 -0.019400
v 0.022926 0.016311 -0.019117
v 0.021543 0.015328 -0.020000
v 0.021750 0.014969 -0.019600
v 0.021689 0.015074 -0.019883
v 0.021543 0.015328 -0.019000
v 0.021750 0.014969 -0.019400
v 0.021689 0.015074 -0.019117
v 0.020000 0.014914 -0.020000
v 0.020000 0.014500 -0.019600
v 0.020000 0.014621 -0.019883
v 0.020000 0.014914 -0.019000
v 0.020000 0.014500 -0.019400
v 0.020000 0.014621 -0.019117
v 0.018457 0.015328 -0.020000
v 0.018250 0.014969 -0.019600
v 0.018311 0.015074 -0.019883
v 0.018457 0.015328 -0.019000
v 0.018250 0.014969 -0.019400
v 0.018311 0.015074 -0.019117
v 0.017328 0.016457 -0.020000
v 0.016969 0.016250 -0.019600
v 0.017074 0.016311 -0.019883
v 0.017328 0.016457 -0.019000
v 0.016969 0.016250 -0.019400
v 0.017074 0.016311 -0.019117
v 0.016914 0.018000 -0.020000
v 0.016500 0.018000 -0.019600
v 0.016621 0.018000 -0.019883
v 0.016914 0.018000 -0.019000
v 0.016500 0.018000 -0.019400
v 0.016621 0.018000 -0.019117
v 0.017328 0.019543 -0.020000
v 0.016969 0.019750 -0.019600
v 0.017074 0.019689 -0.019883
v 0.017328 0.019543 -0.019000
v 0.016969 0.019750 -0.019400
v 0.017074 0.019689 -0.019117
v 0.018457 0.020672 -0.020000
v 0.018250 0.021031 -0.019600
v 0.018311 0.020926 -0.019883
v 0.018457 0.020672 -0.019000
v 0.018250 0.021031 -0.019400
v 0.018311 0.020926 -0.019117
vn 0.2391 0.8924 -0.3827
vn 0.0990 0.3696 -0.9239
vn 0.2391 0.8924 0.3827
vn 0.0990 0.3696 0.9239
vn 0.6533 0.6533 -0.3827
vn 0.2706 0.2706 -0.9239
vn 0.6533 0.6533 0.3827
vn 0.2706 0.2706 0.9239
vn 0.8924 0.2391 -0.3827
vn 0.3696 0.0990 -0.9239
vn 0.8924 0.2391 0.3827
vn 0.3696 0.0990 0.9239
vn 0.8924 -0.2391 -0.3827
vn 0.3696 -0.0990 -0.9239
vn 0.8924 -0.2391 0.3827
vn 0.3696 -0.0990 0.9239
vn 0.6533 -0.6533 -0.3827
vn 0.2706 -0.2706 -0.9239
vn 0.6533 -0.6533 0.3827
vn 0.2706 -0.2706 0.9239
vn 0.2391 -0.8924 -0.3827
vn 0.0990 -0.3696 -0.9239
vn 0.2391 -0.8924 0.3827
vn 0.0990 -0.3696 0.9239
vn -0.2391 -0.8924 -0.3827
vn -0.0990 -0.3696 -0.9239
vn -0.2391 -0.8924 0.3827
vn -0.0990 -0.3696 0.9239
vn -0.6533 -0.6533 -0.3827
vn -0.2706 -0.2706 -0.9239
vn -0.6533 -0.6533 0.3827
vn -0.2706 -0.2706 0.9239
vn -0.8924 -0.2391 -0.3827
vn -0.3696 -0.0990 -0.9239
vn -0.8924 -0.2391 0.3827
vn -0.3696 -0.0990 0.9239
vn -0.8924 0.2391 -0.3827
vn -0.3696 0.0990 -0.9239
vn -0.8924 0.2391 0.3827
vn -0.3696 0.0990 0.9239
vn -0.6533 0.6533 -0.3827
vn -0.2706 0.2706 -0.9239
vn -0.6533 0.6533 0.3827
vn -0.2706 0.2706 0.9239
vn -0.2391 0.8924 -0.3827
vn -0.0990 0.3696 -0.9239
vn -0.2391 0.8924 0.3827
vn -0.0990 0.3696 0.9239
vn -0.0000 -0.0000 -1.0000
vn 0.2588 0.9659 -0.0000
vn -0.2588 0.9659 -0.0000
vn -0.0000 -0.0000 1.0000
vn 0.7071 0.7071 -0.0000
vn 0.9659 0.2588 -0.0000
vn 0.9659 -0.2588 -0.0000
vn 0.7071 -0.7071 -0.0000
vn 0.2588 -0.9659 -0.0000
vn -0.2588 -0.9659 -0.0000
vn -0.7071 -0.7071 -0.0000
vn -0.9659 -0.2588 -0.0000
vn -0.9659 0.2588 -0.0000
vn -0.7071 0.7071 -0.0000
vt 0.530925 0.501526
vt 0.530925 0.568105
vt 0.501526 0.568527
vt 0.501526 0.502680
vt 0.497897 0.683576
vt 0.497897 0.816424
vt 0.469075 0.808701
vt 0.469075 0.691299
vt 0.545624 0.568105
vt 0.545624 0.501526
vt 0.575023 0.502680
vt 0.575023 0.568527
vt 0.431473 0.068527
vt 0.497897 0.183576
vt 0.469075 0.191299
vt 0.410374 0.089626
vt 0.530925 0.683422
vt 0.501526 0.683576
vt 0.431473 0.931473
vt 0.410374 0.910374
vt 0.545624 0.683422
vt 0.575023 0.683576
vt 0.316424 0.002103
vt 0.308701 0.030925
vt 0.530925 0.816578
vt 0.501526 0.816424
vt 0.316424 0.997897
vt 0.308701 0.969075
vt 0.545624 0.816578
vt 0.575023 0.816424
vt 0.183576 0.002103
vt 0.191299 0.030925
vt 0.530925 0.931895
vt 0.501526 0.929897
vt 0.183576 0.997897
vt 0.191299 0.969075
vt 0.545624 0.931895
vt 0.575023 0.929897
vt 0.068527 0.068527
vt 0.089626 0.089626
vt 0.607475 0.001526
vt 0.607475 0.116843
vt 0.578076 0.116998
vt 0.578076 0.003524
vt 0.068527 0.931473
vt 0.089626 0.910374
vt 0.622174 0.116843
vt 0.622174 0.001526
vt 0.651573 0.003524
vt 0.651573 0.116998
vt 0.002103 0.183576
vt 0.030925 0.191299
vt 0.607475 0.250000
vt 0.578076 0.249845
vt 0.002103 0.816424
vt 0.030925 0.808701
vt 0.622174 0.250000
vt 0.651573 0.249845
vt 0.002103 0.316424
vt 0.030925 0.308701
vt 0.607475 0.365317
vt 0.578076 0.363319
vt 0.002103 0.683576
vt 0.030925 0.691299
vt 0.622174 0.365317
vt 0.651573 0.363319
vt 0.068527 0.431473
vt 0.089626 0.410374
vt 0.545624 0.498474
vt 0.545624 0.431895
vt 0.575023 0.431473
vt 0.575023 0.497320
vt 0.068527 0.568527
vt 0.089626 0.589626
vt 0.530925 0.431895
vt 0.530925 0.498474
vt 0.501526 0.497320
vt 0.501526 0.431473
vt 0.183576 0.497897
vt 0.191299 0.469075
vt 0.545624 0.316578
vt 0.575023 0.316424
vt 0.183576 0.502103
vt 0.191299 0.530925
vt 0.530925 0.316578
vt 0.501526 0.316424
vt 0.316424 0.497897
vt 0.308701 0.469075
vt 0.545624 0.183422
vt 0.575023 0.183576
vt 0.316424 0.502103
vt 0.308701 0.530925
vt 0.530925 0.183422
vt 0.501526 0.183576
vt 0.431473 0.431473
vt 0.410374 0.410374
vt 0.545624 0.068105
vt 0.575023 0.068527
vt 0.431473 0.568527
vt 0.410374 0.589626
vt 0.530925 0.068105
vt 0.501526 0.068527
vt 0.497897 0.316424
vt 0.469075 0.308701
vt 0.545624 0.001526
vt 0.575023 0.002680
vt 0.530925 0.001526
vt 0.501526 0.002680
s 0
usemtl MAT_metal_dark_blued
f 4526/6641/3621 4532/6642/3621 4533/6643/3621 4527/6644/3621
f 4527/6645/3622 4533/6646/3622 4531/6647/3622 4525/6648/3622
f 4535/6649/3623 4529/6650/3623 4530/6651/3623 4536/6652/3623
f 4536/6653/3624 4530/6654/3624 4528/6655/3624 4534/6656/3624
f 4532/6642/3625 4538/6657/3625 4539/6658/3625 4533/6643/3625
f 4533/6646/3626 4539/6659/3626 4537/6660/3626 4531/6647/3626
f 4541/6661/3627 4535/6649/3627 4536/6652/3627 4542/6662/3627
f 4542/6663/3628 4536/6653/3628 4534/6656/3628 4540/6664/3628
f 4538/6657/3629 4544/6665/3629 4545/6666/3629 4539/6658/3629
f 4539/6659/3630 4545/6667/3630 4543/6668/3630 4537/6660/3630
f 4547/6669/3631 4541/6661/3631 4542/6662/3631 4548/6670/3631
f 4548/6671/3632 4542/6663/3632 4540/6664/3632 4546/6672/3632
f 4544/6665/3633 4550/6673/3633 4551/6674/3633 4545/6666/3633
f 4545/6667/3634 4551/6675/3634 4549/6676/3634 4543/6668/3634
f 4553/6677/3635 4547/6669/3635 4548/6670/3635 4554/6678/3635
f 4554/6679/3636 4548/6671/3636 4546/6672/3636 4552/6680/3636
f 4550/6681/3637 4556/6682/3637 4557/6683/3637 4551/6684/3637
f 4551/6675/3638 4557/6685/3638 4555/6686/3638 4549/6676/3638
f 4559/6687/3639 4553/6688/3639 4554/6689/3639 4560/6690/3639
f 4560/6691/3640 4554/6679/3640 4552/6680/3640 4558/6692/3640
f 4556/6682/3641 4562/6693/3641 4563/6694/3641 4557/6683/3641
f 4557/6685/3642 4563/6695/3642 4561/6696/3642 4555/6686/3642
f 4565/6697/3643 4559/6687/3643 4560/6690/3643 4566/6698/3643
f 4566/6699/3644 4560/6691/3644 4558/6692/3644 4564/6700/3644
f 4562/6693/3645 4568/6701/3645 4569/6702/3645 4563/6694/3645
f 4563/6695/3646 4569/6703/3646 4567/6704/3646 4561/6696/3646
f 4571/6705/3647 4565/6697/3647 4566/6698/3647 4572/6706/3647
f 4572/6707/3648 4566/6699/3648 4564/6700/3648 4570/6708/3648
f 4568/6709/3649 4574/6710/3649 4575/6711/3649 4569/6712/3649
f 4569/6703/3650 4575/6713/3650 4573/6714/3650 4567/6704/3650
f 4577/6715/3651 4571/6716/3651 4572/6717/3651 4578/6718/3651
f 4578/6719/3652 4572/6707/3652 4570/6708/3652 4576/6720/3652
f 4574/6710/3653 4580/6721/3653 4581/6722/3653 4575/6711/3653
f 4575/6713/3654 4581/6723/3654 4579/6724/3654 4573/6714/3654
f 4583/6725/3655 4577/6715/3655 4578/6718/3655 4584/6726/3655
f 4584/6727/3656 4578/6719/3656 4576/6720/3656 4582/6728/3656
f 4580/6721/3657 4586/6729/3657 4587/6730/3657 4581/6722/3657
f 4581/6723/3658 4587/6731/3658 4585/6732/3658 4579/6724/3658
f 4589/6733/3659 4583/6725/3659 4584/6726/3659 4590/6734/3659
f 4590/6735/3660 4584/6727/3660 4582/6728/3660 4588/6736/3660
f 4586/6729/3661 4592/6737/3661 4593/6738/3661 4587/6730/3661
f 4587/6731/3662 4593/6739/3662 4591/6740/3662 4585/6732/3662
f 4595/6741/3663 4589/6733/3663 4590/6734/3663 4596/6742/3663
f 4596/6743/3664 4590/6735/3664 4588/6736/3664 4594/6744/3664
f 4592/6737/3665 4526/6745/3665 4527/6746/3665 4593/6738/3665
f 4593/6739/3666 4527/6645/3666 4525/6648/3666 4591/6740/3666
f 4529/6747/3667 4595/6741/3667 4596/6742/3667 4530/6748/3667
f 4530/6654/3668 4596/6743/3668 4594/6744/3668 4528/6655/3668
f 4525/6648/3669 4531/6647/3669 4537/6660/3669 4543/6668/3669 4549/6676/3669 4555/6686/3669 4561/6696/3669 4567/6704/3669 4573/6714/3669 4579/6724/3669 4585/6732/3669 4591/6740/3669
f 4526/6641/3670 4529/6650/3670 4535/6649/3670 4532/6642/3670
f 4592/6737/3671 4595/6741/3671 4529/6747/3671 4526/6745/3671
f 4534/6656/3672 4528/6655/3672 4594/6744/3672 4588/6736/3672 4582/6728/3672 4576/6720/3672 4570/6708/3672 4564/6700/3672 4558/6692/3672 4552/6680/3672 4546/6672/3672 4540/6664/3672
f 4532/6642/3673 4535/6649/3673 4541/6661/3673 4538/6657/3673
f 4538/6657/3674 4541/6661/3674 4547/6669/3674 4544/6665/3674
f 4544/6665/3675 4547/6669/3675 4553/6677/3675 4550/6673/3675
f 4550/6681/3676 4553/6688/3676 4559/6687/3676 4556/6682/3676
f 4556/6682/3677 4559/6687/3677 4565/6697/3677 4562/6693/3677
f 4562/6693/3678 4565/6697/3678 4571/6705/3678 4568/6701/3678
f 4568/6709/3679 4571/6716/3679 4577/6715/3679 4574/6710/3679
f 4574/6710/3680 4577/6715/3680 4583/6725/3680 4580/6721/3680
f 4580/6721/3681 4583/6725/3681 4589/6733/3681 4586/6729/3681
f 4586/6729/3682 4589/6733/3682 4595/6741/3682 4592/6737/3682
o AK_seam_barrel_front_001
v 0.276000 0.020000 -0.008592
v 0.276400 0.020000 -0.009000
v 0.276117 0.020000 -0.008881
v 0.277000 0.020000 -0.008592
v 0.276600 0.020000 -0.009000
v 0.276883 0.020000 -0.008881
v 0.276000 0.016712 -0.007938
v 0.276400 0.016556 -0.008315
v 0.276117 0.016602 -0.008205
v 0.277000 0.016712 -0.007938
v 0.276600 0.016556 -0.008315
v 0.276883 0.016602 -0.008205
v 0.276000 0.013924 -0.006076
v 0.276400 0.013636 -0.006364
v 0.276117 0.013721 -0.006279
v 0.277000 0.013924 -0.006076
v 0.276600 0.013636 -0.006364
v 0.276883 0.013721 -0.006279
v 0.276000 0.012062 -0.003288
v 0.276400 0.011685 -0.003444
v 0.276117 0.011795 -0.003398
v 0.277000 0.012062 -0.003288
v 0.276600 0.011685 -0.003444
v 0.276883 0.011795 -0.003398
v 0.276000 0.011408 0.000000
v 0.276400 0.011000 0.000000
v 0.276117 0.011119 0.000000
v 0.277000 0.011408 0.000000
v 0.276600 0.011000 0.000000
v 0.276883 0.011119 0.000000
v 0.276000 0.012062 0.003288
v 0.276400 0.011685 0.003444
v 0.276117 0.011795 0.003398
v 0.277000 0.012062 0.003288
v 0.276600 0.011685 0.003444
v 0.276883 0.011795 0.003398
v 0.276000 0.013924 0.006076
v 0.276400 0.013636 0.006364
v 0.276117 0.013721 0.006279
v 0.277000 0.013924 0.006076
v 0.276600 0.013636 0.006364
v 0.276883 0.013721 0.006279
v 0.276000 0.016712 0.007938
v 0.276400 0.016556 0.008315
v 0.276117 0.016602 0.008205
v 0.277000 0.016712 0.007938
v 0.276600 0.016556 0.008315
v 0.276883 0.016602 0.008205
v 0.276000 0.020000 0.008592
v 0.276400 0.020000 0.009000
v 0.276117 0.020000 0.008881
v 0.277000 0.020000 0.008592
v 0.276600 0.020000 0.009000
v 0.276883 0.020000 0.008881
v 0.276000 0.023288 0.007938
v 0.276400 0.023444 0.008315
v 0.276117 0.023398 0.008205
v 0.277000 0.023288 0.007938
v 0.276600 0.023444 0.008315
v 0.276883 0.023398 0.008205
v 0.276000 0.026076 0.006076
v 0.276400 0.026364 0.006364
v 0.276117 0.026279 0.006279
v 0.277000 0.026076 0.006076
v 0.276600 0.026364 0.006364
v 0.276883 0.026279 0.006279
v 0.276000 0.027938 0.003288
v 0.276400 0.028315 0.003444
v 0.276117 0.028205 0.003398
v 0.277000 0.027938 0.003288
v 0.276600 0.028315 0.003444
v 0.276883 0.028205 0.003398
v 0.276000 0.028592 0.000000
v 0.276400 0.029000 0.000000
v 0.276117 0.028881 0.000000
v 0.277000 0.028592 0.000000
v 0.276600 0.029000 0.000000
v 0.276883 0.028881 0.000000
v 0.276000 0.027938 -0.003288
v 0.276400 0.028315 -0.003444
v 0.276117 0.028205 -0.003398
v 0.277000 0.027938 -0.003288
v 0.276600 0.028315 -0.003444
v 0.276883 0.028205 -0.003398
v 0.276000 0.026076 -0.006076
v 0.276400 0.026364 -0.006364
v 0.276117 0.026279 -0.006279
v 0.277000 0.026076 -0.006076
v 0.276600 0.026364 -0.006364
v 0.276883 0.026279 -0.006279
v 0.276000 0.023288 -0.007938
v 0.276400 0.023444 -0.008315
v 0.276117 0.023398 -0.008205
v 0.277000 0.023288 -0.007938
v 0.276600 0.023444 -0.008315
v 0.276883 0.023398 -0.008205
vn -0.3827 -0.1802 -0.9061
vn -0.9239 -0.0747 -0.3753
vn 0.3827 -0.1802 -0.9061
vn 0.9239 -0.0747 -0.3753
vn -0.3827 -0.5133 -0.7682
vn -0.9239 -0.2126 -0.3182
vn 0.3827 -0.5133 -0.7682
vn 0.9239 -0.2126 -0.3182
vn -0.3827 -0.7682 -0.5133
vn -0.9239 -0.3182 -0.2126
vn 0.3827 -0.7682 -0.5133
vn 0.9239 -0.3182 -0.2126
vn -0.3827 -0.9061 -0.1802
vn -0.9239 -0.3753 -0.0747
vn 0.3827 -0.9061 -0.1802
vn 0.9239 -0.3753 -0.0747
vn -0.3827 -0.9061 0.1802
vn -0.9239 -0.3753 0.0747
vn 0.3827 -0.9061 0.1802
vn 0.9239 -0.3753 0.0747
vn -0.3827 -0.7682 0.5133
vn -0.9239 -0.3182 0.2126
vn 0.3827 -0.7682 0.5133
vn 0.9239 -0.3182 0.2126
vn -0.3827 -0.5133 0.7682
vn -0.9239 -0.2126 0.3182
vn 0.3827 -0.5133 0.7682
vn 0.9239 -0.2126 0.3182
vn -0.3827 -0.1802 0.9061
vn -0.9239 -0.0747 0.3753
vn 0.3827 -0.1802 0.9061
vn 0.9239 -0.0747 0.3753
vn -0.3827 0.1802 0.9061
vn -0.9239 0.0747 0.3753
vn 0.3827 0.1802 0.9061
vn 0.9239 0.0747 0.3753
vn -0.3827 0.5133 0.7682
vn -0.9239 0.2126 0.3182
vn 0.3827 0.5133 0.7682
vn 0.9239 0.2126 0.3182
vn -0.3827 0.7682 0.5133
vn -0.9239 0.3182 0.2126
vn 0.3827 0.7682 0.5133
vn 0.9239 0.3182 0.2126
vn -0.3827 0.9061 0.1802
vn -0.9239 0.3753 0.0747
vn 0.3827 0.9061 0.1802
vn 0.9239 0.3753 0.0747
vn -0.3827 0.9061 -0.1802
vn -0.9239 0.3753 -0.0747
vn 0.3827 0.9061 -0.1802
vn 0.9239 0.3753 -0.0747
vn -0.3827 0.7682 -0.5133
vn -0.9239 0.3182 -0.2126
vn 0.3827 0.7682 -0.5133
vn 0.9239 0.3182 -0.2126
vn -0.3827 0.5133 -0.7682
vn -0.9239 0.2126 -0.3182
vn 0.3827 0.5133 -0.7682
vn 0.9239 0.2126 -0.3182
vn -0.3827 0.1802 -0.9061
vn -0.9239 0.0747 -0.3753
vn 0.3827 0.1802 -0.9061
vn 0.9239 0.0747 -0.3753
vn -1.0000 -0.0000 -0.0000
vn -0.0000 -0.1951 -0.9808
vn -0.0000 0.1951 -0.9808
vn 1.0000 -0.0000 -0.0000
vn -0.0000 -0.5556 -0.8315
vn -0.0000 -0.8315 -0.5556
vn -0.0000 -0.9808 -0.1951
vn -0.0000 -0.9808 0.1951
vn -0.0000 -0.8315 0.5556
vn -0.0000 -0.5556 0.8315
vn -0.0000 -0.1951 0.9808
vn -0.0000 0.1951 0.9808
vn -0.0000 0.5556 0.8315
vn -0.0000 0.8315 0.5556
vn -0.0000 0.9808 0.1951
vn -0.0000 0.9808 -0.1951
vn -0.0000 0.8315 -0.5556
vn -0.0000 0.5556 -0.8315
vt 0.545569 0.093203
vt 0.545569 0.191830
vt 0.534335 0.191806
vt 0.534335 0.093228
vt 0.299289 0.997792
vt 0.200711 0.997792
vt 0.202921 0.986683
vt 0.297079 0.986683
vt 0.551186 0.191830
vt 0.551186 0.093203
vt 0.562421 0.093228
vt 0.562421 0.191806
vt 0.109637 0.039932
vt 0.200711 0.002208
vt 0.202921 0.013317
vt 0.115930 0.049350
vt 0.545569 0.282950
vt 0.534335 0.282880
vt 0.109637 0.960068
vt 0.115930 0.950650
vt 0.551186 0.282950
vt 0.562421 0.282879
vt 0.039932 0.109637
vt 0.049350 0.115930
vt 0.545569 0.352691
vt 0.534335 0.352228
vt 0.039932 0.890363
vt 0.049350 0.884070
vt 0.551186 0.352691
vt 0.562421 0.352228
vt 0.002208 0.200711
vt 0.013317 0.202921
vt 0.518935 0.352691
vt 0.518934 0.261571
vt 0.530169 0.261546
vt 0.530169 0.352086
vt 0.002208 0.799289
vt 0.013317 0.797079
vt 0.513317 0.261571
vt 0.513317 0.352691
vt 0.502083 0.352086
vt 0.502083 0.261546
vt 0.002208 0.299289
vt 0.013317 0.297079
vt 0.518934 0.162943
vt 0.530169 0.162968
vt 0.002208 0.700711
vt 0.013317 0.702921
vt 0.513317 0.162943
vt 0.502083 0.162968
vt 0.039932 0.390363
vt 0.049350 0.384070
vt 0.518934 0.071823
vt 0.530169 0.071894
vt 0.039932 0.609637
vt 0.049350 0.615930
vt 0.513317 0.071823
vt 0.502083 0.071894
vt 0.109637 0.460068
vt 0.115930 0.450650
vt 0.518935 0.002083
vt 0.530169 0.002546
vt 0.109637 0.539932
vt 0.115930 0.549350
vt 0.513317 0.002083
vt 0.502083 0.002546
vt 0.200711 0.497792
vt 0.202921 0.486683
vt 0.551186 0.707464
vt 0.551186 0.616344
vt 0.562421 0.616319
vt 0.562421 0.706859
vt 0.200711 0.502208
vt 0.202921 0.513317
vt 0.545569 0.616344
vt 0.545569 0.707464
vt 0.534335 0.706859
vt 0.534335 0.616319
vt 0.299289 0.497792
vt 0.297079 0.486683
vt 0.551186 0.517717
vt 0.562421 0.517741
vt 0.299289 0.502208
vt 0.297079 0.513317
vt 0.545569 0.517717
vt 0.534335 0.517742
vt 0.390363 0.460068
vt 0.384070 0.450650
vt 0.551186 0.426597
vt 0.562421 0.426668
vt 0.390363 0.539932
vt 0.384070 0.549350
vt 0.545569 0.426597
vt 0.534335 0.426668
vt 0.460068 0.390363
vt 0.450650 0.384070
vt 0.551186 0.356856
vt 0.562421 0.357319
vt 0.460068 0.609637
vt 0.450650 0.615930
vt 0.545569 0.356856
vt 0.534335 0.357319
vt 0.497792 0.299289
vt 0.486683 0.297079
vt 0.513317 0.356856
vt 0.513317 0.447976
vt 0.502083 0.448001
vt 0.502083 0.357461
vt 0.497792 0.700711
vt 0.486683 0.702921
vt 0.518934 0.447976
vt 0.518934 0.356856
vt 0.530169 0.357461
vt 0.530169 0.448001
vt 0.497792 0.200711
vt 0.486683 0.202921
vt 0.513317 0.546604
vt 0.502083 0.546579
vt 0.497792 0.799289
vt 0.486683 0.797079
vt 0.518934 0.546604
vt 0.530169 0.546579
vt 0.460068 0.109637
vt 0.450650 0.115930
vt 0.513317 0.637724
vt 0.502083 0.637653
vt 0.460068 0.890363
vt 0.450650 0.884070
vt 0.518934 0.637724
vt 0.530169 0.637653
vt 0.390363 0.039932
vt 0.384070 0.049350
vt 0.513317 0.707464
vt 0.502083 0.707001
vt 0.390363 0.960068
vt 0.384070 0.950650
vt 0.518934 0.707464
vt 0.530169 0.707001
vt 0.299289 0.002208
vt 0.297079 0.013317
vt 0.545569 0.002083
vt 0.534335 0.002688
vt 0.551186 0.002083
vt 0.562421 0.002688
s 0
usemtl MAT_shadow_seam_dark
f 4598/6749/3683 4604/6750/3683 4605/6751/3683 4599/6752/3683
f 4599/6753/3684 4605/6754/3684 4603/6755/3684 4597/6756/3684
f 4607/6757/3685 4601/6758/3685 4602/6759/3685 4608/6760/3685
f 4608/6761/3686 4602/6762/3686 4600/6763/3686 4606/6764/3686
f 4604/6750/3687 4610/6765/3687 4611/6766/3687 4605/6751/3687
f 4605/6754/3688 4611/6767/3688 4609/6768/3688 4603/6755/3688
f 4613/6769/3689 4607/6757/3689 4608/6760/3689 4614/6770/3689
f 4614/6771/3690 4608/6761/3690 4606/6764/3690 4612/6772/3690
f 4610/6765/3691 4616/6773/3691 4617/6774/3691 4611/6766/3691
f 4611/6767/3692 4617/6775/3692 4615/6776/3692 4609/6768/3692
f 4619/6777/3693 4613/6769/3693 4614/6770/3693 4620/6778/3693
f 4620/6779/3694 4614/6771/3694 4612/6772/3694 4618/6780/3694
f 4616/6781/3695 4622/6782/3695 4623/6783/3695 4617/6784/3695
f 4617/6775/3696 4623/6785/3696 4621/6786/3696 4615/6776/3696
f 4625/6787/3697 4619/6788/3697 4620/6789/3697 4626/6790/3697
f 4626/6791/3698 4620/6779/3698 4618/6780/3698 4624/6792/3698
f 4622/6782/3699 4628/6793/3699 4629/6794/3699 4623/6783/3699
f 4623/6785/3700 4629/6795/3700 4627/6796/3700 4621/6786/3700
f 4631/6797/3701 4625/6787/3701 4626/6790/3701 4632/6798/3701
f 4632/6799/3702 4626/6791/3702 4624/6792/3702 4630/6800/3702
f 4628/6793/3703 4634/6801/3703 4635/6802/3703 4629/6794/3703
f 4629/6795/3704 4635/6803/3704 4633/6804/3704 4627/6796/3704
f 4637/6805/3705 4631/6797/3705 4632/6798/3705 4638/6806/3705
f 4638/6807/3706 4632/6799/3706 4630/6800/3706 4636/6808/3706
f 4634/6801/3707 4640/6809/3707 4641/6810/3707 4635/6802/3707
f 4635/6803/3708 4641/6811/3708 4639/6812/3708 4633/6804/3708
f 4643/6813/3709 4637/6805/3709 4638/6806/3709 4644/6814/3709
f 4644/6815/3710 4638/6807/3710 4636/6808/3710 4642/6816/3710
f 4640/6817/3711 4646/6818/3711 4647/6819/3711 4641/6820/3711
f 4641/6811/3712 4647/6821/3712 4645/6822/3712 4639/6812/3712
f 4649/6823/3713 4643/6824/3713 4644/6825/3713 4650/6826/3713
f 4650/6827/3714 4644/6815/3714 4642/6816/3714 4648/6828/3714
f 4646/6818/3715 4652/6829/3715 4653/6830/3715 4647/6819/3715
f 4647/6821/3716 4653/6831/3716 4651/6832/3716 4645/6822/3716
f 4655/6833/3717 4649/6823/3717 4650/6826/3717 4656/6834/3717
f 4656/6835/3718 4650/6827/3718 4648/6828/3718 4654/6836/3718
f 4652/6829/3719 4658/6837/3719 4659/6838/3719 4653/6830/3719
f 4653/6831/3720 4659/6839/3720 4657/6840/3720 4651/6832/3720
f 4661/6841/3721 4655/6833/3721 4656/6834/3721 4662/6842/3721
f 4662/6843/3722 4656/6835/3722 4654/6836/3722 4660/6844/3722
f 4658/6837/3723 4664/6845/3723 4665/6846/3723 4659/6838/3723
f 4659/6839/3724 4665/6847/3724 4663/6848/3724 4657/6840/3724
f 4667/6849/3725 4661/6841/3725 4662/6842/3725 4668/6850/3725
f 4668/6851/3726 4662/6843/3726 4660/6844/3726 4666/6852/3726
f 4664/6853/3727 4670/6854/3727 4671/6855/3727 4665/6856/3727
f 4665/6847/3728 4671/6857/3728 4669/6858/3728 4663/6848/3728
f 4673/6859/3729 4667/6860/3729 4668/6861/3729 4674/6862/3729
f 4674/6863/3730 4668/6851/3730 4666/6852/3730 4672/6864/3730
f 4670/6854/3731 4676/6865/3731 4677/6866/3731 4671/6855/3731
f 4671/6857/3732 4677/6867/3732 4675/6868/3732 4669/6858/3732
f 4679/6869/3733 4673/6859/3733 4674/6862/3733 4680/6870/3733
f 4680/6871/3734 4674/6863/3734 4672/6864/3734 4678/6872/3734
f 4676/6865/3735 4682/6873/3735 4683/6874/3735 4677/6866/3735
f 4677/6867/3736 4683/6875/3736 4681/6876/3736 4675/6868/3736
f 4685/6877/3737 4679/6869/3737 4680/6870/3737 4686/6878/3737
f 4686/6879/3738 4680/6871/3738 4678/6872/3738 4684/6880/3738
f 4682/6873/3739 4688/6881/3739 4689/6882/3739 4683/6874/3739
f 4683/6875/3740 4689/6883/3740 4687/6884/3740 4681/6876/3740
f 4691/6885/3741 4685/6877/3741 4686/6878/3741 4692/6886/3741
f 4692/6887/3742 4686/6879/3742 4684/6880/3742 4690/6888/3742
f 4688/6889/3743 4598/6749/3743 4599/6752/3743 4689/6890/3743
f 4689/6883/3744 4599/6753/3744 4597/6756/3744 4687/6884/3744
f 4601/6758/3745 4691/6891/3745 4692/6892/3745 4602/6759/3745
f 4602/6762/3746 4692/6887/3746 4690/6888/3746 4600/6763/3746
f 4597/6756/3747 4603/6755/3747 4609/6768/3747 4615/6776/3747 4621/6786/3747 4627/6796/3747 4633/6804/3747 4639/6812/3747 4645/6822/3747 4651/6832/3747 4657/6840/3747 4663/6848/3747 4669/6858/3747 4675/6868/3747 4681/6876/3747 4687/6884/3747
f 4598/6749/3748 4601/6758/3748 4607/6757/3748 4604/6750/3748
f 4688/6889/3749 4691/6891/3749 4601/6758/3749 4598/6749/3749
f 4606/6764/3750 4600/6763/3750 4690/6888/3750 4684/6880/3750 4678/6872/3750 4672/6864/3750 4666/6852/3750 4660/6844/3750 4654/6836/3750 4648/6828/3750 4642/6816/3750 4636/6808/3750 4630/6800/3750 4624/6792/3750 4618/6780/3750 4612/6772/3750
f 4604/6750/3751 4607/6757/3751 4613/6769/3751 4610/6765/3751
f 4610/6765/3752 4613/6769/3752 4619/6777/3752 4616/6773/3752
f 4616/6781/3753 4619/6788/3753 4625/6787/3753 4622/6782/3753
f 4622/6782/3754 4625/6787/3754 4631/6797/3754 4628/6793/3754
f 4628/6793/3755 4631/6797/3755 4637/6805/3755 4634/6801/3755
f 4634/6801/3756 4637/6805/3756 4643/6813/3756 4640/6809/3756
f 4640/6817/3757 4643/6824/3757 4649/6823/3757 4646/6818/3757
f 4646/6818/3758 4649/6823/3758 4655/6833/3758 4652/6829/3758
f 4652/6829/3759 4655/6833/3759 4661/6841/3759 4658/6837/3759
f 4658/6837/3760 4661/6841/3760 4667/6849/3760 4664/6845/3760
f 4664/6853/3761 4667/6860/3761 4673/6859/3761 4670/6854/3761
f 4670/6854/3762 4673/6859/3762 4679/6869/3762 4676/6865/3762
f 4676/6865/3763 4679/6869/3763 4685/6877/3763 4682/6873/3763
f 4682/6873/3764 4685/6877/3764 4691/6885/3764 4688/6881/3764
o AK_seam_dustcover_receiver_001
v -0.164700 0.038400 0.019700
v -0.164700 0.038700 0.020000
v -0.165000 0.038700 0.019700
v -0.164700 0.038488 0.019912
v -0.164873 0.038527 0.019873
v -0.164912 0.038700 0.019912
v -0.164912 0.038488 0.019700
v -0.164700 0.038700 0.020000
v -0.164700 0.039000 0.019700
v -0.165000 0.038700 0.019700
v -0.164700 0.038912 0.019912
v -0.164873 0.038873 0.019873
v -0.164912 0.038912 0.019700
v -0.164912 0.038700 0.019912
v -0.164700 0.038400 -0.019700
v -0.165000 0.038700 -0.019700
v -0.164700 0.038700 -0.020000
v -0.164912 0.038488 -0.019700
v -0.164873 0.038527 -0.019873
v -0.164912 0.038700 -0.019912
v -0.164700 0.038488 -0.019912
v -0.164700 0.039000 -0.019700
v -0.164700 0.038700 -0.020000
v -0.165000 0.038700 -0.019700
v -0.164700 0.038912 -0.019912
v -0.164873 0.038873 -0.019873
v -0.164912 0.038700 -0.019912
v -0.164912 0.038912 -0.019700
v 0.034700 0.038400 0.019700
v 0.035000 0.038700 0.019700
v 0.034700 0.038700 0.020000
v 0.034912 0.038488 0.019700
v 0.034873 0.038527 0.019873
v 0.034912 0.038700 0.019912
v 0.034700 0.038488 0.019912
v 0.034700 0.039000 0.019700
v 0.034700 0.038700 0.020000
v 0.035000 0.038700 0.019700
v 0.034700 0.038912 0.019912
v 0.034873 0.038873 0.019873
v 0.034912 0.038700 0.019912
v 0.034912 0.038912 0.019700
v 0.034700 0.038400 -0.019700
v 0.034700 0.038700 -0.020000
v 0.035000 0.038700 -0.019700
v 0.034700 0.038488 -0.019912
v 0.034873 0.038527 -0.019873
v 0.034912 0.038700 -0.019912
v 0.034912 0.038488 -0.019700
v 0.034700 0.039000 -0.019700
v 0.035000 0.038700 -0.019700
v 0.034700 0.038700 -0.020000
v 0.034912 0.038912 -0.019700
v 0.034873 0.038873 -0.019873
v 0.034912 0.038700 -0.019912
v 0.034700 0.038912 -0.019912
vn -0.3251 -0.8881 0.3251
vn -0.3251 -0.3251 0.8881
vn -0.8881 -0.3251 0.3250
vn -0.3251 0.3251 0.8881
vn -0.3251 0.8881 0.3251
vn -0.8881 0.3251 0.3250
vn -0.3251 -0.8881 -0.3251
vn -0.8881 -0.3251 -0.3250
vn -0.3251 -0.3251 -0.8881
vn -0.3251 0.8881 -0.3251
vn -0.3251 0.3251 -0.8881
vn -0.8881 0.3251 -0.3250
vn 0.3251 -0.8881 0.3251
vn 0.8881 -0.3251 0.3250
vn 0.3251 -0.3251 0.8881
vn 0.3251 0.8881 0.3251
vn 0.3251 0.3251 0.8881
vn 0.8881 0.3251 0.3250
vn 0.3251 -0.8881 -0.3251
vn 0.3251 -0.3251 -0.8881
vn 0.8881 -0.3251 -0.3250
vn 0.3251 0.8881 -0.3251
vn 0.8881 0.3251 -0.3250
vn 0.3251 0.3251 -0.8881
vn -0.3827 -0.9239 -0.0000
vn -0.9239 -0.3827 -0.0000
vn -0.3827 -0.0000 0.9239
vn -0.9239 -0.0000 0.3827
vn -0.3827 0.9239 -0.0000
vn -0.9239 0.3827 -0.0000
vn -0.3827 -0.0000 -0.9239
vn -0.9239 -0.0000 -0.3827
vn -0.0000 -0.9239 -0.3827
vn -0.0000 -0.3827 -0.9239
vn -0.0000 0.9239 -0.3827
vn -0.0000 0.3827 -0.9239
vn 0.9239 -0.0000 -0.3827
vn 0.3827 -0.0000 -0.9239
vn 0.3827 -0.9239 -0.0000
vn 0.9239 -0.3827 -0.0000
vn 0.3827 0.9239 -0.0000
vn 0.9239 0.3827 -0.0000
vn 0.3827 -0.0000 0.9239
vn 0.9239 -0.0000 0.3827
vn -0.0000 -0.9239 0.3827
vn -0.0000 -0.3827 0.9239
vn -0.0000 0.9239 0.3827
vn -0.0000 0.3827 0.9239
vn -0.0000 -1.0000 -0.0000
vn -1.0000 -0.0000 -0.0000
vn -0.0000 -0.0000 1.0000
vn -0.0000 1.0000 -0.0000
vn -0.0000 -0.0000 -1.0000
vn 1.0000 -0.0000 -0.0000
vt 0.002548 0.002548
vt 0.001051 0.002548
vt 0.001051 0.001683
vt 0.002548 0.001051
vt 0.411005 0.002548
vt 0.411005 0.001051
vt 0.411870 0.001051
vt 0.412502 0.002548
vt 0.416101 0.199134
vt 0.417598 0.199134
vt 0.417598 0.199998
vt 0.416101 0.200630
vt 0.411005 0.002548
vt 0.409509 0.002548
vt 0.409509 0.001683
vt 0.411005 0.001051
vt 0.204229 0.997452
vt 0.204229 0.998949
vt 0.203365 0.998949
vt 0.202732 0.997452
vt 0.416101 0.200630
vt 0.415236 0.200630
vt 0.414604 0.199134
vt 0.199134 0.002548
vt 0.199134 0.001051
vt 0.199998 0.001051
vt 0.200631 0.002548
vt 0.416101 0.002548
vt 0.416101 0.001051
vt 0.416965 0.001051
vt 0.417598 0.002548
vt 0.405910 0.997452
vt 0.407407 0.997452
vt 0.407407 0.998317
vt 0.405910 0.998949
vt 0.400815 0.997452
vt 0.402312 0.997452
vt 0.402312 0.998317
vt 0.400815 0.998949
vt 0.405910 0.998949
vt 0.405046 0.998949
vt 0.404413 0.997452
vt 0.414604 0.002548
vt 0.414604 0.001683
vt 0.002548 0.997452
vt 0.002548 0.998949
vt 0.001683 0.998949
vt 0.001051 0.997452
vt 0.416101 0.204229
vt 0.416101 0.202732
vt 0.416965 0.202732
vt 0.417598 0.204229
vt 0.411005 0.997452
vt 0.412502 0.997452
vt 0.412502 0.998317
vt 0.411005 0.998949
vt 0.204229 0.002548
vt 0.202732 0.002548
vt 0.202732 0.001683
vt 0.204229 0.001051
vt 0.411005 0.997452
vt 0.411005 0.998949
vt 0.410141 0.998949
vt 0.409509 0.997452
vt 0.414604 0.204229
vt 0.414604 0.203365
vt 0.416101 0.202732
vt 0.199134 0.997452
vt 0.200630 0.997452
vt 0.200630 0.998317
vt 0.199134 0.998949
vt 0.405910 0.002548
vt 0.405910 0.001051
vt 0.406774 0.001051
vt 0.407407 0.002548
vt 0.416101 0.400815
vt 0.417598 0.400815
vt 0.417598 0.401679
vt 0.416101 0.402312
vt 0.400815 0.002548
vt 0.400815 0.001051
vt 0.401679 0.001051
vt 0.402312 0.002548
vt 0.415236 0.402312
vt 0.414604 0.400815
vt 0.404413 0.002548
vt 0.404413 0.001683
vt 0.405910 0.001051
s 0
usemtl MAT_shadow_seam_dark
f 4693/6893/3765 4696/6894/3765 4697/6895/3765 4699/6896/3765
f 4694/6897/3766 4698/6898/3766 4697/6899/3766 4696/6900/3766
f 4695/6901/3767 4699/6902/3767 4697/6903/3767 4698/6904/3767
f 4700/6905/3768 4703/6906/3768 4704/6907/3768 4706/6908/3768
f 4701/6909/3769 4705/6910/3769 4704/6911/3769 4703/6912/3769
f 4702/6901/3770 4706/6913/3770 4704/6914/3770 4705/6915/3770
f 4707/6916/3771 4710/6917/3771 4711/6918/3771 4713/6919/3771
f 4708/6920/3772 4712/6921/3772 4711/6922/3772 4710/6923/3772
f 4709/6924/3773 4713/6925/3773 4711/6926/3773 4712/6927/3773
f 4714/6928/3774 4717/6929/3774 4718/6930/3774 4720/6931/3774
f 4715/6924/3775 4719/6932/3775 4718/6933/3775 4717/6934/3775
f 4716/6920/3776 4720/6935/3776 4718/6936/3776 4719/6921/3776
f 4721/6937/3777 4724/6938/3777 4725/6939/3777 4727/6940/3777
f 4722/6941/3778 4726/6942/3778 4725/6943/3778 4724/6944/3778
f 4723/6945/3779 4727/6946/3779 4725/6947/3779 4726/6948/3779
f 4728/6949/3780 4731/6950/3780 4732/6951/3780 4734/6952/3780
f 4729/6953/3781 4733/6954/3781 4732/6955/3781 4731/6956/3781
f 4730/6941/3782 4734/6957/3782 4732/6958/3782 4733/6959/3782
f 4735/6960/3783 4738/6961/3783 4739/6962/3783 4741/6963/3783
f 4736/6964/3784 4740/6965/3784 4739/6966/3784 4738/6967/3784
f 4737/6968/3785 4741/6969/3785 4739/6970/3785 4740/6971/3785
f 4742/6972/3786 4745/6973/3786 4746/6974/3786 4748/6975/3786
f 4743/6968/3787 4747/6971/3787 4746/6976/3787 4745/6977/3787
f 4744/6964/3788 4748/6978/3788 4746/6979/3788 4747/6980/3788
f 4707/6916/3789 4693/6893/3789 4699/6896/3789 4710/6917/3789
f 4710/6923/3790 4699/6902/3790 4695/6901/3790 4708/6920/3790
f 4694/6897/3791 4700/6905/3791 4706/6908/3791 4698/6898/3791
f 4698/6904/3792 4706/6913/3792 4702/6901/3792 4695/6901/3792
f 4701/6909/3793 4714/6928/3793 4720/6931/3793 4705/6910/3793
f 4705/6915/3794 4720/6935/3794 4716/6920/3794 4702/6901/3794
f 4715/6924/3795 4709/6924/3795 4712/6927/3795 4719/6932/3795
f 4719/6921/3796 4712/6921/3796 4708/6920/3796 4716/6920/3796
f 4735/6960/3797 4707/6916/3797 4713/6919/3797 4738/6961/3797
f 4738/6967/3798 4713/6925/3798 4709/6924/3798 4736/6964/3798
f 4714/6928/3799 4742/6972/3799 4748/6975/3799 4717/6929/3799
f 4717/6934/3800 4748/6978/3800 4744/6964/3800 4715/6924/3800
f 4743/6968/3801 4737/6968/3801 4740/6971/3801 4747/6971/3801
f 4747/6980/3802 4740/6965/3802 4736/6964/3802 4744/6964/3802
f 4721/6937/3803 4735/6960/3803 4741/6963/3803 4724/6938/3803
f 4724/6944/3804 4741/6969/3804 4737/6968/3804 4722/6941/3804
f 4742/6972/3805 4728/6949/3805 4734/6952/3805 4745/6973/3805
f 4745/6977/3806 4734/6957/3806 4730/6941/3806 4743/6968/3806
f 4729/6953/3807 4723/6945/3807 4726/6948/3807 4733/6954/3807
f 4733/6959/3808 4726/6942/3808 4722/6941/3808 4730/6941/3808
f 4693/6893/3809 4721/6937/3809 4727/6940/3809 4696/6894/3809
f 4696/6900/3810 4727/6946/3810 4723/6945/3810 4694/6897/3810
f 4728/6949/3811 4701/6909/3811 4703/6912/3811 4731/6950/3811
f 4731/6956/3812 4703/6906/3812 4700/6905/3812 4729/6953/3812
f 4707/6916/3813 4735/6960/3813 4721/6937/3813 4693/6893/3813
f 4695/6901/3814 4702/6901/3814 4716/6920/3814 4708/6920/3814
f 4723/6945/3815 4729/6953/3815 4700/6905/3815 4694/6897/3815
f 4742/6972/3816 4714/6928/3816 4701/6909/3816 4728/6949/3816
f 4709/6924/3817 4715/6924/3817 4744/6964/3817 4736/6964/3817
f 4737/6968/3818 4743/6968/3818 4730/6941/3818 4722/6941/3818
o AK_seam_front_block_001
v 0.276600 0.029598 0.013600
v 0.276600 0.029998 0.014000
v 0.276200 0.029998 0.013600
v 0.276600 0.029715 0.013883
v 0.276369 0.029767 0.013831
v 0.276317 0.029998 0.013883
v 0.276317 0.029715 0.013600
v 0.276600 0.057198 0.014000
v 0.276600 0.057598 0.013600
v 0.276200 0.057198 0.013600
v 0.276600 0.057481 0.013883
v 0.276369 0.057429 0.013831
v 0.276317 0.057481 0.013600
v 0.276317 0.057198 0.013883
v 0.276600 0.029598 -0.013600
v 0.276200 0.029998 -0.013600
v 0.276600 0.029998 -0.014000
v 0.276317 0.029715 -0.013600
v 0.276369 0.029767 -0.013831
v 0.276317 0.029998 -0.013883
v 0.276600 0.029715 -0.013883
v 0.276600 0.057598 -0.013600
v 0.276600 0.057198 -0.014000
v 0.276200 0.057198 -0.013600
v 0.276600 0.057481 -0.013883
v 0.276369 0.057429 -0.013831
v 0.276317 0.057198 -0.013883
v 0.276317 0.057481 -0.013600
v 0.276600 0.029598 0.013600
v 0.277000 0.029998 0.013600
v 0.276600 0.029998 0.014000
v 0.276883 0.029715 0.013600
v 0.276831 0.029767 0.013831
v 0.276883 0.029998 0.013883
v 0.276600 0.029715 0.013883
v 0.276600 0.057598 0.013600
v 0.276600 0.057198 0.014000
v 0.277000 0.057198 0.013600
v 0.276600 0.057481 0.013883
v 0.276831 0.057429 0.013831
v 0.276883 0.057198 0.013883
v 0.276883 0.057481 0.013600
v 0.276600 0.029598 -0.013600
v 0.276600 0.029998 -0.014000
v 0.277000 0.029998 -0.013600
v 0.276600 0.029715 -0.013883
v 0.276831 0.029767 -0.013831
v 0.276883 0.029998 -0.013883
v 0.276883 0.029715 -0.013600
v 0.276600 0.057598 -0.013600
v 0.277000 0.057198 -0.013600
v 0.276600 0.057198 -0.014000
v 0.276883 0.057481 -0.013600
v 0.276831 0.057429 -0.013831
v 0.276883 0.057198 -0.013883
v 0.276600 0.057481 -0.013883
vn -0.3251 -0.8881 0.3251
vn -0.3251 -0.3251 0.8881
vn -0.8881 -0.3251 0.3251
vn -0.3251 0.3251 0.8881
vn -0.3251 0.8881 0.3251
vn -0.8881 0.3251 0.3251
vn -0.3251 -0.8881 -0.3251
vn -0.8881 -0.3251 -0.3251
vn -0.3251 -0.3251 -0.8881
vn -0.3251 0.8881 -0.3251
vn -0.3251 0.3251 -0.8881
vn -0.8881 0.3251 -0.3251
vn 0.3251 -0.8881 0.3251
vn 0.8881 -0.3251 0.3251
vn 0.3251 -0.3251 0.8881
vn 0.3251 0.8881 0.3251
vn 0.3251 0.3251 0.8881
vn 0.8881 0.3251 0.3251
vn 0.3251 -0.8881 -0.3251
vn 0.3251 -0.3251 -0.8881
vn 0.8881 -0.3251 -0.3251
vn 0.3251 0.8881 -0.3251
vn 0.8881 0.3251 -0.3251
vn 0.3251 0.3251 -0.8881
vn -0.3827 -0.9239 -0.0000
vn -0.9239 -0.3827 -0.0000
vn -0.3827 -0.0000 0.9239
vn -0.9239 -0.0000 0.3827
vn -0.3827 0.9239 -0.0000
vn -0.9239 0.3827 -0.0000
vn -0.3827 -0.0000 -0.9239
vn -0.9239 -0.0000 -0.3827
vn -0.0000 -0.9239 -0.3827
vn -0.0000 -0.3827 -0.9239
vn -0.0000 0.9239 -0.3827
vn -0.0000 0.3827 -0.9239
vn 0.9239 -0.0000 -0.3827
vn 0.3827 -0.0000 -0.9239
vn 0.3827 -0.9239 -0.0000
vn 0.9239 -0.3827 -0.0000
vn 0.3827 0.9239 -0.0000
vn 0.9239 0.3827 -0.0000
vn 0.3827 -0.0000 0.9239
vn 0.9239 -0.0000 0.3827
vn -0.0000 -0.9239 0.3827
vn -0.0000 -0.3827 0.9239
vn -0.0000 0.9239 0.3827
vn -0.0000 0.3827 0.9239
vn -0.0000 -1.0000 -0.0000
vn -1.0000 -0.0000 -0.0000
vn -0.0000 -0.0000 1.0000
vn -0.0000 1.0000 -0.0000
vn -0.0000 -0.0000 -1.0000
vn 1.0000 -0.0000 -0.0000
vt 0.525307 0.008436
vt 0.525307 0.001331
vt 0.529409 0.001331
vt 0.532412 0.008436
vt 0.508436 0.991564
vt 0.515541 0.991564
vt 0.515541 0.995666
vt 0.508436 0.998669
vt 0.491564 0.491564
vt 0.498669 0.491564
vt 0.498669 0.495666
vt 0.491564 0.498669
vt 0.508436 0.508436
vt 0.508436 0.501331
vt 0.512538 0.501331
vt 0.515541 0.508436
vt 0.525307 0.508436
vt 0.518202 0.508436
vt 0.518202 0.504334
vt 0.525307 0.501331
vt 0.008436 0.491564
vt 0.008436 0.498669
vt 0.004334 0.498669
vt 0.001331 0.491564
vt 0.525307 0.491564
vt 0.532412 0.491564
vt 0.532412 0.495666
vt 0.525307 0.498669
vt 0.491564 0.008436
vt 0.491564 0.001331
vt 0.495666 0.001331
vt 0.498669 0.008436
vt 0.508436 0.491564
vt 0.508436 0.498669
vt 0.504334 0.498669
vt 0.501331 0.491564
vt 0.525307 0.991564
vt 0.525307 0.998669
vt 0.521205 0.998669
vt 0.518202 0.991564
vt 0.508436 0.008436
vt 0.501331 0.008436
vt 0.501331 0.004334
vt 0.508436 0.001331
vt 0.008436 0.008436
vt 0.001331 0.008436
vt 0.001331 0.004334
vt 0.008436 0.001331
vt 0.518202 0.008436
vt 0.518202 0.004334
vt 0.525307 0.001331
vt 0.491564 0.508436
vt 0.491564 0.501331
vt 0.495666 0.501331
vt 0.498669 0.508436
vt 0.504334 0.998669
vt 0.501331 0.991564
vt 0.529409 0.501331
vt 0.532412 0.508436
vt 0.501331 0.508436
vt 0.501331 0.504334
vt 0.008436 0.508436
vt 0.001331 0.508436
vt 0.001331 0.504334
vt 0.008436 0.501331
vt 0.525307 0.498669
vt 0.521205 0.498669
vt 0.518202 0.491564
vt 0.515541 0.491564
vt 0.515541 0.495666
vt 0.491564 0.991564
vt 0.498669 0.991564
vt 0.498669 0.995666
vt 0.491564 0.998669
vt 0.532412 0.991564
vt 0.532412 0.995666
vt 0.525307 0.998669
vt 0.008436 0.991564
vt 0.008436 0.998669
vt 0.004334 0.998669
vt 0.001331 0.991564
vt 0.512538 0.001331
vt 0.515541 0.008436
s 0
usemtl MAT_shadow_seam_dark
f 4749/6981/3819 4752/6982/3819 4753/6983/3819 4755/6984/3819
f 4750/6985/3820 4754/6986/3820 4753/6987/3820 4752/6988/3820
f 4751/6989/3821 4755/6990/3821 4753/6991/3821 4754/6992/3821
f 4756/6993/3822 4759/6994/3822 4760/6995/3822 4762/6996/3822
f 4757/6997/3823 4761/6998/3823 4760/6999/3823 4759/7000/3823
f 4758/7001/3824 4762/7002/3824 4760/7003/3824 4761/7004/3824
f 4763/7005/3825 4766/7006/3825 4767/7007/3825 4769/7008/3825
f 4764/7009/3826 4768/7010/3826 4767/7011/3826 4766/7012/3826
f 4765/7013/3827 4769/7014/3827 4767/7015/3827 4768/7016/3827
f 4770/7017/3828 4773/7018/3828 4774/7019/3828 4776/7020/3828
f 4771/7021/3829 4775/7022/3829 4774/7023/3829 4773/7024/3829
f 4772/7025/3830 4776/7026/3830 4774/7027/3830 4775/7028/3830
f 4777/6981/3831 4780/7029/3831 4781/7030/3831 4783/7031/3831
f 4778/7032/3832 4782/7033/3832 4781/7034/3832 4780/7035/3832
f 4779/6985/3833 4783/6988/3833 4781/7036/3833 4782/7037/3833
f 4784/6997/3834 4787/7000/3834 4788/7038/3834 4790/7039/3834
f 4785/6993/3835 4789/7040/3835 4788/7041/3835 4787/6994/3835
f 4786/7042/3836 4790/7043/3836 4788/7044/3836 4789/7045/3836
f 4791/7005/3837 4794/7046/3837 4795/7047/3837 4797/7048/3837
f 4792/7013/3838 4796/7049/3838 4795/7050/3838 4794/7014/3838
f 4793/7051/3839 4797/7052/3839 4795/7053/3839 4796/7054/3839
f 4798/7017/3840 4801/7055/3840 4802/7056/3840 4804/7057/3840
f 4799/7058/3841 4803/7059/3841 4802/7060/3841 4801/7061/3841
f 4800/7021/3842 4804/7024/3842 4802/7062/3842 4803/7063/3842
f 4763/7005/3843 4749/6981/3843 4755/6984/3843 4766/7006/3843
f 4766/7012/3844 4755/6990/3844 4751/6989/3844 4764/7009/3844
f 4750/6985/3845 4756/6993/3845 4762/6996/3845 4754/6986/3845
f 4754/6992/3846 4762/7002/3846 4758/7001/3846 4751/6989/3846
f 4757/6997/3847 4770/7017/3847 4776/7020/3847 4761/6998/3847
f 4761/7004/3848 4776/7026/3848 4772/7025/3848 4758/7001/3848
f 4771/7021/3849 4765/7013/3849 4768/7016/3849 4775/7022/3849
f 4775/7028/3850 4768/7010/3850 4764/7009/3850 4772/7025/3850
f 4791/7005/3851 4763/7005/3851 4769/7008/3851 4794/7046/3851
f 4794/7014/3852 4769/7014/3852 4765/7013/3852 4792/7013/3852
f 4770/7017/3853 4798/7017/3853 4804/7057/3853 4773/7018/3853
f 4773/7024/3854 4804/7024/3854 4800/7021/3854 4771/7021/3854
f 4799/7058/3855 4793/7051/3855 4796/7054/3855 4803/7059/3855
f 4803/7063/3856 4796/7049/3856 4792/7013/3856 4800/7021/3856
f 4777/6981/3857 4791/7005/3857 4797/7048/3857 4780/7029/3857
f 4780/7035/3858 4797/7052/3858 4793/7051/3858 4778/7032/3858
f 4798/7017/3859 4784/6997/3859 4790/7039/3859 4801/7055/3859
f 4801/7061/3860 4790/7043/3860 4786/7042/3860 4799/7058/3860
f 4785/6993/3861 4779/6985/3861 4782/7037/3861 4789/7040/3861
f 4789/7045/3862 4782/7033/3862 4778/7032/3862 4786/7042/3862
f 4749/6981/3863 4777/6981/3863 4783/7031/3863 4752/6982/3863
f 4752/6988/3864 4783/6988/3864 4779/6985/3864 4750/6985/3864
f 4784/6997/3865 4757/6997/3865 4759/7000/3865 4787/7000/3865
f 4787/6994/3866 4759/6994/3866 4756/6993/3866 4785/6993/3866
f 4763/7005/3867 4791/7005/3867 4777/6981/3867 4749/6981/3867
f 4751/6989/3868 4758/7001/3868 4772/7025/3868 4764/7009/3868
f 4779/6985/3869 4785/6993/3869 4756/6993/3869 4750/6985/3869
f 4798/7017/3870 4770/7017/3870 4757/6997/3870 4784/6997/3870
f 4765/7013/3871 4771/7021/3871 4800/7021/3871 4792/7013/3871
f 4793/7051/3872 4799/7058/3872 4786/7042/3872 4778/7032/3872
o AK_seam_grip_basecap_001
v -0.113387 -0.155795 0.016700
v -0.113387 -0.155495 0.017000
v -0.113687 -0.155495 0.016700
v -0.113387 -0.155707 0.016912
v -0.113560 -0.155668 0.016873
v -0.113599 -0.155495 0.016912
v -0.113599 -0.155707 0.016700
v -0.113387 -0.155495 0.017000
v -0.113387 -0.155195 0.016700
v -0.113687 -0.155495 0.016700
v -0.113387 -0.155283 0.016912
v -0.113560 -0.155322 0.016873
v -0.113599 -0.155283 0.016700
v -0.113599 -0.155495 0.016912
v -0.113387 -0.155795 -0.016700
v -0.113687 -0.155495 -0.016700
v -0.113387 -0.155495 -0.017000
v -0.113599 -0.155707 -0.016700
v -0.113560 -0.155668 -0.016873
v -0.113599 -0.155495 -0.016912
v -0.113387 -0.155707 -0.016912
v -0.113387 -0.155195 -0.016700
v -0.113387 -0.155495 -0.017000
v -0.113687 -0.155495 -0.016700
v -0.113387 -0.155283 -0.016912
v -0.113560 -0.155322 -0.016873
v -0.113599 -0.155495 -0.016912
v -0.113599 -0.155283 -0.016700
v -0.063987 -0.155795 0.016700
v -0.063687 -0.155495 0.016700
v -0.063987 -0.155495 0.017000
v -0.063775 -0.155707 0.016700
v -0.063813 -0.155668 0.016873
v -0.063775 -0.155495 0.016912
v -0.063987 -0.155707 0.016912
v -0.063987 -0.155195 0.016700
v -0.063987 -0.155495 0.017000
v -0.063687 -0.155495 0.016700
v -0.063987 -0.155283 0.016912
v -0.063813 -0.155322 0.016873
v -0.063775 -0.155495 0.016912
v -0.063775 -0.155283 0.016700
v -0.063987 -0.155795 -0.016700
v -0.063987 -0.155495 -0.017000
v -0.063687 -0.155495 -0.016700
v -0.063987 -0.155707 -0.016912
v -0.063813 -0.155668 -0.016873
v -0.063775 -0.155495 -0.016912
v -0.063775 -0.155707 -0.016700
v -0.063987 -0.155195 -0.016700
v -0.063687 -0.155495 -0.016700
v -0.063987 -0.155495 -0.017000
v -0.063775 -0.155283 -0.016700
v -0.063813 -0.155322 -0.016873
v -0.063775 -0.155495 -0.016912
v -0.063987 -0.155283 -0.016912
vn -0.3251 -0.8881 0.3251
vn -0.3251 -0.3251 0.8881
vn -0.8881 -0.3251 0.3251
vn -0.3251 0.3251 0.8881
vn -0.3251 0.8881 0.3251
vn -0.8881 0.3251 0.3251
vn -0.3251 -0.8881 -0.3251
vn -0.8881 -0.3251 -0.3251
vn -0.3251 -0.3251 -0.8881
vn -0.3251 0.8881 -0.3251
vn -0.3251 0.3251 -0.8881
vn -0.8881 0.3251 -0.3251
vn 0.3251 -0.8881 0.3251
vn 0.8881 -0.3251 0.3251
vn 0.3251 -0.3251 0.8881
vn 0.3251 0.8881 0.3251
vn 0.3251 0.3251 0.8881
vn 0.8881 0.3251 0.3251
vn 0.3251 -0.8881 -0.3251
vn 0.3251 -0.3251 -0.8881
vn 0.8881 -0.3251 -0.3251
vn 0.3251 0.8881 -0.3251
vn 0.8881 0.3251 -0.3251
vn 0.3251 0.3251 -0.8881
vn -0.3827 -0.9239 -0.0000
vn -0.9239 -0.3827 -0.0000
vn -0.3827 -0.0000 0.9239
vn -0.9239 -0.0000 0.3827
vn -0.3827 0.9239 -0.0000
vn -0.9239 0.3827 -0.0000
vn -0.3827 -0.0000 -0.9239
vn -0.9239 -0.0000 -0.3827
vn -0.0000 -0.9239 -0.3827
vn -0.0000 -0.3827 -0.9239
vn -0.0000 0.9239 -0.3827
vn -0.0000 0.3827 -0.9239
vn 0.9239 -0.0000 -0.3827
vn 0.3827 -0.0000 -0.9239
vn 0.3827 -0.9239 -0.0000
vn 0.9239 -0.3827 -0.0000
vn 0.3827 0.9239 -0.0000
vn 0.9239 0.3827 -0.0000
vn 0.3827 -0.0000 0.9239
vn 0.9239 -0.0000 0.3827
vn -0.0000 -0.9239 0.3827
vn -0.0000 -0.3827 0.9239
vn -0.0000 0.9239 0.3827
vn -0.0000 0.3827 0.9239
vn -0.0000 -1.0000 -0.0000
vn -1.0000 -0.0000 -0.0000
vn -0.0000 -0.0000 1.0000
vn -0.0000 1.0000 -0.0000
vn -0.0000 -0.0000 -1.0000
vn 1.0000 -0.0000 -0.0000
vt 0.005682 0.005682
vt 0.001447 0.005682
vt 0.001447 0.003237
vt 0.005682 0.001447
vt 0.982953 0.005682
vt 0.982953 0.001447
vt 0.985399 0.001447
vt 0.987189 0.005682
vt 0.994318 0.477270
vt 0.998553 0.477271
vt 0.998553 0.479716
vt 0.994318 0.481506
vt 0.978717 0.005682
vt 0.978717 0.003237
vt 0.982953 0.001447
vt 0.488635 0.703181
vt 0.488635 0.707417
vt 0.486190 0.707417
vt 0.484399 0.703181
vt 0.994318 0.481506
vt 0.991872 0.481506
vt 0.990082 0.477271
vt 0.477271 0.005682
vt 0.477271 0.001447
vt 0.479716 0.001447
vt 0.481506 0.005682
vt 0.994318 0.005682
vt 0.994318 0.001447
vt 0.996763 0.001447
vt 0.998553 0.005682
vt 0.971588 0.703181
vt 0.975824 0.703181
vt 0.975824 0.705627
vt 0.971588 0.707417
vt 0.960223 0.703181
vt 0.964459 0.703181
vt 0.964459 0.705627
vt 0.960224 0.707417
vt 0.971588 0.707417
vt 0.969143 0.707417
vt 0.967352 0.703181
vt 0.990082 0.005682
vt 0.990082 0.003237
vt 0.005682 0.703181
vt 0.005682 0.707417
vt 0.003237 0.707417
vt 0.001447 0.703181
vt 0.994318 0.488635
vt 0.994318 0.484399
vt 0.996763 0.484399
vt 0.998554 0.488635
vt 0.982953 0.703181
vt 0.987189 0.703181
vt 0.987189 0.705627
vt 0.982953 0.707417
vt 0.488635 0.005682
vt 0.484400 0.005682
vt 0.484400 0.003237
vt 0.488635 0.001447
vt 0.982953 0.707417
vt 0.980507 0.707417
vt 0.978717 0.703181
vt 0.990082 0.488635
vt 0.990082 0.486190
vt 0.994318 0.484399
vt 0.477271 0.703181
vt 0.481506 0.703181
vt 0.481506 0.705627
vt 0.477271 0.707417
vt 0.971588 0.005682
vt 0.971588 0.001447
vt 0.974034 0.001447
vt 0.975824 0.005682
vt 0.994318 0.960223
vt 0.998554 0.960224
vt 0.998554 0.962669
vt 0.994318 0.964459
vt 0.960224 0.005682
vt 0.960224 0.001447
vt 0.962669 0.001447
vt 0.964459 0.005682
vt 0.994318 0.964459
vt 0.991872 0.964459
vt 0.990082 0.960223
vt 0.971588 0.005682
vt 0.967352 0.005682
vt 0.967352 0.003237
vt 0.971588 0.001447
s 0
usemtl MAT_shadow_seam_dark
f 4805/7064/3873 4808/7065/3873 4809/7066/3873 4811/7067/3873
f 4806/7068/3874 4810/7069/3874 4809/7070/3874 4808/7071/3874
f 4807/7072/3875 4811/7073/3875 4809/7074/3875 4810/7075/3875
f 4812/7068/3876 4815/7076/3876 4816/7077/3876 4818/7078/3876
f 4813/7079/3877 4817/7080/3877 4816/7081/3877 4815/7082/3877
f 4814/7072/3878 4818/7083/3878 4816/7084/3878 4817/7085/3878
f 4819/7086/3879 4822/7087/3879 4823/7088/3879 4825/7089/3879
f 4820/7090/3880 4824/7091/3880 4823/7092/3880 4822/7093/3880
f 4821/7094/3881 4825/7095/3881 4823/7096/3881 4824/7097/3881
f 4826/7098/3882 4829/7099/3882 4830/7100/3882 4832/7101/3882
f 4827/7094/3883 4831/7102/3883 4830/7103/3883 4829/7104/3883
f 4828/7090/3884 4832/7105/3884 4830/7106/3884 4831/7091/3884
f 4833/7107/3885 4836/7108/3885 4837/7109/3885 4839/7110/3885
f 4834/7111/3886 4838/7112/3886 4837/7113/3886 4836/7114/3886
f 4835/7115/3887 4839/7116/3887 4837/7117/3887 4838/7118/3887
f 4840/7119/3888 4843/7120/3888 4844/7121/3888 4846/7122/3888
f 4841/7115/3889 4845/7123/3889 4844/7124/3889 4843/7125/3889
f 4842/7111/3890 4846/7126/3890 4844/7127/3890 4845/7128/3890
f 4847/7129/3891 4850/7130/3891 4851/7131/3891 4853/7132/3891
f 4848/7133/3892 4852/7134/3892 4851/7135/3892 4850/7136/3892
f 4849/7137/3893 4853/7138/3893 4851/7139/3893 4852/7140/3893
f 4854/7141/3894 4857/7142/3894 4858/7143/3894 4860/7144/3894
f 4855/7137/3895 4859/7145/3895 4858/7146/3895 4857/7147/3895
f 4856/7148/3896 4860/7149/3896 4858/7150/3896 4859/7151/3896
f 4819/7086/3897 4805/7064/3897 4811/7067/3897 4822/7087/3897
f 4822/7093/3898 4811/7073/3898 4807/7072/3898 4820/7090/3898
f 4806/7068/3899 4812/7068/3899 4818/7078/3899 4810/7069/3899
f 4810/7075/3900 4818/7083/3900 4814/7072/3900 4807/7072/3900
f 4813/7079/3901 4826/7098/3901 4832/7101/3901 4817/7080/3901
f 4817/7085/3902 4832/7105/3902 4828/7090/3902 4814/7072/3902
f 4827/7094/3903 4821/7094/3903 4824/7097/3903 4831/7102/3903
f 4831/7091/3904 4824/7091/3904 4820/7090/3904 4828/7090/3904
f 4847/7129/3905 4819/7086/3905 4825/7089/3905 4850/7130/3905
f 4850/7136/3906 4825/7095/3906 4821/7094/3906 4848/7133/3906
f 4826/7098/3907 4854/7141/3907 4860/7144/3907 4829/7099/3907
f 4829/7104/3908 4860/7149/3908 4856/7148/3908 4827/7094/3908
f 4855/7137/3909 4849/7137/3909 4852/7140/3909 4859/7145/3909
f 4859/7151/3910 4852/7134/3910 4848/7133/3910 4856/7148/3910
f 4833/7107/3911 4847/7129/3911 4853/7132/3911 4836/7108/3911
f 4836/7114/3912 4853/7138/3912 4849/7137/3912 4834/7111/3912
f 4854/7141/3913 4840/7119/3913 4846/7122/3913 4857/7142/3913
f 4857/7147/3914 4846/7126/3914 4842/7111/3914 4855/7137/3914
f 4841/7115/3915 4835/7115/3915 4838/7118/3915 4845/7123/3915
f 4845/7128/3916 4838/7112/3916 4834/7111/3916 4842/7111/3916
f 4805/7064/3917 4833/7107/3917 4839/7110/3917 4808/7065/3917
f 4808/7071/3918 4839/7116/3918 4835/7115/3918 4806/7068/3918
f 4840/7119/3919 4813/7079/3919 4815/7082/3919 4843/7120/3919
f 4843/7125/3920 4815/7076/3920 4812/7068/3920 4841/7115/3920
f 4819/7086/3921 4847/7129/3921 4833/7107/3921 4805/7064/3921
f 4807/7072/3922 4814/7072/3922 4828/7090/3922 4820/7090/3922
f 4835/7115/3923 4841/7115/3923 4812/7068/3923 4806/7068/3923
f 4854/7141/3924 4826/7098/3924 4813/7079/3924 4840/7119/3924
f 4821/7094/3925 4827/7094/3925 4856/7148/3925 4848/7133/3925
f 4849/7137/3926 4855/7137/3926 4842/7111/3926 4834/7111/3926
o AK_seam_grip_receiver_001
v -0.110787 -0.027589 0.016600
v -0.110787 -0.027189 0.017000
v -0.111187 -0.027189 0.016600
v -0.110787 -0.027472 0.016883
v -0.111018 -0.027420 0.016831
v -0.111070 -0.027189 0.016883
v -0.111070 -0.027472 0.016600
v -0.110787 -0.027189 0.017000
v -0.110787 -0.026789 0.016600
v -0.111187 -0.027189 0.016600
v -0.110787 -0.026906 0.016883
v -0.111018 -0.026958 0.016831
v -0.111070 -0.026906 0.016600
v -0.111070 -0.027189 0.016883
v -0.110787 -0.027589 -0.016600
v -0.111187 -0.027189 -0.016600
v -0.110787 -0.027189 -0.017000
v -0.111070 -0.027472 -0.016600
v -0.111018 -0.027420 -0.016831
v -0.111070 -0.027189 -0.016883
v -0.110787 -0.027472 -0.016883
v -0.110787 -0.026789 -0.016600
v -0.110787 -0.027189 -0.017000
v -0.111187 -0.027189 -0.016600
v -0.110787 -0.026906 -0.016883
v -0.111018 -0.026958 -0.016831
v -0.111070 -0.027189 -0.016883
v -0.111070 -0.026906 -0.016600
v -0.066587 -0.027589 0.016600
v -0.066187 -0.027189 0.016600
v -0.066587 -0.027189 0.017000
v -0.066304 -0.027472 0.016600
v -0.066356 -0.027420 0.016831
v -0.066304 -0.027189 0.016883
v -0.066587 -0.027472 0.016883
v -0.066587 -0.026789 0.016600
v -0.066587 -0.027189 0.017000
v -0.066187 -0.027189 0.016600
v -0.066587 -0.026906 0.016883
v -0.066356 -0.026958 0.016831
v -0.066304 -0.027189 0.016883
v -0.066304 -0.026906 0.016600
v -0.066587 -0.027589 -0.016600
v -0.066587 -0.027189 -0.017000
v -0.066187 -0.027189 -0.016600
v -0.066587 -0.027472 -0.016883
v -0.066356 -0.027420 -0.016831
v -0.066304 -0.027189 -0.016883
v -0.066304 -0.027472 -0.016600
v -0.066587 -0.026789 -0.016600
v -0.066187 -0.027189 -0.016600
v -0.066587 -0.027189 -0.017000
v -0.066304 -0.026906 -0.016600
v -0.066356 -0.026958 -0.016831
v -0.066304 -0.027189 -0.016883
v -0.066587 -0.026906 -0.016883
vn -0.3251 -0.8881 0.3251
vn -0.3251 -0.3251 0.8881
vn -0.8881 -0.3251 0.3251
vn -0.3251 0.3251 0.8881
vn -0.3251 0.8881 0.3251
vn -0.8881 0.3251 0.3251
vn -0.3251 -0.8881 -0.3251
vn -0.8881 -0.3251 -0.3251
vn -0.3251 -0.3251 -0.8881
vn -0.3251 0.8881 -0.3251
vn -0.3251 0.3251 -0.8881
vn -0.8881 0.3251 -0.3251
vn 0.3251 -0.8881 0.3251
vn 0.8881 -0.3251 0.3251
vn 0.3251 -0.3251 0.8881
vn 0.3251 0.8881 0.3251
vn 0.3251 0.3251 0.8881
vn 0.8881 0.3251 0.3251
vn 0.3251 -0.8881 -0.3251
vn 0.3251 -0.3251 -0.8881
vn 0.8881 -0.3251 -0.3251
vn 0.3251 0.8881 -0.3251
vn 0.8881 0.3251 -0.3251
vn 0.3251 0.3251 -0.8881
vn -0.3827 -0.9239 -0.0000
vn -0.9239 -0.3827 -0.0000
vn -0.3827 -0.0000 0.9239
vn -0.9239 -0.0000 0.3827
vn -0.3827 0.9239 -0.0000
vn -0.9239 0.3827 -0.0000
vn -0.3827 -0.0000 -0.9239
vn -0.9239 -0.0000 -0.3827
vn -0.0000 -0.9239 -0.3827
vn -0.0000 -0.3827 -0.9239
vn -0.0000 0.9239 -0.3827
vn -0.0000 0.3827 -0.9239
vn 0.9239 -0.0000 -0.3827
vn 0.3827 -0.0000 -0.9239
vn 0.3827 -0.9239 -0.0000
vn 0.9239 -0.3827 -0.0000
vn 0.3827 0.9239 -0.0000
vn 0.9239 0.3827 -0.0000
vn 0.3827 -0.0000 0.9239
vn 0.9239 -0.0000 0.3827
vn -0.0000 -0.9239 0.3827
vn -0.0000 -0.3827 0.9239
vn -0.0000 0.9239 0.3827
vn -0.0000 0.3827 0.9239
vn -0.0000 -1.0000 -0.0000
vn -1.0000 -0.0000 -0.0000
vn -0.0000 -0.0000 1.0000
vn -0.0000 1.0000 -0.0000
vn -0.0000 -0.0000 -1.0000
vn 1.0000 -0.0000 -0.0000
vt 0.007011 0.007011
vt 0.001410 0.007011
vt 0.001410 0.003777
vt 0.007011 0.001410
vt 0.978966 0.007011
vt 0.978966 0.001410
vt 0.982200 0.001410
vt 0.984567 0.007011
vt 0.992989 0.471954
vt 0.998590 0.471954
vt 0.998590 0.475188
vt 0.992989 0.477556
vt 0.973364 0.007011
vt 0.973364 0.003777
vt 0.485977 0.626002
vt 0.485977 0.631603
vt 0.482743 0.631603
vt 0.480375 0.626001
vt 0.989754 0.477556
vt 0.987387 0.471954
vt 0.471954 0.007011
vt 0.471954 0.001410
vt 0.475188 0.001410
vt 0.477556 0.007011
vt 0.992989 0.007011
vt 0.992989 0.001410
vt 0.996223 0.001410
vt 0.998590 0.007011
vt 0.964943 0.626001
vt 0.970544 0.626002
vt 0.970544 0.629236
vt 0.964943 0.631603
vt 0.950920 0.626002
vt 0.956522 0.626002
vt 0.956522 0.629236
vt 0.950920 0.631603
vt 0.961709 0.631603
vt 0.959341 0.626001
vt 0.992989 0.007011
vt 0.987387 0.007011
vt 0.987387 0.003777
vt 0.007011 0.626002
vt 0.007011 0.631603
vt 0.003777 0.631603
vt 0.001410 0.626001
vt 0.992989 0.485977
vt 0.992989 0.480375
vt 0.996223 0.480375
vt 0.998590 0.485977
vt 0.978966 0.626001
vt 0.984567 0.626002
vt 0.984567 0.629236
vt 0.978966 0.631603
vt 0.485977 0.007011
vt 0.480375 0.007011
vt 0.480375 0.003777
vt 0.485977 0.001410
vt 0.978966 0.626001
vt 0.978966 0.631603
vt 0.975731 0.631603
vt 0.973364 0.626001
vt 0.992989 0.485977
vt 0.987387 0.485977
vt 0.987387 0.482743
vt 0.471954 0.626002
vt 0.477556 0.626002
vt 0.477556 0.629236
vt 0.471954 0.631603
vt 0.964943 0.007011
vt 0.964943 0.001410
vt 0.968177 0.001410
vt 0.970544 0.007011
vt 0.992989 0.950920
vt 0.998590 0.950920
vt 0.998590 0.954154
vt 0.992989 0.956522
vt 0.950920 0.007011
vt 0.950920 0.001410
vt 0.954154 0.001410
vt 0.956522 0.007011
vt 0.992989 0.956522
vt 0.989754 0.956522
vt 0.987387 0.950920
vt 0.964943 0.007011
vt 0.959341 0.007011
vt 0.959341 0.003777
s 0
usemtl MAT_shadow_seam_dark
f 4861/7152/3927 4864/7153/3927 4865/7154/3927 4867/7155/3927
f 4862/7156/3928 4866/7157/3928 4865/7158/3928 4864/7159/3928
f 4863/7160/3929 4867/7161/3929 4865/7162/3929 4866/7163/3929
f 4868/7156/3930 4871/7164/3930 4872/7165/3930 4874/7157/3930
f 4869/7166/3931 4873/7167/3931 4872/7168/3931 4871/7169/3931
f 4870/7160/3932 4874/7163/3932 4872/7170/3932 4873/7171/3932
f 4875/7172/3933 4878/7173/3933 4879/7174/3933 4881/7175/3933
f 4876/7176/3934 4880/7177/3934 4879/7178/3934 4878/7179/3934
f 4877/7180/3935 4881/7181/3935 4879/7182/3935 4880/7183/3935
f 4882/7184/3936 4885/7185/3936 4886/7186/3936 4888/7187/3936
f 4883/7180/3937 4887/7183/3937 4886/7188/3937 4885/7189/3937
f 4884/7190/3938 4888/7191/3938 4886/7192/3938 4887/7177/3938
f 4889/7193/3939 4892/7194/3939 4893/7195/3939 4895/7196/3939
f 4890/7197/3940 4894/7198/3940 4893/7199/3940 4892/7200/3940
f 4891/7201/3941 4895/7202/3941 4893/7203/3941 4894/7204/3941
f 4896/7205/3942 4899/7206/3942 4900/7207/3942 4902/7208/3942
f 4897/7209/3943 4901/7210/3943 4900/7211/3943 4899/7212/3943
f 4898/7213/3944 4902/7214/3944 4900/7215/3944 4901/7198/3944
f 4903/7216/3945 4906/7217/3945 4907/7218/3945 4909/7219/3945
f 4904/7220/3946 4908/7221/3946 4907/7222/3946 4906/7223/3946
f 4905/7224/3947 4909/7225/3947 4907/7226/3947 4908/7227/3947
f 4910/7228/3948 4913/7229/3948 4914/7230/3948 4916/7231/3948
f 4911/7224/3949 4915/7232/3949 4914/7233/3949 4913/7234/3949
f 4912/7235/3950 4916/7236/3950 4914/7237/3950 4915/7221/3950
f 4875/7172/3951 4861/7152/3951 4867/7155/3951 4878/7173/3951
f 4878/7179/3952 4867/7161/3952 4863/7160/3952 4876/7176/3952
f 4862/7156/3953 4868/7156/3953 4874/7157/3953 4866/7157/3953
f 4866/7163/3954 4874/7163/3954 4870/7160/3954 4863/7160/3954
f 4869/7166/3955 4882/7184/3955 4888/7187/3955 4873/7167/3955
f 4873/7171/3956 4888/7191/3956 4884/7190/3956 4870/7160/3956
f 4883/7180/3957 4877/7180/3957 4880/7183/3957 4887/7183/3957
f 4887/7177/3958 4880/7177/3958 4876/7176/3958 4884/7190/3958
f 4903/7216/3959 4875/7172/3959 4881/7175/3959 4906/7217/3959
f 4906/7223/3960 4881/7181/3960 4877/7180/3960 4904/7220/3960
f 4882/7184/3961 4910/7228/3961 4916/7231/3961 4885/7185/3961
f 4885/7189/3962 4916/7236/3962 4912/7235/3962 4883/7180/3962
f 4911/7224/3963 4905/7224/3963 4908/7227/3963 4915/7232/3963
f 4915/7221/3964 4908/7221/3964 4904/7220/3964 4912/7235/3964
f 4889/7193/3965 4903/7216/3965 4909/7219/3965 4892/7194/3965
f 4892/7200/3966 4909/7225/3966 4905/7224/3966 4890/7197/3966
f 4910/7228/3967 4896/7205/3967 4902/7208/3967 4913/7229/3967
f 4913/7234/3968 4902/7214/3968 4898/7213/3968 4911/7224/3968
f 4897/7209/3969 4891/7201/3969 4894/7204/3969 4901/7210/3969
f 4901/7198/3970 4894/7198/3970 4890/7197/3970 4898/7213/3970
f 4861/7152/3971 4889/7193/3971 4895/7196/3971 4864/7153/3971
f 4864/7159/3972 4895/7202/3972 4891/7201/3972 4862/7156/3972
f 4896/7205/3973 4869/7166/3973 4871/7169/3973 4899/7206/3973
f 4899/7212/3974 4871/7164/3974 4868/7156/3974 4897/7209/3974
f 4875/7172/3975 4903/7216/3975 4889/7193/3975 4861/7152/3975
f 4863/7160/3976 4870/7160/3976 4884/7190/3976 4876/7176/3976
f 4891/7201/3977 4897/7209/3977 4868/7156/3977 4862/7156/3977
f 4910/7228/3978 4882/7184/3978 4869/7166/3978 4896/7205/3978
f 4877/7180/3979 4883/7180/3979 4912/7235/3979 4904/7220/3979
f 4905/7224/3980 4911/7224/3980 4898/7213/3980 4890/7197/3980
o AK_seam_handguard_front_001
v 0.200400 -0.010000 0.019600
v 0.200400 -0.009600 0.020000
v 0.200000 -0.009600 0.019600
v 0.200400 -0.009883 0.019883
v 0.200169 -0.009831 0.019831
v 0.200117 -0.009600 0.019883
v 0.200117 -0.009883 0.019600
v 0.200400 0.019600 0.020000
v 0.200400 0.020000 0.019600
v 0.200000 0.019600 0.019600
v 0.200400 0.019883 0.019883
v 0.200169 0.019831 0.019831
v 0.200117 0.019883 0.019600
v 0.200117 0.019600 0.019883
v 0.200400 -0.010000 -0.019600
v 0.200000 -0.009600 -0.019600
v 0.200400 -0.009600 -0.020000
v 0.200117 -0.009883 -0.019600
v 0.200169 -0.009831 -0.019831
v 0.200117 -0.009600 -0.019883
v 0.200400 -0.009883 -0.019883
v 0.200400 0.020000 -0.019600
v 0.200400 0.019600 -0.020000
v 0.200000 0.019600 -0.019600
v 0.200400 0.019883 -0.019883
v 0.200169 0.019831 -0.019831
v 0.200117 0.019600 -0.019883
v 0.200117 0.019883 -0.019600
v 0.200400 -0.010000 0.019600
v 0.200800 -0.009600 0.019600
v 0.200400 -0.009600 0.020000
v 0.200683 -0.009883 0.019600
v 0.200631 -0.009831 0.019831
v 0.200683 -0.009600 0.019883
v 0.200400 -0.009883 0.019883
v 0.200400 0.020000 0.019600
v 0.200400 0.019600 0.020000
v 0.200800 0.019600 0.019600
v 0.200400 0.019883 0.019883
v 0.200631 0.019831 0.019831
v 0.200683 0.019600 0.019883
v 0.200683 0.019883 0.019600
v 0.200400 -0.010000 -0.019600
v 0.200400 -0.009600 -0.020000
v 0.200800 -0.009600 -0.019600
v 0.200400 -0.009883 -0.019883
v 0.200631 -0.009831 -0.019831
v 0.200683 -0.009600 -0.019883
v 0.200683 -0.009883 -0.019600
v 0.200400 0.020000 -0.019600
v 0.200800 0.019600 -0.019600
v 0.200400 0.019600 -0.020000
v 0.200683 0.019883 -0.019600
v 0.200631 0.019831 -0.019831
v 0.200683 0.019600 -0.019883
v 0.200400 0.019883 -0.019883
vn -0.3251 -0.8881 0.3251
vn -0.3251 -0.3251 0.8881
vn -0.8881 -0.3251 0.3251
vn -0.3251 0.3251 0.8881
vn -0.3251 0.8881 0.3251
vn -0.8881 0.3251 0.3251
vn -0.3251 -0.8881 -0.3251
vn -0.8881 -0.3251 -0.3251
vn -0.3251 -0.3251 -0.8881
vn -0.3251 0.8881 -0.3251
vn -0.3251 0.3251 -0.8881
vn -0.8881 0.3251 -0.3251
vn 0.3251 -0.8881 0.3251
vn 0.8881 -0.3251 0.3251
vn 0.3251 -0.3251 0.8881
vn 0.3251 0.8881 0.3251
vn 0.3251 0.3251 0.8881
vn 0.8881 0.3251 0.3251
vn 0.3251 -0.8881 -0.3251
vn 0.3251 -0.3251 -0.8881
vn 0.8881 -0.3251 -0.3251
vn 0.3251 0.8881 -0.3251
vn 0.8881 0.3251 -0.3251
vn 0.3251 0.3251 -0.8881
vn -0.3827 -0.9239 -0.0000
vn -0.9239 -0.3827 -0.0000
vn -0.3827 -0.0000 0.9239
vn -0.9239 -0.0000 0.3827
vn -0.3827 0.9239 -0.0000
vn -0.9239 0.3827 -0.0000
vn -0.3827 -0.0000 -0.9239
vn -0.9239 -0.0000 -0.3827
vn -0.0000 -0.9239 -0.3827
vn -0.0000 -0.3827 -0.9239
vn -0.0000 0.9239 -0.3827
vn -0.0000 0.3827 -0.9239
vn 0.9239 -0.0000 -0.3827
vn 0.3827 -0.0000 -0.9239
vn 0.3827 -0.9239 -0.0000
vn 0.9239 -0.3827 -0.0000
vn 0.3827 0.9239 -0.0000
vn 0.9239 0.3827 -0.0000
vn 0.3827 -0.0000 0.9239
vn 0.9239 -0.0000 0.3827
vn -0.0000 -0.9239 0.3827
vn -0.0000 -0.3827 0.9239
vn -0.0000 0.9239 0.3827
vn -0.0000 0.3827 0.9239
vn -0.0000 -1.0000 -0.0000
vn -1.0000 -0.0000 -0.0000
vn -0.0000 -0.0000 1.0000
vn -0.0000 1.0000 -0.0000
vn -0.0000 -0.0000 -1.0000
vn 1.0000 -0.0000 -0.0000
vt 0.961267 0.007747
vt 0.961267 0.001428
vt 0.964915 0.001428
vt 0.967586 0.007747
vt 0.992253 0.945773
vt 0.998572 0.945773
vt 0.998572 0.949421
vt 0.992253 0.952092
vt 0.469013 0.626981
vt 0.475332 0.626981
vt 0.475332 0.630630
vt 0.469013 0.633300
vt 0.992253 0.484507
vt 0.992253 0.478188
vt 0.995902 0.478188
vt 0.998572 0.484507
vt 0.976760 0.007747
vt 0.970441 0.007747
vt 0.970441 0.004099
vt 0.976760 0.001428
vt 0.007747 0.626981
vt 0.007747 0.633300
vt 0.004099 0.633300
vt 0.001428 0.626981
vt 0.961267 0.626981
vt 0.967586 0.626981
vt 0.967586 0.630629
vt 0.961267 0.633300
vt 0.469013 0.007747
vt 0.469013 0.001428
vt 0.472661 0.001428
vt 0.475332 0.007747
vt 0.992253 0.469013
vt 0.992253 0.475332
vt 0.988605 0.475332
vt 0.985935 0.469013
vt 0.976760 0.626981
vt 0.976760 0.633300
vt 0.973112 0.633300
vt 0.970441 0.626981
vt 0.992253 0.007747
vt 0.985935 0.007747
vt 0.985935 0.004099
vt 0.992253 0.001428
vt 0.007747 0.007747
vt 0.001428 0.007747
vt 0.001428 0.004099
vt 0.007747 0.001428
vt 0.954948 0.007747
vt 0.954948 0.004099
vt 0.961267 0.001428
vt 0.945773 0.007747
vt 0.945773 0.001428
vt 0.949421 0.001428
vt 0.952092 0.007747
vt 0.988605 0.952092
vt 0.985935 0.945773
vt 0.976760 0.001428
vt 0.980408 0.001428
vt 0.983079 0.007747
vt 0.985935 0.484507
vt 0.985935 0.480859
vt 0.484507 0.007747
vt 0.478188 0.007747
vt 0.478188 0.004099
vt 0.484507 0.001428
vt 0.961267 0.633300
vt 0.957619 0.633300
vt 0.954948 0.626981
vt 0.998572 0.469013
vt 0.998572 0.472661
vt 0.945773 0.626981
vt 0.952092 0.626981
vt 0.952092 0.630630
vt 0.945773 0.633300
vt 0.983079 0.626981
vt 0.983079 0.630629
vt 0.976760 0.633300
vt 0.484507 0.626981
vt 0.484507 0.633300
vt 0.480859 0.633300
vt 0.478188 0.626981
vt 0.995902 0.001428
vt 0.998572 0.007747
s 0
usemtl MAT_shadow_seam_dark
f 4917/7238/3981 4920/7239/3981 4921/7240/3981 4923/7241/3981
f 4918/7242/3982 4922/7243/3982 4921/7244/3982 4920/7245/3982
f 4919/7246/3983 4923/7247/3983 4921/7248/3983 4922/7249/3983
f 4924/7250/3984 4927/7251/3984 4928/7252/3984 4930/7253/3984
f 4925/7254/3985 4929/7255/3985 4928/7256/3985 4927/7257/3985
f 4926/7258/3986 4930/7259/3986 4928/7260/3986 4929/7261/3986
f 4931/7262/3987 4934/7263/3987 4935/7264/3987 4937/7265/3987
f 4932/7266/3988 4936/7267/3988 4935/7268/3988 4934/7269/3988
f 4933/7270/3989 4937/7271/3989 4935/7272/3989 4936/7273/3989
f 4938/7274/3990 4941/7275/3990 4942/7276/3990 4944/7277/3990
f 4939/7278/3991 4943/7279/3991 4942/7280/3991 4941/7281/3991
f 4940/7282/3992 4944/7283/3992 4942/7284/3992 4943/7285/3992
f 4945/7238/3993 4948/7286/3993 4949/7287/3993 4951/7288/3993
f 4946/7289/3994 4950/7290/3994 4949/7291/3994 4948/7292/3994
f 4947/7242/3995 4951/7245/3995 4949/7293/3995 4950/7294/3995
f 4952/7254/3996 4955/7295/3996 4956/7296/3996 4958/7297/3996
f 4953/7250/3997 4957/7298/3997 4956/7299/3997 4955/7251/3997
f 4954/7300/3998 4958/7301/3998 4956/7302/3998 4957/7303/3998
f 4959/7262/3999 4962/7304/3999 4963/7305/3999 4965/7306/3999
f 4960/7270/4000 4964/7307/4000 4963/7308/4000 4962/7271/4000
f 4961/7309/4001 4965/7310/4001 4963/7311/4001 4964/7312/4001
f 4966/7274/4002 4969/7313/4002 4970/7314/4002 4972/7315/4002
f 4967/7316/4003 4971/7317/4003 4970/7318/4003 4969/7319/4003
f 4968/7278/4004 4972/7281/4004 4970/7320/4004 4971/7321/4004
f 4931/7262/4005 4917/7238/4005 4923/7241/4005 4934/7263/4005
f 4934/7269/4006 4923/7247/4006 4919/7246/4006 4932/7266/4006
f 4918/7242/4007 4924/7250/4007 4930/7253/4007 4922/7243/4007
f 4922/7249/4008 4930/7259/4008 4926/7258/4008 4919/7246/4008
f 4925/7254/4009 4938/7274/4009 4944/7277/4009 4929/7255/4009
f 4929/7261/4010 4944/7283/4010 4940/7282/4010 4926/7258/4010
f 4939/7278/4011 4933/7270/4011 4936/7273/4011 4943/7279/4011
f 4943/7285/4012 4936/7267/4012 4932/7266/4012 4940/7282/4012
f 4959/7262/4013 4931/7262/4013 4937/7265/4013 4962/7304/4013
f 4962/7271/4014 4937/7271/4014 4933/7270/4014 4960/7270/4014
f 4938/7274/4015 4966/7274/4015 4972/7315/4015 4941/7275/4015
f 4941/7281/4016 4972/7281/4016 4968/7278/4016 4939/7278/4016
f 4967/7316/4017 4961/7309/4017 4964/7312/4017 4971/7317/4017
f 4971/7321/4018 4964/7307/4018 4960/7270/4018 4968/7278/4018
f 4945/7238/4019 4959/7262/4019 4965/7306/4019 4948/7286/4019
f 4948/7292/4020 4965/7310/4020 4961/7309/4020 4946/7289/4020
f 4966/7274/4021 4952/7254/4021 4958/7297/4021 4969/7313/4021
f 4969/7319/4022 4958/7301/4022 4954/7300/4022 4967/7316/4022
f 4953/7250/4023 4947/7242/4023 4950/7294/4023 4957/7298/4023
f 4957/7303/4024 4950/7290/4024 4946/7289/4024 4954/7300/4024
f 4917/7238/4025 4945/7238/4025 4951/7288/4025 4920/7239/4025
f 4920/7245/4026 4951/7245/4026 4947/7242/4026 4918/7242/4026
f 4952/7254/4027 4925/7254/4027 4927/7257/4027 4955/7295/4027
f 4955/7251/4028 4927/7251/4028 4924/7250/4028 4953/7250/4028
f 4931/7262/4029 4959/7262/4029 4945/7238/4029 4917/7238/4029
f 4919/7246/4030 4926/7258/4030 4940/7282/4030 4932/7266/4030
f 4947/7242/4031 4953/7250/4031 4924/7250/4031 4918/7242/4031
f 4966/7274/4032 4938/7274/4032 4925/7254/4032 4952/7254/4032
f 4933/7270/4033 4939/7278/4033 4968/7278/4033 4960/7270/4033
f 4961/7309/4034 4967/7316/4034 4954/7300/4034 4946/7289/4034
o AK_seam_handguard_rear_001
v 0.069600 -0.010000 0.019600
v 0.069600 -0.009600 0.020000
v 0.069200 -0.009600 0.019600
v 0.069600 -0.009883 0.019883
v 0.069369 -0.009831 0.019831
v 0.069317 -0.009600 0.019883
v 0.069317 -0.009883 0.019600
v 0.069600 0.019600 0.020000
v 0.069600 0.020000 0.019600
v 0.069200 0.019600 0.019600
v 0.069600 0.019883 0.019883
v 0.069369 0.019831 0.019831
v 0.069317 0.019883 0.019600
v 0.069317 0.019600 0.019883
v 0.069600 -0.010000 -0.019600
v 0.069200 -0.009600 -0.019600
v 0.069600 -0.009600 -0.020000
v 0.069317 -0.009883 -0.019600
v 0.069369 -0.009831 -0.019831
v 0.069317 -0.009600 -0.019883
v 0.069600 -0.009883 -0.019883
v 0.069600 0.020000 -0.019600
v 0.069600 0.019600 -0.020000
v 0.069200 0.019600 -0.019600
v 0.069600 0.019883 -0.019883
v 0.069369 0.019831 -0.019831
v 0.069317 0.019600 -0.019883
v 0.069317 0.019883 -0.019600
v 0.069600 -0.010000 0.019600
v 0.070000 -0.009600 0.019600
v 0.069600 -0.009600 0.020000
v 0.069883 -0.009883 0.019600
v 0.069831 -0.009831 0.019831
v 0.069883 -0.009600 0.019883
v 0.069600 -0.009883 0.019883
v 0.069600 0.020000 0.019600
v 0.069600 0.019600 0.020000
v 0.070000 0.019600 0.019600
v 0.069600 0.019883 0.019883
v 0.069831 0.019831 0.019831
v 0.069883 0.019600 0.019883
v 0.069883 0.019883 0.019600
v 0.069600 -0.010000 -0.019600
v 0.069600 -0.009600 -0.020000
v 0.070000 -0.009600 -0.019600
v 0.069600 -0.009883 -0.019883
v 0.069831 -0.009831 -0.019831
v 0.069883 -0.009600 -0.019883
v 0.069883 -0.009883 -0.019600
v 0.069600 0.020000 -0.019600
v 0.070000 0.019600 -0.019600
v 0.069600 0.019600 -0.020000
v 0.069883 0.019883 -0.019600
v 0.069831 0.019831 -0.019831
v 0.069883 0.019600 -0.019883
v 0.069600 0.019883 -0.019883
vn -0.3251 -0.8881 0.3251
vn -0.3251 -0.3251 0.8881
vn -0.8881 -0.3251 0.3251
vn -0.3251 0.3251 0.8881
vn -0.3251 0.8881 0.3251
vn -0.8881 0.3251 0.3251
vn -0.3251 -0.8881 -0.3251
vn -0.8881 -0.3251 -0.3251
vn -0.3251 -0.3251 -0.8881
vn -0.3251 0.8881 -0.3251
vn -0.3251 0.3251 -0.8881
vn -0.8881 0.3251 -0.3251
vn 0.3251 -0.8881 0.3251
vn 0.8881 -0.3251 0.3251
vn 0.3251 -0.3251 0.8881
vn 0.3251 0.8881 0.3251
vn 0.3251 0.3251 0.8881
vn 0.8881 0.3251 0.3251
vn 0.3251 -0.8881 -0.3251
vn 0.3251 -0.3251 -0.8881
vn 0.8881 -0.3251 -0.3251
vn 0.3251 0.8881 -0.3251
vn 0.8881 0.3251 -0.3251
vn 0.3251 0.3251 -0.8881
vn -0.3827 -0.9239 -0.0000
vn -0.9239 -0.3827 -0.0000
vn -0.3827 -0.0000 0.9239
vn -0.9239 -0.0000 0.3827
vn -0.3827 0.9239 -0.0000
vn -0.9239 0.3827 -0.0000
vn -0.3827 -0.0000 -0.9239
vn -0.9239 -0.0000 -0.3827
vn -0.0000 -0.9239 -0.3827
vn -0.0000 -0.3827 -0.9239
vn -0.0000 0.9239 -0.3827
vn -0.0000 0.3827 -0.9239
vn 0.9239 -0.0000 -0.3827
vn 0.3827 -0.0000 -0.9239
vn 0.3827 -0.9239 -0.0000
vn 0.9239 -0.3827 -0.0000
vn 0.3827 0.9239 -0.0000
vn 0.9239 0.3827 -0.0000
vn 0.3827 -0.0000 0.9239
vn 0.9239 -0.0000 0.3827
vn -0.0000 -0.9239 0.3827
vn -0.0000 -0.3827 0.9239
vn -0.0000 0.9239 0.3827
vn -0.0000 0.3827 0.9239
vn -0.0000 -1.0000 -0.0000
vn -1.0000 -0.0000 -0.0000
vn -0.0000 -0.0000 1.0000
vn -0.0000 1.0000 -0.0000
vn -0.0000 -0.0000 -1.0000
vn 1.0000 -0.0000 -0.0000
vt 0.961267 0.007747
vt 0.961267 0.001428
vt 0.964915 0.001428
vt 0.967586 0.007747
vt 0.992253 0.945773
vt 0.998572 0.945773
vt 0.998572 0.949421
vt 0.992253 0.952092
vt 0.469013 0.626981
vt 0.475332 0.626981
vt 0.475332 0.630630
vt 0.469013 0.633300
vt 0.992253 0.484507
vt 0.992253 0.478188
vt 0.995902 0.478188
vt 0.998572 0.484507
vt 0.976760 0.007747
vt 0.970441 0.007747
vt 0.970441 0.004099
vt 0.976760 0.001428
vt 0.007747 0.626981
vt 0.007747 0.633300
vt 0.004099 0.633300
vt 0.001428 0.626981
vt 0.961267 0.626981
vt 0.967586 0.626981
vt 0.967586 0.630629
vt 0.961267 0.633300
vt 0.469013 0.007747
vt 0.469013 0.001428
vt 0.472661 0.001428
vt 0.475332 0.007747
vt 0.992253 0.469013
vt 0.992253 0.475332
vt 0.988605 0.475332
vt 0.985935 0.469013
vt 0.976760 0.626981
vt 0.976760 0.633300
vt 0.973112 0.633300
vt 0.970441 0.626981
vt 0.992253 0.007747
vt 0.985935 0.007747
vt 0.985935 0.004099
vt 0.992253 0.001428
vt 0.007747 0.007747
vt 0.001428 0.007747
vt 0.001428 0.004099
vt 0.007747 0.001428
vt 0.954948 0.007747
vt 0.954948 0.004099
vt 0.961267 0.001428
vt 0.945773 0.007747
vt 0.945773 0.001428
vt 0.949421 0.001428
vt 0.952092 0.007747
vt 0.988605 0.952092
vt 0.985935 0.945773
vt 0.976760 0.001428
vt 0.980408 0.001428
vt 0.983079 0.007747
vt 0.985935 0.484507
vt 0.985935 0.480859
vt 0.484507 0.007747
vt 0.478188 0.007747
vt 0.478188 0.004099
vt 0.484507 0.001428
vt 0.961267 0.633300
vt 0.957619 0.633300
vt 0.954948 0.626981
vt 0.998572 0.469013
vt 0.998572 0.472661
vt 0.945773 0.626981
vt 0.952092 0.626981
vt 0.952092 0.630630
vt 0.945773 0.633300
vt 0.983079 0.626981
vt 0.983079 0.630629
vt 0.976760 0.633300
vt 0.484507 0.626981
vt 0.484507 0.633300
vt 0.480859 0.633300
vt 0.478188 0.626981
vt 0.995902 0.001428
vt 0.998572 0.007747
s 0
usemtl MAT_shadow_seam_dark
f 4973/7322/4035 4976/7323/4035 4977/7324/4035 4979/7325/4035
f 4974/7326/4036 4978/7327/4036 4977/7328/4036 4976/7329/4036
f 4975/7330/4037 4979/7331/4037 4977/7332/4037 4978/7333/4037
f 4980/7334/4038 4983/7335/4038 4984/7336/4038 4986/7337/4038
f 4981/7338/4039 4985/7339/4039 4984/7340/4039 4983/7341/4039
f 4982/7342/4040 4986/7343/4040 4984/7344/4040 4985/7345/4040
f 4987/7346/4041 4990/7347/4041 4991/7348/4041 4993/7349/4041
f 4988/7350/4042 4992/7351/4042 4991/7352/4042 4990/7353/4042
f 4989/7354/4043 4993/7355/4043 4991/7356/4043 4992/7357/4043
f 4994/7358/4044 4997/7359/4044 4998/7360/4044 5000/7361/4044
f 4995/7362/4045 4999/7363/4045 4998/7364/4045 4997/7365/4045
f 4996/7366/4046 5000/7367/4046 4998/7368/4046 4999/7369/4046
f 5001/7322/4047 5004/7370/4047 5005/7371/4047 5007/7372/4047
f 5002/7373/4048 5006/7374/4048 5005/7375/4048 5004/7376/4048
f 5003/7326/4049 5007/7329/4049 5005/7377/4049 5006/7378/4049
f 5008/7338/4050 5011/7379/4050 5012/7380/4050 5014/7381/4050
f 5009/7334/4051 5013/7382/4051 5012/7383/4051 5011/7335/4051
f 5010/7384/4052 5014/7385/4052 5012/7386/4052 5013/7387/4052
f 5015/7346/4053 5018/7388/4053 5019/7389/4053 5021/7390/4053
f 5016/7354/4054 5020/7391/4054 5019/7392/4054 5018/7355/4054
f 5017/7393/4055 5021/7394/4055 5019/7395/4055 5020/7396/4055
f 5022/7358/4056 5025/7397/4056 5026/7398/4056 5028/7399/4056
f 5023/7400/4057 5027/7401/4057 5026/7402/4057 5025/7403/4057
f 5024/7362/4058 5028/7365/4058 5026/7404/4058 5027/7405/4058
f 4987/7346/4059 4973/7322/4059 4979/7325/4059 4990/7347/4059
f 4990/7353/4060 4979/7331/4060 4975/7330/4060 4988/7350/4060
f 4974/7326/4061 4980/7334/4061 4986/7337/4061 4978/7327/4061
f 4978/7333/4062 4986/7343/4062 4982/7342/4062 4975/7330/4062
f 4981/7338/4063 4994/7358/4063 5000/7361/4063 4985/7339/4063
f 4985/7345/4064 5000/7367/4064 4996/7366/4064 4982/7342/4064
f 4995/7362/4065 4989/7354/4065 4992/7357/4065 4999/7363/4065
f 4999/7369/4066 4992/7351/4066 4988/7350/4066 4996/7366/4066
f 5015/7346/4067 4987/7346/4067 4993/7349/4067 5018/7388/4067
f 5018/7355/4068 4993/7355/4068 4989/7354/4068 5016/7354/4068
f 4994/7358/4069 5022/7358/4069 5028/7399/4069 4997/7359/4069
f 4997/7365/4070 5028/7365/4070 5024/7362/4070 4995/7362/4070
f 5023/7400/4071 5017/7393/4071 5020/7396/4071 5027/7401/4071
f 5027/7405/4072 5020/7391/4072 5016/7354/4072 5024/7362/4072
f 5001/7322/4073 5015/7346/4073 5021/7390/4073 5004/7370/4073
f 5004/7376/4074 5021/7394/4074 5017/7393/4074 5002/7373/4074
f 5022/7358/4075 5008/7338/4075 5014/7381/4075 5025/7397/4075
f 5025/7403/4076 5014/7385/4076 5010/7384/4076 5023/7400/4076
f 5009/7334/4077 5003/7326/4077 5006/7378/4077 5013/7382/4077
f 5013/7387/4078 5006/7374/4078 5002/7373/4078 5010/7384/4078
f 4973/7322/4079 5001/7322/4079 5007/7372/4079 4976/7323/4079
f 4976/7329/4080 5007/7329/4080 5003/7326/4080 4974/7326/4080
f 5008/7338/4081 4981/7338/4081 4983/7341/4081 5011/7379/4081
f 5011/7335/4082 4983/7335/4082 4980/7334/4082 5009/7334/4082
f 4987/7346/4083 5015/7346/4083 5001/7322/4083 4973/7322/4083
f 4975/7330/4084 4982/7342/4084 4996/7366/4084 4988/7350/4084
f 5003/7326/4085 5009/7334/4085 4980/7334/4085 4974/7326/4085
f 5022/7358/4086 4994/7358/4086 4981/7338/4086 5008/7338/4086
f 4989/7354/4087 4995/7362/4087 5024/7362/4087 5016/7354/4087
f 5017/7393/4088 5023/7400/4088 5010/7384/4088 5002/7373/4088
o AK_seam_handguard_receiver_001
v 0.060000 -0.017500 0.022100
v 0.060000 -0.017100 0.022500
v 0.059600 -0.017100 0.022100
v 0.060000 -0.017383 0.022383
v 0.059769 -0.017331 0.022331
v 0.059717 -0.017100 0.022383
v 0.059717 -0.017383 0.022100
v 0.060000 0.027100 0.022500
v 0.060000 0.027500 0.022100
v 0.059600 0.027100 0.022100
v 0.060000 0.027383 0.022383
v 0.059769 0.027331 0.022331
v 0.059717 0.027383 0.022100
v 0.059717 0.027100 0.022383
v 0.060000 -0.017500 -0.022100
v 0.059600 -0.017100 -0.022100
v 0.060000 -0.017100 -0.022500
v 0.059717 -0.017383 -0.022100
v 0.059769 -0.017331 -0.022331
v 0.059717 -0.017100 -0.022383
v 0.060000 -0.017383 -0.022383
v 0.060000 0.027500 -0.022100
v 0.060000 0.027100 -0.022500
v 0.059600 0.027100 -0.022100
v 0.060000 0.027383 -0.022383
v 0.059769 0.027331 -0.022331
v 0.059717 0.027100 -0.022383
v 0.059717 0.027383 -0.022100
v 0.060000 -0.017500 0.022100
v 0.060400 -0.017100 0.022100
v 0.060000 -0.017100 0.022500
v 0.060283 -0.017383 0.022100
v 0.060231 -0.017331 0.022331
v 0.060283 -0.017100 0.022383
v 0.060000 -0.017383 0.022383
v 0.060000 0.027500 0.022100
v 0.060000 0.027100 0.022500
v 0.060400 0.027100 0.022100
v 0.060000 0.027383 0.022383
v 0.060231 0.027331 0.022331
v 0.060283 0.027100 0.022383
v 0.060283 0.027383 0.022100
v 0.060000 -0.017500 -0.022100
v 0.060000 -0.017100 -0.022500
v 0.060400 -0.017100 -0.022100
v 0.060000 -0.017383 -0.022383
v 0.060231 -0.017331 -0.022331
v 0.060283 -0.017100 -0.022383
v 0.060283 -0.017383 -0.022100
v 0.060000 0.027500 -0.022100
v 0.060400 0.027100 -0.022100
v 0.060000 0.027100 -0.022500
v 0.060283 0.027383 -0.022100
v 0.060231 0.027331 -0.022331
v 0.060283 0.027100 -0.022383
v 0.060000 0.027383 -0.022383
vn -0.3251 -0.8881 0.3251
vn -0.3251 -0.3251 0.8881
vn -0.8881 -0.3251 0.3251
vn -0.3251 0.3251 0.8881
vn -0.3251 0.8881 0.3251
vn -0.8881 0.3251 0.3251
vn -0.3251 -0.8881 -0.3251
vn -0.8881 -0.3251 -0.3251
vn -0.3251 -0.3251 -0.8881
vn -0.3251 0.8881 -0.3251
vn -0.3251 0.3251 -0.8881
vn -0.8881 0.3251 -0.3251
vn 0.3251 -0.8881 0.3251
vn 0.8881 -0.3251 0.3251
vn 0.3251 -0.3251 0.8881
vn 0.3251 0.8881 0.3251
vn 0.3251 0.3251 0.8881
vn 0.8881 0.3251 0.3251
vn 0.3251 -0.8881 -0.3251
vn 0.3251 -0.3251 -0.8881
vn 0.8881 -0.3251 -0.3251
vn 0.3251 0.8881 -0.3251
vn 0.8881 0.3251 -0.3251
vn 0.3251 0.3251 -0.8881
vn -0.3827 -0.9239 -0.0000
vn -0.9239 -0.3827 -0.0000
vn -0.3827 -0.0000 0.9239
vn -0.9239 -0.0000 0.3827
vn -0.3827 0.9239 -0.0000
vn -0.9239 0.3827 -0.0000
vn -0.3827 -0.0000 -0.9239
vn -0.9239 -0.0000 -0.3827
vn -0.0000 -0.9239 -0.3827
vn -0.0000 -0.3827 -0.9239
vn -0.0000 0.9239 -0.3827
vn -0.0000 0.3827 -0.9239
vn 0.9239 -0.0000 -0.3827
vn 0.3827 -0.0000 -0.9239
vn 0.3827 -0.9239 -0.0000
vn 0.9239 -0.3827 -0.0000
vn 0.3827 0.9239 -0.0000
vn 0.9239 0.3827 -0.0000
vn 0.3827 -0.0000 0.9239
vn 0.9239 -0.0000 0.3827
vn -0.0000 -0.9239 0.3827
vn -0.0000 -0.3827 0.9239
vn -0.0000 0.9239 0.3827
vn -0.0000 0.3827 0.9239
vn -0.0000 -1.0000 -0.0000
vn -1.0000 -0.0000 -0.0000
vn -0.0000 -0.0000 1.0000
vn -0.0000 1.0000 -0.0000
vn -0.0000 -0.0000 -1.0000
vn 1.0000 -0.0000 -0.0000
vt 0.517047 0.005682
vt 0.517047 0.001260
vt 0.519600 0.001260
vt 0.521469 0.005682
vt 0.505682 0.994318
vt 0.510104 0.994318
vt 0.510104 0.996871
vt 0.505682 0.998740
vt 0.494318 0.494318
vt 0.498740 0.494318
vt 0.498740 0.496871
vt 0.494318 0.498740
vt 0.505682 0.505682
vt 0.505682 0.501260
vt 0.508235 0.501260
vt 0.510104 0.505682
vt 0.517047 0.505682
vt 0.512625 0.505682
vt 0.512625 0.503129
vt 0.517047 0.501260
vt 0.005682 0.494318
vt 0.005682 0.498740
vt 0.003129 0.498740
vt 0.001260 0.494318
vt 0.517047 0.494318
vt 0.521469 0.494318
vt 0.521469 0.496871
vt 0.517047 0.498740
vt 0.494318 0.005682
vt 0.494318 0.001260
vt 0.496871 0.001260
vt 0.498740 0.005682
vt 0.505682 0.494318
vt 0.505682 0.498740
vt 0.503129 0.498740
vt 0.501260 0.494318
vt 0.517047 0.994318
vt 0.517047 0.998740
vt 0.514494 0.998740
vt 0.512625 0.994318
vt 0.505682 0.005682
vt 0.501260 0.005682
vt 0.501260 0.003129
vt 0.505682 0.001260
vt 0.005682 0.005682
vt 0.001260 0.005682
vt 0.001260 0.003129
vt 0.005682 0.001260
vt 0.512625 0.005682
vt 0.512625 0.003129
vt 0.494318 0.505682
vt 0.494318 0.501260
vt 0.496871 0.501260
vt 0.498740 0.505682
vt 0.503129 0.998740
vt 0.501260 0.994318
vt 0.517047 0.501260
vt 0.519600 0.501260
vt 0.521469 0.505682
vt 0.501260 0.505682
vt 0.501260 0.503129
vt 0.005682 0.505682
vt 0.001260 0.505682
vt 0.001260 0.503129
vt 0.005682 0.501260
vt 0.517047 0.498740
vt 0.514494 0.498740
vt 0.512625 0.494318
vt 0.510104 0.494318
vt 0.510104 0.496871
vt 0.494318 0.994318
vt 0.498740 0.994318
vt 0.498740 0.996871
vt 0.494318 0.998740
vt 0.521469 0.994318
vt 0.521469 0.996871
vt 0.005682 0.994318
vt 0.005682 0.998740
vt 0.003129 0.998740
vt 0.001260 0.994318
vt 0.508235 0.001260
vt 0.510104 0.005682
s 0
usemtl MAT_shadow_seam_dark
f 5029/7406/4089 5032/7407/4089 5033/7408/4089 5035/7409/4089
f 5030/7410/4090 5034/7411/4090 5033/7412/4090 5032/7413/4090
f 5031/7414/4091 5035/7415/4091 5033/7416/4091 5034/7417/4091
f 5036/7418/4092 5039/7419/4092 5040/7420/4092 5042/7421/4092
f 5037/7422/4093 5041/7423/4093 5040/7424/4093 5039/7425/4093
f 5038/7426/4094 5042/7427/4094 5040/7428/4094 5041/7429/4094
f 5043/7430/4095 5046/7431/4095 5047/7432/4095 5049/7433/4095
f 5044/7434/4096 5048/7435/4096 5047/7436/4096 5046/7437/4096
f 5045/7438/4097 5049/7439/4097 5047/7440/4097 5048/7441/4097
f 5050/7442/4098 5053/7443/4098 5054/7444/4098 5056/7445/4098
f 5051/7446/4099 5055/7447/4099 5054/7448/4099 5053/7449/4099
f 5052/7450/4100 5056/7451/4100 5054/7452/4100 5055/7453/4100
f 5057/7406/4101 5060/7454/4101 5061/7455/4101 5063/7407/4101
f 5058/7456/4102 5062/7457/4102 5061/7458/4102 5060/7459/4102
f 5059/7410/4103 5063/7413/4103 5061/7460/4103 5062/7461/4103
f 5064/7422/4104 5067/7462/4104 5068/7463/4104 5070/7464/4104
f 5065/7418/4105 5069/7465/4105 5068/7466/4105 5067/7419/4105
f 5066/7467/4106 5070/7468/4106 5068/7469/4106 5069/7470/4106
f 5071/7430/4107 5074/7471/4107 5075/7472/4107 5077/7473/4107
f 5072/7438/4108 5076/7474/4108 5075/7475/4108 5074/7439/4108
f 5073/7476/4109 5077/7477/4109 5075/7478/4109 5076/7479/4109
f 5078/7442/4110 5081/7480/4110 5082/7481/4110 5084/7443/4110
f 5079/7482/4111 5083/7483/4111 5082/7484/4111 5081/7485/4111
f 5080/7446/4112 5084/7449/4112 5082/7486/4112 5083/7487/4112
f 5043/7430/4113 5029/7406/4113 5035/7409/4113 5046/7431/4113
f 5046/7437/4114 5035/7415/4114 5031/7414/4114 5044/7434/4114
f 5030/7410/4115 5036/7418/4115 5042/7421/4115 5034/7411/4115
f 5034/7417/4116 5042/7427/4116 5038/7426/4116 5031/7414/4116
f 5037/7422/4117 5050/7442/4117 5056/7445/4117 5041/7423/4117
f 5041/7429/4118 5056/7451/4118 5052/7450/4118 5038/7426/4118
f 5051/7446/4119 5045/7438/4119 5048/7441/4119 5055/7447/4119
f 5055/7453/4120 5048/7435/4120 5044/7434/4120 5052/7450/4120
f 5071/7430/4121 5043/7430/4121 5049/7433/4121 5074/7471/4121
f 5074/7439/4122 5049/7439/4122 5045/7438/4122 5072/7438/4122
f 5050/7442/4123 5078/7442/4123 5084/7443/4123 5053/7443/4123
f 5053/7449/4124 5084/7449/4124 5080/7446/4124 5051/7446/4124
f 5079/7482/4125 5073/7476/4125 5076/7479/4125 5083/7483/4125
f 5083/7487/4126 5076/7474/4126 5072/7438/4126 5080/7446/4126
f 5057/7406/4127 5071/7430/4127 5077/7473/4127 5060/7454/4127
f 5060/7459/4128 5077/7477/4128 5073/7476/4128 5058/7456/4128
f 5078/7442/4129 5064/7422/4129 5070/7464/4129 5081/7480/4129
f 5081/7485/4130 5070/7468/4130 5066/7467/4130 5079/7482/4130
f 5065/7418/4131 5059/7410/4131 5062/7461/4131 5069/7465/4131
f 5069/7470/4132 5062/7457/4132 5058/7456/4132 5066/7467/4132
f 5029/7406/4133 5057/7406/4133 5063/7407/4133 5032/7407/4133
f 5032/7413/4134 5063/7413/4134 5059/7410/4134 5030/7410/4134
f 5064/7422/4135 5037/7422/4135 5039/7425/4135 5067/7462/4135
f 5067/7419/4136 5039/7419/4136 5036/7418/4136 5065/7418/4136
f 5043/7430/4137 5071/7430/4137 5057/7406/4137 5029/7406/4137
f 5031/7414/4138 5038/7426/4138 5052/7450/4138 5044/7434/4138
f 5059/7410/4139 5065/7418/4139 5036/7418/4139 5030/7410/4139
f 5078/7442/4140 5050/7442/4140 5037/7422/4140 5064/7422/4140
f 5045/7438/4141 5051/7446/4141 5080/7446/4141 5072/7438/4141
f 5073/7476/4142 5079/7482/4142 5066/7467/4142 5058/7456/4142
o AK_seam_magazine_baseplate_001
v -0.052450 -0.179300 0.014700
v -0.052450 -0.179000 0.015000
v -0.052750 -0.179000 0.014700
v -0.052450 -0.179212 0.014912
v -0.052623 -0.179173 0.014873
v -0.052662 -0.179000 0.014912
v -0.052662 -0.179212 0.014700
v -0.052450 -0.179000 0.015000
v -0.052450 -0.178700 0.014700
v -0.052750 -0.179000 0.014700
v -0.052450 -0.178788 0.014912
v -0.052623 -0.178827 0.014873
v -0.052662 -0.178788 0.014700
v -0.052662 -0.179000 0.014912
v -0.052450 -0.179300 -0.014700
v -0.052750 -0.179000 -0.014700
v -0.052450 -0.179000 -0.015000
v -0.052662 -0.179212 -0.014700
v -0.052623 -0.179173 -0.014873
v -0.052662 -0.179000 -0.014912
v -0.052450 -0.179212 -0.014912
v -0.052450 -0.178700 -0.014700
v -0.052450 -0.179000 -0.015000
v -0.052750 -0.179000 -0.014700
v -0.052450 -0.178788 -0.014912
v -0.052623 -0.178827 -0.014873
v -0.052662 -0.179000 -0.014912
v -0.052662 -0.178788 -0.014700
v 0.064950 -0.179300 0.014700
v 0.065250 -0.179000 0.014700
v 0.064950 -0.179000 0.015000
v 0.065162 -0.179212 0.014700
v 0.065123 -0.179173 0.014873
v 0.065162 -0.179000 0.014912
v 0.064950 -0.179212 0.014912
v 0.064950 -0.178700 0.014700
v 0.064950 -0.179000 0.015000
v 0.065250 -0.179000 0.014700
v 0.064950 -0.178788 0.014912
v 0.065123 -0.178827 0.014873
v 0.065162 -0.179000 0.014912
v 0.065162 -0.178788 0.014700
v 0.064950 -0.179300 -0.014700
v 0.064950 -0.179000 -0.015000
v 0.065250 -0.179000 -0.014700
v 0.064950 -0.179212 -0.014912
v 0.065123 -0.179173 -0.014873
v 0.065162 -0.179000 -0.014912
v 0.065162 -0.179212 -0.014700
v 0.064950 -0.178700 -0.014700
v 0.065250 -0.179000 -0.014700
v 0.064950 -0.179000 -0.015000
v 0.065162 -0.178788 -0.014700
v 0.065123 -0.178827 -0.014873
v 0.065162 -0.179000 -0.014912
v 0.064950 -0.178788 -0.014912
vn -0.3251 -0.8881 0.3250
vn -0.3251 -0.3251 0.8881
vn -0.8881 -0.3250 0.3250
vn -0.3250 0.3251 0.8881
vn -0.3251 0.8881 0.3250
vn -0.8881 0.3250 0.3250
vn -0.3251 -0.8881 -0.3251
vn -0.8881 -0.3251 -0.3251
vn -0.3251 -0.3251 -0.8881
vn -0.3251 0.8881 -0.3250
vn -0.3251 0.3251 -0.8881
vn -0.8881 0.3250 -0.3250
vn 0.3251 -0.8881 0.3251
vn 0.8881 -0.3251 0.3251
vn 0.3251 -0.3251 0.8881
vn 0.3251 0.8881 0.3250
vn 0.3251 0.3251 0.8881
vn 0.8881 0.3250 0.3250
vn 0.3251 -0.8881 -0.3250
vn 0.3251 -0.3251 -0.8881
vn 0.8881 -0.3250 -0.3250
vn 0.3251 0.8881 -0.3251
vn 0.8881 0.3251 -0.3251
vn 0.3251 0.3251 -0.8881
vn -0.3827 -0.9239 -0.0000
vn -0.9239 -0.3827 -0.0000
vn -0.3827 -0.0000 0.9239
vn -0.9239 -0.0000 0.3827
vn -0.3827 0.9239 -0.0000
vn -0.9239 0.3827 -0.0000
vn -0.0165 -0.9991 -0.0399
vn -0.0181 -0.9998 -0.0075
vn -0.0000 -0.9239 -0.3827
vn -0.0000 -0.3827 -0.9239
vn -0.0000 0.9239 -0.3827
vn -0.0000 0.3827 -0.9239
vn 0.0173 0.9998 -0.0072
vn 0.0225 0.9983 -0.0542
vn 0.3827 -0.9239 -0.0000
vn 0.9239 -0.3827 -0.0000
vn 0.3827 0.9239 -0.0000
vn 0.9239 0.3827 -0.0000
vn 0.0165 -0.9991 0.0399
vn 0.0181 -0.9998 0.0075
vn -0.0000 -0.9239 0.3827
vn -0.0000 -0.3827 0.9239
vn -0.0000 0.9239 0.3827
vn -0.0000 0.3827 0.9239
vn -0.0000 -1.0000 -0.0000
vn -1.0000 -0.0000 -0.0000
vn -0.0000 -0.0000 1.0000
vn -0.0000 1.0000 -0.0000
vn -0.0000 -0.0000 -1.0000
vn 1.0000 -0.0000 -0.0000
vt 0.003756 0.003756
vt 0.001220 0.003756
vt 0.001220 0.002292
vt 0.003756 0.001220
vt 0.523383 0.003756
vt 0.523383 0.001220
vt 0.524847 0.001220
vt 0.525919 0.003756
vt 0.530895 0.252301
vt 0.533431 0.252301
vt 0.533431 0.253765
vt 0.530895 0.254837
vt 0.523383 0.003756
vt 0.520846 0.003756
vt 0.520846 0.002292
vt 0.259813 0.996244
vt 0.259813 0.998780
vt 0.258349 0.998780
vt 0.257277 0.996244
vt 0.530895 0.252301
vt 0.530895 0.254837
vt 0.529431 0.254837
vt 0.528359 0.252301
vt 0.252301 0.003756
vt 0.252301 0.001220
vt 0.253765 0.001220
vt 0.254837 0.003756
vt 0.530895 0.003756
vt 0.530895 0.001220
vt 0.532359 0.001220
vt 0.533431 0.003756
vt 0.515870 0.996244
vt 0.518406 0.996244
vt 0.518406 0.997708
vt 0.515870 0.998780
vt 0.508358 0.996244
vt 0.510894 0.996244
vt 0.510894 0.997708
vt 0.508358 0.998780
vt 0.514406 0.998780
vt 0.513334 0.996244
vt 0.528359 0.003756
vt 0.528359 0.002292
vt 0.530895 0.001220
vt 0.003756 0.996244
vt 0.003756 0.998780
vt 0.002292 0.998780
vt 0.001220 0.996244
vt 0.530895 0.259813
vt 0.530895 0.257277
vt 0.532359 0.257277
vt 0.533431 0.259813
vt 0.523382 0.996244
vt 0.525919 0.996244
vt 0.525919 0.997708
vt 0.523382 0.998780
vt 0.259813 0.003756
vt 0.257277 0.003756
vt 0.257277 0.002292
vt 0.259813 0.001220
vt 0.523382 0.996244
vt 0.523382 0.998780
vt 0.521918 0.998780
vt 0.520846 0.996244
vt 0.530895 0.259813
vt 0.528359 0.259813
vt 0.528359 0.258349
vt 0.530895 0.257277
vt 0.252301 0.996244
vt 0.254837 0.996244
vt 0.254837 0.997708
vt 0.252301 0.998780
vt 0.515870 0.003756
vt 0.515870 0.001220
vt 0.517334 0.001220
vt 0.518406 0.003756
vt 0.530895 0.508358
vt 0.533431 0.508358
vt 0.533431 0.509822
vt 0.530895 0.510894
vt 0.508358 0.003756
vt 0.508358 0.001220
vt 0.509822 0.001220
vt 0.510894 0.003756
vt 0.530895 0.508358
vt 0.530895 0.510894
vt 0.529431 0.510894
vt 0.528359 0.508358
vt 0.515870 0.003756
vt 0.513334 0.003756
vt 0.513334 0.002292
vt 0.515870 0.001220
s 0
usemtl MAT_shadow_seam_dark
f 5085/7488/4143 5088/7489/4143 5089/7490/4143 5091/7491/4143
f 5086/7492/4144 5090/7493/4144 5089/7494/4144 5088/7495/4144
f 5087/7496/4145 5091/7497/4145 5089/7498/4145 5090/7499/4145
f 5092/7500/4146 5095/7501/4146 5096/7502/4146 5098/7493/4146
f 5093/7503/4147 5097/7504/4147 5096/7505/4147 5095/7506/4147
f 5094/7507/4148 5098/7508/4148 5096/7509/4148 5097/7510/4148
f 5099/7511/4149 5102/7512/4149 5103/7513/4149 5105/7514/4149
f 5100/7515/4150 5104/7516/4150 5103/7517/4150 5102/7518/4150
f 5101/7519/4151 5105/7520/4151 5103/7521/4151 5104/7522/4151
f 5106/7523/4152 5109/7524/4152 5110/7525/4152 5112/7526/4152
f 5107/7519/4153 5111/7522/4153 5110/7527/4153 5109/7528/4153
f 5108/7515/4154 5112/7529/4154 5110/7530/4154 5111/7531/4154
f 5113/7532/4155 5116/7533/4155 5117/7534/4155 5119/7535/4155
f 5114/7536/4156 5118/7537/4156 5117/7538/4156 5116/7539/4156
f 5115/7540/4157 5119/7541/4157 5117/7542/4157 5118/7543/4157
f 5120/7544/4158 5123/7545/4158 5124/7546/4158 5126/7547/4158
f 5121/7548/4159 5125/7549/4159 5124/7550/4159 5123/7551/4159
f 5122/7552/4160 5126/7553/4160 5124/7554/4160 5125/7555/4160
f 5127/7556/4161 5130/7557/4161 5131/7558/4161 5133/7559/4161
f 5128/7560/4162 5132/7561/4162 5131/7562/4162 5130/7563/4162
f 5129/7564/4163 5133/7565/4163 5131/7566/4163 5132/7567/4163
f 5134/7568/4164 5137/7569/4164 5138/7570/4164 5140/7571/4164
f 5135/7572/4165 5139/7573/4165 5138/7574/4165 5137/7575/4165
f 5136/7576/4166 5140/7577/4166 5138/7578/4166 5139/7579/4166
f 5099/7511/4167 5085/7488/4167 5091/7491/4167 5102/7512/4167
f 5102/7518/4168 5091/7497/4168 5087/7496/4168 5100/7515/4168
f 5086/7492/4169 5092/7500/4169 5098/7493/4169 5090/7493/4169
f 5090/7499/4170 5098/7508/4170 5094/7507/4170 5087/7496/4170
f 5093/7503/4171 5106/7523/4171 5112/7526/4171 5097/7504/4171
f 5097/7510/4172 5112/7529/4172 5108/7515/4172 5094/7507/4172
f 5107/7519/4173 5101/7519/4173 5104/7522/4173 5111/7522/4173
f 5111/7531/4174 5104/7516/4174 5100/7515/4174 5108/7515/4174
f 5127/7556/4175 5099/7511/4175 5105/7514/4175 5130/7557/4175
f 5130/7563/4176 5105/7520/4176 5101/7519/4176 5128/7560/4176
f 5106/7523/4177 5134/7568/4177 5140/7571/4177 5109/7524/4177
f 5109/7528/4178 5140/7577/4178 5136/7576/4178 5107/7519/4178
f 5135/7572/4179 5129/7564/4179 5132/7567/4179 5139/7573/4179
f 5139/7579/4180 5132/7561/4180 5128/7560/4180 5136/7576/4180
f 5113/7532/4181 5127/7556/4181 5133/7559/4181 5116/7533/4181
f 5116/7539/4182 5133/7565/4182 5129/7564/4182 5114/7536/4182
f 5134/7568/4183 5120/7544/4183 5126/7547/4183 5137/7569/4183
f 5137/7575/4184 5126/7553/4184 5122/7552/4184 5135/7572/4184
f 5121/7548/4185 5115/7540/4185 5118/7543/4185 5125/7549/4185
f 5125/7555/4186 5118/7537/4186 5114/7536/4186 5122/7552/4186
f 5085/7488/4187 5113/7532/4187 5119/7535/4187 5088/7489/4187
f 5088/7495/4188 5119/7541/4188 5115/7540/4188 5086/7492/4188
f 5120/7544/4189 5093/7503/4189 5095/7506/4189 5123/7545/4189
f 5123/7551/4190 5095/7501/4190 5092/7500/4190 5121/7548/4190
f 5099/7511/4191 5127/7556/4191 5113/7532/4191 5085/7488/4191
f 5087/7496/4192 5094/7507/4192 5108/7515/4192 5100/7515/4192
f 5115/7540/4193 5121/7548/4193 5092/7500/4193 5086/7492/4193
f 5134/7568/4194 5106/7523/4194 5093/7503/4194 5120/7544/4194
f 5101/7519/4195 5107/7519/4195 5136/7576/4195 5128/7560/4195
f 5129/7564/4196 5135/7572/4196 5122/7552/4196 5114/7536/4196
o AK_seam_stock_receiver_001
v -0.180000 -0.040000 0.022100
v -0.180000 -0.039600 0.022500
v -0.180400 -0.039600 0.022100
v -0.180000 -0.039883 0.022383
v -0.180231 -0.039831 0.022331
v -0.180283 -0.039600 0.022383
v -0.180283 -0.039883 0.022100
v -0.180000 0.039600 0.022500
v -0.180000 0.040000 0.022100
v -0.180400 0.039600 0.022100
v -0.180000 0.039883 0.022383
v -0.180231 0.039831 0.022331
v -0.180283 0.039883 0.022100
v -0.180283 0.039600 0.022383
v -0.180000 -0.040000 -0.022100
v -0.180400 -0.039600 -0.022100
v -0.180000 -0.039600 -0.022500
v -0.180283 -0.039883 -0.022100
v -0.180231 -0.039831 -0.022331
v -0.180283 -0.039600 -0.022383
v -0.180000 -0.039883 -0.022383
v -0.180000 0.040000 -0.022100
v -0.180000 0.039600 -0.022500
v -0.180400 0.039600 -0.022100
v -0.180000 0.039883 -0.022383
v -0.180231 0.039831 -0.022331
v -0.180283 0.039600 -0.022383
v -0.180283 0.039883 -0.022100
v -0.180000 -0.040000 0.022100
v -0.179600 -0.039600 0.022100
v -0.180000 -0.039600 0.022500
v -0.179717 -0.039883 0.022100
v -0.179769 -0.039831 0.022331
v -0.179717 -0.039600 0.022383
v -0.180000 -0.039883 0.022383
v -0.180000 0.040000 0.022100
v -0.180000 0.039600 0.022500
v -0.179600 0.039600 0.022100
v -0.180000 0.039883 0.022383
v -0.179769 0.039831 0.022331
v -0.179717 0.039600 0.022383
v -0.179717 0.039883 0.022100
v -0.180000 -0.040000 -0.022100
v -0.180000 -0.039600 -0.022500
v -0.179600 -0.039600 -0.022100
v -0.180000 -0.039883 -0.022383
v -0.179769 -0.039831 -0.022331
v -0.179717 -0.039600 -0.022383
v -0.179717 -0.039883 -0.022100
v -0.180000 0.040000 -0.022100
v -0.179600 0.039600 -0.022100
v -0.180000 0.039600 -0.022500
v -0.179717 0.039883 -0.022100
v -0.179769 0.039831 -0.022331
v -0.179717 0.039600 -0.022383
v -0.180000 0.039883 -0.022383
vn -0.3251 -0.8881 0.3251
vn -0.3251 -0.3251 0.8881
vn -0.8881 -0.3251 0.3251
vn -0.3251 0.3251 0.8881
vn -0.3251 0.8881 0.3251
vn -0.8881 0.3251 0.3251
vn -0.3251 -0.8881 -0.3251
vn -0.8881 -0.3251 -0.3251
vn -0.3251 -0.3251 -0.8881
vn -0.3251 0.8881 -0.3251
vn -0.3251 0.3251 -0.8881
vn -0.8881 0.3251 -0.3251
vn 0.3251 -0.8881 0.3251
vn 0.8881 -0.3251 0.3251
vn 0.3251 -0.3251 0.8881
vn 0.3251 0.8881 0.3251
vn 0.3251 0.3251 0.8881
vn 0.8881 0.3251 0.3251
vn 0.3251 -0.8881 -0.3251
vn 0.3251 -0.3251 -0.8881
vn 0.8881 -0.3251 -0.3251
vn 0.3251 0.8881 -0.3251
vn 0.8881 0.3251 -0.3251
vn 0.3251 0.3251 -0.8881
vn -0.3827 -0.9239 -0.0000
vn -0.9239 -0.3827 -0.0000
vn -0.3827 -0.0000 0.9239
vn -0.9239 -0.0000 0.3827
vn -0.3827 0.9239 -0.0000
vn -0.9239 0.3827 -0.0000
vn -0.3827 -0.0000 -0.9239
vn -0.9239 -0.0000 -0.3827
vn -0.0000 -0.9239 -0.3827
vn -0.0000 -0.3827 -0.9239
vn -0.0000 0.9239 -0.3827
vn -0.0000 0.3827 -0.9239
vn 0.9239 -0.0000 -0.3827
vn 0.3827 -0.0000 -0.9239
vn 0.3827 -0.9239 -0.0000
vn 0.9239 -0.3827 -0.0000
vn 0.3827 0.9239 -0.0000
vn 0.9239 0.3827 -0.0000
vn 0.3827 -0.0000 0.9239
vn 0.9239 -0.0000 0.3827
vn -0.0000 -0.9239 0.3827
vn -0.0000 -0.3827 0.9239
vn -0.0000 0.9239 0.3827
vn -0.0000 0.3827 0.9239
vn -0.0000 -1.0000 -0.0000
vn -1.0000 -0.0000 -0.0000
vn -0.0000 -0.0000 1.0000
vn -0.0000 1.0000 -0.0000
vn -0.0000 -0.0000 -1.0000
vn 1.0000 -0.0000 -0.0000
vt 0.994163 0.005837
vt 0.994163 0.001576
vt 0.996623 0.001576
vt 0.998423 0.005837
vt 0.982488 0.849467
vt 0.986749 0.849467
vt 0.986749 0.851927
vt 0.982488 0.853728
vt 0.005837 0.849467
vt 0.005837 0.853728
vt 0.003377 0.853728
vt 0.001576 0.849467
vt 0.982488 0.005837
vt 0.982488 0.001576
vt 0.984948 0.001576
vt 0.986749 0.005837
vt 0.994163 0.488325
vt 0.989902 0.488325
vt 0.989902 0.485866
vt 0.994163 0.484065
vt 0.005837 0.005837
vt 0.001576 0.005837
vt 0.001576 0.003377
vt 0.005837 0.001576
vt 0.994163 0.476651
vt 0.998423 0.476651
vt 0.998423 0.479111
vt 0.994163 0.480912
vt 0.476651 0.849467
vt 0.480912 0.849467
vt 0.480912 0.851927
vt 0.476651 0.853728
vt 0.970814 0.849467
vt 0.970814 0.853728
vt 0.968354 0.853728
vt 0.966553 0.849467
vt 0.994163 0.959139
vt 0.994163 0.963400
vt 0.991703 0.963400
vt 0.989902 0.959139
vt 0.970814 0.005837
vt 0.966553 0.005837
vt 0.966553 0.003377
vt 0.970814 0.001576
vt 0.476651 0.005837
vt 0.476651 0.001576
vt 0.479111 0.001576
vt 0.480912 0.005837
vt 0.994163 0.005837
vt 0.989902 0.005837
vt 0.989902 0.003377
vt 0.994163 0.001576
vt 0.959139 0.849467
vt 0.963400 0.849467
vt 0.963400 0.851927
vt 0.959139 0.853728
vt 0.980028 0.853728
vt 0.978227 0.849467
vt 0.994163 0.484065
vt 0.996623 0.484065
vt 0.998423 0.488325
vt 0.978227 0.005837
vt 0.978227 0.003377
vt 0.959139 0.005837
vt 0.959139 0.001576
vt 0.961599 0.001576
vt 0.963400 0.005837
vt 0.994163 0.480912
vt 0.991703 0.480912
vt 0.989902 0.476651
vt 0.975074 0.849467
vt 0.975074 0.851927
vt 0.488325 0.849467
vt 0.488325 0.853728
vt 0.485866 0.853728
vt 0.484065 0.849467
vt 0.998423 0.959139
vt 0.998423 0.961599
vt 0.488325 0.005837
vt 0.484065 0.005837
vt 0.484065 0.003377
vt 0.488325 0.001576
vt 0.973274 0.001576
vt 0.975074 0.005837
s 0
usemtl MAT_shadow_seam_dark
f 5141/7580/4197 5144/7581/4197 5145/7582/4197 5147/7583/4197
f 5142/7584/4198 5146/7585/4198 5145/7586/4198 5144/7587/4198
f 5143/7588/4199 5147/7589/4199 5145/7590/4199 5146/7591/4199
f 5148/7592/4200 5151/7593/4200 5152/7594/4200 5154/7595/4200
f 5149/7596/4201 5153/7597/4201 5152/7598/4201 5151/7599/4201
f 5150/7600/4202 5154/7601/4202 5152/7602/4202 5153/7603/4202
f 5155/7604/4203 5158/7605/4203 5159/7606/4203 5161/7607/4203
f 5156/7608/4204 5160/7609/4204 5159/7610/4204 5158/7611/4204
f 5157/7612/4205 5161/7613/4205 5159/7614/4205 5160/7615/4205
f 5162/7616/4206 5165/7617/4206 5166/7618/4206 5168/7619/4206
f 5163/7620/4207 5167/7621/4207 5166/7622/4207 5165/7623/4207
f 5164/7624/4208 5168/7625/4208 5166/7626/4208 5167/7627/4208
f 5169/7628/4209 5172/7629/4209 5173/7630/4209 5175/7631/4209
f 5170/7632/4210 5174/7633/4210 5173/7634/4210 5172/7635/4210
f 5171/7584/4211 5175/7587/4211 5173/7636/4211 5174/7637/4211
f 5176/7596/4212 5179/7638/4212 5180/7639/4212 5182/7640/4212
f 5177/7592/4213 5181/7641/4213 5180/7642/4213 5179/7593/4213
f 5178/7643/4214 5182/7644/4214 5180/7645/4214 5181/7646/4214
f 5183/7604/4215 5186/7647/4215 5187/7648/4215 5189/7649/4215
f 5184/7612/4216 5188/7650/4216 5187/7651/4216 5186/7613/4216
f 5185/7652/4217 5189/7653/4217 5187/7654/4217 5188/7655/4217
f 5190/7616/4218 5193/7656/4218 5194/7657/4218 5196/7617/4218
f 5191/7658/4219 5195/7659/4219 5194/7660/4219 5193/7661/4219
f 5192/7620/4220 5196/7623/4220 5194/7662/4220 5195/7663/4220
f 5155/7604/4221 5141/7580/4221 5147/7583/4221 5158/7605/4221
f 5158/7611/4222 5147/7589/4222 5143/7588/4222 5156/7608/4222
f 5142/7584/4223 5148/7592/4223 5154/7595/4223 5146/7585/4223
f 5146/7591/4224 5154/7601/4224 5150/7600/4224 5143/7588/4224
f 5149/7596/4225 5162/7616/4225 5168/7619/4225 5153/7597/4225
f 5153/7603/4226 5168/7625/4226 5164/7624/4226 5150/7600/4226
f 5163/7620/4227 5157/7612/4227 5160/7615/4227 5167/7621/4227
f 5167/7627/4228 5160/7609/4228 5156/7608/4228 5164/7624/4228
f 5183/7604/4229 5155/7604/4229 5161/7607/4229 5186/7647/4229
f 5186/7613/4230 5161/7613/4230 5157/7612/4230 5184/7612/4230
f 5162/7616/4231 5190/7616/4231 5196/7617/4231 5165/7617/4231
f 5165/7623/4232 5196/7623/4232 5192/7620/4232 5163/7620/4232
f 5191/7658/4233 5185/7652/4233 5188/7655/4233 5195/7659/4233
f 5195/7663/4234 5188/7650/4234 5184/7612/4234 5192/7620/4234
f 5169/7628/4235 5183/7604/4235 5189/7649/4235 5172/7629/4235
f 5172/7635/4236 5189/7653/4236 5185/7652/4236 5170/7632/4236
f 5190/7616/4237 5176/7596/4237 5182/7640/4237 5193/7656/4237
f 5193/7661/4238 5182/7644/4238 5178/7643/4238 5191/7658/4238
f 5177/7592/4239 5171/7584/4239 5174/7637/4239 5181/7641/4239
f 5181/7646/4240 5174/7633/4240 5170/7632/4240 5178/7643/4240
f 5141/7580/4241 5169/7628/4241 5175/7631/4241 5144/7581/4241
f 5144/7587/4242 5175/7587/4242 5171/7584/4242 5142/7584/4242
f 5176/7596/4243 5149/7596/4243 5151/7599/4243 5179/7638/4243
f 5179/7593/4244 5151/7593/4244 5148/7592/4244 5177/7592/4244
f 5155/7604/4245 5183/7604/4245 5169/7628/4245 5141/7580/4245
f 5143/7588/4246 5150/7600/4246 5164/7624/4246 5156/7608/4246
f 5171/7584/4247 5177/7592/4247 5148/7592/4247 5142/7584/4247
f 5190/7616/4248 5162/7616/4248 5149/7596/4248 5176/7596/4248
f 5157/7612/4249 5163/7620/4249 5192/7620/4249 5184/7612/4249
f 5185/7652/4250 5191/7658/4250 5178/7643/4250 5170/7632/4250
o AK_stock_buttplate_visual
v -0.510200 -0.055000 0.019200
v -0.510200 -0.054200 0.020000
v -0.511000 -0.054200 0.019200
v -0.510200 -0.054766 0.019766
v -0.510662 -0.054662 0.019662
v -0.510766 -0.054200 0.019766
v -0.510766 -0.054766 0.019200
v -0.510200 0.034200 0.020000
v -0.510200 0.035000 0.019200
v -0.511000 0.034200 0.019200
v -0.510200 0.034766 0.019766
v -0.510662 0.034662 0.019662
v -0.510766 0.034766 0.019200
v -0.510766 0.034200 0.019766
v -0.510200 -0.055000 -0.019200
v -0.511000 -0.054200 -0.019200
v -0.510200 -0.054200 -0.020000
v -0.510766 -0.054766 -0.019200
v -0.510662 -0.054662 -0.019662
v -0.510766 -0.054200 -0.019766
v -0.510200 -0.054766 -0.019766
v -0.510200 0.035000 -0.019200
v -0.510200 0.034200 -0.020000
v -0.511000 0.034200 -0.019200
v -0.510200 0.034766 -0.019766
v -0.510662 0.034662 -0.019662
v -0.510766 0.034200 -0.019766
v -0.510766 0.034766 -0.019200
v -0.499800 -0.055000 0.019200
v -0.499000 -0.054200 0.019200
v -0.499800 -0.054200 0.020000
v -0.499234 -0.054766 0.019200
v -0.499338 -0.054662 0.019662
v -0.499234 -0.054200 0.019766
v -0.499800 -0.054766 0.019766
v -0.499800 0.035000 0.019200
v -0.499800 0.034200 0.020000
v -0.499000 0.034200 0.019200
v -0.499800 0.034766 0.019766
v -0.499338 0.034662 0.019662
v -0.499234 0.034200 0.019766
v -0.499234 0.034766 0.019200
v -0.499800 -0.055000 -0.019200
v -0.499800 -0.054200 -0.020000
v -0.499000 -0.054200 -0.019200
v -0.499800 -0.054766 -0.019766
v -0.499338 -0.054662 -0.019662
v -0.499234 -0.054200 -0.019766
v -0.499234 -0.054766 -0.019200
v -0.499800 0.035000 -0.019200
v -0.499000 0.034200 -0.019200
v -0.499800 0.034200 -0.020000
v -0.499234 0.034766 -0.019200
v -0.499338 0.034662 -0.019662
v -0.499234 0.034200 -0.019766
v -0.499800 0.034766 -0.019766
vn -0.3251 -0.8881 0.3251
vn -0.3251 -0.3251 0.8881
vn -0.8881 -0.3251 0.3251
vn -0.3251 0.3251 0.8881
vn -0.3251 0.8881 0.3251
vn -0.8881 0.3251 0.3251
vn -0.3251 -0.8881 -0.3251
vn -0.8881 -0.3251 -0.3251
vn -0.3251 -0.3251 -0.8881
vn -0.3251 0.8881 -0.3251
vn -0.3251 0.3251 -0.8881
vn -0.8881 0.3251 -0.3251
vn 0.3251 -0.8881 0.3251
vn 0.8881 -0.3251 0.3251
vn 0.3251 -0.3251 0.8881
vn 0.3251 0.8881 0.3251
vn 0.3251 0.3251 0.8881
vn 0.8881 0.3251 0.3251
vn 0.3251 -0.8881 -0.3251
vn 0.3251 -0.3251 -0.8881
vn 0.8881 -0.3251 -0.3251
vn 0.3251 0.8881 -0.3251
vn 0.8881 0.3251 -0.3251
vn 0.3251 0.3251 -0.8881
vn -0.3827 -0.9239 -0.0000
vn -0.9239 -0.3827 -0.0000
vn -0.3827 -0.0000 0.9239
vn -0.9239 -0.0000 0.3827
vn -0.3827 0.9239 -0.0000
vn -0.9239 0.3827 -0.0000
vn -0.3827 -0.0000 -0.9239
vn -0.9239 -0.0000 -0.3827
vn -0.0000 -0.9239 -0.3827
vn -0.0000 -0.3827 -0.9239
vn -0.0000 0.9239 -0.3827
vn -0.0000 0.3827 -0.9239
vn 0.9239 -0.0000 -0.3827
vn 0.3827 -0.0000 -0.9239
vn 0.3827 -0.9239 -0.0000
vn 0.9239 -0.3827 -0.0000
vn 0.3827 0.9239 -0.0000
vn 0.9239 0.3827 -0.0000
vn 0.3827 -0.0000 0.9239
vn 0.9239 -0.0000 0.3827
vn -0.0000 -0.9239 0.3827
vn -0.0000 -0.3827 0.9239
vn -0.0000 0.9239 0.3827
vn -0.0000 0.3827 0.9239
vn -0.0000 -1.0000 -0.0000
vn -1.0000 -0.0000 -0.0000
vn -0.0000 -0.0000 1.0000
vn -0.0000 1.0000 -0.0000
vn -0.0000 -0.0000 -1.0000
vn 1.0000 -0.0000 -0.0000
vt 0.989559 0.010441
vt 0.989559 0.003807
vt 0.993389 0.003807
vt 0.996193 0.010441
vt 0.882435 0.743498
vt 0.889069 0.743498
vt 0.889069 0.747328
vt 0.882435 0.750132
vt 0.010441 0.743498
vt 0.010441 0.750132
vt 0.006611 0.750132
vt 0.003807 0.743498
vt 0.882435 0.010441
vt 0.882435 0.003807
vt 0.886265 0.003807
vt 0.889069 0.010441
vt 0.903317 0.349755
vt 0.896683 0.349755
vt 0.896683 0.345925
vt 0.903317 0.343121
vt 0.010441 0.010441
vt 0.003807 0.010441
vt 0.003807 0.006611
vt 0.010441 0.003807
vt 0.989559 0.328873
vt 0.996193 0.328873
vt 0.996193 0.332703
vt 0.989559 0.335507
vt 0.328873 0.743498
vt 0.335507 0.743498
vt 0.335507 0.747328
vt 0.328873 0.750132
vt 0.689069 0.743498
vt 0.689069 0.750132
vt 0.685239 0.750132
vt 0.682435 0.743498
vt 0.903317 0.668187
vt 0.903317 0.674821
vt 0.899487 0.674821
vt 0.896683 0.668187
vt 0.689069 0.010441
vt 0.682435 0.010441
vt 0.682435 0.006611
vt 0.689069 0.003807
vt 0.328873 0.010441
vt 0.328873 0.003807
vt 0.332703 0.003807
vt 0.335507 0.010441
vt 0.903317 0.010441
vt 0.896683 0.010441
vt 0.896683 0.006611
vt 0.903317 0.003807
vt 0.668187 0.743498
vt 0.674821 0.743498
vt 0.674821 0.747328
vt 0.668187 0.750132
vt 0.796193 0.743498
vt 0.796193 0.750132
vt 0.792363 0.750132
vt 0.789559 0.743498
vt 0.989559 0.349755
vt 0.989559 0.343121
vt 0.993389 0.343121
vt 0.996193 0.349755
vt 0.796193 0.010441
vt 0.789559 0.010441
vt 0.789559 0.006611
vt 0.796193 0.003807
vt 0.668187 0.010441
vt 0.668187 0.003807
vt 0.672017 0.003807
vt 0.674821 0.010441
vt 0.903317 0.328873
vt 0.903317 0.335507
vt 0.899487 0.335507
vt 0.896683 0.328873
vt 0.775311 0.743498
vt 0.781945 0.743498
vt 0.781945 0.747328
vt 0.775311 0.750132
vt 0.349755 0.743498
vt 0.349755 0.750132
vt 0.345925 0.750132
vt 0.343121 0.743498
vt 0.989559 0.668187
vt 0.996193 0.668187
vt 0.996193 0.672017
vt 0.989559 0.674821
vt 0.349755 0.010441
vt 0.343121 0.010441
vt 0.343121 0.006611
vt 0.349755 0.003807
vt 0.775311 0.010441
vt 0.775311 0.003807
vt 0.779141 0.003807
vt 0.781945 0.010441
s 0
usemtl MAT_metal_black_magazine
f 5197/7664/4251 5200/7665/4251 5201/7666/4251 5203/7667/4251
f 5198/7668/4252 5202/7669/4252 5201/7670/4252 5200/7671/4252
f 5199/7672/4253 5203/7673/4253 5201/7674/4253 5202/7675/4253
f 5204/7676/4254 5207/7677/4254 5208/7678/4254 5210/7679/4254
f 5205/7680/4255 5209/7681/4255 5208/7682/4255 5207/7683/4255
f 5206/7684/4256 5210/7685/4256 5208/7686/4256 5209/7687/4256
f 5211/7688/4257 5214/7689/4257 5215/7690/4257 5217/7691/4257
f 5212/7692/4258 5216/7693/4258 5215/7694/4258 5214/7695/4258
f 5213/7696/4259 5217/7697/4259 5215/7698/4259 5216/7699/4259
f 5218/7700/4260 5221/7701/4260 5222/7702/4260 5224/7703/4260
f 5219/7704/4261 5223/7705/4261 5222/7706/4261 5221/7707/4261
f 5220/7708/4262 5224/7709/4262 5222/7710/4262 5223/7711/4262
f 5225/7712/4263 5228/7713/4263 5229/7714/4263 5231/7715/4263
f 5226/7716/4264 5230/7717/4264 5229/7718/4264 5228/7719/4264
f 5227/7720/4265 5231/7721/4265 5229/7722/4265 5230/7723/4265
f 5232/7724/4266 5235/7725/4266 5236/7726/4266 5238/7727/4266
f 5233/7728/4267 5237/7729/4267 5236/7730/4267 5235/7731/4267
f 5234/7732/4268 5238/7733/4268 5236/7734/4268 5237/7735/4268
f 5239/7736/4269 5242/7737/4269 5243/7738/4269 5245/7739/4269
f 5240/7740/4270 5244/7741/4270 5243/7742/4270 5242/7743/4270
f 5241/7744/4271 5245/7745/4271 5243/7746/4271 5244/7747/4271
f 5246/7748/4272 5249/7749/4272 5250/7750/4272 5252/7751/4272
f 5247/7752/4273 5251/7753/4273 5250/7754/4273 5249/7755/4273
f 5248/7756/4274 5252/7757/4274 5250/7758/4274 5251/7759/4274
f 5211/7688/4275 5197/7664/4275 5203/7667/4275 5214/7689/4275
f 5214/7695/4276 5203/7673/4276 5199/7672/4276 5212/7692/4276
f 5198/7668/4277 5204/7676/4277 5210/7679/4277 5202/7669/4277
f 5202/7675/4278 5210/7685/4278 5206/7684/4278 5199/7672/4278
f 5205/7680/4279 5218/7700/4279 5224/7703/4279 5209/7681/4279
f 5209/7687/4280 5224/7709/4280 5220/7708/4280 5206/7684/4280
f 5219/7704/4281 5213/7696/4281 5216/7699/4281 5223/7705/4281
f 5223/7711/4282 5216/7693/4282 5212/7692/4282 5220/7708/4282
f 5239/7736/4283 5211/7688/4283 5217/7691/4283 5242/7737/4283
f 5242/7743/4284 5217/7697/4284 5213/7696/4284 5240/7740/4284
f 5218/7700/4285 5246/7748/4285 5252/7751/4285 5221/7701/4285
f 5221/7707/4286 5252/7757/4286 5248/7756/4286 5219/7704/4286
f 5247/7752/4287 5241/7744/4287 5244/7747/4287 5251/7753/4287
f 5251/7759/4288 5244/7741/4288 5240/7740/4288 5248/7756/4288
f 5225/7712/4289 5239/7736/4289 5245/7739/4289 5228/7713/4289
f 5228/7719/4290 5245/7745/4290 5241/7744/4290 5226/7716/4290
f 5246/7748/4291 5232/7724/4291 5238/7727/4291 5249/7749/4291
f 5249/7755/4292 5238/7733/4292 5234/7732/4292 5247/7752/4292
f 5233/7728/4293 5227/7720/4293 5230/7723/4293 5237/7729/4293
f 5237/7735/4294 5230/7717/4294 5226/7716/4294 5234/7732/4294
f 5197/7664/4295 5225/7712/4295 5231/7715/4295 5200/7665/4295
f 5200/7671/4296 5231/7721/4296 5227/7720/4296 5198/7668/4296
f 5232/7724/4297 5205/7680/4297 5207/7683/4297 5235/7725/4297
f 5235/7731/4298 5207/7677/4298 5204/7676/4298 5233/7728/4298
f 5211/7688/4299 5239/7736/4299 5225/7712/4299 5197/7664/4299
f 5199/7672/4300 5206/7684/4300 5220/7708/4300 5212/7692/4300
f 5227/7720/4301 5233/7728/4301 5204/7676/4301 5198/7668/4301
f 5246/7748/4302 5218/7700/4302 5205/7680/4302 5232/7724/4302
f 5213/7696/4303 5219/7704/4303 5248/7756/4303 5240/7740/4303
f 5241/7744/4304 5247/7752/4304 5234/7732/4304 5226/7716/4304
o AK_stock_main
v -0.496511 -0.054725 0.016467
v -0.496500 -0.051213 0.019967
v -0.500000 -0.051500 0.016500
v -0.496507 -0.054253 0.018215
v -0.498255 -0.054397 0.016484
v -0.498178 -0.053933 0.018157
v -0.498246 -0.051354 0.019516
v -0.496504 -0.052964 0.019500
v -0.498175 -0.053026 0.019061
v -0.499536 -0.053213 0.016496
v -0.499530 -0.051460 0.018243
v -0.499080 -0.053100 0.018165
v -0.496500 0.036272 0.019967
v -0.496507 0.039779 0.016467
v -0.500000 0.036500 0.016500
v -0.496502 0.038022 0.019500
v -0.498247 0.036384 0.019516
v -0.498175 0.038056 0.019061
v -0.498252 0.039423 0.016484
v -0.496505 0.039309 0.018215
v -0.498176 0.038962 0.018157
v -0.499531 0.036468 0.018243
v -0.499535 0.038220 0.016496
v -0.499079 0.038115 0.018165
v -0.496511 -0.054725 -0.016467
v -0.500000 -0.051500 -0.016500
v -0.496500 -0.051213 -0.019967
v -0.498255 -0.054397 -0.016484
v -0.496507 -0.054253 -0.018215
v -0.498178 -0.053933 -0.018157
v -0.499530 -0.051460 -0.018243
v -0.499536 -0.053213 -0.016496
v -0.499080 -0.053100 -0.018165
v -0.496504 -0.052964 -0.019500
v -0.498246 -0.051354 -0.019516
v -0.498175 -0.053026 -0.019061
v -0.496507 0.039779 -0.016467
v -0.496500 0.036272 -0.019967
v -0.500000 0.036500 -0.016500
v -0.496505 0.039309 -0.018215
v -0.498252 0.039423 -0.016484
v -0.498176 0.038962 -0.018157
v -0.498247 0.036384 -0.019516
v -0.496502 0.038022 -0.019500
v -0.498175 0.038056 -0.019061
v -0.499535 0.038220 -0.016496
v -0.499531 0.036468 -0.018243
v -0.499079 0.038115 -0.018165
v -0.183489 -0.030025 0.013533
v -0.180000 -0.026250 0.013500
v -0.183500 -0.026515 0.017033
v -0.181745 -0.029422 0.013516
v -0.183493 -0.029555 0.015280
v -0.181822 -0.028971 0.015191
v -0.180470 -0.026284 0.015252
v -0.180464 -0.028036 0.013504
v -0.180920 -0.027995 0.015182
v -0.183496 -0.028266 0.016565
v -0.181754 -0.026381 0.016549
v -0.181825 -0.028063 0.016095
v -0.183493 0.019971 0.013533
v -0.183500 0.016464 0.017033
v -0.180000 0.016250 0.013500
v -0.183495 0.019501 0.015280
v -0.181748 0.019394 0.013516
v -0.181824 0.018943 0.015191
v -0.181753 0.016356 0.016549
v -0.183498 0.018214 0.016565
v -0.181825 0.018037 0.016095
v -0.180465 0.018028 0.013504
v -0.180469 0.016277 0.015252
v -0.180921 0.017981 0.015182
v -0.183489 -0.030025 -0.013533
v -0.183500 -0.026515 -0.017033
v -0.180000 -0.026250 -0.013500
v -0.183493 -0.029555 -0.015280
v -0.181745 -0.029422 -0.013516
v -0.181822 -0.028971 -0.015191
v -0.181754 -0.026381 -0.016549
v -0.183496 -0.028266 -0.016565
v -0.181825 -0.028063 -0.016095
v -0.180464 -0.028036 -0.013504
v -0.180470 -0.026284 -0.015252
v -0.180920 -0.027995 -0.015182
v -0.183493 0.019971 -0.013533
v -0.180000 0.016250 -0.013500
v -0.183500 0.016464 -0.017033
v -0.181748 0.019394 -0.013516
v -0.183495 0.019501 -0.015280
v -0.181824 0.018943 -0.015191
v -0.180469 0.016277 -0.015252
v -0.180465 0.018028 -0.013504
v -0.180921 0.017981 -0.015182
v -0.183498 0.018214 -0.016565
v -0.181753 0.016356 -0.016549
v -0.181825 0.018037 -0.016095
vn -0.1831 -0.9472 0.2632
vn -0.1580 -0.6968 0.6996
vn -0.2291 -0.2575 0.9387
vn -0.6774 -0.2197 0.7020
vn -0.9289 -0.2600 0.2637
vn -0.6596 -0.7160 0.2288
vn -0.5419 -0.5924 0.5961
vn -0.2330 0.2576 0.9377
vn -0.1689 0.6961 0.6978
vn -0.1976 0.9447 0.2617
vn -0.6655 0.7112 0.2263
vn -0.9294 0.2598 0.2621
vn -0.6793 0.2198 0.7002
vn -0.5484 0.5901 0.5925
vn -0.1831 -0.9472 -0.2632
vn -0.6596 -0.7160 -0.2288
vn -0.9289 -0.2600 -0.2637
vn -0.6774 -0.2197 -0.7020
vn -0.2291 -0.2575 -0.9387
vn -0.1580 -0.6968 -0.6996
vn -0.5419 -0.5925 -0.5961
vn -0.1976 0.9447 -0.2617
vn -0.1689 0.6961 -0.6978
vn -0.2330 0.2576 -0.9377
vn -0.6793 0.2198 -0.7002
vn -0.9294 0.2598 -0.2621
vn -0.6655 0.7112 -0.2263
vn -0.5484 0.5901 -0.5925
vn 0.3247 -0.9113 0.2532
vn 0.7187 -0.6624 0.2117
vn 0.9348 -0.2493 0.2528
vn 0.7021 -0.2127 0.6796
vn 0.2832 -0.2537 0.9249
vn 0.2738 -0.6787 0.6815
vn 0.6098 -0.5587 0.5621
vn 0.3121 0.9156 0.2536
vn 0.2642 0.6811 0.6829
vn 0.2796 0.2543 0.9258
vn 0.7005 0.2137 0.6809
vn 0.9343 0.2509 0.2532
vn 0.7134 0.6678 0.2125
vn 0.6043 0.5623 0.5645
vn 0.3247 -0.9113 -0.2532
vn 0.2738 -0.6787 -0.6814
vn 0.2832 -0.2537 -0.9249
vn 0.7021 -0.2127 -0.6796
vn 0.9348 -0.2493 -0.2528
vn 0.7187 -0.6624 -0.2117
vn 0.6098 -0.5587 -0.5621
vn 0.3121 0.9156 -0.2536
vn 0.7134 0.6678 -0.2125
vn 0.9343 0.2509 -0.2532
vn 0.7005 0.2137 -0.6809
vn 0.2796 0.2543 -0.9258
vn 0.2642 0.6811 -0.6828
vn 0.6043 0.5623 -0.5645
vn -0.1848 -0.9828 -0.0000
vn -0.6787 -0.7344 -0.0000
vn -0.9652 -0.2615 -0.0000
vn -0.2502 -0.0000 0.9682
vn -0.7038 -0.0000 0.7104
vn -0.9656 -0.0000 0.2599
vn -0.1998 0.9798 -0.0000
vn -0.6844 0.7291 -0.0000
vn -0.9653 0.2613 -0.0000
vn -0.2502 -0.0000 -0.9682
vn -0.7038 -0.0000 -0.7104
vn -0.9656 -0.0000 -0.2599
vn 0.0784 -0.9626 -0.2594
vn 0.0622 -0.7047 -0.7068
vn 0.0294 -0.2579 -0.9657
vn 0.0634 0.9638 -0.2591
vn 0.0513 0.7055 -0.7069
vn 0.0254 0.2581 -0.9658
vn 0.9660 -0.0000 -0.2587
vn 0.7104 -0.0000 -0.7038
vn 0.2671 -0.0000 -0.9637
vn 0.3268 -0.9451 -0.0000
vn 0.7344 -0.6787 -0.0000
vn 0.9679 -0.2515 -0.0000
vn 0.3137 0.9495 -0.0000
vn 0.7291 0.6844 -0.0000
vn 0.9674 0.2532 -0.0000
vn 0.2671 -0.0000 0.9637
vn 0.7104 -0.0000 0.7038
vn 0.9660 -0.0000 0.2587
vn 0.0784 -0.9626 0.2594
vn 0.0622 -0.7047 0.7068
vn 0.0294 -0.2579 0.9657
vn 0.0634 0.9638 0.2591
vn 0.0513 0.7055 0.7069
vn 0.0254 0.2581 0.9658
vn 0.0787 -0.9969 -0.0000
vn -1.0000 -0.0000 -0.0000
vn 0.0094 -0.0000 1.0000
vn 0.0632 0.9980 -0.0000
vn 0.0094 -0.0000 -1.0000
vn 1.0000 -0.0000 -0.0000
vt 0.720550 0.984999
vt 0.725949 0.984874
vt 0.725769 0.989941
vt 0.720601 0.990291
vt 0.731358 0.984535
vt 0.731406 0.989685
vt 0.317741 0.981970
vt 0.317305 0.987349
vt 0.306524 0.986675
vt 0.306929 0.981541
vt 0.316979 0.992782
vt 0.306042 0.992729
vt 0.882599 0.286852
vt 0.882613 0.297664
vt 0.877455 0.297664
vt 0.871787 0.286727
vt 0.720638 0.995811
vt 0.725795 0.995811
vt 0.587999 0.981970
vt 0.598811 0.981621
vt 0.599137 0.986760
vt 0.588348 0.987351
vt 0.863305 0.015372
vt 0.857895 0.015099
vt 0.857715 0.010013
vt 0.863353 0.010222
vt 0.852496 0.015001
vt 0.852547 0.009689
vt 0.852584 0.004189
vt 0.857741 0.004189
vt 0.882599 0.015001
vt 0.871787 0.015099
vt 0.877455 0.004189
vt 0.882613 0.004189
vt 0.588607 0.992782
vt 0.599518 0.992729
vt 0.618809 0.984999
vt 0.618758 0.990291
vt 0.613590 0.989941
vt 0.613410 0.984874
vt 0.618721 0.995811
vt 0.613563 0.995811
vt 0.984544 0.286852
vt 0.995356 0.286727
vt 0.989687 0.297664
vt 0.984530 0.297664
vt 0.015126 0.004189
vt 0.015452 0.009621
vt 0.004671 0.010296
vt 0.004189 0.004242
vt 0.015888 0.015001
vt 0.005076 0.015430
vt 0.608000 0.984535
vt 0.607952 0.989685
vt 0.750755 0.015001
vt 0.745356 0.015099
vt 0.745536 0.010013
vt 0.750704 0.009689
vt 0.739946 0.015372
vt 0.739897 0.010222
vt 0.286146 0.015001
vt 0.286495 0.009619
vt 0.297283 0.010210
vt 0.296958 0.015350
vt 0.286754 0.004189
vt 0.297664 0.004242
vt 0.984544 0.015001
vt 0.984530 0.004189
vt 0.989687 0.004189
vt 0.995356 0.015099
vt 0.750667 0.004189
vt 0.745509 0.004189
vt 0.711484 0.015001
vt 0.711434 0.009483
vt 0.716607 0.009610
vt 0.716884 0.014897
vt 0.711397 0.004189
vt 0.716581 0.004189
vt 0.966008 0.448146
vt 0.971421 0.448250
vt 0.971205 0.458958
vt 0.966021 0.458958
vt 0.976820 0.448550
vt 0.976869 0.459366
vt 0.394037 0.015001
vt 0.383227 0.014551
vt 0.383637 0.009356
vt 0.394452 0.004189
vt 0.722293 0.014583
vt 0.722244 0.009372
vt 0.843430 0.983904
vt 0.848830 0.983989
vt 0.848553 0.989251
vt 0.843380 0.989398
vt 0.854240 0.984245
vt 0.854191 0.989450
vt 0.526811 0.015001
vt 0.526477 0.004189
vt 0.537293 0.009445
vt 0.537622 0.014639
vt 0.976820 0.316526
vt 0.971421 0.316769
vt 0.971205 0.306042
vt 0.976870 0.305709
vt 0.966008 0.316854
vt 0.966022 0.306042
vt 0.843343 0.994716
vt 0.848527 0.994716
vt 0.627874 0.015001
vt 0.622475 0.014897
vt 0.622752 0.009610
vt 0.627925 0.009483
vt 0.617065 0.014583
vt 0.617114 0.009372
vt 0.092184 0.981970
vt 0.092599 0.992782
vt 0.081784 0.987615
vt 0.081374 0.982420
vt 0.871787 0.448550
vt 0.877187 0.448250
vt 0.877402 0.458958
vt 0.871739 0.459366
vt 0.882599 0.448146
vt 0.882586 0.458958
vt 0.627961 0.004189
vt 0.622778 0.004189
vt 0.759820 0.983904
vt 0.759871 0.989398
vt 0.754698 0.989251
vt 0.754421 0.983989
vt 0.759908 0.994716
vt 0.754724 0.994716
vt 0.882599 0.316854
vt 0.877187 0.316769
vt 0.877402 0.306042
vt 0.882586 0.306042
vt 0.871787 0.316526
vt 0.871738 0.305709
vt 0.224958 0.981970
vt 0.235769 0.982332
vt 0.235440 0.987526
vt 0.224624 0.992782
vt 0.749011 0.984246
vt 0.749059 0.989449
s 0
usemtl MAT_wood_dark_reddish
f 5253/7760/4305 5256/7761/4305 5258/7762/4305 5257/7763/4305
f 5256/7761/4306 5260/7764/4306 5261/7765/4306 5258/7762/4306
f 5254/7766/4307 5259/7767/4307 5261/7768/4307 5260/7769/4307
f 5259/7767/4308 5263/7770/4308 5264/7771/4308 5261/7768/4308
f 5255/7772/4309 5262/7773/4309 5264/7774/4309 5263/7775/4309
f 5262/7776/4310 5257/7763/4310 5258/7762/4310 5264/7777/4310
f 5258/7762/4311 5261/7765/4311 5264/7777/4311
f 5265/7778/4312 5268/7779/4312 5270/7780/4312 5269/7781/4312
f 5268/7782/4313 5272/7783/4313 5273/7784/4313 5270/7785/4313
f 5266/7786/4314 5271/7787/4314 5273/7784/4314 5272/7783/4314
f 5271/7787/4315 5275/7788/4315 5276/7789/4315 5273/7784/4315
f 5267/7790/4316 5274/7791/4316 5276/7792/4316 5275/7793/4316
f 5274/7794/4317 5269/7781/4317 5270/7780/4317 5276/7795/4317
f 5270/7785/4318 5273/7784/4318 5276/7789/4318
f 5277/7796/4319 5280/7797/4319 5282/7798/4319 5281/7799/4319
f 5280/7797/4320 5284/7800/4320 5285/7801/4320 5282/7798/4320
f 5278/7802/4321 5283/7803/4321 5285/7804/4321 5284/7805/4321
f 5283/7806/4322 5287/7807/4322 5288/7808/4322 5285/7809/4322
f 5279/7810/4323 5286/7811/4323 5288/7808/4323 5287/7807/4323
f 5286/7812/4324 5281/7799/4324 5282/7798/4324 5288/7813/4324
f 5282/7798/4325 5285/7801/4325 5288/7813/4325
f 5289/7814/4326 5292/7815/4326 5294/7816/4326 5293/7817/4326
f 5292/7815/4327 5296/7818/4327 5297/7819/4327 5294/7816/4327
f 5290/7820/4328 5295/7821/4328 5297/7822/4328 5296/7823/4328
f 5295/7821/4329 5299/7824/4329 5300/7825/4329 5297/7822/4329
f 5291/7826/4330 5298/7827/4330 5300/7828/4330 5299/7829/4330
f 5298/7830/4331 5293/7817/4331 5294/7816/4331 5300/7831/4331
f 5294/7816/4332 5297/7819/4332 5300/7831/4332
f 5301/7832/4333 5304/7833/4333 5306/7834/4333 5305/7835/4333
f 5304/7833/4334 5308/7836/4334 5309/7837/4334 5306/7834/4334
f 5302/7838/4335 5307/7839/4335 5309/7840/4335 5308/7841/4335
f 5307/7839/4336 5311/7842/4336 5312/7843/4336 5309/7840/4336
f 5303/7844/4337 5310/7845/4337 5312/7846/4337 5311/7847/4337
f 5310/7848/4338 5305/7835/4338 5306/7834/4338 5312/7849/4338
f 5306/7834/4339 5309/7837/4339 5312/7849/4339
f 5313/7850/4340 5316/7851/4340 5318/7852/4340 5317/7853/4340
f 5316/7851/4341 5320/7854/4341 5321/7855/4341 5318/7852/4341
f 5314/7856/4342 5319/7857/4342 5321/7858/4342 5320/7859/4342
f 5319/7860/4343 5323/7861/4343 5324/7862/4343 5321/7863/4343
f 5315/7864/4344 5322/7865/4344 5324/7862/4344 5323/7861/4344
f 5322/7866/4345 5317/7853/4345 5318/7852/4345 5324/7867/4345
f 5318/7852/4346 5321/7855/4346 5324/7867/4346
f 5325/7868/4347 5328/7869/4347 5330/7870/4347 5329/7871/4347
f 5328/7869/4348 5332/7872/4348 5333/7873/4348 5330/7870/4348
f 5326/7874/4349 5331/7875/4349 5333/7876/4349 5332/7877/4349
f 5331/7878/4350 5335/7879/4350 5336/7880/4350 5333/7881/4350
f 5327/7882/4351 5334/7883/4351 5336/7880/4351 5335/7879/4351
f 5334/7884/4352 5329/7871/4352 5330/7870/4352 5336/7885/4352
f 5330/7870/4353 5333/7873/4353 5336/7885/4353
f 5337/7886/4354 5340/7887/4354 5342/7888/4354 5341/7889/4354
f 5340/7887/4355 5344/7890/4355 5345/7891/4355 5342/7888/4355
f 5338/7892/4356 5343/7893/4356 5345/7894/4356 5344/7895/4356
f 5343/7893/4357 5347/7896/4357 5348/7897/4357 5345/7894/4357
f 5339/7898/4358 5346/7899/4358 5348/7900/4358 5347/7901/4358
f 5346/7902/4359 5341/7889/4359 5342/7888/4359 5348/7903/4359
f 5342/7888/4360 5345/7891/4360 5348/7903/4360
f 5277/7796/4361 5253/7760/4361 5257/7763/4361 5280/7797/4361
f 5280/7797/4362 5257/7763/4362 5262/7776/4362 5284/7800/4362
f 5284/7805/4363 5262/7773/4363 5255/7772/4363 5278/7802/4363
f 5254/7766/4364 5265/7778/4364 5269/7781/4364 5259/7767/4364
f 5259/7767/4365 5269/7781/4365 5274/7794/4365 5263/7770/4365
f 5263/7775/4366 5274/7791/4366 5267/7790/4366 5255/7772/4366
f 5266/7786/4367 5289/7814/4367 5293/7817/4367 5271/7787/4367
f 5271/7787/4368 5293/7817/4368 5298/7830/4368 5275/7788/4368
f 5275/7793/4369 5298/7827/4369 5291/7826/4369 5267/7790/4369
f 5290/7820/4370 5279/7810/4370 5287/7807/4370 5295/7821/4370
f 5295/7821/4371 5287/7807/4371 5283/7806/4371 5299/7824/4371
f 5299/7829/4372 5283/7803/4372 5278/7802/4372 5291/7826/4372
f 5325/7868/4373 5277/7796/4373 5281/7799/4373 5328/7869/4373
f 5328/7869/4374 5281/7799/4374 5286/7812/4374 5332/7872/4374
f 5332/7877/4375 5286/7811/4375 5279/7810/4375 5326/7874/4375
f 5289/7814/4376 5337/7886/4376 5341/7889/4376 5292/7815/4376
f 5292/7815/4377 5341/7889/4377 5346/7902/4377 5296/7818/4377
f 5296/7823/4378 5346/7899/4378 5339/7898/4378 5290/7820/4378
f 5338/7892/4379 5327/7882/4379 5335/7879/4379 5343/7893/4379
f 5343/7893/4380 5335/7879/4380 5331/7878/4380 5347/7896/4380
f 5347/7901/4381 5331/7875/4381 5326/7874/4381 5339/7898/4381
f 5301/7832/4382 5325/7868/4382 5329/7871/4382 5304/7833/4382
f 5304/7833/4383 5329/7871/4383 5334/7884/4383 5308/7836/4383
f 5308/7841/4384 5334/7883/4384 5327/7882/4384 5302/7838/4384
f 5337/7886/4385 5313/7850/4385 5317/7853/4385 5340/7887/4385
f 5340/7887/4386 5317/7853/4386 5322/7866/4386 5344/7890/4386
f 5344/7895/4387 5322/7865/4387 5315/7864/4387 5338/7892/4387
f 5314/7856/4388 5303/7844/4388 5311/7847/4388 5319/7857/4388
f 5319/7860/4389 5311/7842/4389 5307/7839/4389 5323/7861/4389
f 5323/7861/4390 5307/7839/4390 5302/7838/4390 5315/7864/4390
f 5253/7760/4391 5301/7832/4391 5305/7835/4391 5256/7761/4391
f 5256/7761/4392 5305/7835/4392 5310/7848/4392 5260/7764/4392
f 5260/7769/4393 5310/7845/4393 5303/7844/4393 5254/7766/4393
f 5313/7850/4394 5266/7786/4394 5272/7783/4394 5316/7851/4394
f 5316/7851/4395 5272/7783/4395 5268/7782/4395 5320/7854/4395
f 5320/7859/4396 5268/7779/4396 5265/7778/4396 5314/7856/4396
f 5277/7796/4397 5325/7868/4397 5301/7832/4397 5253/7760/4397
f 5255/7772/4398 5267/7790/4398 5291/7826/4398 5278/7802/4398
f 5303/7844/4399 5314/7856/4399 5265/7778/4399 5254/7766/4399
f 5337/7886/4400 5289/7814/4400 5266/7786/4400 5313/7850/4400
f 5279/7810/4401 5290/7820/4401 5339/7898/4401 5326/7874/4401
f 5327/7882/4402 5338/7892/4402 5315/7864/4402 5302/7838/4402
o AK_trigger_guard_visual
v -0.078500 -0.055000 0.009500
v -0.078500 -0.053500 0.011000
v -0.080000 -0.053500 0.009500
v -0.078500 -0.054561 0.010561
v -0.079366 -0.054366 0.010366
v -0.079561 -0.053500 0.010561
v -0.079561 -0.054561 0.009500
v -0.078500 -0.026500 0.011000
v -0.078500 -0.025000 0.009500
v -0.080000 -0.026500 0.009500
v -0.078500 -0.025439 0.010561
v -0.079366 -0.025634 0.010366
v -0.079561 -0.025439 0.009500
v -0.079561 -0.026500 0.010561
v -0.078500 -0.055000 -0.009500
v -0.080000 -0.053500 -0.009500
v -0.078500 -0.053500 -0.011000
v -0.079561 -0.054561 -0.009500
v -0.079366 -0.054366 -0.010366
v -0.079561 -0.053500 -0.010561
v -0.078500 -0.054561 -0.010561
v -0.078500 -0.025000 -0.009500
v -0.078500 -0.026500 -0.011000
v -0.080000 -0.026500 -0.009500
v -0.078500 -0.025439 -0.010561
v -0.079366 -0.025634 -0.010366
v -0.079561 -0.026500 -0.010561
v -0.079561 -0.025439 -0.009500
v -0.021500 -0.055000 0.009500
v -0.020000 -0.053500 0.009500
v -0.021500 -0.053500 0.011000
v -0.020439 -0.054561 0.009500
v -0.020634 -0.054366 0.010366
v -0.020439 -0.053500 0.010561
v -0.021500 -0.054561 0.010561
v -0.021500 -0.025000 0.009500
v -0.021500 -0.026500 0.011000
v -0.020000 -0.026500 0.009500
v -0.021500 -0.025439 0.010561
v -0.020634 -0.025634 0.010366
v -0.020439 -0.026500 0.010561
v -0.020439 -0.025439 0.009500
v -0.021500 -0.055000 -0.009500
v -0.021500 -0.053500 -0.011000
v -0.020000 -0.053500 -0.009500
v -0.021500 -0.054561 -0.010561
v -0.020634 -0.054366 -0.010366
v -0.020439 -0.053500 -0.010561
v -0.020439 -0.054561 -0.009500
v -0.021500 -0.025000 -0.009500
v -0.020000 -0.026500 -0.009500
v -0.021500 -0.026500 -0.011000
v -0.020439 -0.025439 -0.009500
v -0.020634 -0.025634 -0.010366
v -0.020439 -0.026500 -0.010561
v -0.021500 -0.025439 -0.010561
vn -0.3251 -0.8881 0.3251
vn -0.3251 -0.3251 0.8881
vn -0.8881 -0.3251 0.3251
vn -0.3251 0.3251 0.8881
vn -0.3251 0.8881 0.3251
vn -0.8881 0.3251 0.3251
vn -0.3251 -0.8881 -0.3251
vn -0.8881 -0.3251 -0.3251
vn -0.3251 -0.3251 -0.8881
vn -0.3251 0.8881 -0.3251
vn -0.3251 0.3251 -0.8881
vn -0.8881 0.3251 -0.3251
vn 0.3251 -0.8881 0.3251
vn 0.8881 -0.3251 0.3251
vn 0.3251 -0.3251 0.8881
vn 0.3251 0.8881 0.3251
vn 0.3251 0.3251 0.8881
vn 0.8881 0.3251 0.3251
vn 0.3251 -0.8881 -0.3251
vn 0.3251 -0.3251 -0.8881
vn 0.8881 -0.3251 -0.3251
vn 0.3251 0.8881 -0.3251
vn 0.8881 0.3251 -0.3251
vn 0.3251 0.3251 -0.8881
vn -0.3827 -0.9239 -0.0000
vn -0.9239 -0.3827 -0.0000
vn -0.3827 -0.0000 0.9239
vn -0.9239 -0.0000 0.3827
vn -0.3827 0.9239 -0.0000
vn -0.9239 0.3827 -0.0000
vn -0.3827 -0.0000 -0.9239
vn -0.9239 -0.0000 -0.3827
vn -0.0000 -0.9239 -0.3827
vn -0.0000 -0.3827 -0.9239
vn -0.0000 0.9239 -0.3827
vn -0.0000 0.3827 -0.9239
vn 0.9239 -0.0000 -0.3827
vn 0.3827 -0.0000 -0.9239
vn 0.3827 -0.9239 -0.0000
vn 0.9239 -0.3827 -0.0000
vn 0.3827 0.9239 -0.0000
vn 0.9239 0.3827 -0.0000
vn 0.3827 -0.0000 0.9239
vn 0.9239 -0.0000 0.3827
vn -0.0000 -0.9239 0.3827
vn -0.0000 -0.3827 0.9239
vn -0.0000 0.9239 0.3827
vn -0.0000 0.3827 0.9239
vn -0.0000 -1.0000 -0.0000
vn -1.0000 -0.0000 -0.0000
vn -0.0000 -0.0000 1.0000
vn -0.0000 1.0000 -0.0000
vn -0.0000 -0.0000 -1.0000
vn 1.0000 -0.0000 -0.0000
vt 0.592394 0.017866
vt 0.578420 0.017866
vt 0.578420 0.009798
vt 0.592394 0.003892
vt 0.556662 0.017866
vt 0.556662 0.003892
vt 0.564730 0.003892
vt 0.570636 0.017866
vt 0.305130 0.836141
vt 0.305130 0.850115
vt 0.297062 0.850115
vt 0.291156 0.836141
vt 0.305130 0.017866
vt 0.291156 0.017866
vt 0.291156 0.009798
vt 0.305130 0.003892
vt 0.805130 0.548877
vt 0.805130 0.562851
vt 0.797062 0.562851
vt 0.791156 0.548877
vt 0.305130 0.584610
vt 0.291156 0.584610
vt 0.291156 0.576542
vt 0.305130 0.570636
vt 0.769398 0.017866
vt 0.769398 0.003892
vt 0.777466 0.003892
vt 0.783372 0.017866
vt 0.482134 0.836141
vt 0.496108 0.836141
vt 0.496108 0.844209
vt 0.482134 0.850115
vt 0.269398 0.548877
vt 0.283372 0.548877
vt 0.283372 0.556945
vt 0.269398 0.562851
vt 0.982134 0.548877
vt 0.996108 0.548877
vt 0.996108 0.556945
vt 0.982134 0.562851
vt 0.017866 0.548877
vt 0.017866 0.562851
vt 0.009798 0.562851
vt 0.003892 0.548877
vt 0.482134 0.584610
vt 0.482134 0.570636
vt 0.490202 0.570636
vt 0.496108 0.584610
vt 0.592394 0.548877
vt 0.592394 0.562851
vt 0.584326 0.562851
vt 0.578420 0.548877
vt 0.269398 0.836141
vt 0.283372 0.836141
vt 0.283372 0.844209
vt 0.269398 0.850115
vt 0.556662 0.548877
vt 0.570636 0.548877
vt 0.570636 0.556945
vt 0.556662 0.562851
vt 0.805130 0.017866
vt 0.791156 0.017866
vt 0.791156 0.009798
vt 0.805130 0.003892
vt 0.305130 0.548877
vt 0.305130 0.562851
vt 0.297062 0.562851
vt 0.291156 0.548877
vt 0.269398 0.584610
vt 0.269398 0.570636
vt 0.277466 0.570636
vt 0.283372 0.584610
vt 0.769398 0.548877
vt 0.783372 0.548877
vt 0.783372 0.556945
vt 0.769398 0.562851
vt 0.269398 0.017866
vt 0.269398 0.003892
vt 0.277466 0.003892
vt 0.283372 0.017866
vt 0.092394 0.836141
vt 0.092394 0.850115
vt 0.084326 0.850115
vt 0.078420 0.836141
vt 0.982134 0.017866
vt 0.982134 0.003892
vt 0.990202 0.003892
vt 0.996108 0.017866
vt 0.092394 0.584610
vt 0.078420 0.584610
vt 0.078420 0.576542
vt 0.092394 0.570636
vt 0.017866 0.017866
vt 0.003892 0.017866
vt 0.003892 0.009798
vt 0.017866 0.003892
s 0
usemtl MAT_metal_dark_blued
f 5349/7904/4403 5352/7905/4403 5353/7906/4403 5355/7907/4403
f 5350/7908/4404 5354/7909/4404 5353/7910/4404 5352/7911/4404
f 5351/7912/4405 5355/7913/4405 5353/7914/4405 5354/7915/4405
f 5356/7916/4406 5359/7917/4406 5360/7918/4406 5362/7919/4406
f 5357/7920/4407 5361/7921/4407 5360/7922/4407 5359/7923/4407
f 5358/7924/4408 5362/7925/4408 5360/7926/4408 5361/7927/4408
f 5363/7928/4409 5366/7929/4409 5367/7930/4409 5369/7931/4409
f 5364/7932/4410 5368/7933/4410 5367/7934/4410 5366/7935/4410
f 5365/7936/4411 5369/7937/4411 5367/7938/4411 5368/7939/4411
f 5370/7940/4412 5373/7941/4412 5374/7942/4412 5376/7943/4412
f 5371/7944/4413 5375/7945/4413 5374/7946/4413 5373/7947/4413
f 5372/7948/4414 5376/7949/4414 5374/7950/4414 5375/7951/4414
f 5377/7952/4415 5380/7953/4415 5381/7954/4415 5383/7955/4415
f 5378/7956/4416 5382/7957/4416 5381/7958/4416 5380/7959/4416
f 5379/7960/4417 5383/7961/4417 5381/7962/4417 5382/7963/4417
f 5384/7964/4418 5387/7965/4418 5388/7966/4418 5390/7967/4418
f 5385/7968/4419 5389/7969/4419 5388/7970/4419 5387/7971/4419
f 5386/7972/4420 5390/7973/4420 5388/7974/4420 5389/7975/4420
f 5391/7976/4421 5394/7977/4421 5395/7978/4421 5397/7979/4421
f 5392/7980/4422 5396/7981/4422 5395/7982/4422 5394/7983/4422
f 5393/7984/4423 5397/7985/4423 5395/7986/4423 5396/7987/4423
f 5398/7988/4424 5401/7989/4424 5402/7990/4424 5404/7991/4424
f 5399/7992/4425 5403/7993/4425 5402/7994/4425 5401/7995/4425
f 5400/7996/4426 5404/7997/4426 5402/7998/4426 5403/7999/4426
f 5363/7928/4427 5349/7904/4427 5355/7907/4427 5366/7929/4427
f 5366/7935/4428 5355/7913/4428 5351/7912/4428 5364/7932/4428
f 5350/7908/4429 5356/7916/4429 5362/7919/4429 5354/7909/4429
f 5354/7915/4430 5362/7925/4430 5358/7924/4430 5351/7912/4430
f 5357/7920/4431 5370/7940/4431 5376/7943/4431 5361/7921/4431
f 5361/7927/4432 5376/7949/4432 5372/7948/4432 5358/7924/4432
f 5371/7944/4433 5365/7936/4433 5368/7939/4433 5375/7945/4433
f 5375/7951/4434 5368/7933/4434 5364/7932/4434 5372/7948/4434
f 5391/7976/4435 5363/7928/4435 5369/7931/4435 5394/7977/4435
f 5394/7983/4436 5369/7937/4436 5365/7936/4436 5392/7980/4436
f 5370/7940/4437 5398/7988/4437 5404/7991/4437 5373/7941/4437
f 5373/7947/4438 5404/7997/4438 5400/7996/4438 5371/7944/4438
f 5399/7992/4439 5393/7984/4439 5396/7987/4439 5403/7993/4439
f 5403/7999/4440 5396/7981/4440 5392/7980/4440 5400/7996/4440
f 5377/7952/4441 5391/7976/4441 5397/7979/4441 5380/7953/4441
f 5380/7959/4442 5397/7985/4442 5393/7984/4442 5378/7956/4442
f 5398/7988/4443 5384/7964/4443 5390/7967/4443 5401/7989/4443
f 5401/7995/4444 5390/7973/4444 5386/7972/4444 5399/7992/4444
f 5385/7968/4445 5379/7960/4445 5382/7963/4445 5389/7969/4445
f 5389/7975/4446 5382/7957/4446 5378/7956/4446 5386/7972/4446
f 5349/7904/4447 5377/7952/4447 5383/7955/4447 5352/7905/4447
f 5352/7911/4448 5383/7961/4448 5379/7960/4448 5350/7908/4448
f 5384/7964/4449 5357/7920/4449 5359/7923/4449 5387/7965/4449
f 5387/7971/4450 5359/7917/4450 5356/7916/4450 5385/7968/4450
f 5363/7928/4451 5391/7976/4451 5377/7952/4451 5349/7904/4451
f 5351/7912/4452 5358/7924/4452 5372/7948/4452 5364/7932/4452
f 5379/7960/4453 5385/7968/4453 5356/7916/4453 5350/7908/4453
f 5398/7988/4454 5370/7940/4454 5357/7920/4454 5384/7964/4454
f 5365/7936/4455 5371/7944/4455 5400/7996/4455 5392/7980/4455
f 5393/7984/4456 5399/7992/4456 5386/7972/4456 5378/7956/4456
o AK_wear_front_sight_edge_001
v 0.395250 0.074250 -0.012200
v 0.395250 0.074500 -0.011950
v 0.395000 0.074500 -0.012200
v 0.395250 0.074323 -0.012023
v 0.395106 0.074356 -0.012056
v 0.395073 0.074500 -0.012023
v 0.395073 0.074323 -0.012200
v 0.395250 0.075500 -0.011950
v 0.395250 0.075750 -0.012200
v 0.395000 0.075500 -0.012200
v 0.395250 0.075677 -0.012023
v 0.395106 0.075644 -0.012056
v 0.395073 0.075677 -0.012200
v 0.395073 0.075500 -0.012023
v 0.395250 0.074250 -0.012200
v 0.395000 0.074500 -0.012200
v 0.395250 0.074500 -0.012450
v 0.395073 0.074323 -0.012200
v 0.395106 0.074356 -0.012344
v 0.395073 0.074500 -0.012377
v 0.395250 0.074323 -0.012377
v 0.395250 0.075750 -0.012200
v 0.395250 0.075500 -0.012450
v 0.395000 0.075500 -0.012200
v 0.395250 0.075677 -0.012377
v 0.395106 0.075644 -0.012344
v 0.395073 0.075500 -0.012377
v 0.395073 0.075677 -0.012200
v 0.414750 0.074250 -0.012200
v 0.415000 0.074500 -0.012200
v 0.414750 0.074500 -0.011950
v 0.414927 0.074323 -0.012200
v 0.414894 0.074356 -0.012056
v 0.414927 0.074500 -0.012023
v 0.414750 0.074323 -0.012023
v 0.414750 0.075750 -0.012200
v 0.414750 0.075500 -0.011950
v 0.415000 0.075500 -0.012200
v 0.414750 0.075677 -0.012023
v 0.414894 0.075644 -0.012056
v 0.414927 0.075500 -0.012023
v 0.414927 0.075677 -0.012200
v 0.414750 0.074250 -0.012200
v 0.414750 0.074500 -0.012450
v 0.415000 0.074500 -0.012200
v 0.414750 0.074323 -0.012377
v 0.414894 0.074356 -0.012344
v 0.414927 0.074500 -0.012377
v 0.414927 0.074323 -0.012200
v 0.414750 0.075750 -0.012200
v 0.415000 0.075500 -0.012200
v 0.414750 0.075500 -0.012450
v 0.414927 0.075677 -0.012200
v 0.414894 0.075644 -0.012344
v 0.414927 0.075500 -0.012377
v 0.414750 0.075677 -0.012377
vn -0.3251 -0.8881 0.3251
vn -0.3251 -0.3251 0.8881
vn -0.8881 -0.3251 0.3251
vn -0.3251 0.3251 0.8881
vn -0.3251 0.8881 0.3251
vn -0.8881 0.3251 0.3251
vn -0.3251 -0.8881 -0.3251
vn -0.8881 -0.3251 -0.3251
vn -0.3251 -0.3251 -0.8881
vn -0.3251 0.8881 -0.3251
vn -0.3251 0.3251 -0.8881
vn -0.8881 0.3251 -0.3251
vn 0.3251 -0.8881 0.3251
vn 0.8881 -0.3251 0.3251
vn 0.3251 -0.3251 0.8881
vn 0.3251 0.8881 0.3251
vn 0.3251 0.3251 0.8881
vn 0.8881 0.3251 0.3251
vn 0.3251 -0.8881 -0.3251
vn 0.3251 -0.3251 -0.8881
vn 0.8881 -0.3251 -0.3251
vn 0.3251 0.8881 -0.3251
vn 0.8881 0.3251 -0.3251
vn 0.3251 0.3251 -0.8881
vn -0.2927 -0.7066 -0.6442
vn -0.5843 -0.2420 -0.7746
vn -0.3827 -0.0000 0.9239
vn -0.9239 -0.0000 0.3827
vn -0.2927 0.7066 0.6442
vn -0.5843 0.2420 0.7746
vn -0.3827 -0.0000 -0.9239
vn -0.9239 -0.0000 -0.3827
vn -0.0000 -0.9239 -0.3827
vn -0.0000 -0.3827 -0.9239
vn -0.0000 0.9239 -0.3827
vn -0.0000 0.3827 -0.9239
vn 0.9239 -0.0000 -0.3827
vn 0.3827 -0.0000 -0.9239
vn 0.2927 -0.7066 0.6442
vn 0.5843 -0.2420 0.7746
vn 0.2927 0.7066 -0.6442
vn 0.5843 0.2420 -0.7746
vn 0.3827 -0.0000 0.9239
vn 0.9239 -0.0000 0.3827
vn -0.0000 -0.9239 0.3827
vn -0.0000 -0.3827 0.9239
vn -0.0000 0.9239 0.3827
vn -0.0000 0.3827 0.9239
vn -0.0000 -1.0000 -0.0000
vn -1.0000 -0.0000 -0.0000
vn -0.0000 -0.0000 1.0000
vn -0.0000 1.0000 -0.0000
vn -0.0000 -0.0000 -1.0000
vn 1.0000 -0.0000 -0.0000
vt 0.166936 0.013425
vt 0.154459 0.013425
vt 0.154459 0.006222
vt 0.166936 0.000949
vt 0.140085 0.013425
vt 0.140085 0.000949
vt 0.147289 0.000949
vt 0.152562 0.013425
vt 0.220636 0.063330
vt 0.220636 0.075806
vt 0.213433 0.075806
vt 0.208160 0.063330
vt 0.090180 0.013425
vt 0.077704 0.013425
vt 0.077704 0.006222
vt 0.090180 0.000949
vt 0.193786 0.986575
vt 0.193786 0.999051
vt 0.186583 0.999051
vt 0.181309 0.986575
vt 0.220636 0.013425
vt 0.208160 0.013425
vt 0.208160 0.006222
vt 0.220636 0.000949
vt 0.174139 0.000949
vt 0.179412 0.013425
vt 0.233112 0.063330
vt 0.233112 0.070533
vt 0.063330 0.986575
vt 0.075806 0.986575
vt 0.075806 0.993778
vt 0.063330 0.999051
vt 0.206262 0.986575
vt 0.206262 0.993778
vt 0.013425 0.986575
vt 0.013425 0.999051
vt 0.006222 0.999051
vt 0.000949 0.986575
vt 0.220636 0.013425
vt 0.227839 0.000949
vt 0.233112 0.013425
vt 0.166936 0.986575
vt 0.166936 0.999051
vt 0.159732 0.999051
vt 0.154459 0.986575
vt 0.220636 0.140085
vt 0.233112 0.140085
vt 0.233112 0.147289
vt 0.220636 0.152562
vt 0.140085 0.986575
vt 0.152562 0.986575
vt 0.152562 0.993778
vt 0.140085 0.999051
vt 0.193786 0.013425
vt 0.181309 0.013425
vt 0.181309 0.006222
vt 0.193786 0.000949
vt 0.090180 0.986575
vt 0.090180 0.999051
vt 0.082977 0.999051
vt 0.077704 0.986575
vt 0.220636 0.090180
vt 0.220636 0.077704
vt 0.227839 0.077704
vt 0.233112 0.090180
vt 0.179412 0.986575
vt 0.179412 0.993778
vt 0.063330 0.013425
vt 0.063330 0.000949
vt 0.070533 0.000949
vt 0.075807 0.013425
vt 0.213433 0.152562
vt 0.208160 0.140085
vt 0.193786 0.000949
vt 0.200989 0.000949
vt 0.206262 0.013425
vt 0.220636 0.090180
vt 0.208160 0.090180
vt 0.208160 0.082977
vt 0.013425 0.013425
vt 0.000949 0.013425
vt 0.000949 0.006222
vt 0.013425 0.000949
s 0
usemtl MAT_metal_dark_blued
f 5405/8000/4457 5408/8001/4457 5409/8002/4457 5411/8003/4457
f 5406/8004/4458 5410/8005/4458 5409/8006/4458 5408/8007/4458
f 5407/8008/4459 5411/8009/4459 5409/8010/4459 5410/8011/4459
f 5412/8012/4460 5415/8013/4460 5416/8014/4460 5418/8015/4460
f 5413/8016/4461 5417/8017/4461 5416/8018/4461 5415/8019/4461
f 5414/8020/4462 5418/8021/4462 5416/8022/4462 5417/8023/4462
f 5419/8000/4463 5422/8003/4463 5423/8024/4463 5425/8025/4463
f 5420/8008/4464 5424/8026/4464 5423/8027/4464 5422/8009/4464
f 5421/8028/4465 5425/8029/4465 5423/8030/4465 5424/8031/4465
f 5426/8016/4466 5429/8032/4466 5430/8033/4466 5432/8017/4466
f 5427/8034/4467 5431/8035/4467 5430/8036/4467 5429/8037/4467
f 5428/8038/4468 5432/8023/4468 5430/8039/4468 5431/8040/4468
f 5433/8041/4469 5436/8042/4469 5437/8043/4469 5439/8044/4469
f 5434/8045/4470 5438/8046/4470 5437/8047/4470 5436/8048/4470
f 5435/8049/4471 5439/8050/4471 5437/8051/4471 5438/8052/4471
f 5440/8053/4472 5443/8054/4472 5444/8055/4472 5446/8056/4472
f 5441/8057/4473 5445/8058/4473 5444/8059/4473 5443/8060/4473
f 5442/8061/4474 5446/8062/4474 5444/8063/4474 5445/8064/4474
f 5447/8041/4475 5450/8065/4475 5451/8066/4475 5453/8042/4475
f 5448/8067/4476 5452/8068/4476 5451/8069/4476 5450/8070/4476
f 5449/8045/4477 5453/8048/4477 5451/8071/4477 5452/8072/4477
f 5454/8053/4478 5457/8073/4478 5458/8074/4478 5460/8075/4478
f 5455/8076/4479 5459/8077/4479 5458/8078/4479 5457/8062/4479
f 5456/8079/4480 5460/8080/4480 5458/8081/4480 5459/8082/4480
f 5419/8000/4481 5405/8000/4481 5411/8003/4481 5422/8003/4481
f 5422/8009/4482 5411/8009/4482 5407/8008/4482 5420/8008/4482
f 5406/8004/4483 5412/8012/4483 5418/8015/4483 5410/8005/4483
f 5410/8011/4484 5418/8021/4484 5414/8020/4484 5407/8008/4484
f 5413/8016/4485 5426/8016/4485 5432/8017/4485 5417/8017/4485
f 5417/8023/4486 5432/8023/4486 5428/8038/4486 5414/8020/4486
f 5427/8034/4487 5421/8028/4487 5424/8031/4487 5431/8035/4487
f 5431/8040/4488 5424/8026/4488 5420/8008/4488 5428/8038/4488
f 5447/8041/4489 5419/8000/4489 5425/8025/4489 5450/8065/4489
f 5450/8070/4490 5425/8029/4490 5421/8028/4490 5448/8067/4490
f 5426/8016/4491 5454/8053/4491 5460/8075/4491 5429/8032/4491
f 5429/8037/4492 5460/8080/4492 5456/8079/4492 5427/8034/4492
f 5455/8076/4493 5449/8045/4493 5452/8072/4493 5459/8077/4493
f 5459/8082/4494 5452/8068/4494 5448/8067/4494 5456/8079/4494
f 5433/8041/4495 5447/8041/4495 5453/8042/4495 5436/8042/4495
f 5436/8048/4496 5453/8048/4496 5449/8045/4496 5434/8045/4496
f 5454/8053/4497 5440/8053/4497 5446/8056/4497 5457/8073/4497
f 5457/8062/4498 5446/8062/4498 5442/8061/4498 5455/8076/4498
f 5441/8057/4499 5435/8049/4499 5438/8052/4499 5445/8058/4499
f 5445/8064/4500 5438/8046/4500 5434/8045/4500 5442/8061/4500
f 5405/8000/4501 5433/8041/4501 5439/8044/4501 5408/8001/4501
f 5408/8007/4502 5439/8050/4502 5435/8049/4502 5406/8004/4502
f 5440/8053/4503 5413/8016/4503 5415/8019/4503 5443/8054/4503
f 5443/8060/4504 5415/8013/4504 5412/8012/4504 5441/8057/4504
f 5419/8000/4505 5447/8041/4505 5433/8041/4505 5405/8000/4505
f 5407/8008/4506 5414/8020/4506 5428/8038/4506 5420/8008/4506
f 5435/8049/4507 5441/8057/4507 5412/8012/4507 5406/8004/4507
f 5454/8053/4508 5426/8016/4508 5413/8016/4508 5440/8053/4508
f 5421/8028/4509 5427/8034/4509 5456/8079/4509 5448/8067/4509
f 5449/8045/4510 5455/8076/4510 5442/8061/4510 5434/8045/4510
o AK_wear_grip_edge_001
v -0.108437 -0.149495 -0.017200
v -0.108437 -0.149245 -0.016950
v -0.108687 -0.149245 -0.017200
v -0.108437 -0.149422 -0.017023
v -0.108581 -0.149390 -0.017056
v -0.108613 -0.149245 -0.017023
v -0.108613 -0.149422 -0.017200
v -0.108437 -0.147745 -0.016950
v -0.108437 -0.147495 -0.017200
v -0.108687 -0.147745 -0.017200
v -0.108437 -0.147568 -0.017023
v -0.108581 -0.147601 -0.017056
v -0.108613 -0.147568 -0.017200
v -0.108613 -0.147745 -0.017023
v -0.108437 -0.149495 -0.017200
v -0.108687 -0.149245 -0.017200
v -0.108437 -0.149245 -0.017450
v -0.108613 -0.149422 -0.017200
v -0.108581 -0.149390 -0.017344
v -0.108613 -0.149245 -0.017377
v -0.108437 -0.149422 -0.017377
v -0.108437 -0.147495 -0.017200
v -0.108437 -0.147745 -0.017450
v -0.108687 -0.147745 -0.017200
v -0.108437 -0.147568 -0.017377
v -0.108581 -0.147601 -0.017344
v -0.108613 -0.147745 -0.017377
v -0.108613 -0.147568 -0.017200
v -0.068937 -0.149495 -0.017200
v -0.068687 -0.149245 -0.017200
v -0.068937 -0.149245 -0.016950
v -0.068760 -0.149422 -0.017200
v -0.068792 -0.149390 -0.017056
v -0.068760 -0.149245 -0.017023
v -0.068937 -0.149422 -0.017023
v -0.068937 -0.147495 -0.017200
v -0.068937 -0.147745 -0.016950
v -0.068687 -0.147745 -0.017200
v -0.068937 -0.147568 -0.017023
v -0.068792 -0.147601 -0.017056
v -0.068760 -0.147745 -0.017023
v -0.068760 -0.147568 -0.017200
v -0.068937 -0.149495 -0.017200
v -0.068937 -0.149245 -0.017450
v -0.068687 -0.149245 -0.017200
v -0.068937 -0.149422 -0.017377
v -0.068792 -0.149390 -0.017344
v -0.068760 -0.149245 -0.017377
v -0.068760 -0.149422 -0.017200
v -0.068937 -0.147495 -0.017200
v -0.068687 -0.147745 -0.017200
v -0.068937 -0.147745 -0.017450
v -0.068760 -0.147568 -0.017200
v -0.068792 -0.147601 -0.017344
v -0.068760 -0.147745 -0.017377
v -0.068937 -0.147568 -0.017377
vn -0.3251 -0.8881 0.3251
vn -0.3251 -0.3251 0.8881
vn -0.8881 -0.3251 0.3251
vn -0.3251 0.3251 0.8881
vn -0.3251 0.8881 0.3251
vn -0.8881 0.3251 0.3251
vn -0.3251 -0.8881 -0.3251
vn -0.8881 -0.3251 -0.3251
vn -0.3251 -0.3251 -0.8881
vn -0.3251 0.8881 -0.3251
vn -0.3251 0.3251 -0.8881
vn -0.8881 0.3251 -0.3251
vn 0.3251 -0.8881 0.3251
vn 0.8881 -0.3251 0.3251
vn 0.3251 -0.3251 0.8881
vn 0.3251 0.8881 0.3251
vn 0.3251 0.3251 0.8881
vn 0.8881 0.3251 0.3251
vn 0.3251 -0.8881 -0.3251
vn 0.3251 -0.3251 -0.8881
vn 0.8881 -0.3251 -0.3251
vn 0.3251 0.8881 -0.3251
vn 0.8881 0.3251 -0.3251
vn 0.3251 0.3251 -0.8881
vn -0.3827 -0.9239 -0.0000
vn -0.9239 -0.3827 -0.0000
vn -0.3827 -0.0000 0.9239
vn -0.9239 -0.0000 0.3827
vn -0.3827 0.9239 -0.0000
vn -0.9239 0.3827 -0.0000
vn -0.3827 -0.0000 -0.9239
vn -0.9239 -0.0000 -0.3827
vn -0.0000 -0.9239 -0.3827
vn -0.0000 -0.3827 -0.9239
vn -0.0000 0.9239 -0.3827
vn -0.0000 0.3827 -0.9239
vn 0.9239 -0.0000 -0.3827
vn 0.3827 -0.0000 -0.9239
vn 0.3827 -0.9239 -0.0000
vn 0.9239 -0.3827 -0.0000
vn 0.3827 0.9239 -0.0000
vn 0.9239 0.3827 -0.0000
vn 0.3827 -0.0000 0.9239
vn 0.9239 -0.0000 0.3827
vn -0.0000 -0.9239 0.3827
vn -0.0000 -0.3827 0.9239
vn -0.0000 0.9239 0.3827
vn -0.0000 0.3827 0.9239
vn -0.0000 -1.0000 -0.0000
vn -1.0000 -0.0000 -0.0000
vn -0.0000 -0.0000 1.0000
vn -0.0000 1.0000 -0.0000
vn -0.0000 -0.0000 -1.0000
vn 1.0000 -0.0000 -0.0000
vt 0.109696 0.006961
vt 0.103455 0.006961
vt 0.103455 0.003358
vt 0.109696 0.000720
vt 0.095775 0.006961
vt 0.095775 0.000720
vt 0.099378 0.000720
vt 0.102016 0.006961
vt 0.137539 0.044407
vt 0.137539 0.050648
vt 0.133936 0.050648
vt 0.131298 0.044407
vt 0.058329 0.006961
vt 0.052088 0.006961
vt 0.052088 0.003358
vt 0.058329 0.000720
vt 0.123618 0.993039
vt 0.123618 0.999280
vt 0.120014 0.999280
vt 0.117377 0.993039
vt 0.137539 0.006961
vt 0.131298 0.006961
vt 0.131298 0.003358
vt 0.137539 0.000720
vt 0.109696 0.006961
vt 0.113299 0.000720
vt 0.115937 0.006961
vt 0.143780 0.044407
vt 0.143780 0.048010
vt 0.044407 0.993039
vt 0.050648 0.993039
vt 0.050648 0.996642
vt 0.044407 0.999280
vt 0.123618 0.993039
vt 0.129859 0.993039
vt 0.129859 0.996642
vt 0.006961 0.993039
vt 0.006961 0.999280
vt 0.003358 0.999280
vt 0.000720 0.993039
vt 0.141143 0.000720
vt 0.143780 0.006961
vt 0.109696 0.993039
vt 0.109696 0.999280
vt 0.106093 0.999280
vt 0.103455 0.993039
vt 0.137539 0.095774
vt 0.143780 0.095774
vt 0.143780 0.099378
vt 0.137539 0.102015
vt 0.095774 0.993039
vt 0.102015 0.993039
vt 0.102015 0.996642
vt 0.095774 0.999280
vt 0.123618 0.006961
vt 0.117377 0.006961
vt 0.117377 0.003358
vt 0.123618 0.000720
vt 0.058328 0.993039
vt 0.058328 0.999280
vt 0.054725 0.999280
vt 0.052087 0.993039
vt 0.137539 0.058328
vt 0.137539 0.052087
vt 0.141143 0.052087
vt 0.143780 0.058328
vt 0.115937 0.993039
vt 0.115937 0.996642
vt 0.044407 0.006961
vt 0.044407 0.000720
vt 0.048010 0.000720
vt 0.050648 0.006961
vt 0.133936 0.102015
vt 0.131298 0.095774
vt 0.127221 0.000720
vt 0.129859 0.006961
vt 0.137539 0.058328
vt 0.131298 0.058328
vt 0.131298 0.054725
vt 0.006961 0.006961
vt 0.000720 0.006961
vt 0.000720 0.003358
vt 0.006961 0.000720
s 0
usemtl MAT_grip_dark_bakelite
f 5461/8083/4511 5464/8084/4511 5465/8085/4511 5467/8086/4511
f 5462/8087/4512 5466/8088/4512 5465/8089/4512 5464/8090/4512
f 5463/8091/4513 5467/8092/4513 5465/8093/4513 5466/8094/4513
f 5468/8095/4514 5471/8096/4514 5472/8097/4514 5474/8098/4514
f 5469/8099/4515 5473/8100/4515 5472/8101/4515 5471/8102/4515
f 5470/8103/4516 5474/8104/4516 5472/8105/4516 5473/8106/4516
f 5475/8107/4517 5478/8086/4517 5479/8108/4517 5481/8109/4517
f 5476/8091/4518 5480/8110/4518 5479/8111/4518 5478/8092/4518
f 5477/8112/4519 5481/8113/4519 5479/8114/4519 5480/8115/4519
f 5482/8116/4520 5485/8117/4520 5486/8118/4520 5488/8100/4520
f 5483/8119/4521 5487/8120/4521 5486/8121/4521 5485/8122/4521
f 5484/8103/4522 5488/8106/4522 5486/8123/4522 5487/8124/4522
f 5489/8125/4523 5492/8126/4523 5493/8127/4523 5495/8128/4523
f 5490/8129/4524 5494/8130/4524 5493/8131/4524 5492/8132/4524
f 5491/8133/4525 5495/8134/4525 5493/8135/4525 5494/8136/4525
f 5496/8137/4526 5499/8138/4526 5500/8139/4526 5502/8140/4526
f 5497/8141/4527 5501/8142/4527 5500/8143/4527 5499/8144/4527
f 5498/8145/4528 5502/8146/4528 5500/8147/4528 5501/8148/4528
f 5503/8125/4529 5506/8149/4529 5507/8150/4529 5509/8126/4529
f 5504/8151/4530 5508/8152/4530 5507/8153/4530 5506/8154/4530
f 5505/8129/4531 5509/8132/4531 5507/8155/4531 5508/8156/4531
f 5510/8137/4532 5513/8140/4532 5514/8157/4532 5516/8158/4532
f 5511/8159/4533 5515/8160/4533 5514/8161/4533 5513/8146/4533
f 5512/8162/4534 5516/8163/4534 5514/8164/4534 5515/8165/4534
f 5475/8107/4535 5461/8083/4535 5467/8086/4535 5478/8086/4535
f 5478/8092/4536 5467/8092/4536 5463/8091/4536 5476/8091/4536
f 5462/8087/4537 5468/8095/4537 5474/8098/4537 5466/8088/4537
f 5466/8094/4538 5474/8104/4538 5470/8103/4538 5463/8091/4538
f 5469/8099/4539 5482/8116/4539 5488/8100/4539 5473/8100/4539
f 5473/8106/4540 5488/8106/4540 5484/8103/4540 5470/8103/4540
f 5483/8119/4541 5477/8112/4541 5480/8115/4541 5487/8120/4541
f 5487/8124/4542 5480/8110/4542 5476/8091/4542 5484/8103/4542
f 5503/8125/4543 5475/8107/4543 5481/8109/4543 5506/8149/4543
f 5506/8154/4544 5481/8113/4544 5477/8112/4544 5504/8151/4544
f 5482/8116/4545 5510/8137/4545 5516/8158/4545 5485/8117/4545
f 5485/8122/4546 5516/8163/4546 5512/8162/4546 5483/8119/4546
f 5511/8159/4547 5505/8129/4547 5508/8156/4547 5515/8160/4547
f 5515/8165/4548 5508/8152/4548 5504/8151/4548 5512/8162/4548
f 5489/8125/4549 5503/8125/4549 5509/8126/4549 5492/8126/4549
f 5492/8132/4550 5509/8132/4550 5505/8129/4550 5490/8129/4550
f 5510/8137/4551 5496/8137/4551 5502/8140/4551 5513/8140/4551
f 5513/8146/4552 5502/8146/4552 5498/8145/4552 5511/8159/4552
f 5497/8141/4553 5491/8133/4553 5494/8136/4553 5501/8142/4553
f 5501/8148/4554 5494/8130/4554 5490/8129/4554 5498/8145/4554
f 5461/8083/4555 5489/8125/4555 5495/8128/4555 5464/8084/4555
f 5464/8090/4556 5495/8134/4556 5491/8133/4556 5462/8087/4556
f 5496/8137/4557 5469/8099/4557 5471/8102/4557 5499/8138/4557
f 5499/8144/4558 5471/8096/4558 5468/8095/4558 5497/8141/4558
f 5475/8107/4559 5503/8125/4559 5489/8125/4559 5461/8083/4559
f 5463/8091/4560 5470/8103/4560 5484/8103/4560 5476/8091/4560
f 5491/8133/4561 5497/8141/4561 5468/8095/4561 5462/8087/4561
f 5510/8137/4562 5482/8116/4562 5469/8099/4562 5496/8137/4562
f 5477/8112/4563 5483/8119/4563 5512/8162/4563 5504/8151/4563
f 5505/8129/4564 5511/8159/4564 5498/8145/4564 5490/8129/4564
o AK_wear_handguard_edge_001
v 0.095250 -0.005000 -0.020200
v 0.095250 -0.004750 -0.019950
v 0.095000 -0.004750 -0.020200
v 0.095250 -0.004927 -0.020023
v 0.095106 -0.004894 -0.020056
v 0.095073 -0.004750 -0.020023
v 0.095073 -0.004927 -0.020200
v 0.095250 -0.003250 -0.019950
v 0.095250 -0.003000 -0.020200
v 0.095000 -0.003250 -0.020200
v 0.095250 -0.003073 -0.020023
v 0.095106 -0.003106 -0.020056
v 0.095073 -0.003073 -0.020200
v 0.095073 -0.003250 -0.020023
v 0.095250 -0.005000 -0.020200
v 0.095000 -0.004750 -0.020200
v 0.095250 -0.004750 -0.020450
v 0.095073 -0.004927 -0.020200
v 0.095106 -0.004894 -0.020344
v 0.095073 -0.004750 -0.020377
v 0.095250 -0.004927 -0.020377
v 0.095250 -0.003000 -0.020200
v 0.095250 -0.003250 -0.020450
v 0.095000 -0.003250 -0.020200
v 0.095250 -0.003073 -0.020377
v 0.095106 -0.003106 -0.020344
v 0.095073 -0.003250 -0.020377
v 0.095073 -0.003073 -0.020200
v 0.174750 -0.005000 -0.020200
v 0.175000 -0.004750 -0.020200
v 0.174750 -0.004750 -0.019950
v 0.174927 -0.004927 -0.020200
v 0.174894 -0.004894 -0.020056
v 0.174927 -0.004750 -0.020023
v 0.174750 -0.004927 -0.020023
v 0.174750 -0.003000 -0.020200
v 0.174750 -0.003250 -0.019950
v 0.175000 -0.003250 -0.020200
v 0.174750 -0.003073 -0.020023
v 0.174894 -0.003106 -0.020056
v 0.174927 -0.003250 -0.020023
v 0.174927 -0.003073 -0.020200
v 0.174750 -0.005000 -0.020200
v 0.174750 -0.004750 -0.020450
v 0.175000 -0.004750 -0.020200
v 0.174750 -0.004927 -0.020377
v 0.174894 -0.004894 -0.020344
v 0.174927 -0.004750 -0.020377
v 0.174927 -0.004927 -0.020200
v 0.174750 -0.003000 -0.020200
v 0.175000 -0.003250 -0.020200
v 0.174750 -0.003250 -0.020450
v 0.174927 -0.003073 -0.020200
v 0.174894 -0.003106 -0.020344
v 0.174927 -0.003250 -0.020377
v 0.174750 -0.003073 -0.020377
vn -0.3251 -0.8881 0.3251
vn -0.3251 -0.3251 0.8881
vn -0.8881 -0.3251 0.3251
vn -0.3251 0.3251 0.8881
vn -0.3251 0.8881 0.3251
vn -0.8881 0.3251 0.3251
vn -0.3251 -0.8881 -0.3251
vn -0.8881 -0.3251 -0.3251
vn -0.3251 -0.3251 -0.8881
vn -0.3251 0.8881 -0.3251
vn -0.3251 0.3251 -0.8881
vn -0.8881 0.3251 -0.3251
vn 0.3251 -0.8881 0.3251
vn 0.8881 -0.3251 0.3251
vn 0.3251 -0.3251 0.8881
vn 0.3251 0.8881 0.3251
vn 0.3251 0.3251 0.8881
vn 0.8881 0.3251 0.3251
vn 0.3251 -0.8881 -0.3251
vn 0.3251 -0.3251 -0.8881
vn 0.8881 -0.3251 -0.3251
vn 0.3251 0.8881 -0.3251
vn 0.8881 0.3251 -0.3251
vn 0.3251 0.3251 -0.8881
vn -0.3827 -0.9239 -0.0000
vn -0.9239 -0.3827 -0.0000
vn -0.3827 -0.0000 0.9239
vn -0.9239 -0.0000 0.3827
vn -0.3827 0.9239 -0.0000
vn -0.9239 0.3827 -0.0000
vn -0.3827 -0.0000 -0.9239
vn -0.9239 -0.0000 -0.3827
vn -0.0000 -0.9239 -0.3827
vn -0.0000 -0.3827 -0.9239
vn -0.0000 0.9239 -0.3827
vn -0.0000 0.3827 -0.9239
vn 0.9239 -0.0000 -0.3827
vn 0.3827 -0.0000 -0.9239
vn 0.3827 -0.9239 -0.0000
vn 0.9239 -0.3827 -0.0000
vn 0.3827 0.9239 -0.0000
vn 0.9239 0.3827 -0.0000
vn 0.3827 -0.0000 0.9239
vn 0.9239 -0.0000 0.3827
vn -0.0000 -0.9239 0.3827
vn -0.0000 -0.3827 0.9239
vn -0.0000 0.9239 0.3827
vn -0.0000 0.3827 0.9239
vn -0.0000 -1.0000 -0.0000
vn -1.0000 -0.0000 -0.0000
vn -0.0000 -0.0000 1.0000
vn -0.0000 1.0000 -0.0000
vn -0.0000 -0.0000 -1.0000
vn 1.0000 -0.0000 -0.0000
vt 0.055566 0.003621
vt 0.052445 0.003621
vt 0.052445 0.001818
vt 0.055566 0.000499
vt 0.048325 0.003621
vt 0.048325 0.000499
vt 0.050127 0.000499
vt 0.051447 0.003621
vt 0.070049 0.022352
vt 0.070049 0.025474
vt 0.068247 0.025474
vt 0.066928 0.022352
vt 0.029594 0.003621
vt 0.026472 0.003621
vt 0.026472 0.001818
vt 0.029594 0.000499
vt 0.062808 0.996379
vt 0.062808 0.999501
vt 0.061005 0.999501
vt 0.059686 0.996379
vt 0.070049 0.003621
vt 0.066928 0.003621
vt 0.066928 0.001818
vt 0.070049 0.000499
vt 0.057369 0.000499
vt 0.058688 0.003621
vt 0.073171 0.022352
vt 0.073171 0.024154
vt 0.022352 0.996379
vt 0.025474 0.996379
vt 0.025474 0.998182
vt 0.022352 0.999501
vt 0.065930 0.996379
vt 0.065930 0.998182
vt 0.003621 0.996379
vt 0.003621 0.999501
vt 0.001818 0.999501
vt 0.000499 0.996379
vt 0.071852 0.000499
vt 0.073171 0.003621
vt 0.055566 0.996379
vt 0.055566 0.999501
vt 0.053764 0.999501
vt 0.052444 0.996379
vt 0.070049 0.048325
vt 0.073171 0.048325
vt 0.073171 0.050127
vt 0.070049 0.051447
vt 0.048325 0.996379
vt 0.051447 0.996379
vt 0.051447 0.998182
vt 0.048325 0.999501
vt 0.062808 0.003621
vt 0.059686 0.003621
vt 0.059686 0.001818
vt 0.062808 0.000499
vt 0.029594 0.996379
vt 0.029594 0.999501
vt 0.027791 0.999501
vt 0.026472 0.996379
vt 0.070049 0.029593
vt 0.070049 0.026472
vt 0.071852 0.026472
vt 0.073171 0.029593
vt 0.058688 0.996379
vt 0.058688 0.998182
vt 0.022352 0.003621
vt 0.022352 0.000499
vt 0.024155 0.000499
vt 0.025474 0.003621
vt 0.068247 0.051447
vt 0.066928 0.048325
vt 0.062808 0.003621
vt 0.064610 0.000499
vt 0.065930 0.003621
vt 0.066928 0.029593
vt 0.066928 0.027791
vt 0.003621 0.003621
vt 0.000499 0.003621
vt 0.000499 0.001818
vt 0.003621 0.000499
s 0
usemtl MAT_wood_dark_reddish
f 5517/8166/4565 5520/8167/4565 5521/8168/4565 5523/8169/4565
f 5518/8170/4566 5522/8171/4566 5521/8172/4566 5520/8173/4566
f 5519/8174/4567 5523/8175/4567 5521/8176/4567 5522/8177/4567
f 5524/8178/4568 5527/8179/4568 5528/8180/4568 5530/8181/4568
f 5525/8182/4569 5529/8183/4569 5528/8184/4569 5527/8185/4569
f 5526/8186/4570 5530/8187/4570 5528/8188/4570 5529/8189/4570
f 5531/8166/4571 5534/8169/4571 5535/8190/4571 5537/8191/4571
f 5532/8174/4572 5536/8192/4572 5535/8193/4572 5534/8175/4572
f 5533/8194/4573 5537/8195/4573 5535/8196/4573 5536/8197/4573
f 5538/8182/4574 5541/8198/4574 5542/8199/4574 5544/8183/4574
f 5539/8200/4575 5543/8201/4575 5542/8202/4575 5541/8203/4575
f 5540/8186/4576 5544/8189/4576 5542/8204/4576 5543/8205/4576
f 5545/8206/4577 5548/8207/4577 5549/8208/4577 5551/8209/4577
f 5546/8210/4578 5550/8211/4578 5549/8212/4578 5548/8213/4578
f 5547/8214/4579 5551/8215/4579 5549/8216/4579 5550/8217/4579
f 5552/8218/4580 5555/8219/4580 5556/8220/4580 5558/8221/4580
f 5553/8222/4581 5557/8223/4581 5556/8224/4581 5555/8225/4581
f 5554/8226/4582 5558/8227/4582 5556/8228/4582 5557/8229/4582
f 5559/8206/4583 5562/8230/4583 5563/8231/4583 5565/8207/4583
f 5560/8232/4584 5564/8233/4584 5563/8234/4584 5562/8235/4584
f 5561/8210/4585 5565/8213/4585 5563/8236/4585 5564/8237/4585
f 5566/8238/4586 5569/8221/4586 5570/8239/4586 5572/8240/4586
f 5567/8226/4587 5571/8241/4587 5570/8242/4587 5569/8227/4587
f 5568/8243/4588 5572/8244/4588 5570/8245/4588 5571/8246/4588
f 5531/8166/4589 5517/8166/4589 5523/8169/4589 5534/8169/4589
f 5534/8175/4590 5523/8175/4590 5519/8174/4590 5532/8174/4590
f 5518/8170/4591 5524/8178/4591 5530/8181/4591 5522/8171/4591
f 5522/8177/4592 5530/8187/4592 5526/8186/4592 5519/8174/4592
f 5525/8182/4593 5538/8182/4593 5544/8183/4593 5529/8183/4593
f 5529/8189/4594 5544/8189/4594 5540/8186/4594 5526/8186/4594
f 5539/8200/4595 5533/8194/4595 5536/8197/4595 5543/8201/4595
f 5543/8205/4596 5536/8192/4596 5532/8174/4596 5540/8186/4596
f 5559/8206/4597 5531/8166/4597 5537/8191/4597 5562/8230/4597
f 5562/8235/4598 5537/8195/4598 5533/8194/4598 5560/8232/4598
f 5538/8182/4599 5566/8238/4599 5572/8240/4599 5541/8198/4599
f 5541/8203/4600 5572/8244/4600 5568/8243/4600 5539/8200/4600
f 5567/8226/4601 5561/8210/4601 5564/8237/4601 5571/8241/4601
f 5571/8246/4602 5564/8233/4602 5560/8232/4602 5568/8243/4602
f 5545/8206/4603 5559/8206/4603 5565/8207/4603 5548/8207/4603
f 5548/8213/4604 5565/8213/4604 5561/8210/4604 5546/8210/4604
f 5566/8238/4605 5552/8218/4605 5558/8221/4605 5569/8221/4605
f 5569/8227/4606 5558/8227/4606 5554/8226/4606 5567/8226/4606
f 5553/8222/4607 5547/8214/4607 5550/8217/4607 5557/8223/4607
f 5557/8229/4608 5550/8211/4608 5546/8210/4608 5554/8226/4608
f 5517/8166/4609 5545/8206/4609 5551/8209/4609 5520/8167/4609
f 5520/8173/4610 5551/8215/4610 5547/8214/4610 5518/8170/4610
f 5552/8218/4611 5525/8182/4611 5527/8185/4611 5555/8219/4611
f 5555/8225/4612 5527/8179/4612 5524/8178/4612 5553/8222/4612
f 5531/8166/4613 5559/8206/4613 5545/8206/4613 5517/8166/4613
f 5519/8174/4614 5526/8186/4614 5540/8186/4614 5532/8174/4614
f 5547/8214/4615 5553/8222/4615 5524/8178/4615 5518/8170/4615
f 5566/8238/4616 5538/8182/4616 5525/8182/4616 5552/8218/4616
f 5533/8194/4617 5539/8200/4617 5568/8243/4617 5560/8232/4617
f 5561/8210/4618 5567/8226/4618 5554/8226/4618 5546/8210/4618
o AK_wear_magazine_edge_001
v -0.053500 -0.174500 -0.015200
v -0.053500 -0.174250 -0.014950
v -0.053750 -0.174250 -0.015200
v -0.053500 -0.174427 -0.015023
v -0.053644 -0.174394 -0.015056
v -0.053677 -0.174250 -0.015023
v -0.053677 -0.174427 -0.015200
v -0.053500 -0.171750 -0.014950
v -0.053500 -0.171500 -0.015200
v -0.053750 -0.171750 -0.015200
v -0.053500 -0.171573 -0.015023
v -0.053644 -0.171606 -0.015056
v -0.053677 -0.171573 -0.015200
v -0.053677 -0.171750 -0.015023
v -0.053500 -0.174500 -0.015200
v -0.053750 -0.174250 -0.015200
v -0.053500 -0.174250 -0.015450
v -0.053677 -0.174427 -0.015200
v -0.053644 -0.174394 -0.015344
v -0.053677 -0.174250 -0.015377
v -0.053500 -0.174427 -0.015377
v -0.053500 -0.171500 -0.015200
v -0.053500 -0.171750 -0.015450
v -0.053750 -0.171750 -0.015200
v -0.053500 -0.171573 -0.015377
v -0.053644 -0.171606 -0.015344
v -0.053677 -0.171750 -0.015377
v -0.053677 -0.171573 -0.015200
v 0.056000 -0.174500 -0.015200
v 0.056250 -0.174250 -0.015200
v 0.056000 -0.174250 -0.014950
v 0.056177 -0.174427 -0.015200
v 0.056144 -0.174394 -0.015056
v 0.056177 -0.174250 -0.015023
v 0.056000 -0.174427 -0.015023
v 0.056000 -0.171500 -0.015200
v 0.056000 -0.171750 -0.014950
v 0.056250 -0.171750 -0.015200
v 0.056000 -0.171573 -0.015023
v 0.056144 -0.171606 -0.015056
v 0.056177 -0.171750 -0.015023
v 0.056177 -0.171573 -0.015200
v 0.056000 -0.174500 -0.015200
v 0.056000 -0.174250 -0.015450
v 0.056250 -0.174250 -0.015200
v 0.056000 -0.174427 -0.015377
v 0.056144 -0.174394 -0.015344
v 0.056177 -0.174250 -0.015377
v 0.056177 -0.174427 -0.015200
v 0.056000 -0.171500 -0.015200
v 0.056250 -0.171750 -0.015200
v 0.056000 -0.171750 -0.015450
v 0.056177 -0.171573 -0.015200
v 0.056144 -0.171606 -0.015344
v 0.056177 -0.171750 -0.015377
v 0.056000 -0.171573 -0.015377
vn -0.3251 -0.8881 0.3251
vn -0.3251 -0.3251 0.8881
vn -0.8881 -0.3251 0.3251
vn -0.3251 0.3251 0.8881
vn -0.3251 0.8881 0.3251
vn -0.8881 0.3251 0.3251
vn -0.3251 -0.8881 -0.3251
vn -0.8881 -0.3251 -0.3251
vn -0.3251 -0.3251 -0.8881
vn -0.3251 0.8881 -0.3251
vn -0.3251 0.3251 -0.8881
vn -0.8881 0.3251 -0.3251
vn 0.3251 -0.8881 0.3251
vn 0.8881 -0.3251 0.3251
vn 0.3251 -0.3251 0.8881
vn 0.3251 0.8881 0.3251
vn 0.3251 0.3251 0.8881
vn 0.8881 0.3251 0.3251
vn 0.3251 -0.8881 -0.3251
vn 0.3251 -0.3251 -0.8881
vn 0.8881 -0.3251 -0.3251
vn 0.3251 0.8881 -0.3251
vn 0.8881 0.3251 -0.3251
vn 0.3251 0.3251 -0.8881
vn -0.3827 -0.9239 -0.0000
vn -0.9239 -0.3827 -0.0000
vn -0.3827 -0.0000 0.9239
vn -0.9239 -0.0000 0.3827
vn -0.3827 0.9239 -0.0000
vn -0.9239 0.3827 -0.0000
vn -0.3827 -0.0000 -0.9239
vn -0.9239 -0.0000 -0.3827
vn -0.0000 -0.9239 -0.3827
vn -0.0000 -0.3827 -0.9239
vn -0.0000 0.9239 -0.3827
vn -0.0000 0.3827 -0.9239
vn 0.9239 -0.0000 -0.3827
vn 0.3827 -0.0000 -0.9239
vn 0.3827 -0.9239 -0.0000
vn 0.9239 -0.3827 -0.0000
vn 0.3827 0.9239 -0.0000
vn 0.9239 0.3827 -0.0000
vn 0.3827 -0.0000 0.9239
vn 0.9239 -0.0000 0.3827
vn -0.0000 -0.9239 0.3827
vn -0.0000 -0.3827 0.9239
vn -0.0000 0.9239 0.3827
vn -0.0000 0.3827 0.9239
vn -0.0000 -1.0000 -0.0000
vn -1.0000 -0.0000 -0.0000
vn -0.0000 -0.0000 1.0000
vn -0.0000 1.0000 -0.0000
vn -0.0000 -0.0000 -1.0000
vn 1.0000 -0.0000 -0.0000
vt 0.059198 0.002757
vt 0.056927 0.002757
vt 0.056927 0.001447
vt 0.059198 0.000487
vt 0.053683 0.002757
vt 0.053683 0.000487
vt 0.054994 0.000487
vt 0.055953 0.002757
vt 0.070228 0.025463
vt 0.070228 0.027733
vt 0.068917 0.027733
vt 0.067957 0.025463
vt 0.030978 0.002757
vt 0.028707 0.002757
vt 0.028707 0.001447
vt 0.030978 0.000487
vt 0.064713 0.997243
vt 0.064713 0.999513
vt 0.063402 0.999513
vt 0.062442 0.997243
vt 0.070228 0.002757
vt 0.067957 0.002757
vt 0.067957 0.001447
vt 0.070228 0.000487
vt 0.060509 0.000487
vt 0.061468 0.002757
vt 0.070228 0.025463
vt 0.072498 0.025463
vt 0.072498 0.026773
vt 0.025463 0.997243
vt 0.027733 0.997243
vt 0.027733 0.998553
vt 0.025463 0.999513
vt 0.064713 0.997243
vt 0.066983 0.997243
vt 0.066983 0.998553
vt 0.002757 0.997243
vt 0.002757 0.999513
vt 0.001447 0.999513
vt 0.000487 0.997243
vt 0.070228 0.002757
vt 0.071538 0.000487
vt 0.072498 0.002757
vt 0.059198 0.997243
vt 0.059198 0.999513
vt 0.057887 0.999513
vt 0.056927 0.997243
vt 0.070228 0.053683
vt 0.072498 0.053683
vt 0.072498 0.054993
vt 0.070228 0.055953
vt 0.053683 0.997243
vt 0.055953 0.997243
vt 0.055953 0.998553
vt 0.053683 0.999513
vt 0.064713 0.002757
vt 0.062442 0.002757
vt 0.062442 0.001447
vt 0.064713 0.000487
vt 0.030978 0.997243
vt 0.030978 0.999513
vt 0.029667 0.999513
vt 0.028707 0.997243
vt 0.070228 0.030977
vt 0.070228 0.028707
vt 0.071538 0.028707
vt 0.072498 0.030977
vt 0.059198 0.997243
vt 0.061468 0.997243
vt 0.061468 0.998553
vt 0.025463 0.002757
vt 0.025463 0.000487
vt 0.026774 0.000487
vt 0.027733 0.002757
vt 0.070228 0.053683
vt 0.068917 0.055953
vt 0.067957 0.053683
vt 0.066024 0.000487
vt 0.066983 0.002757
vt 0.070228 0.030977
vt 0.067957 0.030977
vt 0.067957 0.029667
vt 0.002758 0.002757
vt 0.000487 0.002757
vt 0.000487 0.001447
vt 0.002758 0.000487
s 0
usemtl MAT_metal_black_magazine
f 5573/8247/4619 5576/8248/4619 5577/8249/4619 5579/8250/4619
f 5574/8251/4620 5578/8252/4620 5577/8253/4620 5576/8254/4620
f 5575/8255/4621 5579/8256/4621 5577/8257/4621 5578/8258/4621
f 5580/8259/4622 5583/8260/4622 5584/8261/4622 5586/8262/4622
f 5581/8263/4623 5585/8264/4623 5584/8265/4623 5583/8266/4623
f 5582/8267/4624 5586/8268/4624 5584/8269/4624 5585/8270/4624
f 5587/8247/4625 5590/8250/4625 5591/8271/4625 5593/8272/4625
f 5588/8273/4626 5592/8274/4626 5591/8275/4626 5590/8256/4626
f 5589/8276/4627 5593/8277/4627 5591/8278/4627 5592/8279/4627
f 5594/8280/4628 5597/8281/4628 5598/8282/4628 5600/8264/4628
f 5595/8283/4629 5599/8284/4629 5598/8285/4629 5597/8286/4629
f 5596/8287/4630 5600/8270/4630 5598/8288/4630 5599/8289/4630
f 5601/8290/4631 5604/8291/4631 5605/8292/4631 5607/8293/4631
f 5602/8294/4632 5606/8295/4632 5605/8296/4632 5604/8297/4632
f 5603/8298/4633 5607/8299/4633 5605/8300/4633 5606/8301/4633
f 5608/8302/4634 5611/8303/4634 5612/8304/4634 5614/8305/4634
f 5609/8306/4635 5613/8307/4635 5612/8308/4635 5611/8309/4635
f 5610/8310/4636 5614/8311/4636 5612/8312/4636 5613/8313/4636
f 5615/8314/4637 5618/8315/4637 5619/8316/4637 5621/8291/4637
f 5616/8317/4638 5620/8318/4638 5619/8319/4638 5618/8320/4638
f 5617/8321/4639 5621/8297/4639 5619/8322/4639 5620/8323/4639
f 5622/8302/4640 5625/8305/4640 5626/8324/4640 5628/8325/4640
f 5623/8326/4641 5627/8327/4641 5626/8328/4641 5625/8311/4641
f 5624/8329/4642 5628/8330/4642 5626/8331/4642 5627/8332/4642
f 5587/8247/4643 5573/8247/4643 5579/8250/4643 5590/8250/4643
f 5590/8256/4644 5579/8256/4644 5575/8255/4644 5588/8273/4644
f 5574/8251/4645 5580/8259/4645 5586/8262/4645 5578/8252/4645
f 5578/8258/4646 5586/8268/4646 5582/8267/4646 5575/8255/4646
f 5581/8263/4647 5594/8280/4647 5600/8264/4647 5585/8264/4647
f 5585/8270/4648 5600/8270/4648 5596/8287/4648 5582/8267/4648
f 5595/8283/4649 5589/8276/4649 5592/8279/4649 5599/8284/4649
f 5599/8289/4650 5592/8274/4650 5588/8273/4650 5596/8287/4650
f 5615/8314/4651 5587/8247/4651 5593/8272/4651 5618/8315/4651
f 5618/8320/4652 5593/8277/4652 5589/8276/4652 5616/8317/4652
f 5594/8280/4653 5622/8302/4653 5628/8325/4653 5597/8281/4653
f 5597/8286/4654 5628/8330/4654 5624/8329/4654 5595/8283/4654
f 5623/8326/4655 5617/8321/4655 5620/8323/4655 5627/8327/4655
f 5627/8332/4656 5620/8318/4656 5616/8317/4656 5624/8329/4656
f 5601/8290/4657 5615/8314/4657 5621/8291/4657 5604/8291/4657
f 5604/8297/4658 5621/8297/4658 5617/8321/4658 5602/8294/4658
f 5622/8302/4659 5608/8302/4659 5614/8305/4659 5625/8305/4659
f 5625/8311/4660 5614/8311/4660 5610/8310/4660 5623/8326/4660
f 5609/8306/4661 5603/8298/4661 5606/8301/4661 5613/8307/4661
f 5613/8313/4662 5606/8295/4662 5602/8294/4662 5610/8310/4662
f 5573/8247/4663 5601/8290/4663 5607/8293/4663 5576/8248/4663
f 5576/8254/4664 5607/8299/4664 5603/8298/4664 5574/8251/4664
f 5608/8302/4665 5581/8263/4665 5583/8266/4665 5611/8303/4665
f 5611/8309/4666 5583/8260/4666 5580/8259/4666 5609/8306/4666
f 5587/8247/4667 5615/8314/4667 5601/8290/4667 5573/8247/4667
f 5575/8255/4668 5582/8267/4668 5596/8287/4668 5588/8273/4668
f 5603/8298/4669 5609/8306/4669 5580/8259/4669 5574/8251/4669
f 5622/8302/4670 5594/8280/4670 5581/8263/4670 5608/8302/4670
f 5589/8276/4671 5595/8283/4671 5624/8329/4671 5616/8317/4671
f 5617/8321/4672 5623/8326/4672 5610/8310/4672 5602/8294/4672
o AK_wear_rearsight_edge_001
v 0.034250 0.060000 -0.015200
v 0.034250 0.060250 -0.014950
v 0.034000 0.060250 -0.015200
v 0.034250 0.060073 -0.015023
v 0.034106 0.060106 -0.015056
v 0.034073 0.060250 -0.015023
v 0.034073 0.060073 -0.015200
v 0.034250 0.060750 -0.014950
v 0.034250 0.061000 -0.015200
v 0.034000 0.060750 -0.015200
v 0.034250 0.060927 -0.015023
v 0.034106 0.060894 -0.015056
v 0.034073 0.060927 -0.015200
v 0.034073 0.060750 -0.015023
v 0.034250 0.060000 -0.015200
v 0.034000 0.060250 -0.015200
v 0.034250 0.060250 -0.015450
v 0.034073 0.060073 -0.015200
v 0.034106 0.060106 -0.015344
v 0.034073 0.060250 -0.015377
v 0.034250 0.060073 -0.015377
v 0.034250 0.061000 -0.015200
v 0.034250 0.060750 -0.015450
v 0.034000 0.060750 -0.015200
v 0.034250 0.060927 -0.015377
v 0.034106 0.060894 -0.015344
v 0.034073 0.060750 -0.015377
v 0.034073 0.060927 -0.015200
v 0.055750 0.060000 -0.015200
v 0.056000 0.060250 -0.015200
v 0.055750 0.060250 -0.014950
v 0.055927 0.060073 -0.015200
v 0.055894 0.060106 -0.015056
v 0.055927 0.060250 -0.015023
v 0.055750 0.060073 -0.015023
v 0.055750 0.061000 -0.015200
v 0.055750 0.060750 -0.014950
v 0.056000 0.060750 -0.015200
v 0.055750 0.060927 -0.015023
v 0.055894 0.060894 -0.015056
v 0.055927 0.060750 -0.015023
v 0.055927 0.060927 -0.015200
v 0.055750 0.060000 -0.015200
v 0.055750 0.060250 -0.015450
v 0.056000 0.060250 -0.015200
v 0.055750 0.060073 -0.015377
v 0.055894 0.060106 -0.015344
v 0.055927 0.060250 -0.015377
v 0.055927 0.060073 -0.015200
v 0.055750 0.061000 -0.015200
v 0.056000 0.060750 -0.015200
v 0.055750 0.060750 -0.015450
v 0.055927 0.060927 -0.015200
v 0.055894 0.060894 -0.015344
v 0.055927 0.060750 -0.015377
v 0.055750 0.060927 -0.015377
vn -0.3251 -0.8881 0.3251
vn -0.3251 -0.3251 0.8881
vn -0.8881 -0.3251 0.3251
vn -0.3251 0.3251 0.8881
vn -0.3251 0.8881 0.3251
vn -0.8881 0.3251 0.3251
vn -0.3251 -0.8881 -0.3251
vn -0.8881 -0.3251 -0.3251
vn -0.3251 -0.3251 -0.8881
vn -0.3251 0.8881 -0.3251
vn -0.3251 0.3251 -0.8881
vn -0.8881 0.3251 -0.3251
vn 0.3251 -0.8881 0.3251
vn 0.8881 -0.3251 0.3251
vn 0.3251 -0.3251 0.8881
vn 0.3251 0.8881 0.3251
vn 0.3251 0.3251 0.8881
vn 0.8881 0.3251 0.3251
vn 0.3251 -0.8881 -0.3251
vn 0.3251 -0.3251 -0.8881
vn 0.8881 -0.3251 -0.3251
vn 0.3251 0.8881 -0.3251
vn 0.8881 0.3251 -0.3251
vn 0.3251 0.3251 -0.8881
vn -0.3827 -0.9239 -0.0000
vn -0.9239 -0.3827 -0.0000
vn -0.3827 -0.0000 0.9239
vn -0.9239 -0.0000 0.3827
vn -0.3827 0.9239 -0.0000
vn -0.9239 0.3827 -0.0000
vn -0.3827 -0.0000 -0.9239
vn -0.9239 -0.0000 -0.3827
vn -0.0000 -0.9239 -0.3827
vn -0.0000 -0.3827 -0.9239
vn -0.0000 0.9239 -0.3827
vn -0.0000 0.3827 -0.9239
vn 0.9239 -0.0000 -0.3827
vn 0.3827 -0.0000 -0.9239
vn 0.3827 -0.9239 -0.0000
vn 0.9239 -0.3827 -0.0000
vn 0.3827 0.9239 -0.0000
vn 0.9239 0.3827 -0.0000
vn 0.3827 -0.0000 0.9239
vn 0.9239 -0.0000 0.3827
vn -0.0000 -0.9239 0.3827
vn -0.0000 -0.3827 0.9239
vn -0.0000 0.9239 0.3827
vn -0.0000 0.3827 0.9239
vn -0.0000 -1.0000 -0.0000
vn -1.0000 -0.0000 -0.0000
vn -0.0000 -0.0000 1.0000
vn -0.0000 1.0000 -0.0000
vn -0.0000 -0.0000 -1.0000
vn 1.0000 -0.0000 -0.0000
vt 0.106066 0.012137
vt 0.094720 0.012137
vt 0.094720 0.005586
vt 0.106066 0.000791
vt 0.081793 0.012137
vt 0.081793 0.000791
vt 0.088343 0.000791
vt 0.093138 0.012137
vt 0.154612 0.034828
vt 0.154612 0.046174
vt 0.148062 0.046174
vt 0.143267 0.034828
vt 0.059101 0.012137
vt 0.047756 0.012137
vt 0.047756 0.005586
vt 0.059101 0.000791
vt 0.130339 0.987863
vt 0.130339 0.999209
vt 0.123789 0.999209
vt 0.118993 0.987863
vt 0.154612 0.012137
vt 0.143267 0.012137
vt 0.143267 0.005586
vt 0.154612 0.000791
vt 0.106066 0.012137
vt 0.112616 0.000791
vt 0.117412 0.012137
vt 0.165958 0.034828
vt 0.165958 0.041378
vt 0.034828 0.987863
vt 0.046174 0.987863
vt 0.046174 0.994414
vt 0.034828 0.999209
vt 0.141685 0.987863
vt 0.141685 0.994414
vt 0.012137 0.987863
vt 0.012137 0.999209
vt 0.005586 0.999209
vt 0.000791 0.987863
vt 0.154612 0.012137
vt 0.161163 0.000791
vt 0.165958 0.012137
vt 0.106066 0.987863
vt 0.106066 0.999209
vt 0.099515 0.999209
vt 0.094720 0.987863
vt 0.154612 0.081792
vt 0.165958 0.081792
vt 0.165958 0.088343
vt 0.154612 0.093138
vt 0.081793 0.987863
vt 0.093138 0.987863
vt 0.093138 0.994414
vt 0.081793 0.999209
vt 0.130339 0.012137
vt 0.118994 0.012137
vt 0.118994 0.005586
vt 0.130339 0.000791
vt 0.059101 0.987863
vt 0.059101 0.999209
vt 0.052551 0.999209
vt 0.047756 0.987863
vt 0.154612 0.059101
vt 0.154612 0.047755
vt 0.161163 0.047755
vt 0.165958 0.059101
vt 0.106066 0.987863
vt 0.117411 0.987863
vt 0.117411 0.994414
vt 0.034828 0.012137
vt 0.034828 0.000791
vt 0.041378 0.000791
vt 0.046174 0.012137
vt 0.148062 0.093138
vt 0.143267 0.081792
vt 0.136890 0.000791
vt 0.141685 0.012137
vt 0.154612 0.059101
vt 0.143267 0.059101
vt 0.143267 0.052551
vt 0.012137 0.012137
vt 0.000791 0.012137
vt 0.000791 0.005586
vt 0.012137 0.000791
s 0
usemtl MAT_metal_dark_blued
f 5629/8333/4673 5632/8334/4673 5633/8335/4673 5635/8336/4673
f 5630/8337/4674 5634/8338/4674 5633/8339/4674 5632/8340/4674
f 5631/8341/4675 5635/8342/4675 5633/8343/4675 5634/8344/4675
f 5636/8345/4676 5639/8346/4676 5640/8347/4676 5642/8348/4676
f 5637/8349/4677 5641/8350/4677 5640/8351/4677 5639/8352/4677
f 5638/8353/4678 5642/8354/4678 5640/8355/4678 5641/8356/4678
f 5643/8357/4679 5646/8336/4679 5647/8358/4679 5649/8359/4679
f 5644/8341/4680 5648/8360/4680 5647/8361/4680 5646/8342/4680
f 5645/8362/4681 5649/8363/4681 5647/8364/4681 5648/8365/4681
f 5650/8349/4682 5653/8366/4682 5654/8367/4682 5656/8350/4682
f 5651/8368/4683 5655/8369/4683 5654/8370/4683 5653/8371/4683
f 5652/8372/4684 5656/8356/4684 5654/8373/4684 5655/8374/4684
f 5657/8375/4685 5660/8376/4685 5661/8377/4685 5663/8378/4685
f 5658/8379/4686 5662/8380/4686 5661/8381/4686 5660/8382/4686
f 5659/8383/4687 5663/8384/4687 5661/8385/4687 5662/8386/4687
f 5664/8387/4688 5667/8388/4688 5668/8389/4688 5670/8390/4688
f 5665/8391/4689 5669/8392/4689 5668/8393/4689 5667/8394/4689
f 5666/8395/4690 5670/8396/4690 5668/8397/4690 5669/8398/4690
f 5671/8399/4691 5674/8400/4691 5675/8401/4691 5677/8376/4691
f 5672/8402/4692 5676/8403/4692 5675/8404/4692 5674/8405/4692
f 5673/8379/4693 5677/8382/4693 5675/8406/4693 5676/8407/4693
f 5678/8387/4694 5681/8390/4694 5682/8408/4694 5684/8409/4694
f 5679/8410/4695 5683/8411/4695 5682/8412/4695 5681/8396/4695
f 5680/8413/4696 5684/8414/4696 5682/8415/4696 5683/8416/4696
f 5643/8357/4697 5629/8333/4697 5635/8336/4697 5646/8336/4697
f 5646/8342/4698 5635/8342/4698 5631/8341/4698 5644/8341/4698
f 5630/8337/4699 5636/8345/4699 5642/8348/4699 5634/8338/4699
f 5634/8344/4700 5642/8354/4700 5638/8353/4700 5631/8341/4700
f 5637/8349/4701 5650/8349/4701 5656/8350/4701 5641/8350/4701
f 5641/8356/4702 5656/8356/4702 5652/8372/4702 5638/8353/4702
f 5651/8368/4703 5645/8362/4703 5648/8365/4703 5655/8369/4703
f 5655/8374/4704 5648/8360/4704 5644/8341/4704 5652/8372/4704
f 5671/8399/4705 5643/8357/4705 5649/8359/4705 5674/8400/4705
f 5674/8405/4706 5649/8363/4706 5645/8362/4706 5672/8402/4706
f 5650/8349/4707 5678/8387/4707 5684/8409/4707 5653/8366/4707
f 5653/8371/4708 5684/8414/4708 5680/8413/4708 5651/8368/4708
f 5679/8410/4709 5673/8379/4709 5676/8407/4709 5683/8411/4709
f 5683/8416/4710 5676/8403/4710 5672/8402/4710 5680/8413/4710
f 5657/8375/4711 5671/8399/4711 5677/8376/4711 5660/8376/4711
f 5660/8382/4712 5677/8382/4712 5673/8379/4712 5658/8379/4712
f 5678/8387/4713 5664/8387/4713 5670/8390/4713 5681/8390/4713
f 5681/8396/4714 5670/8396/4714 5666/8395/4714 5679/8410/4714
f 5665/8391/4715 5659/8383/4715 5662/8386/4715 5669/8392/4715
f 5669/8398/4716 5662/8380/4716 5658/8379/4716 5666/8395/4716
f 5629/8333/4717 5657/8375/4717 5663/8378/4717 5632/8334/4717
f 5632/8340/4718 5663/8384/4718 5659/8383/4718 5630/8337/4718
f 5664/8387/4719 5637/8349/4719 5639/8352/4719 5667/8388/4719
f 5667/8394/4720 5639/8346/4720 5636/8345/4720 5665/8391/4720
f 5643/8357/4721 5671/8399/4721 5657/8375/4721 5629/8333/4721
f 5631/8341/4722 5638/8353/4722 5652/8372/4722 5644/8341/4722
f 5659/8383/4723 5665/8391/4723 5636/8345/4723 5630/8337/4723
f 5678/8387/4724 5650/8349/4724 5637/8349/4724 5664/8387/4724
f 5645/8362/4725 5651/8368/4725 5680/8413/4725 5672/8402/4725
f 5673/8379/4726 5679/8410/4726 5666/8395/4726 5658/8379/4726
o AK_wear_receiver_edge_001
v -0.154750 0.033500 -0.020200
v -0.154750 0.033750 -0.019950
v -0.155000 0.033750 -0.020200
v -0.154750 0.033573 -0.020023
v -0.154894 0.033606 -0.020056
v -0.154927 0.033750 -0.020023
v -0.154927 0.033573 -0.020200
v -0.154750 0.036250 -0.019950
v -0.154750 0.036500 -0.020200
v -0.155000 0.036250 -0.020200
v -0.154750 0.036427 -0.020023
v -0.154894 0.036394 -0.020056
v -0.154927 0.036427 -0.020200
v -0.154927 0.036250 -0.020023
v -0.154750 0.033500 -0.020200
v -0.155000 0.033750 -0.020200
v -0.154750 0.033750 -0.020450
v -0.154927 0.033573 -0.020200
v -0.154894 0.033606 -0.020344
v -0.154927 0.033750 -0.020377
v -0.154750 0.033573 -0.020377
v -0.154750 0.036500 -0.020200
v -0.154750 0.036250 -0.020450
v -0.155000 0.036250 -0.020200
v -0.154750 0.036427 -0.020377
v -0.154894 0.036394 -0.020344
v -0.154927 0.036250 -0.020377
v -0.154927 0.036427 -0.020200
v 0.024750 0.033500 -0.020200
v 0.025000 0.033750 -0.020200
v 0.024750 0.033750 -0.019950
v 0.024927 0.033573 -0.020200
v 0.024894 0.033606 -0.020056
v 0.024927 0.033750 -0.020023
v 0.024750 0.033573 -0.020023
v 0.024750 0.036500 -0.020200
v 0.024750 0.036250 -0.019950
v 0.025000 0.036250 -0.020200
v 0.024750 0.036427 -0.020023
v 0.024894 0.036394 -0.020056
v 0.024927 0.036250 -0.020023
v 0.024927 0.036427 -0.020200
v 0.024750 0.033500 -0.020200
v 0.024750 0.033750 -0.020450
v 0.025000 0.033750 -0.020200
v 0.024750 0.033573 -0.020377
v 0.024894 0.033606 -0.020344
v 0.024927 0.033750 -0.020377
v 0.024927 0.033573 -0.020200
v 0.024750 0.036500 -0.020200
v 0.025000 0.036250 -0.020200
v 0.024750 0.036250 -0.020450
v 0.024927 0.036427 -0.020200
v 0.024894 0.036394 -0.020344
v 0.024927 0.036250 -0.020377
v 0.024750 0.036427 -0.020377
vn -0.3251 -0.8881 0.3251
vn -0.3251 -0.3251 0.8881
vn -0.8881 -0.3251 0.3251
vn -0.3251 0.3251 0.8881
vn -0.3251 0.8881 0.3251
vn -0.8881 0.3251 0.3251
vn -0.3251 -0.8881 -0.3251
vn -0.8881 -0.3251 -0.3251
vn -0.3251 -0.3251 -0.8881
vn -0.3251 0.8881 -0.3251
vn -0.3251 0.3251 -0.8881
vn -0.8881 0.3251 -0.3251
vn 0.3251 -0.8881 0.3251
vn 0.8881 -0.3251 0.3251
vn 0.3251 -0.3251 0.8881
vn 0.3251 0.8881 0.3251
vn 0.3251 0.3251 0.8881
vn 0.8881 0.3251 0.3251
vn 0.3251 -0.8881 -0.3251
vn 0.3251 -0.3251 -0.8881
vn 0.8881 -0.3251 -0.3251
vn 0.3251 0.8881 -0.3251
vn 0.8881 0.3251 -0.3251
vn 0.3251 0.3251 -0.8881
vn -0.3827 -0.9239 -0.0000
vn -0.9239 -0.3827 -0.0000
vn -0.3827 -0.0000 0.9239
vn -0.9239 -0.0000 0.3827
vn -0.3827 0.9239 -0.0000
vn -0.9239 0.3827 -0.0000
vn -0.3827 -0.0000 -0.9239
vn -0.9239 -0.0000 -0.3827
vn -0.0000 -0.9239 -0.3827
vn -0.0000 -0.3827 -0.9239
vn -0.0000 0.9239 -0.3827
vn -0.0000 0.3827 -0.9239
vn 0.9239 -0.0000 -0.3827
vn 0.3827 -0.0000 -0.9239
vn 0.3827 -0.9239 -0.0000
vn 0.9239 -0.3827 -0.0000
vn 0.3827 0.9239 -0.0000
vn 0.9239 0.3827 -0.0000
vn 0.3827 -0.0000 0.9239
vn 0.9239 -0.0000 0.3827
vn -0.0000 -0.9239 0.3827
vn -0.0000 -0.3827 0.9239
vn -0.0000 0.9239 0.3827
vn -0.0000 0.3827 0.9239
vn -0.0000 -1.0000 -0.0000
vn -1.0000 -0.0000 -0.0000
vn -0.0000 -0.0000 1.0000
vn -0.0000 1.0000 -0.0000
vn -0.0000 -0.0000 -1.0000
vn 1.0000 -0.0000 -0.0000
vt 0.036581 0.001765
vt 0.035193 0.001765
vt 0.035193 0.000963
vt 0.036581 0.000377
vt 0.033051 0.001765
vt 0.033051 0.000377
vt 0.033853 0.000377
vt 0.034439 0.001765
vt 0.043640 0.015643
vt 0.043640 0.017031
vt 0.042839 0.017031
vt 0.042252 0.015643
vt 0.019173 0.001765
vt 0.017785 0.001765
vt 0.017785 0.000963
vt 0.019173 0.000377
vt 0.040110 0.998235
vt 0.040110 0.999623
vt 0.039309 0.999623
vt 0.038723 0.998235
vt 0.043640 0.001765
vt 0.042252 0.001765
vt 0.042252 0.000964
vt 0.043640 0.000377
vt 0.036581 0.001765
vt 0.037382 0.000377
vt 0.037969 0.001765
vt 0.045028 0.015643
vt 0.045028 0.016444
vt 0.015643 0.998235
vt 0.017031 0.998235
vt 0.017031 0.999037
vt 0.015643 0.999623
vt 0.041498 0.998235
vt 0.041498 0.999037
vt 0.001765 0.998235
vt 0.001765 0.999623
vt 0.000964 0.999623
vt 0.000377 0.998235
vt 0.043640 0.001765
vt 0.044441 0.000377
vt 0.045028 0.001765
vt 0.036581 0.998235
vt 0.036581 0.999623
vt 0.035780 0.999623
vt 0.035193 0.998235
vt 0.043640 0.033051
vt 0.045028 0.033051
vt 0.045028 0.033852
vt 0.043640 0.034439
vt 0.033051 0.998235
vt 0.034439 0.998235
vt 0.034439 0.999037
vt 0.033051 0.999623
vt 0.040111 0.001765
vt 0.038723 0.001765
vt 0.038723 0.000963
vt 0.040111 0.000377
vt 0.019173 0.998235
vt 0.019173 0.999623
vt 0.018372 0.999623
vt 0.017785 0.998235
vt 0.043640 0.019173
vt 0.043640 0.017785
vt 0.044441 0.017785
vt 0.045028 0.019173
vt 0.037969 0.998235
vt 0.037969 0.999037
vt 0.015643 0.001765
vt 0.015643 0.000377
vt 0.016445 0.000377
vt 0.017031 0.001765
vt 0.042839 0.034439
vt 0.042252 0.033051
vt 0.040912 0.000377
vt 0.041498 0.001765
vt 0.043640 0.019173
vt 0.042252 0.019173
vt 0.042252 0.018371
vt 0.001765 0.001765
vt 0.000377 0.001765
vt 0.000377 0.000963
vt 0.001765 0.000377
s 0
usemtl MAT_metal_dark_blued
f 5685/8417/4727 5688/8418/4727 5689/8419/4727 5691/8420/4727
f 5686/8421/4728 5690/8422/4728 5689/8423/4728 5688/8424/4728
f 5687/8425/4729 5691/8426/4729 5689/8427/4729 5690/8428/4729
f 5692/8429/4730 5695/8430/4730 5696/8431/4730 5698/8432/4730
f 5693/8433/4731 5697/8434/4731 5696/8435/4731 5695/8436/4731
f 5694/8437/4732 5698/8438/4732 5696/8439/4732 5697/8440/4732
f 5699/8441/4733 5702/8420/4733 5703/8442/4733 5705/8443/4733
f 5700/8425/4734 5704/8444/4734 5703/8445/4734 5702/8426/4734
f 5701/8446/4735 5705/8447/4735 5703/8448/4735 5704/8449/4735
f 5706/8433/4736 5709/8450/4736 5710/8451/4736 5712/8434/4736
f 5707/8452/4737 5711/8453/4737 5710/8454/4737 5709/8455/4737
f 5708/8456/4738 5712/8440/4738 5710/8457/4738 5711/8458/4738
f 5713/8459/4739 5716/8460/4739 5717/8461/4739 5719/8462/4739
f 5714/8463/4740 5718/8464/4740 5717/8465/4740 5716/8466/4740
f 5715/8467/4741 5719/8468/4741 5717/8469/4741 5718/8470/4741
f 5720/8471/4742 5723/8472/4742 5724/8473/4742 5726/8474/4742
f 5721/8475/4743 5725/8476/4743 5724/8477/4743 5723/8478/4743
f 5722/8479/4744 5726/8480/4744 5724/8481/4744 5725/8482/4744
f 5727/8459/4745 5730/8483/4745 5731/8484/4745 5733/8460/4745
f 5728/8485/4746 5732/8486/4746 5731/8487/4746 5730/8488/4746
f 5729/8463/4747 5733/8466/4747 5731/8489/4747 5732/8490/4747
f 5734/8471/4748 5737/8474/4748 5738/8491/4748 5740/8492/4748
f 5735/8493/4749 5739/8494/4749 5738/8495/4749 5737/8480/4749
f 5736/8496/4750 5740/8497/4750 5738/8498/4750 5739/8499/4750
f 5699/8441/4751 5685/8417/4751 5691/8420/4751 5702/8420/4751
f 5702/8426/4752 5691/8426/4752 5687/8425/4752 5700/8425/4752
f 5686/8421/4753 5692/8429/4753 5698/8432/4753 5690/8422/4753
f 5690/8428/4754 5698/8438/4754 5694/8437/4754 5687/8425/4754
f 5693/8433/4755 5706/8433/4755 5712/8434/4755 5697/8434/4755
f 5697/8440/4756 5712/8440/4756 5708/8456/4756 5694/8437/4756
f 5707/8452/4757 5701/8446/4757 5704/8449/4757 5711/8453/4757
f 5711/8458/4758 5704/8444/4758 5700/8425/4758 5708/8456/4758
f 5727/8459/4759 5699/8441/4759 5705/8443/4759 5730/8483/4759
f 5730/8488/4760 5705/8447/4760 5701/8446/4760 5728/8485/4760
f 5706/8433/4761 5734/8471/4761 5740/8492/4761 5709/8450/4761
f 5709/8455/4762 5740/8497/4762 5736/8496/4762 5707/8452/4762
f 5735/8493/4763 5729/8463/4763 5732/8490/4763 5739/8494/4763
f 5739/8499/4764 5732/8486/4764 5728/8485/4764 5736/8496/4764
f 5713/8459/4765 5727/8459/4765 5733/8460/4765 5716/8460/4765
f 5716/8466/4766 5733/8466/4766 5729/8463/4766 5714/8463/4766
f 5734/8471/4767 5720/8471/4767 5726/8474/4767 5737/8474/4767
f 5737/8480/4768 5726/8480/4768 5722/8479/4768 5735/8493/4768
f 5721/8475/4769 5715/8467/4769 5718/8470/4769 5725/8476/4769
f 5725/8482/4770 5718/8464/4770 5714/8463/4770 5722/8479/4770
f 5685/8417/4771 5713/8459/4771 5719/8462/4771 5688/8418/4771
f 5688/8424/4772 5719/8468/4772 5715/8467/4772 5686/8421/4772
f 5720/8471/4773 5693/8433/4773 5695/8436/4773 5723/8472/4773
f 5723/8478/4774 5695/8430/4774 5692/8429/4774 5721/8475/4774
f 5699/8441/4775 5727/8459/4775 5713/8459/4775 5685/8417/4775
f 5687/8425/4776 5694/8437/4776 5708/8456/4776 5700/8425/4776
f 5715/8467/4777 5721/8475/4777 5692/8429/4777 5686/8421/4777
f 5734/8471/4778 5706/8433/4778 5693/8433/4778 5720/8471/4778
f 5701/8446/4779 5707/8452/4779 5736/8496/4779 5728/8485/4779
f 5729/8463/4780 5735/8493/4780 5722/8479/4780 5714/8463/4780
o AK_wear_stock_edge_001
v -0.389750 0.011527 -0.020167
v -0.389750 0.011777 -0.019917
v -0.390000 0.011777 -0.020167
v -0.389750 0.011600 -0.019990
v -0.389894 0.011633 -0.020023
v -0.389927 0.011777 -0.019990
v -0.389927 0.011600 -0.020167
v -0.389750 0.013277 -0.019917
v -0.389750 0.013527 -0.020167
v -0.390000 0.013277 -0.020167
v -0.389750 0.013454 -0.019990
v -0.389894 0.013421 -0.020023
v -0.389927 0.013454 -0.020167
v -0.389927 0.013277 -0.019990
v -0.389750 0.011527 -0.020167
v -0.390000 0.011777 -0.020167
v -0.389750 0.011777 -0.020417
v -0.389927 0.011600 -0.020167
v -0.389894 0.011633 -0.020312
v -0.389927 0.011777 -0.020344
v -0.389750 0.011600 -0.020344
v -0.389750 0.013527 -0.020167
v -0.389750 0.013277 -0.020417
v -0.390000 0.013277 -0.020167
v -0.389750 0.013454 -0.020344
v -0.389894 0.013421 -0.020312
v -0.389927 0.013277 -0.020344
v -0.389927 0.013454 -0.020167
v -0.290250 0.011527 -0.020167
v -0.290000 0.011777 -0.020167
v -0.290250 0.011777 -0.019917
v -0.290073 0.011600 -0.020167
v -0.290106 0.011633 -0.020023
v -0.290073 0.011777 -0.019990
v -0.290250 0.011600 -0.019990
v -0.290250 0.013527 -0.020167
v -0.290250 0.013277 -0.019917
v -0.290000 0.013277 -0.020167
v -0.290250 0.013454 -0.019990
v -0.290106 0.013421 -0.020023
v -0.290073 0.013277 -0.019990
v -0.290073 0.013454 -0.020167
v -0.290250 0.011527 -0.020167
v -0.290250 0.011777 -0.020417
v -0.290000 0.011777 -0.020167
v -0.290250 0.011600 -0.020344
v -0.290106 0.011633 -0.020312
v -0.290073 0.011777 -0.020344
v -0.290073 0.011600 -0.020167
v -0.290250 0.013527 -0.020167
v -0.290000 0.013277 -0.020167
v -0.290250 0.013277 -0.020417
v -0.290073 0.013454 -0.020167
v -0.290106 0.013421 -0.020312
v -0.290073 0.013277 -0.020344
v -0.290250 0.013454 -0.020344
vn -0.3251 -0.8881 0.3251
vn -0.3251 -0.3251 0.8881
vn -0.8881 -0.3251 0.3251
vn -0.3251 0.3251 0.8881
vn -0.3251 0.8881 0.3251
vn -0.8881 0.3251 0.3251
vn -0.3251 -0.8881 -0.3251
vn -0.8881 -0.3251 -0.3251
vn -0.3251 -0.3251 -0.8881
vn -0.3251 0.8881 -0.3251
vn -0.3251 0.3251 -0.8881
vn -0.8881 0.3251 -0.3251
vn 0.3251 -0.8881 0.3251
vn 0.8881 -0.3251 0.3251
vn 0.3251 -0.3251 0.8881
vn 0.3251 0.8881 0.3251
vn 0.3251 0.3251 0.8881
vn 0.8881 0.3251 0.3251
vn 0.3251 -0.8881 -0.3251
vn 0.3251 -0.3251 -0.8881
vn 0.8881 -0.3251 -0.3251
vn 0.3251 0.8881 -0.3251
vn 0.8881 0.3251 -0.3251
vn 0.3251 0.3251 -0.8881
vn -0.3827 -0.9239 -0.0000
vn -0.9239 -0.3827 -0.0000
vn -0.3827 -0.0000 0.9239
vn -0.9239 -0.0000 0.3827
vn -0.3827 0.9239 -0.0000
vn -0.9239 0.3827 -0.0000
vn -0.3827 -0.0000 -0.9239
vn -0.9239 -0.0000 -0.3827
vn -0.0000 -0.9239 -0.3827
vn -0.0000 -0.3827 -0.9239
vn -0.0000 0.9239 -0.3827
vn -0.0000 0.3827 -0.9239
vn 0.9239 -0.0000 -0.3827
vn 0.3827 -0.0000 -0.9239
vn 0.3827 -0.9239 -0.0000
vn 0.9239 -0.3827 -0.0000
vn 0.3827 0.9239 -0.0000
vn 0.9239 0.3827 -0.0000
vn 0.3827 -0.0000 0.9239
vn 0.9239 -0.0000 0.3827
vn -0.0000 -0.9239 0.3827
vn -0.0000 -0.3827 0.9239
vn -0.0000 0.9239 0.3827
vn -0.0000 0.3827 0.9239
vn -0.0000 -1.0000 -0.0000
vn -1.0000 -0.0000 -0.0000
vn -0.0000 -0.0000 1.0000
vn -0.0000 1.0000 -0.0000
vn -0.0000 -0.0000 -1.0000
vn 1.0000 -0.0000 -0.0000
vt 0.044682 0.002942
vt 0.042184 0.002942
vt 0.042184 0.001500
vt 0.044682 0.000444
vt 0.038798 0.002942
vt 0.038798 0.000444
vt 0.040241 0.000444
vt 0.041296 0.002942
vt 0.056449 0.017928
vt 0.056449 0.020426
vt 0.055006 0.020426
vt 0.053951 0.017928
vt 0.023812 0.002942
vt 0.021314 0.002942
vt 0.021314 0.001500
vt 0.023812 0.000444
vt 0.050565 0.997058
vt 0.050565 0.999556
vt 0.049123 0.999556
vt 0.048067 0.997058
vt 0.056449 0.002942
vt 0.053951 0.002942
vt 0.053951 0.001500
vt 0.056449 0.000444
vt 0.046124 0.000444
vt 0.047180 0.002942
vt 0.058946 0.017928
vt 0.058946 0.019370
vt 0.017928 0.997058
vt 0.020426 0.997058
vt 0.020426 0.998500
vt 0.017928 0.999556
vt 0.050565 0.997058
vt 0.053063 0.997058
vt 0.053063 0.998500
vt 0.002942 0.997058
vt 0.002942 0.999556
vt 0.001500 0.999556
vt 0.000444 0.997058
vt 0.057891 0.000444
vt 0.058946 0.002942
vt 0.044682 0.997058
vt 0.044682 0.999556
vt 0.043240 0.999556
vt 0.042184 0.997058
vt 0.056449 0.038798
vt 0.058946 0.038798
vt 0.058946 0.040240
vt 0.056449 0.041296
vt 0.038798 0.997058
vt 0.041296 0.997058
vt 0.041296 0.998500
vt 0.038798 0.999556
vt 0.050565 0.002942
vt 0.048067 0.002942
vt 0.048067 0.001500
vt 0.050565 0.000444
vt 0.023812 0.997058
vt 0.023812 0.999556
vt 0.022370 0.999556
vt 0.021314 0.997058
vt 0.056449 0.023812
vt 0.056449 0.021314
vt 0.057891 0.021314
vt 0.058946 0.023812
vt 0.044682 0.997058
vt 0.047180 0.997058
vt 0.047180 0.998500
vt 0.017928 0.002942
vt 0.017928 0.000444
vt 0.019371 0.000444
vt 0.020426 0.002942
vt 0.055006 0.041296
vt 0.053951 0.038798
vt 0.052007 0.000444
vt 0.053063 0.002942
vt 0.053951 0.023812
vt 0.053951 0.022370
vt 0.002942 0.002942
vt 0.000444 0.002942
vt 0.000444 0.001500
vt 0.002942 0.000444
s 0
usemtl MAT_wood_dark_reddish
f 5741/8500/4781 5744/8501/4781 5745/8502/4781 5747/8503/4781
f 5742/8504/4782 5746/8505/4782 5745/8506/4782 5744/8507/4782
f 5743/8508/4783 5747/8509/4783 5745/8510/4783 5746/8511/4783
f 5748/8512/4784 5751/8513/4784 5752/8514/4784 5754/8515/4784
f 5749/8516/4785 5753/8517/4785 5752/8518/4785 5751/8519/4785
f 5750/8520/4786 5754/8521/4786 5752/8522/4786 5753/8523/4786
f 5755/8500/4787 5758/8503/4787 5759/8524/4787 5761/8525/4787
f 5756/8508/4788 5760/8526/4788 5759/8527/4788 5758/8509/4788
f 5757/8528/4789 5761/8529/4789 5759/8530/4789 5760/8531/4789
f 5762/8532/4790 5765/8533/4790 5766/8534/4790 5768/8517/4790
f 5763/8535/4791 5767/8536/4791 5766/8537/4791 5765/8538/4791
f 5764/8520/4792 5768/8523/4792 5766/8539/4792 5767/8540/4792
f 5769/8541/4793 5772/8542/4793 5773/8543/4793 5775/8544/4793
f 5770/8545/4794 5774/8546/4794 5773/8547/4794 5772/8548/4794
f 5771/8549/4795 5775/8550/4795 5773/8551/4795 5774/8552/4795
f 5776/8553/4796 5779/8554/4796 5780/8555/4796 5782/8556/4796
f 5777/8557/4797 5781/8558/4797 5780/8559/4797 5779/8560/4797
f 5778/8561/4798 5782/8562/4798 5780/8563/4798 5781/8564/4798
f 5783/8565/4799 5786/8566/4799 5787/8567/4799 5789/8542/4799
f 5784/8568/4800 5788/8569/4800 5787/8570/4800 5786/8571/4800
f 5785/8545/4801 5789/8548/4801 5787/8572/4801 5788/8573/4801
f 5790/8553/4802 5793/8556/4802 5794/8574/4802 5796/8575/4802
f 5791/8561/4803 5795/8576/4803 5794/8577/4803 5793/8562/4803
f 5792/8578/4804 5796/8579/4804 5794/8580/4804 5795/8581/4804
f 5755/8500/4805 5741/8500/4805 5747/8503/4805 5758/8503/4805
f 5758/8509/4806 5747/8509/4806 5743/8508/4806 5756/8508/4806
f 5742/8504/4807 5748/8512/4807 5754/8515/4807 5746/8505/4807
f 5746/8511/4808 5754/8521/4808 5750/8520/4808 5743/8508/4808
f 5749/8516/4809 5762/8532/4809 5768/8517/4809 5753/8517/4809
f 5753/8523/4810 5768/8523/4810 5764/8520/4810 5750/8520/4810
f 5763/8535/4811 5757/8528/4811 5760/8531/4811 5767/8536/4811
f 5767/8540/4812 5760/8526/4812 5756/8508/4812 5764/8520/4812
f 5783/8565/4813 5755/8500/4813 5761/8525/4813 5786/8566/4813
f 5786/8571/4814 5761/8529/4814 5757/8528/4814 5784/8568/4814
f 5762/8532/4815 5790/8553/4815 5796/8575/4815 5765/8533/4815
f 5765/8538/4816 5796/8579/4816 5792/8578/4816 5763/8535/4816
f 5791/8561/4817 5785/8545/4817 5788/8573/4817 5795/8576/4817
f 5795/8581/4818 5788/8569/4818 5784/8568/4818 5792/8578/4818
f 5769/8541/4819 5783/8565/4819 5789/8542/4819 5772/8542/4819
f 5772/8548/4820 5789/8548/4820 5785/8545/4820 5770/8545/4820
f 5790/8553/4821 5776/8553/4821 5782/8556/4821 5793/8556/4821
f 5793/8562/4822 5782/8562/4822 5778/8561/4822 5791/8561/4822
f 5777/8557/4823 5771/8549/4823 5774/8552/4823 5781/8558/4823
f 5781/8564/4824 5774/8546/4824 5770/8545/4824 5778/8561/4824
f 5741/8500/4825 5769/8541/4825 5775/8544/4825 5744/8501/4825
f 5744/8507/4826 5775/8550/4826 5771/8549/4826 5742/8504/4826
f 5776/8553/4827 5749/8516/4827 5751/8519/4827 5779/8554/4827
f 5779/8560/4828 5751/8513/4828 5748/8512/4828 5777/8557/4828
f 5755/8500/4829 5783/8565/4829 5769/8541/4829 5741/8500/4829
f 5743/8508/4830 5750/8520/4830 5764/8520/4830 5756/8508/4830
f 5771/8549/4831 5777/8557/4831 5748/8512/4831 5742/8504/4831
f 5790/8553/4832 5762/8532/4832 5749/8516/4832 5776/8553/4832
f 5757/8528/4833 5763/8535/4833 5792/8578/4833 5784/8568/4833
f 5785/8545/4834 5791/8561/4834 5778/8561/4834 5770/8545/4834
o AK_wear_stock_edge_002
v -0.389750 -0.028473 -0.020167
v -0.389750 -0.028223 -0.019917
v -0.390000 -0.028223 -0.020167
v -0.389750 -0.028400 -0.019990
v -0.389894 -0.028367 -0.020023
v -0.389927 -0.028223 -0.019990
v -0.389927 -0.028400 -0.020167
v -0.389750 -0.026723 -0.019917
v -0.389750 -0.026473 -0.020167
v -0.390000 -0.026723 -0.020167
v -0.389750 -0.026546 -0.019990
v -0.389894 -0.026579 -0.020023
v -0.389927 -0.026546 -0.020167
v -0.389927 -0.026723 -0.019990
v -0.389750 -0.028473 -0.020167
v -0.390000 -0.028223 -0.020167
v -0.389750 -0.028223 -0.020417
v -0.389927 -0.028400 -0.020167
v -0.389894 -0.028367 -0.020312
v -0.389927 -0.028223 -0.020344
v -0.389750 -0.028400 -0.020344
v -0.389750 -0.026473 -0.020167
v -0.389750 -0.026723 -0.020417
v -0.390000 -0.026723 -0.020167
v -0.389750 -0.026546 -0.020344
v -0.389894 -0.026579 -0.020312
v -0.389927 -0.026723 -0.020344
v -0.389927 -0.026546 -0.020167
v -0.290250 -0.028473 -0.020167
v -0.290000 -0.028223 -0.020167
v -0.290250 -0.028223 -0.019917
v -0.290073 -0.028400 -0.020167
v -0.290106 -0.028367 -0.020023
v -0.290073 -0.028223 -0.019990
v -0.290250 -0.028400 -0.019990
v -0.290250 -0.026473 -0.020167
v -0.290250 -0.026723 -0.019917
v -0.290000 -0.026723 -0.020167
v -0.290250 -0.026546 -0.019990
v -0.290106 -0.026579 -0.020023
v -0.290073 -0.026723 -0.019990
v -0.290073 -0.026546 -0.020167
v -0.290250 -0.028473 -0.020167
v -0.290250 -0.028223 -0.020417
v -0.290000 -0.028223 -0.020167
v -0.290250 -0.028400 -0.020344
v -0.290106 -0.028367 -0.020312
v -0.290073 -0.028223 -0.020344
v -0.290073 -0.028400 -0.020167
v -0.290250 -0.026473 -0.020167
v -0.290000 -0.026723 -0.020167
v -0.290250 -0.026723 -0.020417
v -0.290073 -0.026546 -0.020167
v -0.290106 -0.026579 -0.020312
v -0.290073 -0.026723 -0.020344
v -0.290250 -0.026546 -0.020344
vn -0.3251 -0.8881 0.3251
vn -0.3251 -0.3251 0.8881
vn -0.8881 -0.3251 0.3251
vn -0.3251 0.3251 0.8881
vn -0.3251 0.8881 0.3251
vn -0.8881 0.3251 0.3251
vn -0.3251 -0.8881 -0.3251
vn -0.8881 -0.3251 -0.3251
vn -0.3251 -0.3251 -0.8881
vn -0.3251 0.8881 -0.3251
vn -0.3251 0.3251 -0.8881
vn -0.8881 0.3251 -0.3251
vn 0.3251 -0.8881 0.3251
vn 0.8881 -0.3251 0.3251
vn 0.3251 -0.3251 0.8881
vn 0.3251 0.8881 0.3251
vn 0.3251 0.3251 0.8881
vn 0.8881 0.3251 0.3251
vn 0.3251 -0.8881 -0.3251
vn 0.3251 -0.3251 -0.8881
vn 0.8881 -0.3251 -0.3251
vn 0.3251 0.8881 -0.3251
vn 0.8881 0.3251 -0.3251
vn 0.3251 0.3251 -0.8881
vn -0.3827 -0.9239 -0.0000
vn -0.9239 -0.3827 -0.0000
vn -0.3827 -0.0000 0.9239
vn -0.9239 -0.0000 0.3827
vn -0.3827 0.9239 -0.0000
vn -0.9239 0.3827 -0.0000
vn -0.3827 -0.0000 -0.9239
vn -0.9239 -0.0000 -0.3827
vn -0.0000 -0.9239 -0.3827
vn -0.0000 -0.3827 -0.9239
vn -0.0000 0.9239 -0.3827
vn -0.0000 0.3827 -0.9239
vn 0.9239 -0.0000 -0.3827
vn 0.3827 -0.0000 -0.9239
vn 0.3827 -0.9239 -0.0000
vn 0.9239 -0.3827 -0.0000
vn 0.3827 0.9239 -0.0000
vn 0.9239 0.3827 -0.0000
vn 0.3827 -0.0000 0.9239
vn 0.9239 -0.0000 0.3827
vn -0.0000 -0.9239 0.3827
vn -0.0000 -0.3827 0.9239
vn -0.0000 0.9239 0.3827
vn -0.0000 0.3827 0.9239
vn -0.0000 -1.0000 -0.0000
vn -1.0000 -0.0000 -0.0000
vn -0.0000 -0.0000 1.0000
vn -0.0000 1.0000 -0.0000
vn -0.0000 -0.0000 -1.0000
vn 1.0000 -0.0000 -0.0000
vt 0.044682 0.002942
vt 0.042184 0.002942
vt 0.042184 0.001500
vt 0.044682 0.000444
vt 0.038798 0.002942
vt 0.038798 0.000444
vt 0.040241 0.000444
vt 0.041296 0.002942
vt 0.056449 0.017928
vt 0.056449 0.020426
vt 0.055006 0.020426
vt 0.053951 0.017928
vt 0.023812 0.002942
vt 0.021314 0.002942
vt 0.021314 0.001500
vt 0.023812 0.000444
vt 0.050565 0.997058
vt 0.050565 0.999556
vt 0.049123 0.999556
vt 0.048067 0.997058
vt 0.056449 0.002942
vt 0.053951 0.002942
vt 0.053951 0.001500
vt 0.056449 0.000444
vt 0.046124 0.000444
vt 0.047180 0.002942
vt 0.058946 0.017928
vt 0.058946 0.019370
vt 0.017928 0.997058
vt 0.020426 0.997058
vt 0.020426 0.998500
vt 0.017928 0.999556
vt 0.050565 0.997058
vt 0.053063 0.997058
vt 0.053063 0.998500
vt 0.002942 0.997058
vt 0.002942 0.999556
vt 0.001500 0.999556
vt 0.000444 0.997058
vt 0.057891 0.000444
vt 0.058946 0.002942
vt 0.044682 0.997058
vt 0.044682 0.999556
vt 0.043240 0.999556
vt 0.042184 0.997058
vt 0.056449 0.038798
vt 0.058946 0.038798
vt 0.058946 0.040240
vt 0.056449 0.041296
vt 0.038798 0.997058
vt 0.041296 0.997058
vt 0.041296 0.998500
vt 0.038798 0.999556
vt 0.050565 0.002942
vt 0.048067 0.002942
vt 0.048067 0.001500
vt 0.050565 0.000444
vt 0.023812 0.997058
vt 0.023812 0.999556
vt 0.022370 0.999556
vt 0.021314 0.997058
vt 0.056449 0.023812
vt 0.056449 0.021314
vt 0.057891 0.021314
vt 0.058946 0.023812
vt 0.044682 0.997058
vt 0.047180 0.997058
vt 0.047180 0.998500
vt 0.017928 0.002942
vt 0.017928 0.000444
vt 0.019371 0.000444
vt 0.020426 0.002942
vt 0.055006 0.041296
vt 0.053951 0.038798
vt 0.052007 0.000444
vt 0.053063 0.002942
vt 0.053951 0.023812
vt 0.053951 0.022370
vt 0.002942 0.002942
vt 0.000444 0.002942
vt 0.000444 0.001500
vt 0.002942 0.000444
s 0
usemtl MAT_wood_dark_reddish
f 5797/8582/4835 5800/8583/4835 5801/8584/4835 5803/8585/4835
f 5798/8586/4836 5802/8587/4836 5801/8588/4836 5800/8589/4836
f 5799/8590/4837 5803/8591/4837 5801/8592/4837 5802/8593/4837
f 5804/8594/4838 5807/8595/4838 5808/8596/4838 5810/8597/4838
f 5805/8598/4839 5809/8599/4839 5808/8600/4839 5807/8601/4839
f 5806/8602/4840 5810/8603/4840 5808/8604/4840 5809/8605/4840
f 5811/8582/4841 5814/8585/4841 5815/8606/4841 5817/8607/4841
f 5812/8590/4842 5816/8608/4842 5815/8609/4842 5814/8591/4842
f 5813/8610/4843 5817/8611/4843 5815/8612/4843 5816/8613/4843
f 5818/8614/4844 5821/8615/4844 5822/8616/4844 5824/8599/4844
f 5819/8617/4845 5823/8618/4845 5822/8619/4845 5821/8620/4845
f 5820/8602/4846 5824/8605/4846 5822/8621/4846 5823/8622/4846
f 5825/8623/4847 5828/8624/4847 5829/8625/4847 5831/8626/4847
f 5826/8627/4848 5830/8628/4848 5829/8629/4848 5828/8630/4848
f 5827/8631/4849 5831/8632/4849 5829/8633/4849 5830/8634/4849
f 5832/8635/4850 5835/8636/4850 5836/8637/4850 5838/8638/4850
f 5833/8639/4851 5837/8640/4851 5836/8641/4851 5835/8642/4851
f 5834/8643/4852 5838/8644/4852 5836/8645/4852 5837/8646/4852
f 5839/8647/4853 5842/8648/4853 5843/8649/4853 5845/8624/4853
f 5840/8650/4854 5844/8651/4854 5843/8652/4854 5842/8653/4854
f 5841/8627/4855 5845/8630/4855 5843/8654/4855 5844/8655/4855
f 5846/8635/4856 5849/8638/4856 5850/8656/4856 5852/8657/4856
f 5847/8643/4857 5851/8658/4857 5850/8659/4857 5849/8644/4857
f 5848/8660/4858 5852/8661/4858 5850/8662/4858 5851/8663/4858
f 5811/8582/4859 5797/8582/4859 5803/8585/4859 5814/8585/4859
f 5814/8591/4860 5803/8591/4860 5799/8590/4860 5812/8590/4860
f 5798/8586/4861 5804/8594/4861 5810/8597/4861 5802/8587/4861
f 5802/8593/4862 5810/8603/4862 5806/8602/4862 5799/8590/4862
f 5805/8598/4863 5818/8614/4863 5824/8599/4863 5809/8599/4863
f 5809/8605/4864 5824/8605/4864 5820/8602/4864 5806/8602/4864
f 5819/8617/4865 5813/8610/4865 5816/8613/4865 5823/8618/4865
f 5823/8622/4866 5816/8608/4866 5812/8590/4866 5820/8602/4866
f 5839/8647/4867 5811/8582/4867 5817/8607/4867 5842/8648/4867
f 5842/8653/4868 5817/8611/4868 5813/8610/4868 5840/8650/4868
f 5818/8614/4869 5846/8635/4869 5852/8657/4869 5821/8615/4869
f 5821/8620/4870 5852/8661/4870 5848/8660/4870 5819/8617/4870
f 5847/8643/4871 5841/8627/4871 5844/8655/4871 5851/8658/4871
f 5851/8663/4872 5844/8651/4872 5840/8650/4872 5848/8660/4872
f 5825/8623/4873 5839/8647/4873 5845/8624/4873 5828/8624/4873
f 5828/8630/4874 5845/8630/4874 5841/8627/4874 5826/8627/4874
f 5846/8635/4875 5832/8635/4875 5838/8638/4875 5849/8638/4875
f 5849/8644/4876 5838/8644/4876 5834/8643/4876 5847/8643/4876
f 5833/8639/4877 5827/8631/4877 5830/8634/4877 5837/8640/4877
f 5837/8646/4878 5830/8628/4878 5826/8627/4878 5834/8643/4878
f 5797/8582/4879 5825/8623/4879 5831/8626/4879 5800/8583/4879
f 5800/8589/4880 5831/8632/4880 5827/8631/4880 5798/8586/4880
f 5832/8635/4881 5805/8598/4881 5807/8601/4881 5835/8636/4881
f 5835/8642/4882 5807/8595/4882 5804/8594/4882 5833/8639/4882
f 5811/8582/4883 5839/8647/4883 5825/8623/4883 5797/8582/4883
f 5799/8590/4884 5806/8602/4884 5820/8602/4884 5812/8590/4884
f 5827/8631/4885 5833/8639/4885 5804/8594/4885 5798/8586/4885
f 5846/8635/4886 5818/8614/4886 5805/8598/4886 5832/8635/4886
f 5813/8610/4887 5819/8617/4887 5848/8660/4887 5840/8650/4887
f 5841/8627/4888 5847/8643/4888 5834/8643/4888 5826/8627/4888
o AK_wood_contour_handguard_upper_001
v 0.080400 0.053500 -0.015300
v 0.080400 0.053900 -0.014900
v 0.080000 0.053900 -0.015300
v 0.080400 0.053617 -0.015017
v 0.080169 0.053669 -0.015069
v 0.080117 0.053900 -0.015017
v 0.080117 0.053617 -0.015300
v 0.080400 0.056100 -0.014900
v 0.080400 0.056500 -0.015300
v 0.080000 0.056100 -0.015300
v 0.080400 0.056383 -0.015017
v 0.080169 0.056331 -0.015069
v 0.080117 0.056383 -0.015300
v 0.080117 0.056100 -0.015017
v 0.080400 0.053500 -0.015300
v 0.080000 0.053900 -0.015300
v 0.080400 0.053900 -0.015700
v 0.080117 0.053617 -0.015300
v 0.080169 0.053669 -0.015531
v 0.080117 0.053900 -0.015583
v 0.080400 0.053617 -0.015583
v 0.080400 0.056500 -0.015300
v 0.080400 0.056100 -0.015700
v 0.080000 0.056100 -0.015300
v 0.080400 0.056383 -0.015583
v 0.080169 0.056331 -0.015531
v 0.080117 0.056100 -0.015583
v 0.080117 0.056383 -0.015300
v 0.199600 0.053500 -0.015300
v 0.200000 0.053900 -0.015300
v 0.199600 0.053900 -0.014900
v 0.199883 0.053617 -0.015300
v 0.199831 0.053669 -0.015069
v 0.199883 0.053900 -0.015017
v 0.199600 0.053617 -0.015017
v 0.199600 0.056500 -0.015300
v 0.199600 0.056100 -0.014900
v 0.200000 0.056100 -0.015300
v 0.199600 0.056383 -0.015017
v 0.199831 0.056331 -0.015069
v 0.199883 0.056100 -0.015017
v 0.199883 0.056383 -0.015300
v 0.199600 0.053500 -0.015300
v 0.199600 0.053900 -0.015700
v 0.200000 0.053900 -0.015300
v 0.199600 0.053617 -0.015583
v 0.199831 0.053669 -0.015531
v 0.199883 0.053900 -0.015583
v 0.199883 0.053617 -0.015300
v 0.199600 0.056500 -0.015300
v 0.200000 0.056100 -0.015300
v 0.199600 0.056100 -0.015700
v 0.199883 0.056383 -0.015300
v 0.199831 0.056331 -0.015531
v 0.199883 0.056100 -0.015583
v 0.199600 0.056383 -0.015583
vn -0.3251 -0.8881 0.3251
vn -0.3251 -0.3251 0.8881
vn -0.8881 -0.3251 0.3251
vn -0.3251 0.3251 0.8881
vn -0.3251 0.8881 0.3251
vn -0.8881 0.3251 0.3251
vn -0.3251 -0.8881 -0.3251
vn -0.8881 -0.3251 -0.3251
vn -0.3251 -0.3251 -0.8881
vn -0.3251 0.8881 -0.3251
vn -0.3251 0.3251 -0.8881
vn -0.8881 0.3251 -0.3251
vn 0.3251 -0.8881 0.3251
vn 0.8881 -0.3251 0.3251
vn 0.3251 -0.3251 0.8881
vn 0.3251 0.8881 0.3251
vn 0.3251 0.3251 0.8881
vn 0.8881 0.3251 0.3251
vn 0.3251 -0.8881 -0.3251
vn 0.3251 -0.3251 -0.8881
vn 0.8881 -0.3251 -0.3251
vn 0.3251 0.8881 -0.3251
vn 0.8881 0.3251 -0.3251
vn 0.3251 0.3251 -0.8881
vn -0.3827 -0.9239 -0.0000
vn -0.9239 -0.3827 -0.0000
vn -0.3827 -0.0000 0.9239
vn -0.9239 -0.0000 0.3827
vn -0.3827 0.9239 -0.0000
vn -0.9239 0.3827 -0.0000
vn -0.3827 -0.0000 -0.9239
vn -0.9239 -0.0000 -0.3827
vn -0.0000 -0.9239 -0.3827
vn -0.0000 -0.3827 -0.9239
vn -0.0000 0.9239 -0.3827
vn -0.0000 0.3827 -0.9239
vn 0.9239 -0.0000 -0.3827
vn 0.3827 -0.0000 -0.9239
vn 0.3827 -0.9239 -0.0000
vn 0.9239 -0.3827 -0.0000
vn 0.3827 0.9239 -0.0000
vn 0.9239 0.3827 -0.0000
vn 0.3827 -0.0000 0.9239
vn 0.9239 -0.0000 0.3827
vn -0.0000 -0.9239 0.3827
vn -0.0000 -0.3827 0.9239
vn -0.0000 0.9239 0.3827
vn -0.0000 0.3827 0.9239
vn -0.0000 -1.0000 -0.0000
vn -1.0000 -0.0000 -0.0000
vn -0.0000 -0.0000 1.0000
vn -0.0000 1.0000 -0.0000
vn -0.0000 -0.0000 -1.0000
vn 1.0000 -0.0000 -0.0000
vt 0.055804 0.003835
vt 0.052474 0.003835
vt 0.052474 0.001912
vt 0.055804 0.000505
vt 0.048134 0.003835
vt 0.048134 0.000505
vt 0.050057 0.000505
vt 0.051464 0.003835
vt 0.071143 0.022150
vt 0.071143 0.025480
vt 0.069221 0.025480
vt 0.067813 0.022150
vt 0.029819 0.003835
vt 0.026489 0.003835
vt 0.026489 0.001912
vt 0.029819 0.000505
vt 0.063474 0.996165
vt 0.063474 0.999495
vt 0.061551 0.999495
vt 0.060144 0.996165
vt 0.071143 0.003835
vt 0.067813 0.003835
vt 0.067813 0.001912
vt 0.071143 0.000505
vt 0.055804 0.003835
vt 0.055804 0.000505
vt 0.057726 0.000505
vt 0.059134 0.003835
vt 0.071143 0.022150
vt 0.074473 0.022150
vt 0.074473 0.024072
vt 0.022150 0.996165
vt 0.025480 0.996165
vt 0.025480 0.998088
vt 0.022150 0.999495
vt 0.066803 0.996165
vt 0.066803 0.998088
vt 0.063474 0.999495
vt 0.003835 0.996165
vt 0.003835 0.999495
vt 0.001912 0.999495
vt 0.000505 0.996165
vt 0.073066 0.000505
vt 0.074473 0.003835
vt 0.055804 0.996165
vt 0.055804 0.999495
vt 0.053881 0.999495
vt 0.052474 0.996165
vt 0.071143 0.048134
vt 0.074473 0.048134
vt 0.074473 0.050057
vt 0.071143 0.051464
vt 0.048134 0.996165
vt 0.051464 0.996165
vt 0.051464 0.998088
vt 0.048134 0.999495
vt 0.063474 0.003835
vt 0.060144 0.003835
vt 0.060144 0.001912
vt 0.063474 0.000505
vt 0.029819 0.996165
vt 0.029819 0.999495
vt 0.027897 0.999495
vt 0.026489 0.996165
vt 0.071143 0.029819
vt 0.071143 0.026489
vt 0.073066 0.026489
vt 0.074473 0.029819
vt 0.059134 0.996165
vt 0.059134 0.998088
vt 0.055804 0.999495
vt 0.022150 0.003835
vt 0.022150 0.000505
vt 0.024072 0.000505
vt 0.025480 0.003835
vt 0.071143 0.048134
vt 0.069221 0.051464
vt 0.067813 0.048134
vt 0.063474 0.000505
vt 0.065396 0.000505
vt 0.066804 0.003835
vt 0.071143 0.029819
vt 0.067813 0.029819
vt 0.067813 0.027897
vt 0.003835 0.003835
vt 0.000505 0.003835
vt 0.000505 0.001912
vt 0.003835 0.000505
s 0
usemtl MAT_wood_dark_reddish
f 5853/8664/4889 5856/8665/4889 5857/8666/4889 5859/8667/4889
f 5854/8668/4890 5858/8669/4890 5857/8670/4890 5856/8671/4890
f 5855/8672/4891 5859/8673/4891 5857/8674/4891 5858/8675/4891
f 5860/8676/4892 5863/8677/4892 5864/8678/4892 5866/8679/4892
f 5861/8680/4893 5865/8681/4893 5864/8682/4893 5863/8683/4893
f 5862/8684/4894 5866/8685/4894 5864/8686/4894 5865/8687/4894
f 5867/8688/4895 5870/8689/4895 5871/8690/4895 5873/8691/4895
f 5868/8692/4896 5872/8693/4896 5871/8694/4896 5870/8673/4896
f 5869/8695/4897 5873/8696/4897 5871/8697/4897 5872/8698/4897
f 5874/8680/4898 5877/8699/4898 5878/8700/4898 5880/8701/4898
f 5875/8702/4899 5879/8703/4899 5878/8704/4899 5877/8705/4899
f 5876/8684/4900 5880/8687/4900 5878/8706/4900 5879/8707/4900
f 5881/8708/4901 5884/8709/4901 5885/8710/4901 5887/8711/4901
f 5882/8712/4902 5886/8713/4902 5885/8714/4902 5884/8715/4902
f 5883/8716/4903 5887/8717/4903 5885/8718/4903 5886/8719/4903
f 5888/8720/4904 5891/8721/4904 5892/8722/4904 5894/8723/4904
f 5889/8724/4905 5893/8725/4905 5892/8726/4905 5891/8727/4905
f 5890/8728/4906 5894/8729/4906 5892/8730/4906 5893/8731/4906
f 5895/8708/4907 5898/8732/4907 5899/8733/4907 5901/8734/4907
f 5896/8735/4908 5900/8736/4908 5899/8737/4908 5898/8738/4908
f 5897/8739/4909 5901/8715/4909 5899/8740/4909 5900/8741/4909
f 5902/8720/4910 5905/8742/4910 5906/8743/4910 5908/8744/4910
f 5903/8745/4911 5907/8746/4911 5906/8747/4911 5905/8729/4911
f 5904/8748/4912 5908/8749/4912 5906/8750/4912 5907/8751/4912
f 5867/8688/4913 5853/8664/4913 5859/8667/4913 5870/8689/4913
f 5870/8673/4914 5859/8673/4914 5855/8672/4914 5868/8692/4914
f 5854/8668/4915 5860/8676/4915 5866/8679/4915 5858/8669/4915
f 5858/8675/4916 5866/8685/4916 5862/8684/4916 5855/8672/4916
f 5861/8680/4917 5874/8680/4917 5880/8701/4917 5865/8681/4917
f 5865/8687/4918 5880/8687/4918 5876/8684/4918 5862/8684/4918
f 5875/8702/4919 5869/8695/4919 5872/8698/4919 5879/8703/4919
f 5879/8707/4920 5872/8693/4920 5868/8692/4920 5876/8684/4920
f 5895/8708/4921 5867/8688/4921 5873/8691/4921 5898/8732/4921
f 5898/8738/4922 5873/8696/4922 5869/8695/4922 5896/8735/4922
f 5874/8680/4923 5902/8720/4923 5908/8744/4923 5877/8699/4923
f 5877/8705/4924 5908/8749/4924 5904/8748/4924 5875/8702/4924
f 5903/8745/4925 5897/8739/4925 5900/8741/4925 5907/8746/4925
f 5907/8751/4926 5900/8736/4926 5896/8735/4926 5904/8748/4926
f 5881/8708/4927 5895/8708/4927 5901/8734/4927 5884/8709/4927
f 5884/8715/4928 5901/8715/4928 5897/8739/4928 5882/8712/4928
f 5902/8720/4929 5888/8720/4929 5894/8723/4929 5905/8742/4929
f 5905/8729/4930 5894/8729/4930 5890/8728/4930 5903/8745/4930
f 5889/8724/4931 5883/8716/4931 5886/8719/4931 5893/8725/4931
f 5893/8731/4932 5886/8713/4932 5882/8712/4932 5890/8728/4932
f 5853/8664/4933 5881/8708/4933 5887/8711/4933 5856/8665/4933
f 5856/8671/4934 5887/8717/4934 5883/8716/4934 5854/8668/4934
f 5888/8720/4935 5861/8680/4935 5863/8683/4935 5891/8721/4935
f 5891/8727/4936 5863/8677/4936 5860/8676/4936 5889/8724/4936
f 5867/8688/4937 5895/8708/4937 5881/8708/4937 5853/8664/4937
f 5855/8672/4938 5862/8684/4938 5876/8684/4938 5868/8692/4938
f 5883/8716/4939 5889/8724/4939 5860/8676/4939 5854/8668/4939
f 5902/8720/4940 5874/8680/4940 5861/8680/4940 5888/8720/4940
f 5869/8695/4941 5875/8702/4941 5904/8748/4941 5896/8735/4941
f 5897/8739/4942 5903/8745/4942 5890/8728/4942 5882/8712/4942
o AK_wood_contour_stock_001
v -0.429600 -0.009473 -0.020267
v -0.429600 -0.009073 -0.019867
v -0.430000 -0.009073 -0.020267
v -0.429600 -0.009356 -0.019984
v -0.429831 -0.009304 -0.020036
v -0.429883 -0.009073 -0.019984
v -0.429883 -0.009356 -0.020267
v -0.429600 -0.005873 -0.019867
v -0.429600 -0.005473 -0.020267
v -0.430000 -0.005873 -0.020267
v -0.429600 -0.005590 -0.019984
v -0.429831 -0.005642 -0.020036
v -0.429883 -0.005590 -0.020267
v -0.429883 -0.005873 -0.019984
v -0.429600 -0.009473 -0.020267
v -0.430000 -0.009073 -0.020267
v -0.429600 -0.009073 -0.020667
v -0.429883 -0.009356 -0.020267
v -0.429831 -0.009304 -0.020498
v -0.429883 -0.009073 -0.020550
v -0.429600 -0.009356 -0.020550
v -0.429600 -0.005473 -0.020267
v -0.429600 -0.005873 -0.020667
v -0.430000 -0.005873 -0.020267
v -0.429600 -0.005590 -0.020550
v -0.429831 -0.005642 -0.020498
v -0.429883 -0.005873 -0.020550
v -0.429883 -0.005590 -0.020267
v -0.250400 -0.009473 -0.020267
v -0.250000 -0.009073 -0.020267
v -0.250400 -0.009073 -0.019867
v -0.250117 -0.009356 -0.020267
v -0.250169 -0.009304 -0.020036
v -0.250117 -0.009073 -0.019984
v -0.250400 -0.009356 -0.019984
v -0.250400 -0.005473 -0.020267
v -0.250400 -0.005873 -0.019867
v -0.250000 -0.005873 -0.020267
v -0.250400 -0.005590 -0.019984
v -0.250169 -0.005642 -0.020036
v -0.250117 -0.005873 -0.019984
v -0.250117 -0.005590 -0.020267
v -0.250400 -0.009473 -0.020267
v -0.250400 -0.009073 -0.020667
v -0.250000 -0.009073 -0.020267
v -0.250400 -0.009356 -0.020550
v -0.250169 -0.009304 -0.020498
v -0.250117 -0.009073 -0.020550
v -0.250117 -0.009356 -0.020267
v -0.250400 -0.005473 -0.020267
v -0.250000 -0.005873 -0.020267
v -0.250400 -0.005873 -0.020667
v -0.250117 -0.005590 -0.020267
v -0.250169 -0.005642 -0.020498
v -0.250117 -0.005873 -0.020550
v -0.250400 -0.005590 -0.020550
vn -0.3251 -0.8881 0.3250
vn -0.3251 -0.3251 0.8881
vn -0.8881 -0.3250 0.3251
vn -0.3251 0.3251 0.8881
vn -0.3251 0.8881 0.3250
vn -0.8881 0.3250 0.3251
vn -0.3251 -0.8881 -0.3251
vn -0.8881 -0.3251 -0.3251
vn -0.3251 -0.3251 -0.8881
vn -0.3251 0.8881 -0.3250
vn -0.3251 0.3251 -0.8881
vn -0.8881 0.3250 -0.3251
vn 0.3251 -0.8881 0.3251
vn 0.8881 -0.3251 0.3251
vn 0.3251 -0.3251 0.8881
vn 0.3251 0.8881 0.3250
vn 0.3251 0.3251 0.8881
vn 0.8881 0.3250 0.3251
vn 0.3251 -0.8881 -0.3250
vn 0.3251 -0.3251 -0.8881
vn 0.8881 -0.3250 -0.3251
vn 0.3251 0.8881 -0.3251
vn 0.8881 0.3251 -0.3251
vn 0.3251 0.3251 -0.8881
vn -0.3827 -0.9239 -0.0000
vn -0.0091 -0.0037 -1.0000
vn -0.0000 -0.0000 -0.0000
vn -0.3827 -0.0000 0.9239
vn -0.9239 -0.0000 0.3827
vn -0.3827 0.9239 -0.0000
vn -0.9239 0.3827 -0.0000
vn -0.3827 -0.0000 -0.9239
vn -0.9239 -0.0000 -0.3827
vn -0.0000 -0.9239 -0.3827
vn -0.0000 -0.3827 -0.9239
vn -0.0000 0.9239 -0.3827
vn -0.0000 0.3827 -0.9239
vn 0.9239 -0.0000 -0.3827
vn 0.3827 -0.0000 -0.9239
vn 0.3827 -0.9239 -0.0000
vn 0.0091 -0.0037 1.0000
vn 0.3827 0.9239 -0.0000
vn 0.0091 0.0037 -1.0000
vn 0.3827 -0.0000 0.9239
vn 0.9239 -0.0000 0.3827
vn -0.0000 -0.9239 0.3827
vn -0.0000 -0.3827 0.9239
vn -0.0000 0.9239 0.3827
vn -0.0000 0.3827 0.9239
vn -0.0000 -1.0000 -0.0000
vn -1.0000 -0.0000 -0.0000
vn -0.0000 -0.0000 1.0000
vn -0.0000 1.0000 -0.0000
vn -0.0000 -0.0000 -1.0000
vn 1.0000 -0.0000 -0.0000
vt 0.048880 0.002671
vt 0.046659 0.002671
vt 0.046659 0.001389
vt 0.048880 0.000451
vt 0.043537 0.002671
vt 0.043537 0.000451
vt 0.044819 0.000451
vt 0.045757 0.002671
vt 0.059564 0.020433
vt 0.059564 0.022653
vt 0.058282 0.022653
vt 0.057344 0.020433
vt 0.025775 0.002671
vt 0.023555 0.002671
vt 0.023555 0.001389
vt 0.025775 0.000451
vt 0.054222 0.997329
vt 0.054222 0.999549
vt 0.052940 0.999549
vt 0.052002 0.997329
vt 0.059564 0.002671
vt 0.057344 0.002671
vt 0.057344 0.001389
vt 0.059564 0.000451
vt 0.048880 0.002671
vt 0.048880 0.000451
vt 0.050161 0.000451
vt 0.051100 0.002671
vt 0.061784 0.020433
vt 0.061784 0.021715
vt 0.020433 0.997329
vt 0.022653 0.997329
vt 0.022653 0.998611
vt 0.020433 0.999549
vt 0.054222 0.997329
vt 0.056442 0.997329
vt 0.056442 0.998611
vt 0.002671 0.997329
vt 0.002671 0.999549
vt 0.001389 0.999549
vt 0.000451 0.997329
vt 0.060846 0.000451
vt 0.061784 0.002671
vt 0.048879 0.997329
vt 0.048879 0.999549
vt 0.047598 0.999549
vt 0.046659 0.997329
vt 0.059564 0.043537
vt 0.061784 0.043537
vt 0.061784 0.044819
vt 0.059564 0.045757
vt 0.043537 0.997329
vt 0.045757 0.997329
vt 0.045757 0.998611
vt 0.043537 0.999549
vt 0.054222 0.002671
vt 0.052002 0.002671
vt 0.052002 0.001389
vt 0.054222 0.000451
vt 0.025775 0.997329
vt 0.025775 0.999549
vt 0.024493 0.999549
vt 0.023555 0.997329
vt 0.059564 0.025775
vt 0.059564 0.023555
vt 0.060846 0.023555
vt 0.061784 0.025775
vt 0.051100 0.997329
vt 0.051100 0.998611
vt 0.020433 0.002671
vt 0.020433 0.000451
vt 0.021715 0.000451
vt 0.022653 0.002671
vt 0.058282 0.045757
vt 0.057344 0.043537
vt 0.054222 0.000451
vt 0.055504 0.000451
vt 0.056442 0.002671
vt 0.057344 0.025775
vt 0.057344 0.024493
vt 0.002671 0.002671
vt 0.000451 0.002671
vt 0.000451 0.001389
vt 0.002671 0.000451
s 0
usemtl MAT_wood_dark_reddish
f 5909/8752/4943 5912/8753/4943 5913/8754/4943 5915/8755/4943
f 5910/8756/4944 5914/8757/4944 5913/8758/4944 5912/8759/4944
f 5911/8760/4945 5915/8761/4945 5913/8762/4945 5914/8763/4945
f 5916/8764/4946 5919/8765/4946 5920/8766/4946 5922/8767/4946
f 5917/8768/4947 5921/8769/4947 5920/8770/4947 5919/8771/4947
f 5918/8772/4948 5922/8773/4948 5920/8774/4948 5921/8775/4948
f 5923/8776/4949 5926/8777/4949 5927/8778/4949 5929/8779/4949
f 5924/8760/4950 5928/8780/4950 5927/8781/4950 5926/8761/4950
f 5925/8782/4951 5929/8783/4951 5927/8784/4951 5928/8785/4951
f 5930/8786/4952 5933/8787/4952 5934/8788/4952 5936/8769/4952
f 5931/8789/4953 5935/8790/4953 5934/8791/4953 5933/8792/4953
f 5932/8772/4954 5936/8775/4954 5934/8793/4954 5935/8794/4954
f 5937/8795/4955 5940/8796/4955 5941/8797/4955 5943/8798/4955
f 5938/8799/4956 5942/8800/4956 5941/8801/4956 5940/8802/4956
f 5939/8803/4957 5943/8804/4957 5941/8805/4957 5942/8806/4957
f 5944/8807/4958 5947/8808/4958 5948/8809/4958 5950/8810/4958
f 5945/8811/4959 5949/8812/4959 5948/8813/4959 5947/8814/4959
f 5946/8815/4960 5950/8816/4960 5948/8817/4960 5949/8818/4960
f 5951/8795/4961 5954/8819/4961 5955/8820/4961 5957/8796/4961
f 5952/8821/4962 5956/8822/4962 5955/8823/4962 5954/8824/4962
f 5953/8799/4963 5957/8802/4963 5955/8825/4963 5956/8826/4963
f 5958/8807/4964 5961/8827/4964 5962/8828/4964 5964/8829/4964
f 5959/8815/4965 5963/8830/4965 5962/8831/4965 5961/8816/4965
f 5960/8832/4966 5964/8833/4966 5962/8834/4966 5963/8835/4966
f 5923/8776/4967 5909/8752/4967 5915/8755/4967 5926/8777/4967
f 5926/8761/4968 5915/8761/4968 5911/8760/4969 5924/8760/4969
f 5910/8756/4970 5916/8764/4970 5922/8767/4970 5914/8757/4970
f 5914/8763/4971 5922/8773/4971 5918/8772/4971 5911/8760/4971
f 5917/8768/4972 5930/8786/4972 5936/8769/4972 5921/8769/4972
f 5921/8775/4973 5936/8775/4973 5932/8772/4973 5918/8772/4973
f 5931/8789/4974 5925/8782/4974 5928/8785/4974 5935/8790/4974
f 5935/8794/4975 5928/8780/4975 5924/8760/4975 5932/8772/4975
f 5951/8795/4976 5923/8776/4976 5929/8779/4976 5954/8819/4976
f 5954/8824/4977 5929/8783/4977 5925/8782/4977 5952/8821/4977
f 5930/8786/4978 5958/8807/4978 5964/8829/4978 5933/8787/4978
f 5933/8792/4979 5964/8833/4979 5960/8832/4979 5931/8789/4979
f 5959/8815/4980 5953/8799/4980 5956/8826/4980 5963/8830/4980
f 5963/8835/4981 5956/8822/4981 5952/8821/4981 5960/8832/4981
f 5937/8795/4982 5951/8795/4982 5957/8796/4982 5940/8796/4982
f 5940/8802/4983 5957/8802/4983 5953/8799/4969 5938/8799/4969
f 5958/8807/4984 5944/8807/4984 5950/8810/4984 5961/8827/4984
f 5961/8816/4985 5950/8816/4985 5946/8815/4969 5959/8815/4969
f 5945/8811/4986 5939/8803/4986 5942/8806/4986 5949/8812/4986
f 5949/8818/4987 5942/8800/4987 5938/8799/4987 5946/8815/4987
f 5909/8752/4988 5937/8795/4988 5943/8798/4988 5912/8753/4988
f 5912/8759/4989 5943/8804/4989 5939/8803/4989 5910/8756/4989
f 5944/8807/4990 5917/8768/4990 5919/8771/4990 5947/8808/4990
f 5947/8814/4991 5919/8765/4991 5916/8764/4991 5945/8811/4991
f 5923/8776/4992 5951/8795/4992 5937/8795/4992 5909/8752/4992
f 5911/8760/4993 5918/8772/4993 5932/8772/4993 5924/8760/4993
f 5939/8803/4994 5945/8811/4994 5916/8764/4994 5910/8756/4994
f 5958/8807/4995 5930/8786/4995 5917/8768/4995 5944/8807/4995
f 5925/8782/4996 5931/8789/4996 5960/8832/4996 5952/8821/4996
f 5953/8799/4997 5959/8815/4997 5946/8815/4997 5938/8799/4997
